URN,name,type,borough,postcode,gender,admissions,entries,published VA,SE,estimate,lo 89%,hi 89%,P(top fifth in London),P(top fifth in England),P(above London median),expected from GCSE
149733,Imperial College London Mathematics School,Free Schools,Barnet,N12 9EY,,Non-selective,43.0,1.03,0.1887755102040816,0.9406592681697014,0.6798751985356841,1.1844536046262077,1.0,1.0,1.0,
140564,King's College London Maths School,Free Schools,Lambeth,SE11 6NJ,Mixed,Non-selective,76.0,0.9099999999999999,0.14030612244897958,0.8178304459056598,0.6065104925654135,1.0125519709976283,1.0,1.0,1.0,
137539,Hasmonean High School for Boys,Academies,Barnet,NW4 1NA,Boys,Non-selective,35.0,0.86,0.2066326530612245,0.7568099769685332,0.475515070245705,1.008337336368212,0.99875,0.99875,1.0,0.5275383304826372
137221,Drayton Manor High School,Academies,Ealing,W7 1EU,Mixed,Non-selective,53.0,0.8000000000000002,0.1683673469387755,0.7184855477635449,0.4822171267979853,0.9497199076235838,1.0,1.0,1.0,0.33646881853012645
140985,Harris Academy Battersea,Academies,Wandsworth,SW11 5AP,Mixed,,27.0,1.12,0.2372448979591837,0.7060050754268384,0.43864341931242085,0.9759539499026179,0.99125,0.9925,1.0,0.25449914584806854
137094,Enfield Grammar School,Academies,Enfield,EN2 6LN,Boys,Non-selective,10.0,1.35,0.39030612244897966,0.6935502349786353,0.3544678486500189,1.0595536337358566,0.97375,0.9775,0.99875,0.18031175309683042
100051,Regent High School,Local authority maintained schools,Camden,NW1 1RX,Mixed,Non-selective,22.0,0.84,0.2602040816326531,0.61155547020481,0.30860390192167425,0.9094433451583914,0.9575,0.95875,0.99875,0.09648725847331024
137018,Kneller Hall School,Independent schools,Richmond upon Thames,TW1 4QG,Mixed,Selective,14.0,0.6,0.3290816326530613,0.6110583607887092,0.27611252820264565,0.9415442379745423,0.945,0.95125,0.9975,
137729,Featherstone High School,Academies,Ealing,UB2 5HF,Mixed,Non-selective,52.0,0.72,0.16836734693877553,0.6050417959612324,0.38814991278844174,0.8255372134606043,0.995,0.995,1.0,0.2811092546077708
138227,Avanti House School,Free Schools,Harrow,HA7 2EQ,Mixed,Non-selective,85.0,0.69,0.13520408163265307,0.5998762273963149,0.4033226906862579,0.7919108241032925,1.0,1.0,1.0,0.3535547644498815
101241,"Barking Abbey School, A Specialist Sports and Humanities College",Local authority maintained schools,Barking and Dagenham,IG11 9AG,Mixed,Non-selective,66.0,0.66,0.15051020408163265,0.5648776889728542,0.36407222689177077,0.7717835931694085,0.9925,0.9925,1.0,0.08631618805133781
141963,Turing House School,Free Schools,Richmond upon Thames,TW2 6LH,Mixed,Non-selective,26.0,0.64,0.23979591836734698,0.5635278943237091,0.2959833360074731,0.8318721163045363,0.96125,0.965,1.0,0.3425092907665626
143759,Harris Rainham Sixth Form,Free Schools,Havering,RM13 9XA,Mixed,,34.0,0.59,0.211734693877551,0.5605098018649691,0.3007770603663227,0.8188628394978206,0.965,0.97375,1.0,
138518,Ark Isaac Newton Academy,Academies,Redbridge,IG1 1FY,Mixed,Non-selective,46.0,0.59,0.18112244897959187,0.556039183428425,0.3122895742375881,0.7955307503632288,0.975,0.9825,1.0,0.17083825048350165
137299,Richard Challoner School,Academies,Kingston upon Thames,KT3 5PE,Boys,Non-selective,45.0,0.85,0.1836734693877551,0.5300922141340105,0.28488999512221613,0.7664098623655728,0.96,0.96375,1.0,0.3830721826011795
143659,"City of London Academy, Highgate Hill",Free Schools,Islington,N19 3EU,Mixed,Non-selective,12.0,0.44,0.35459183673469385,0.5180271839259032,0.18395392436665037,0.8563248384584911,0.87875,0.89625,0.99875,0.09963539616117789
140966,Trinity Academy,Free Schools,Lambeth,SW2 1QS,Mixed,,7.0,1.11,0.4642857142857143,0.4961277885933062,0.08236896514513503,0.8719104750827592,0.82875,0.84375,0.98625,0.06089064594800593
134226,Harris Lowe Academy Willesden,Academies,Brent,NW10 3ST,Mixed,Non-selective,26.0,0.62,0.23979591836734698,0.48237997479847167,0.2148279592981672,0.742670036687322,0.9,0.91,0.9975,0.16026882617320481
135747,JCoSS,Local authority maintained schools,Barnet,EN4 9GE,Mixed,Non-selective,55.0,0.71,0.16581632653061226,0.47560807268408195,0.26037136547004797,0.6885430575446327,0.93875,0.94625,1.0,0.13837335051865454
136669,Brampton Manor Academy,Academies,Newham,E6 3SQ,Mixed,Non-selective,280.0,0.5,0.07142857142857144,0.4724107519806553,0.3587205507333819,0.5870535932533367,0.99875,1.0,1.0,0.08654688496453414
133405,Oaks Park High School,Local authority maintained schools,Redbridge,IG2 7PQ,Mixed,Non-selective,42.0,0.42000000000000004,0.18877551020408162,0.4692291430572388,0.2119963928874293,0.723195370636838,0.9025,0.92,0.99875,0.29421151056243783
103009,The John Fisher School,Local authority maintained schools,Sutton,CR8 3YP,Boys,Non-selective,34.0,0.54,0.211734693877551,0.46476517397647044,0.18202393098917677,0.7411834027485626,0.87,0.88625,0.9975,0.30791736435965755
136298,The Charter School North Dulwich,Academies,Southwark,SE24 9JH,Mixed,Non-selective,66.0,0.59,0.15051020408163268,0.4620177664180401,0.25854377566707165,0.6539282614548304,0.9325,0.94625,1.0,0.09700747249969327
137558,Highams Park School,Academies,Waltham Forest,E4 9PJ,Mixed,Non-selective,44.0,0.58,0.18622448979591838,0.4615450721854296,0.22140189958903916,0.6883753228350622,0.905,0.9225,0.9975,0.13873135241155737
136341,Lampton Academy,Academies,Hounslow,TW3 4EP,Mixed,Non-selective,80.0,0.52,0.13775510204081634,0.4512881564305042,0.26436807197368845,0.6427958377667233,0.94,0.95125,1.0,0.21036007668905676
100202,Colfe's School,Independent schools,Greenwich,SE12 8AW,Mixed,Selective,53.0,0.63,0.1683673469387755,0.4468403497009173,0.23646226031685522,0.6734094673498069,0.9125,0.915,1.0,
149632,Holland Park School,Academies,Kensington and Chelsea,W8 7AF,Mixed,,26.0,0.78,0.23979591836734693,0.4446454968932926,0.17614435104843315,0.7168898429131632,0.855,0.8775,0.99625,0.08450532091684926
136787,Sutton Grammar School,Academies,Sutton,SM1 4AS,Boys,Selective,151.0,0.45,0.09948979591836735,0.4383061235213782,0.29810196416825024,0.5824465778901761,0.9775,0.98375,1.0,0.4761281923506712
101367,Mill Hill Schools,Independent schools,Barnet,NW7 1QS,Mixed,Not applicable,57.0,0.42,0.163265306122449,0.43321672733440036,0.2129522658439666,0.6455323388837444,0.87875,0.90125,0.9975,
142178,The Charter School East Dulwich,Free Schools,Southwark,SE22 8EY,Mixed,Non-selective,50.0,0.47,0.17346938775510207,0.43205021427771156,0.20657477484993259,0.6403357188411931,0.85875,0.8875,1.0,0.05633026842247335
102692,Wimbledon High School GDST,Independent schools,Merton,SW19 4AB,Girls,Selective,47.0,0.53,0.17857142857142855,0.42104255657023054,0.1940170552739795,0.6438323829008389,0.85625,0.8775,0.99875,
133724,JFS,Local authority maintained schools,Brent,HA3 9TE,Mixed,Non-selective,104.0,0.45000000000000007,0.11989795918367349,0.4193501654372478,0.2528781488834943,0.5857335041110213,0.92375,0.94375,1.0,0.15857790750862624
102942,St Paul's School,Independent schools,Richmond upon Thames,SW13 9JT,Boys,Not applicable,175.0,0.43,0.09183673469387756,0.4149203461052122,0.28897365841166783,0.5506647554435153,0.9675,0.97875,1.0,
100965,Bow School,Local authority maintained schools,Tower Hamlets,E3 3QW,Mixed,Non-selective,34.0,0.49,0.20918367346938777,0.40901997884550895,0.14641035774942937,0.6614960208568172,0.79375,0.8125,0.99625,-0.14669907492539339
100974,George Green's School,Local authority maintained schools,Tower Hamlets,E14 3DW,Mixed,Non-selective,34.0,0.47,0.211734693877551,0.4073096300277453,0.1630995458180068,0.6695874865280829,0.79,0.81625,0.995,-0.09421158477086838
130446,"HRUC (Harrow, Richmond & Uxbridge Colleges)",Colleges,Hillingdon,UB8 1NQ,Mixed,Not applicable,47.0,0.6,0.17857142857142855,0.4035604442570995,0.15986447539601048,0.637309929358587,0.82,0.84375,0.99625,
101361,St Michael's Catholic Grammar School,Local authority maintained schools,Barnet,N12 7NJ,Girls,Selective,58.0,0.58,0.16071428571428575,0.40305719438852433,0.2005697761692009,0.6115398948805812,0.85125,0.86875,0.99625,0.37155841758977526
102619,Kingston Grammar School,Independent schools,Kingston upon Thames,KT2 6PY,Mixed,Selective,78.0,0.48,0.1403061224489796,0.4018823784670494,0.21074816388222983,0.5966593079032972,0.85875,0.8775,1.0,
101369,The King Alfred School,Independent schools,Barnet,NW11 7HY,Mixed,Non-selective,11.0,0.53,0.3698979591836735,0.4015605602549245,0.027827841065612487,0.7588064644259855,0.73375,0.75125,0.96625,
100547,Lycee Francais Charles de Gaulle,Independent schools,Kensington and Chelsea,SW7 2DG,Mixed,Non-selective,23.0,0.82,0.2576530612244898,0.3940963056078962,0.08907726650457828,0.687947763661374,0.75375,0.76375,0.985,
102854,Woodbridge High School,Local authority maintained schools,Redbridge,IG8 7DQ,Mixed,Non-selective,88.0,0.46,0.13010204081632654,0.3913212421021992,0.22887113558778308,0.5683477802230132,0.85625,0.885,1.0,0.25864446900763616
137177,Harrow High School,Academies,Harrow,HA1 2JG,Mixed,Non-selective,17.0,0.71,0.298469387755102,0.3875721006315361,0.04812694914487239,0.7488553070464362,0.70625,0.73,0.96625,0.14705062317290718
136644,Hayes School,Academies,Bromley,BR2 7DB,Mixed,Non-selective,63.0,0.49,0.15561224489795922,0.38170383455530027,0.17245695071469244,0.5879325949903192,0.815,0.8375,0.99875,0.002506850642392221
100284,The Urswick School - A Church of England Secondary School,Local authority maintained schools,Hackney,E9 6NR,Mixed,Non-selective,12.0,0.7799999999999999,0.35459183673469385,0.37827712347950593,0.008904932593604805,0.7303771108065743,0.67875,0.705,0.9575,-0.10985058523476515
141808,Saint Cecilia's Church of England School,Academies,Wandsworth,SW18 5JR,Mixed,Non-selective,37.0,0.39,0.20153061224489796,0.3779994904386987,0.1345782723765236,0.6450789908206043,0.7525,0.775,0.99625,0.06435452287257505
100754,St Dunstan's College,Independent schools,Lewisham,SE6 4TY,Mixed,Selective,31.0,0.43,0.22193877551020408,0.3724899442625558,0.09347402387050226,0.655087685294611,0.7525,0.77125,0.98875,
147439,The John Roan School,Academies,Greenwich,SE3 7QR,Mixed,Non-selective,38.0,0.42,0.1989795918367347,0.36405360806381126,0.11994443801488786,0.6135933184528475,0.7325,0.755,0.99625,0.19839121387618477
100521,More House School,Independent schools,Kensington and Chelsea,SW1X 0AA,Girls,Selective,6.0,0.48,0.5025510204081632,0.36363243430192066,-0.1054205959192871,0.8361391899222418,0.62875,0.64375,0.89375,
139815,Ark John Keats Academy,Free Schools,Enfield,EN3 5PA,Mixed,Non-selective,9.0,0.84,0.4081632653061224,0.3630031043658128,-0.022553555125184064,0.7337528268199996,0.64875,0.66625,0.9425,-0.09540092833250803
136290,"Queen Elizabeth's School, Barnet",Academies,Barnet,EN5 4DQ,Boys,Selective,162.0,0.36,0.09693877551020408,0.35578158919194025,0.21307824828777877,0.4959281659609122,0.84,0.87375,1.0,0.49248771178574613
136910,Tiffin School,Academies,Kingston upon Thames,KT2 6RL,Boys,Selective,219.0,0.36000000000000004,0.08418367346938778,0.344263488891806,0.21673782799974933,0.4685852325177535,0.8275,0.86375,1.0,0.4594591461677494
137531,Alexandra Park School,Academies,Haringey,N11 2AZ,Mixed,Non-selective,97.0,0.42000000000000004,0.12500000000000003,0.342281358688619,0.16647452511703856,0.507691982703511,0.75125,0.79625,0.99875,0.26236663250484993
102950,The Harrodian School,Independent schools,Richmond upon Thames,SW13 9QN,Mixed,Not applicable,41.0,0.44,0.1913265306122449,0.33998370623106394,0.10382501622576047,0.5720356152058859,0.67125,0.7075,0.98625,
103022,Sutton High School GDST,Independent schools,Sutton,SM1 2AX,Girls,Not applicable,17.0,0.36,0.298469387755102,0.3366139853112247,0.007430075676720935,0.6747126935361242,0.635,0.65125,0.9575,
102247,The John Lyon School,Independent schools,Harrow,HA2 0HN,Mixed,Not applicable,27.0,0.21,0.2372448979591837,0.33210457076096556,0.05602009752399805,0.6234940147374195,0.6325,0.65375,0.98,
136798,Wallington County Grammar School,Academies,Sutton,SM6 7PH,Boys,Selective,158.0,0.31,0.09948979591836735,0.3297432047187124,0.18460200859308978,0.4896993869262117,0.74625,0.78875,1.0,0.29199476962300847
100757,Sydenham & Dulwich Girls GDST,Independent schools,Lewisham,SE26 6BL,Girls,Selective,7.0,0.25,0.46428571428571425,0.3293327715241425,-0.05929787236253586,0.6870798463558039,0.60875,0.62375,0.93125,
100537,Ashbourne College,Independent schools,Kensington and Chelsea,W8 4PL,Mixed,Non-selective,31.0,0.37,0.21938775510204084,0.3242773956066034,0.04633418162447804,0.580554102817257,0.63,0.66,0.97625,
100370,Latymer Upper School and Latymer Prep,Independent schools,Hammersmith and Fulham,W6 9LR,Mixed,Selective,114.0,0.3,0.11479591836734694,0.32340474190804547,0.17067995461166208,0.4872431451810665,0.6925,0.7375,1.0,
140935,Harris Academy Tottenham,Free Schools,Haringey,N17 9LN,Mixed,,24.0,0.43,0.25255102040816324,0.3220904350530377,0.050734376090455745,0.6256446045854654,0.60375,0.62625,0.975,0.14048002959759873
136750,West London Free School,Free Schools,Hammersmith and Fulham,W6 9LP,Mixed,Non-selective,61.0,0.3,0.1556122448979592,0.3197764360190622,0.10055890600199087,0.527270890328077,0.66375,0.7,0.99625,0.23772288015695614
143385,Norlington School and 6th Form,Academies,Waltham Forest,E10 6JZ,Boys,Non-selective,38.0,0.26,0.1989795918367347,0.31759195919820454,0.0757930397594924,0.5726897974772297,0.6175,0.64375,0.985,0.28003504104978605
101064,Ibstock Place School,Independent schools,Wandsworth,SW15 5PY,Mixed,Not applicable,58.0,0.35,0.163265306122449,0.31701505855348083,0.10980915558811831,0.5257125062745802,0.6375,0.68375,0.99375,
101934,The Cardinal Wiseman Catholic School,Local authority maintained schools,Ealing,UB6 9AW,Mixed,Non-selective,83.0,0.39000000000000007,0.13520408163265307,0.3134057754954667,0.130823791447222,0.49652119045418835,0.64375,0.69875,0.9975,0.22439402420274887
139659,Oasis Academy South Bank,Free Schools,Lambeth,SE1 7HS,Mixed,Non-selective,31.0,0.44,0.22193877551020408,0.31133260140854285,0.04650047691587848,0.5872449043659619,0.58,0.61125,0.975,0.062442329669671566
132256,Highlands School,Local authority maintained schools,Enfield,N21 1QQ,Mixed,Non-selective,52.0,0.33999999999999997,0.1709183673469388,0.3078479378968304,0.08506661572075264,0.5187980846672349,0.61625,0.6525,0.99125,0.048536352200377414
102929,Christ's Church of England Comprehensive Secondary School,Local authority maintained schools,Richmond upon Thames,TW10 6HW,Mixed,Non-selective,30.0,0.41,0.22448979591836735,0.30511587163551945,0.02483988841911626,0.5651983203854607,0.5775,0.615,0.96375,0.02719353272374206
101071,Emanuel School,Independent schools,Wandsworth,SW11 1HS,Mixed,Selective,69.0,0.31,0.14795918367346939,0.3023776577127645,0.09707516886730695,0.5151250041968682,0.59875,0.64875,0.995,
137388,Christ's College Finchley,Academies,Barnet,N2 0SE,Mixed,Non-selective,47.0,0.4,0.17857142857142855,0.30170235114302374,0.08302917231592001,0.5537540403656355,0.56125,0.5975,0.9875,0.23676085988302822
143082,Bishop Douglass School Finchley,Academies,Barnet,N2 0SQ,Mixed,Non-selective,19.0,0.41,0.2806122448979592,0.30099750897107463,0.004874811514504692,0.5985707490780585,0.5575,0.5975,0.95625,-0.004440128420135924
141862,The Kingston Academy,Free Schools,Kingston upon Thames,KT2 5PE,Mixed,Non-selective,46.0,0.31,0.18112244897959187,0.29526392450956757,0.057682530344493235,0.5294157139413251,0.57375,0.6075,0.9775,0.35010981195268365
142560,St Gregory's Catholic Science College,Academies,Brent,HA3 0NB,Mixed,Non-selective,27.0,0.55,0.2372448979591837,0.2905369488661186,-0.0032588707288513136,0.5777859655619896,0.5775,0.595,0.9525,0.12319595668995094
136308,Ashmole Academy,Academies,Barnet,N14 5RJ,Mixed,Non-selective,122.0,0.28,0.1096938775510204,0.2900667367604488,0.14010057864110176,0.44486594186775025,0.58125,0.64,1.0,0.22609931252319718
142903,London Design and Engineering UTC,Free Schools,Newham,E16 2RD,Mixed,,47.0,0.62,0.18112244897959184,0.2885569197307828,0.03577635689337759,0.5343543494679139,0.565,0.6,0.9825,0.13733758210010197
136785,Cheam High School,Academies,Sutton,SM3 8PW,Mixed,Non-selective,48.0,0.36999999999999994,0.17602040816326534,0.28852928177307435,0.055637163178872524,0.509445440585501,0.5575,0.605,0.98,0.14304599877664168
141250,North Bridge House Senior Canonbury School,Independent schools,Islington,N1 2NQ,Mixed,Non-selective,6.0,0.23,0.5025510204081632,0.2884754011182859,-0.15978937447625044,0.7261880985670758,0.535,0.5625,0.855,
141071,Whitefriars School,Academies,Harrow,HA3 5RQ,Mixed,Not applicable,11.0,0.68,0.3698979591836735,0.2805996173232412,-0.11561427845354597,0.6516580203845062,0.5225,0.54875,0.8975,0.05421913925748994
138460,Teddington School,Academies,Richmond upon Thames,TW11 9PJ,Mixed,Non-selective,42.0,0.24,0.18877551020408162,0.2775843600273965,0.0522462623523245,0.5050679453283308,0.53,0.5475,0.98125,0.33545848799940314
131609,The Bridge Academy,Academies,Hackney,E2 8BA,Mixed,Non-selective,29.0,0.51,0.2270408163265306,0.27314150208019666,0.0006728463612045383,0.5430951410022289,0.5275,0.55875,0.9575,0.009006961289257827
136418,The Compton School,Academies,Barnet,N12 0QG,Mixed,Non-selective,48.0,0.28,0.17602040816326534,0.2716807039963588,0.061965721435724604,0.5013658047195488,0.495,0.54125,0.97875,0.11788792164039212
101846,Old Palace of John Whitgift School,Independent schools,Croydon,CR0 1AX,Girls,Selective,10.0,-0.01,0.3877551020408163,0.26905857242623554,-0.07371630374534231,0.5994563497299592,0.50375,0.5275,0.905,
135073,Haberdashers' Hatcham College,Academies,Lewisham,SE14 5SF,Mixed,Non-selective,35.0,0.51,0.2066326530612245,0.26753797679437247,0.007430633366571718,0.5064315985326393,0.49375,0.53,0.96375,0.04439542422190306
101928,Villiers High School,Local authority maintained schools,Ealing,UB1 3BT,Mixed,Non-selective,37.0,0.45000000000000007,0.20153061224489793,0.25542402305540834,0.0011042181679229337,0.5163074635303624,0.46625,0.49875,0.9575,0.37178155926928086
136658,East Barnet School,Academies,Barnet,EN4 8PU,Mixed,Non-selective,44.0,0.41,0.1836734693877551,0.25207888975539694,0.019493938311206337,0.48542043690540987,0.43625,0.47625,0.96,0.015905575377802676
137204,Hatch End High School,Academies,Harrow,HA3 6NR,Mixed,Non-selective,13.0,0.21,0.3418367346938776,0.2502441476579047,-0.053123725529467855,0.5739116171167741,0.46125,0.49125,0.905,-0.06970214282420092
102858,Mayfield School,Local authority maintained schools,Redbridge,RM8 1XE,Mixed,Non-selective,44.0,0.37999999999999995,0.18622448979591838,0.24933852704464454,0.00887540133756662,0.47742990775974986,0.4425,0.47875,0.96875,0.1327136336358932
131062,The Excelsior Academy,Academies,Hackney,E8 2EY,Mixed,Non-selective,14.0,0.48,0.3290816326530613,0.24501009964729314,-0.0926085172660931,0.6019658693247869,0.4575,0.4925,0.88125,0.0011742238783711003
135531,Chelsea Academy,Academies,Kensington and Chelsea,SW10 0AB,Mixed,Non-selective,42.0,0.27,0.18877551020408162,0.2428336952704737,-0.014218680150003007,0.4867750000547227,0.44375,0.47,0.94625,0.3020900287851876
136309,Kingsdale Foundation School,Academies,Southwark,SE21 8SQ,Mixed,Non-selective,93.0,0.24,0.12755102040816327,0.24139181006263233,0.06347017421987533,0.4147876920476016,0.4075,0.45,0.99,-0.025079041145729956
147238,Hasmonean High School for Girls,Academies,Barnet,NW7 2EU,Girls,,28.0,0.39,0.23214285714285712,0.23861039760415165,-0.030831563770161944,0.5176277879443966,0.43125,0.4575,0.92875,0.38053316768886736
138607,Lady Margaret School,Academies,Hammersmith and Fulham,SW6 4UN,Girls,Non-selective,29.0,0.24,0.22959183673469385,0.23402998079828088,-0.012767952508330058,0.49653210637916145,0.41375,0.4425,0.94375,0.11689267549752003
136711,Queensmead School,Academies,Hillingdon,HA4 0LS,Mixed,Non-selective,66.0,0.23,0.15051020408163268,0.23248662366662606,0.02708200354101785,0.4377691655716037,0.4025,0.43375,0.9675,0.3342619257998273
142864,Pinner High School,Free Schools,Harrow,HA5 1NB,Mixed,Non-selective,78.0,0.27,0.1403061224489796,0.23051635886025412,0.03916697437013023,0.4311224825988667,0.36625,0.4125,0.9825,0.07296325866946603
138610,Alperton Community School,Academies,Brent,HA0 4JE,Mixed,Non-selective,61.0,0.25,0.15561224489795922,0.22955905549122024,0.036507016687770726,0.43075749438754757,0.3675,0.41,0.98125,0.0889047956631019
102681,Wimbledon College,Local authority maintained schools,Merton,SW19 4NS,Boys,Non-selective,60.0,0.15,0.15816326530612246,0.22905188264560253,0.014914046770301396,0.434338177244584,0.39125,0.43375,0.96625,0.37386918755498544
101247,All Saints Catholic School and Technology College,Local authority maintained schools,Barking and Dagenham,RM8 1JT,Mixed,Non-selective,30.0,0.3,0.22448979591836735,0.22900983787391246,-0.03735978959592052,0.5153396676359806,0.395,0.41625,0.925,0.08216962872142096
137178,Bentley Wood High School,Academies,Harrow,HA7 3JW,Girls,Non-selective,20.0,0.52,0.2755102040816327,0.22882565449218525,-0.06270006452426295,0.5196518834812532,0.405,0.4325,0.91375,0.2434592605557416
101842,Trinity School,Independent schools,Croydon,CR9 7AT,Mixed,Not applicable,90.0,0.25,0.13010204081632654,0.22732523929358575,0.04290962448294221,0.40906570166142014,0.36875,0.41125,0.98875,
137009,Rivers Academy West London,Academies,Hounslow,TW14 9PE,Mixed,Non-selective,6.0,0.12,0.5025510204081634,0.22204763566463329,-0.14916983194503072,0.5937158105766631,0.43,0.4475,0.835,0.2832040045940381
100536,Kensington Park School,Independent schools,Westminster,W2 4AT,Mixed,Selective,11.0,0.34,0.3698979591836735,0.22088528411218347,-0.13477532887528454,0.5758188153240248,0.4175,0.43625,0.85125,
136795,Nonsuch High School for Girls,Academies,Sutton,SM3 8AB,Girls,Selective,156.0,0.23,0.09948979591836735,0.2199894426870954,0.08573608979934055,0.36127774642204885,0.2925,0.34125,0.995,0.2745584315184728
101939,Brentside High School,Local authority maintained schools,Ealing,W7 1JJ,Mixed,Non-selective,34.0,0.13,0.20918367346938777,0.21910589461993432,-0.051607854199282197,0.46367297811863345,0.40375,0.42875,0.92,-0.042265091124212874
102452,Northwood College for Girls GDST,Independent schools,Hillingdon,HA6 2YE,Girls,Selective,11.0,0.54,0.3698979591836735,0.21696581429482797,-0.1379696656808328,0.5601572706523172,0.4075,0.43125,0.845,
150606,Bishop Challoner Catholic School,Academies,Tower Hamlets,E1 0LB,Mixed,Non-selective,18.0,0.24000000000000002,0.2908163265306123,0.21161766719328048,-0.0837444353992694,0.5300511515950546,0.36125,0.39875,0.895,
137633,Bishopshalt School,Academies,Hillingdon,UB8 3RF,Mixed,Non-selective,68.0,0.31,0.15051020408163265,0.21031882878347363,0.008388664122294203,0.4201608642638728,0.3,0.34,0.96875,0.12719933584562118
102162,Channing School,Independent schools,Haringey,N6 5HF,Girls,Selective,26.0,0.33,0.24234693877551022,0.21009941179220623,-0.055426225593163285,0.48187954371552605,0.375,0.4025,0.89875,
141178,The Warren School,Academies,Barking and Dagenham,RM6 6SB,Mixed,Non-selective,31.0,0.48,0.2193877551020408,0.20914854023952614,-0.040885193891548655,0.4790404461109136,0.3475,0.37375,0.91125,0.0036837507877631338
102257,North London Collegiate School,Independent schools,Harrow,HA8 7RJ,Girls,Selective,50.0,0.2,0.17346938775510207,0.20913808236284015,-0.01857253098840382,0.42519011394045403,0.335,0.3875,0.94375,
137685,Kingsbury High School,Academies,Brent,NW9 9JR,Mixed,Non-selective,59.0,0.32,0.16071428571428573,0.20745491288210474,0.008622674553854626,0.4181436133442887,0.31,0.3425,0.96625,0.1923335416609769
144511,"Newham Collegiate Sixth Form Centre, City of London Academy",Free Schools,Newham,E6 2BB,Mixed,Non-selective,256.0,0.21,0.07653061224489796,0.2064122389920854,0.08692459835507095,0.32478383977377456,0.20125,0.25125,0.995,
135584,Ark Globe Academy,Academies,Southwark,SE1 6AG,Mixed,Non-selective,14.0,0.15,0.326530612244898,0.20053407594514033,-0.1570820089911708,0.5439008539960332,0.385,0.41375,0.84625,0.03431964761073343
101947,St Benedict's School,Independent schools,Ealing,W5 2ES,Mixed,Selective,43.0,0.19,0.1862244897959184,0.19878882949580162,-0.032332508304028444,0.43936819753271616,0.31625,0.35,0.925,
101692,Bromley High School GDST,Independent schools,Bromley,BR1 2TW,Girls,Not applicable,21.0,0.18,0.2678571428571428,0.19799982646007408,-0.09561524300024891,0.4915610415818593,0.34,0.3675,0.8875,
102239,Whitmore High School,Local authority maintained schools,Harrow,HA2 0AD,Mixed,Non-selective,85.0,0.2,0.1326530612244898,0.1946191727534859,-0.011594334943740606,0.38060183352312915,0.28125,0.30875,0.955,0.1290440537043537
140575,Beal High School,Academies,Redbridge,IG4 5LP,Mixed,Non-selective,124.0,0.25,0.1096938775510204,0.18925312058727906,0.041097036673520486,0.3493216025488226,0.2075,0.24625,0.9875,0.3115008194974471
101161,Francis Holland School,Independent schools,Westminster,SW1W 8JF,Girls,Selective,28.0,0.41,0.23214285714285715,0.1839408975512704,-0.08259466581906678,0.46599705403947145,0.3075,0.33375,0.88375,
100001,City of London School for Girls,Independent schools,City of London,EC2Y 8BB,Girls,Selective,65.0,0.26,0.15051020408163268,0.1837500867375399,-0.02028370689461793,0.39716047048300573,0.2575,0.285,0.9425,
138313,The Grey Coat Hospital,Academies,Westminster,SW1P 2DY,Girls,Non-selective,57.0,0.39,0.16326530612244897,0.18192008563640258,-0.03347307699271547,0.39000281502960477,0.26,0.27625,0.9275,0.08787801727583565
102545,Gunnersbury Catholic School,Local authority maintained schools,Hounslow,TW8 9LB,Boys,Non-selective,74.0,0.21,0.14285714285714288,0.18050339598692985,-0.02005635535546941,0.37979656820067054,0.25,0.27125,0.94125,0.34772139109459743
100183,Plumstead Manor School,Local authority maintained schools,Greenwich,SE18 1QF,Mixed,Non-selective,29.0,0.52,0.2270408163265306,0.18013344531541214,-0.07343008781506721,0.4537675337365353,0.29,0.31875,0.8875,-0.011477246608186907
136799,Carshalton Boys Sports College,Academies,Sutton,SM5 1RW,Boys,Non-selective,32.0,0.21,0.21683673469387754,0.1779774075783425,-0.0670586273101675,0.4477998455791647,0.26875,0.305,0.885,-0.014975897094997123
103013,St Philomena's Catholic High School for Girls,Local authority maintained schools,Sutton,SM5 3PS,Girls,Non-selective,11.0,0.15,0.3698979591836735,0.17777713647907767,-0.18027741240789472,0.5051515954490476,0.34375,0.37125,0.825,0.003908382820638256
103097,Heathcote School & Science College,Local authority maintained schools,Waltham Forest,E4 6ES,Mixed,Non-selective,15.0,0.25,0.31887755102040816,0.1715994214415012,-0.14462893585315498,0.48372971778424323,0.315,0.33125,0.83125,-0.4410629916080036
102449,Oak Wood School,Local authority maintained schools,Hillingdon,UB10 9HT,Mixed,Non-selective,26.0,0.37,0.23979591836734693,0.16908486622119498,-0.13341514555682638,0.45035297832848387,0.29625,0.33625,0.845,0.10498258677698688
101072,Putney High School GDST,Independent schools,Wandsworth,SW15 6BH,Girls,Not applicable,57.0,0.08000000000000002,0.163265306122449,0.1654389412506936,-0.06505377806935922,0.38968978257919756,0.22375,0.25625,0.89375,
135469,Harrow Collegiate,Colleges,Harrow,HA3 5PQ,Mixed,Not applicable,425.0,0.16,0.06122448979591837,0.165434970274124,0.07768376503311891,0.2535309392776606,0.03375,0.05625,0.9975,
144753,London Academy of Excellence Tottenham,Free Schools,Haringey,N17 0BX,Mixed,Not applicable,257.0,0.15,0.07653061224489796,0.16481354404035603,0.043239079104316895,0.280444315841615,0.0825,0.11375,0.99125,
136621,Wilson's School,Academies,Sutton,SM6 9JW,Boys,Selective,155.0,0.17,0.09948979591836735,0.1645917387137969,0.023007535657193295,0.30280633580962496,0.1175,0.15625,0.98125,0.4074911924377153
137635,Vyners School,Academies,Hillingdon,UB10 8AB,Mixed,Non-selective,58.0,0.29,0.16071428571428575,0.1632774009891567,-0.05857422621032159,0.38292994572313815,0.21375,0.23375,0.90125,0.0005385591881336391
139362,St Thomas More Catholic School,Academies,Haringey,N22 5HN,Mixed,Non-selective,28.0,0.25,0.23214285714285712,0.1624836268141349,-0.11594030421175704,0.4343993562836285,0.255,0.28875,0.8425,-0.13656565549493027
138267,Ark Bolingbroke Academy,Free Schools,Wandsworth,SW11 6BF,Mixed,Non-selective,38.0,0.15,0.1989795918367347,0.16080287477129446,-0.07506357367287689,0.42094810183781284,0.23375,0.265,0.87,0.22968307315150768
136656,Claremont High School,Academies,Brent,HA3 0UH,Mixed,Non-selective,59.0,0.22,0.16071428571428573,0.16052008889804256,-0.04772006033289302,0.38810942289913136,0.21,0.2375,0.90625,0.28837112572095397
100369,The Godolphin and Latymer School,Independent schools,Hammersmith and Fulham,W6 0PG,Girls,Not applicable,47.0,0.22,0.17857142857142855,0.15569651070164842,-0.08363477218888313,0.4053826884759958,0.23,0.2575,0.8775,
140492,Beis Medrash Elyon,Independent schools,Barnet,NW9 7DH,Boys,Not applicable,6.0,0.08,0.5025510204081634,0.15284374774529946,-0.3023025346557945,0.5821678229858924,0.34125,0.37125,0.72875,
135316,Ashcroft Technology Academy,Academies,Wandsworth,SW15 2UT,Mixed,Non-selective,85.0,0.1,0.1326530612244898,0.15262779040558844,-0.051141809603893675,0.33461033222847586,0.13625,0.17,0.915,0.36701074829091906
134003,St Mark's Church of England Academy,Academies,Merton,CR4 1SF,Mixed,Non-selective,9.0,0.34,0.4081632653061224,0.15219668573924985,-0.22801494854947146,0.5499706142104175,0.29875,0.3125,0.74625,0.19264749041027274
138461,Waldegrave School,Academies,Richmond upon Thames,TW2 5LH,Mixed,Non-selective,65.0,0.17,0.15306122448979592,0.15143110572000903,-0.056679368209005244,0.3582560924073141,0.20375,0.235,0.8925,-0.1776510006775576
140066,Kew House,Independent schools,Hounslow,TW8 0EX,Mixed,Not applicable,33.0,0.18,0.21428571428571427,0.1512944068411867,-0.10942216414886496,0.4105773141808756,0.23375,0.26,0.84625,
102787,St Bonaventure's RC School,Local authority maintained schools,Newham,E7 9QD,Boys,Non-selective,56.0,0.2,0.163265306122449,0.150593104422034,-0.06439155333885288,0.3639322048399631,0.215,0.23125,0.89,0.07750723793624895
135955,Harris Academy Purley,Academies,Croydon,CR2 6DT,Mixed,Non-selective,16.0,0.56,0.30612244897959184,0.14896406682564756,-0.1723456418567298,0.4797070592831929,0.26375,0.29875,0.775,0.01967602124176625
137678,The Hollyfield School and Sixth Form Centre,Academies,Kingston upon Thames,KT6 4TU,Mixed,Non-selective,29.0,0.29,0.22959183673469388,0.14877399971446179,-0.118009241574626,0.4143261857873706,0.255,0.27875,0.825,0.05372842660995225
138457,Wembley High Technology College,Academies,Brent,HA0 3NT,Mixed,Non-selective,80.0,0.22000000000000003,0.13520408163265307,0.147388183285377,-0.04426660212783777,0.33260828778085233,0.14,0.17,0.90875,0.3956545818031906
101676,St Olave's and St Saviour's Grammar School,Local authority maintained schools,Bromley,BR6 9SH,Boys,Selective,191.0,0.15,0.0892857142857143,0.1469557176430927,0.01692118755455928,0.2791241924310432,0.07375,0.10125,0.9825,0.43574297527862427
136538,"Trinity Church of England School, Belvedere",Academies,Bexley,DA17 6HT,Mixed,Non-selective,16.0,0.65,0.30612244897959184,0.14663332294879322,-0.18340424631157254,0.48019819620921206,0.285,0.3125,0.7725,-0.03885606050716597
102045,Winchmore School,Local authority maintained schools,Enfield,N21 3HS,Mixed,Non-selective,44.0,0.21,0.18622448979591838,0.144535271632632,-0.10925546854529275,0.38090762086242047,0.215,0.23875,0.85875,-0.10924280206143731
100049,Haverstock School,Local authority maintained schools,Camden,NW3 2BQ,Mixed,Non-selective,24.0,0.19000000000000003,0.25255102040816324,0.1377835582982433,-0.15145879693595335,0.41676938546769016,0.24125,0.2675,0.80625,0.0051176830148123575
143706,Harris Academy Sutton,Free Schools,Sutton,SM2 5RD,Mixed,Non-selective,52.0,0.05,0.1709183673469388,0.13694715908690966,-0.1030577869829119,0.3739753691358546,0.17375,0.20375,0.8475,0.4206794523795728
101837,Whitgift School,Independent schools,Croydon,CR2 6YT,Boys,Not applicable,74.0,0.2,0.14285714285714285,0.13627429024316282,-0.057739414471587,0.3260505144273381,0.1225,0.14625,0.89375,
101387,Menorah Grammar School,Independent schools,Barnet,HA8 0QS,Boys,Not applicable,6.0,0.61,0.5,0.13428558077730232,-0.2918862723225065,0.5504839750239029,0.31,0.335,0.70625,
139811,The Cedars School,Independent schools,Croydon,SE19 1RS,Boys,Non-selective,12.0,0.23,0.3545918367346939,0.13370316076566657,-0.2546350672830743,0.5423200836116605,0.27625,0.29375,0.72625,
102154,Highgate Wood Secondary School,Local authority maintained schools,Haringey,N8 8RN,Mixed,Non-selective,23.0,0.24,0.2576530612244898,0.1336392336756473,-0.1616970777902655,0.4316306405921785,0.23125,0.25625,0.79875,0.03952616041591455
138609,Queens Park Community School,Academies,Brent,NW6 7BQ,Mixed,Non-selective,31.0,0.05,0.2193877551020408,0.13232064640025798,-0.12026316168476611,0.400328550858506,0.1875,0.21625,0.82875,-0.07267317813708614
137028,Nower Hill High School,Academies,Harrow,HA5 5RP,Mixed,Non-selective,111.0,0.11000000000000001,0.11479591836734694,0.1320732863288973,-0.03269764079718226,0.29646277636807267,0.0825,0.11375,0.93125,0.07397239351228986
137005,Graveney School,Academies,Wandsworth,SW17 9BU,Mixed,Non-selective,165.0,0.13,0.09693877551020408,0.13136608538444616,-0.00834892261570624,0.28066410900877703,0.06625,0.085,0.9475,0.16339670134978085
102875,Bancroft's School,Independent schools,Redbridge,IG8 0RF,Mixed,Not applicable,81.0,0.11999999999999998,0.13520408163265307,0.13021645855198968,-0.05049306302049451,0.32545203013197804,0.11625,0.13375,0.89125,
137940,Isleworth and Syon School for Boys,Academies,Hounslow,TW7 5LJ,Boys,Non-selective,20.0,-0.02,0.2755102040816327,0.13007353001135594,-0.16739841331733052,0.42113346733027307,0.22625,0.25125,0.77875,0.1500415134447715
136519,Haydon School,Academies,Hillingdon,HA5 2LX,Mixed,Non-selective,38.0,0.19,0.1989795918367347,0.12560126424076404,-0.12249671458142447,0.3864578095961803,0.165,0.19125,0.82375,0.01309665303821152
143756,"City of London Academy, Shoreditch Park",Free Schools,Hackney,N1 5JU,Mixed,,25.0,0.39,0.24489795918367346,0.12448301129366052,-0.14965806437724044,0.4219762992561283,0.21,0.2325,0.77625,-0.011987597731044908
140862,Michaela Community School,Free Schools,Brent,HA9 0UU,Mixed,Non-selective,49.0,0.10999999999999999,0.17346938775510207,0.12220611465641396,-0.10990862595900737,0.35044649209534623,0.1375,0.1675,0.84,0.6893070029571647
102451,Harlington School,Local authority maintained schools,Hillingdon,UB3 1PB,Mixed,Non-selective,22.0,0.18999999999999997,0.2602040816326531,0.12064287938811119,-0.16119420060929804,0.4147561211014882,0.19625,0.215,0.78875,0.14999335917779633
138403,London Academy of Excellence,Free Schools,Newham,E15 1AJ,Mixed,Not applicable,161.0,0.11,0.09693877551020408,0.12049788903919165,-0.016460159831868396,0.2709527393055022,0.06125,0.0725,0.94625,
100076,South Hampstead High School GDST,Independent schools,Camden,NW3 5SS,Girls,Selective,49.0,0.09,0.1760204081632653,0.11965065720281637,-0.10721586578979317,0.36341606366597834,0.14875,0.17125,0.82125,
137088,The Palmer Catholic Academy,Academies,Redbridge,IG3 8EU,Mixed,Non-selective,47.0,0.34,0.17857142857142855,0.11827754774471755,-0.12016327310236304,0.35712277541217735,0.14,0.16875,0.825,0.08088123305946784
136768,Uxbridge High School,Academies,Hillingdon,UB8 2PR,Mixed,Non-selective,36.0,0.26,0.20408163265306123,0.11397904199704936,-0.1414995982830836,0.37381976385341154,0.17625,0.20875,0.7875,0.06885101905194099
135835,"The City Academy, Hackney",Academies,Hackney,E9 6EA,Mixed,Non-selective,39.0,0.07,0.1989795918367347,0.11378853885970329,-0.13268682017636974,0.3563961223862456,0.1575,0.1825,0.78,0.04278608918894488
149543,Ernest Bevin Academy,Academies,Wandsworth,SW17 7DF,Boys,Non-selective,28.0,0.3,0.23214285714285715,0.11120815027984628,-0.16294516935389064,0.3941032387533735,0.1825,0.19625,0.77875,0.40577108950012425
102156,Fortismere School,Local authority maintained schools,Haringey,N10 1NE,Mixed,Non-selective,76.0,0.09,0.1403061224489796,0.10628136267527723,-0.10078930250739088,0.3086774477249145,0.10125,0.11,0.84125,0.18350461123585263
138960,Sacred Heart Catholic School,Academies,Southwark,SE5 0RP,Mixed,Non-selective,31.0,0.19,0.22193877551020408,0.10380704430275207,-0.14548266005671256,0.3796853655855795,0.1575,0.175,0.765,0.41936379176771715
102946,Hampton School,Independent schools,Richmond upon Thames,TW12 3HD,Boys,Not applicable,144.0,0.1,0.10204081632653061,0.10175048078665633,-0.04321263193940816,0.25134203048844234,0.0425,0.05125,0.895,
137844,Barnhill Community High School,Academies,Hillingdon,UB4 9LE,Mixed,Non-selective,68.0,0.05,0.1479591836734694,0.10015817661940414,-0.10691301063859836,0.30473854199818945,0.10125,0.1275,0.81375,0.17348833288392285
137075,Park High School,Academies,Harrow,HA7 1PL,Mixed,Non-selective,64.0,0.0,0.15306122448979592,0.10014852969736956,-0.10131221065907246,0.32133622023773384,0.10375,0.115,0.815,0.02281148236934679
100864,Alleyn's School,Independent schools,Southwark,SE22 8SU,Mixed,Selective,106.0,0.07,0.11989795918367345,0.09840630246231327,-0.06964320613407615,0.27021529374058195,0.055,0.07,0.855,
100863,James Allen's Girls' School,Independent schools,Southwark,SE22 8TE,Girls,Not applicable,51.0,0.07,0.17346938775510204,0.09710089955247712,-0.12296752937371187,0.32613401808210163,0.11375,0.13,0.7825,
137965,Blackfen School for Girls,Academies,Bexley,DA15 9NU,Girls,Non-selective,7.0,1.03,0.46428571428571425,0.09671374794613087,-0.2776873135490324,0.4617609366581098,0.2575,0.2775,0.67125,-0.2495796845632195
102611,Surbiton High School,Independent schools,Kingston upon Thames,KT1 2JT,Mixed,Selective,49.0,0.09,0.1760204081632653,0.09505258755890374,-0.1352319642260406,0.3252453148770455,0.09625,0.115,0.79125,
135242,Ark King Solomon Academy,Academies,Westminster,NW1 6RX,Mixed,Non-selective,26.0,0.24000000000000002,0.23979591836734693,0.0932134990462251,-0.19407420799987385,0.37741551342692364,0.16125,0.175,0.74125,0.11520492472603597
101393,Brampton College,Independent schools,Barnet,NW4 4DQ,Mixed,Not applicable,54.0,0.12,0.16581632653061226,0.09235146045918183,-0.1255805239986962,0.2927238400915033,0.09625,0.11375,0.78625,
102163,Highgate School,Independent schools,Haringey,N6 4AY,Mixed,Not applicable,131.0,0.09,0.10714285714285714,0.08953178214172387,-0.07057045584038561,0.24329010093476733,0.0275,0.045,0.87125,
133443,Hampton Court House,Independent schools,Richmond upon Thames,KT8 9BS,Mixed,Selective,10.0,0.04,0.3877551020408163,0.08793109689657237,-0.30138112892641916,0.49157683942809516,0.22625,0.25125,0.66375,
144962,City of London Academy Highbury Grove,Academies,Islington,N5 2EQ,Mixed,Non-selective,19.0,-0.02,0.2831632653061224,0.08762537293466874,-0.2342920219098527,0.39160135695841786,0.1675,0.18875,0.71125,0.03637301168579359
101693,Eltham College,Independent schools,Bromley,SE9 4QF,Mixed,Selective,59.0,0.05,0.15816326530612246,0.08659453591515494,-0.13028306562449887,0.3118973932997541,0.08875,0.12,0.78875,
131310,Elthorne Park High School,Local authority maintained schools,Ealing,W7 2AH,Mixed,Non-selective,61.0,0.17,0.1556122448979592,0.08610308139562349,-0.12356157165616069,0.28558389404770973,0.0725,0.095,0.80375,0.2605238495413758
145348,Dormers Wells High School,Academies,Ealing,UB1 3HZ,Mixed,Non-selective,65.0,0.1,0.15306122448979595,0.08537760837662361,-0.10758028314183982,0.2842224995935688,0.0675,0.07875,0.8025,0.1915883741408437
138178,Riddlesdown Collegiate,Academies,Croydon,CR8 1EX,Mixed,Non-selective,84.0,0.1,0.13520408163265307,0.08410168395962433,-0.107116625503939,0.286533784624796,0.075,0.08875,0.7825,0.053994303348813215
102679,Rutlish School,Local authority maintained schools,Merton,SW20 9AD,Boys,Non-selective,78.0,0.13,0.13775510204081634,0.08372985501213194,-0.11432368025023772,0.2800893809854843,0.0625,0.07625,0.7825,0.27032979717945493
144502,The Totteridge Academy,Academies,Barnet,N20 8AZ,Mixed,,24.0,0.01,0.25,0.080312859549687,-0.20989475328251947,0.3872248790480504,0.155,0.17,0.7025,0.2969193729133034
102453,St Helen's School,Independent schools,Hillingdon,HA6 3AS,Girls,Selective,42.0,-0.02,0.19132653061224486,0.07765603061522695,-0.15457007037425263,0.3232944844966079,0.10125,0.11625,0.73875,
100741,Sydenham School,Local authority maintained schools,Lewisham,SE26 4RD,Girls,Non-selective,20.0,0.37,0.2755102040816327,0.0771310460514566,-0.24304558366870788,0.38097625283317793,0.17875,0.20125,0.67875,-0.0943205439157752
138924,Heston Community School,Academies,Hounslow,TW5 0QR,Mixed,Non-selective,23.0,-0.01,0.25510204081632654,0.07393818905705843,-0.21284347844606746,0.3652461857998637,0.13875,0.15875,0.68875,0.018369767960364273
140212,Kensington Aldridge Academy,Academies,Kensington and Chelsea,W10 6EX,Mixed,Non-selective,44.0,-0.029999999999999995,0.18622448979591838,0.0722709307152615,-0.15810619682388743,0.31643336508250897,0.09,0.10625,0.70625,-0.010128516273310129
136631,Swakeleys School for Girls,Academies,Hillingdon,UB10 0EJ,Girls,Non-selective,11.0,0.08,0.3698979591836735,0.07176247323907688,-0.2566072477843543,0.3914307678329404,0.155,0.17,0.67375,-0.0842155754387463
102055,The Latymer School,Local authority maintained schools,Enfield,N9 9TN,Mixed,Selective,169.0,0.09,0.09438775510204081,0.06867158279072787,-0.062251225642952754,0.20449505746365598,0.01,0.015,0.85125,0.2328079926471619
101162,Westminster School,Independent schools,Westminster,SW1P 3PF,Mixed,Not applicable,142.0,0.1,0.10204081632653061,0.06764118224688795,-0.0802983842409023,0.22110174882144645,0.0225,0.02875,0.81375,
146375,UTC Heathrow,Free Schools,Hillingdon,HA6 1QG,Mixed,,6.0,0.6999999999999998,0.5,0.06433536394152167,-0.4259392564590309,0.5467174288497048,0.25,0.26375,0.61375,-0.12047499093129498
132727,Walthamstow Academy,Academies,Waltham Forest,E17 5DP,Mixed,Non-selective,49.0,0.13,0.1760204081632653,0.06220379922910364,-0.17039738371210814,0.2947312969064327,0.075,0.0975,0.70375,-0.09936361137647072
135968,Oasis Academy Shirley Park,Academies,Croydon,CR9 7AL,Mixed,Non-selective,19.0,0.26,0.2831632653061224,0.0609607081462506,-0.22579812011335545,0.3573105067201846,0.14375,0.16125,0.64625,-0.07735170312335911
131752,Ark Burlington Danes Academy,Academies,Hammersmith and Fulham,W12 0HR,Mixed,Non-selective,26.0,0.09,0.2423469387755102,0.060663097628166615,-0.20709167732182807,0.32993771160329444,0.10375,0.12,0.69,-0.06202379772220415
102851,Wanstead High School,Local authority maintained schools,Redbridge,E11 2JZ,Mixed,Non-selective,47.0,0.13,0.17857142857142855,0.05955566840624073,-0.1713242785565321,0.28475860105319495,0.0725,0.08375,0.70625,-0.17283044497464062
148421,Woodhouse College,Academies,Barnet,N12 9EY,Mixed,Non-selective,351.0,0.04,0.0663265306122449,0.05680616617571336,-0.05170794376173982,0.16775873055858606,0.00125,0.0,0.8475,
101388,Beth Jacob Grammar School for Girls,Independent schools,Barnet,NW4 2AT,Girls,Non-selective,6.0,0.07,0.5025510204081634,0.05630536605178677,-0.37776395939960655,0.4765531359912093,0.21875,0.2375,0.63625,
101158,Francis Holland School,Independent schools,Westminster,NW1 6XR,Girls,Not applicable,16.0,-0.16,0.3086734693877551,0.05618530124778511,-0.23968898338558725,0.3728112582698271,0.145,0.165,0.63,
138449,Harris Academy Greenwich,Academies,Greenwich,SE9 5EQ,Mixed,Non-selective,49.0,0.08,0.1760204081632653,0.05527533910596908,-0.17868622626204372,0.2845150022085495,0.07375,0.0775,0.6875,0.1600381852984766
138266,Reach Academy Feltham,Free Schools,Hounslow,TW13 4AB,Mixed,Non-selective,14.0,0.16,0.3290816326530613,0.055110965700177275,-0.2947268143520962,0.39726052001316603,0.155,0.1725,0.6425,0.29190167982456044
102684,King's College School,Independent schools,Merton,SW19 4TT,Boys,Selective,147.0,0.07,0.09948979591836735,0.0518842977871144,-0.09605710003594663,0.19964754616103528,0.01375,0.02125,0.7725,
100638,Bishop Thomas Grant Catholic Secondary School,Local authority maintained schools,Lambeth,SW16 2HY,Mixed,Non-selective,43.0,0.21,0.18622448979591838,0.0514121501382565,-0.16713290314377452,0.287696248815657,0.06875,0.075,0.67375,-0.06252533873401064
136466,Bishop Justus CofE School,Academies,Bromley,BR2 8HZ,Mixed,Non-selective,13.0,0.81,0.3418367346938776,0.05097932371709531,-0.2999785316082982,0.390667780148783,0.16625,0.175,0.63125,-0.07260932606407308
136551,Newstead Wood School,Academies,Bromley,BR6 9SA,Girls,Selective,149.0,0.06,0.09948979591836735,0.0509573604652726,-0.09624235469706562,0.2112616906695659,0.01,0.01875,0.74125,0.1659020924721598
137907,Chiswick School,Academies,Hounslow,W4 3UN,Mixed,Non-selective,56.0,0.06,0.163265306122449,0.04931843522178658,-0.17389424403921785,0.25924581476343916,0.04375,0.05625,0.69125,0.0883100719764696
102539,The Heathland School,Local authority maintained schools,Hounslow,TW4 5JD,Mixed,Non-selective,101.0,0.04,0.12244897959183675,0.0489033553295077,-0.12085818378424808,0.20961174128755686,0.015,0.02375,0.72875,0.14933301567642004
100625,Lilian Baylis Technology School,Local authority maintained schools,Lambeth,SE11 5QY,Mixed,Non-selective,25.0,0.27,0.24744897959183676,0.04745450799553258,-0.23520719171954213,0.3274083370975213,0.10125,0.11625,0.6375,-0.013414867946500764
138651,Orleans Park School,Academies,Richmond upon Thames,TW1 3BB,Mixed,Non-selective,67.0,0.08,0.15051020408163265,0.04599894219361125,-0.152843980001115,0.25261610361386194,0.04375,0.0525,0.66625,0.25410068842503547
100458,Central Foundation Boys' School,Local authority maintained schools,Islington,EC2A 4SH,Boys,Non-selective,62.0,-0.02,0.15816326530612249,0.04546960919787333,-0.16803812918879116,0.26570794738881154,0.05125,0.06125,0.6775,0.0019572322797189014
100065,University College School,Independent schools,Camden,NW3 6XH,Mixed,Not applicable,99.0,0.03,0.125,0.04346689560178772,-0.12799298724489233,0.22503681212809745,0.0225,0.03375,0.7075,
137423,Chislehurst and Sidcup Grammar School,Academies,Bexley,DA15 9AG,Mixed,Selective,102.0,0.0,0.12244897959183675,0.043164333365841745,-0.11946375159096213,0.21307265152211552,0.01,0.0175,0.7,0.3790516939883304
134222,City of London Academy (Southwark),Academies,Southwark,SE1 5LA,Mixed,Non-selective,57.0,0.13,0.16071428571428573,0.04206957075114728,-0.1845318848103227,0.25948909252122776,0.045,0.05875,0.6775,-0.01806805026857552
100540,Mander Portman Woodward School,Independent schools,Kensington and Chelsea,SW7 5AB,Mixed,Non-selective,52.0,-0.030000000000000002,0.1709183673469388,0.03911658707982562,-0.189700303435115,0.2522059513500199,0.035,0.0475,0.67,
139720,Nishkam School West London,Free Schools,Hounslow,TW7 5PN,Mixed,Not applicable,34.0,0.05,0.20918367346938777,0.0333490452719087,-0.2309175984865985,0.3159581423475993,0.08375,0.09375,0.60875,0.25792092578111914
102857,Valentines High School,Local authority maintained schools,Redbridge,IG2 6HX,Mixed,Non-selective,70.0,0.01,0.1479591836734694,0.031220084067245107,-0.16706405577704483,0.24194389996824955,0.04125,0.0475,0.635,0.2051345905502393
100054,The Camden School for Girls,Local authority maintained schools,Camden,NW5 2DB,Girls,Non-selective,117.0,0.02,0.11479591836734693,0.02818360595218497,-0.13656268062239826,0.19421823002111746,0.0075,0.01125,0.65875,0.09393840448090565
145313,Bacon's College,Academies,Southwark,SE16 6AT,Mixed,Non-selective,20.0,0.1,0.2729591836734694,0.02683226000511709,-0.26155594972864393,0.34123867312541,0.105,0.11125,0.60375,0.12663602458402512
149297,St Richard Reynolds Catholic High School,Academies,Richmond upon Thames,TW1 4LT,Mixed,Not applicable,33.0,0.09,0.2142857142857143,0.022549219635946142,-0.2355392165829437,0.27677774967946683,0.05625,0.07375,0.60375,0.23407751977144423
103119,St Mary's and St John's CofE School,Local authority maintained schools,Barnet,NW4 4QR,Mixed,Non-selective,25.0,0.05,0.24744897959183676,0.021029903758108554,-0.27195773014513813,0.306173608175223,0.08125,0.1,0.58625,-0.026347805395906896
100857,The St Thomas the Apostle College,Local authority maintained schools,Southwark,SE15 2EB,Boys,Non-selective,91.0,-0.02,0.13010204081632654,0.02030826447854108,-0.14993726068100036,0.21477904786180063,0.015,0.01625,0.605,0.30007423875426
138682,Southfields Academy,Academies,Wandsworth,SW18 5JU,Mixed,Non-selective,17.0,-0.1,0.298469387755102,0.01958012152890465,-0.2949423592187265,0.34104653528922096,0.10625,0.12625,0.56125,0.21283192969996884
102245,Harrow School,Independent schools,Harrow,HA1 3HP,Boys,Not applicable,97.0,0.0,0.125,0.016314228542636772,-0.16399606941126205,0.19413879163753292,0.01,0.0125,0.6225,
101685,Farringtons School,Independent schools,Bromley,BR7 6LR,Mixed,Selective,13.0,0.13,0.3392857142857143,0.014429420396400723,-0.3279916999952605,0.3564630081322442,0.12,0.1275,0.565,
102850,Ilford County High School,Local authority maintained schools,Redbridge,IG6 2JB,Boys,Selective,101.0,-0.05000000000000001,0.12244897959183673,0.013308071850937263,-0.15383492980887106,0.17867689339596582,0.00875,0.015,0.5825,0.339368500021354
142336,Wetherby Senior School,Independent schools,Westminster,W1U 2QU,Boys,Selective,38.0,0.07,0.1989795918367347,0.010691916143625572,-0.2505684385493058,0.2573351006122578,0.04375,0.05125,0.57625,
136509,RR6,Colleges,Merton,SW19 7HB,Mixed,Not applicable,106.0,0.02,0.1173469387755102,0.002434284590205631,-0.16448552684200343,0.17947235067933065,0.00375,0.0075,0.5725,
150604,Cardinal Pole Catholic School,Academies,Hackney,E9 6LG,Mixed,Non-selective,18.0,0.13,0.28826530612244894,-0.004260116962140788,-0.3049220951127099,0.3179344491809289,0.0775,0.085,0.53125,
100003,City of London School,Independent schools,City of London,EC4V 3AL,Boys,Not applicable,124.0,-0.05,0.10969387755102042,-0.008204016105486402,-0.18163101230660714,0.1623571815689783,0.00125,0.00375,0.5425,
101845,Croydon High School,Independent schools,Croydon,CR2 8YB,Girls,Not applicable,17.0,0.27,0.298469387755102,-0.009159538304847184,-0.34091060076803176,0.29712617354576626,0.075,0.08125,0.5175,
135762,Saint John Bosco College,Local authority maintained schools,Wandsworth,SW11 3DQ,Mixed,Non-selective,16.0,0.5,0.3061224489795919,-0.009624946287326332,-0.3432369360191603,0.31880576112623454,0.0925,0.105,0.5025,-0.0662500603097624
137386,Mill Hill County High School,Academies,Barnet,NW7 4LL,Mixed,Non-selective,92.0,-0.06,0.12755102040816327,-0.010049442336130133,-0.18249740491514954,0.16054167204064437,0.00625,0.0125,0.53625,0.11884701619887923
145866,Bolder Academy,Free Schools,Hounslow,TW7 5DB,Mixed,Non-selective,17.0,0.0,0.298469387755102,-0.010124665779564966,-0.3564623444129255,0.3136950773972928,0.08375,0.09,0.525,0.07763390180647796
102932,Lady Eleanor Holles School,Independent schools,Richmond upon Thames,TW12 3HF,Girls,Not applicable,78.0,-0.04,0.13775510204081634,-0.014639585331795341,-0.19116449895962462,0.16755486547434814,0.005,0.0075,0.4925,
100366,St Paul's Girls' School,Independent schools,Hammersmith and Fulham,W6 7BS,Girls,Not applicable,66.0,-0.05,0.15051020408163268,-0.015602661213477007,-0.22880221753788293,0.18075475831015533,0.01625,0.0175,0.5125,
136147,Lift Aylward,Academies,Enfield,N18 1NB,Mixed,Non-selective,19.0,-0.53,0.2806122448979592,-0.018058639433287657,-0.3167375651573946,0.28399050053370867,0.0675,0.07375,0.49875,-0.09259110887022823
143540,Ada National College for Digital Skills,Colleges,Westminster,SW1V 4LD,Mixed,,13.0,0.6799999999999999,0.3418367346938776,-0.021546613906828042,-0.4031463188380326,0.3522065413423418,0.11,0.1225,0.49375,
139791,Riverside School,Free Schools,Barking and Dagenham,IG11 0FU,Mixed,Non-selective,27.0,-0.06,0.23469387755102045,-0.022623169446245397,-0.3140927268743872,0.25976380813408967,0.0525,0.05875,0.485,0.08562886828659774
100972,Oaklands School,Local authority maintained schools,Tower Hamlets,E2 6PR,Mixed,Non-selective,21.0,-0.26,0.26785714285714285,-0.023956073479305236,-0.32122150444847775,0.26799531902346363,0.05625,0.065,0.49,0.12355678251595265
137546,Twyford Church of England High School,Academies,Ealing,W3 9PP,Mixed,Non-selective,160.0,0.01,0.09693877551020408,-0.026882663094473867,-0.17047351966320134,0.11451925006808142,0.0,0.0,0.44875,0.1423874560509545
143629,Mulberry School for Girls,Academies,Tower Hamlets,E1 2JP,Girls,Non-selective,62.0,-0.04,0.15561224489795922,-0.030726677965683836,-0.23690456040858324,0.16203423630131264,0.01125,0.01125,0.44875,-0.13179857381892007
136800,Greenshaw High School,Academies,Sutton,SM1 3DY,Mixed,Non-selective,108.0,-0.06,0.1173469387755102,-0.033711593000448146,-0.1964123292154876,0.12895870381804755,0.0,0.0025,0.425,0.06418704516831973
100190,Thomas Tallis School,Local authority maintained schools,Greenwich,SE3 9PX,Mixed,Non-selective,72.0,-0.030000000000000002,0.14540816326530615,-0.0337968764107909,-0.22582319299118223,0.1613431229915882,0.005,0.00625,0.44375,-0.22659506076122146
137917,Southborough High School,Academies,Kingston upon Thames,KT6 5AS,Boys,Non-selective,25.0,0.09,0.24744897959183676,-0.03535180566877887,-0.33503906438161024,0.2510810110777794,0.05,0.0525,0.46,0.24041752588119333
138825,Grey Court School,Academies,Richmond upon Thames,TW10 7HN,Mixed,Non-selective,65.0,0.02,0.15306122448979595,-0.042876316063464606,-0.2464974005339311,0.17272448845312396,0.01,0.01,0.40625,0.11929425557944331
137925,The Douay Martyrs Catholic School,Academies,Hillingdon,UB10 8QY,Mixed,Non-selective,36.0,0.1,0.20408163265306123,-0.04297146603372133,-0.30128354353796044,0.22313573365690595,0.0275,0.0325,0.4375,0.010633077975604598
137935,Sacred Heart High School,Academies,Hammersmith and Fulham,W6 7DG,Girls,Non-selective,14.0,0.1,0.3290816326530613,-0.04549208426392237,-0.35469994441210095,0.26944940294327124,0.055,0.0675,0.44,-0.006663495099234307
102058,St Ignatius College,Local authority maintained schools,Enfield,EN1 4NP,Boys,Non-selective,50.0,-0.05,0.17346938775510204,-0.04794512416857561,-0.26896051656041153,0.17069106845778306,0.0175,0.0175,0.42,0.24086573167902847
136709,Bullers Wood School,Academies,Bromley,BR7 5LJ,Girls,Non-selective,52.0,0.09,0.16836734693877548,-0.04821535374968123,-0.2717068066456432,0.17655947947413445,0.00875,0.00875,0.4275,-0.05600950301083303
134693,Mossbourne Community Academy,Academies,Hackney,E5 8JY,Mixed,Non-selective,103.0,-0.04,0.12244897959183675,-0.04835711512339655,-0.23243989373911295,0.12357198378196108,0.0,0.00125,0.4,0.25739885141171065
138312,Westminster City School,Academies,Westminster,SW1E 5HJ,Boys,Non-selective,65.0,-0.06,0.15306122448979592,-0.0497151886369201,-0.2526724586384986,0.14861544406615834,0.00625,0.01,0.4,-0.06652034661214454
145860,Harris Academy Wimbledon,Free Schools,Merton,SW19 2JY,Mixed,Non-selective,27.0,-0.15,0.2346938775510204,-0.05195174279202228,-0.34851271150828694,0.2336917411828209,0.0275,0.03625,0.43625,0.06875693866106868
143197,Edmonton County School,Academies,Enfield,N9 9JZ,Mixed,Non-selective,28.0,-0.05,0.23214285714285712,-0.052321238744573895,-0.3224186456624019,0.21304271090996554,0.02875,0.03625,0.4075,0.056389086730315174
101954,Notting Hill & Ealing High School GDST,Independent schools,Ealing,W13 8AX,Girls,Selective,37.0,-0.16,0.20153061224489796,-0.05413018992924403,-0.3095935910123334,0.20908984939817907,0.02625,0.03125,0.41375,
136789,Wallington High School for Girls,Academies,Sutton,SM6 0PH,Girls,Selective,137.0,-0.05,0.10459183673469388,-0.05523884951478001,-0.21713719235656603,0.10454599283407486,0.0,0.0,0.345,0.05521574910727781
130443,St Dominic's Sixth Form College,Colleges,Harrow,HA1 3HX,Mixed,Not applicable,362.0,-0.06,0.0663265306122449,-0.061304138448249335,-0.16639504843560535,0.050237171194792145,0.0,0.0,0.24125,
148555,Harris Clapham Sixth Form,Free Schools,Lambeth,SW4 8DX,Mixed,Non-selective,39.0,-0.14,0.19642857142857142,-0.06156932723446868,-0.3160028231613834,0.1858098532742124,0.01625,0.01875,0.38625,
100050,Parliament Hill School,Local authority maintained schools,Camden,NW5 1RL,Girls,Non-selective,24.0,0.18000000000000002,0.25,-0.06555100577096924,-0.3561091820807209,0.2279526409329204,0.0375,0.04375,0.40625,0.22011386973450178
138187,Woodcote High School,Academies,Croydon,CR5 2EH,Mixed,Non-selective,21.0,-0.19,0.26785714285714285,-0.06617572213516931,-0.37412546717173395,0.25455240581044847,0.04,0.05125,0.3925,-0.017754781735181576
137181,The UCL Academy,Academies,Camden,NW3 3AQ,Mixed,Non-selective,58.0,-0.07,0.16071428571428575,-0.06866971065576606,-0.2816270851575232,0.14509550942004124,0.005,0.0075,0.3475,-0.05789272209007381
141163,Woolwich Polytechnic School,Academies,Greenwich,SE28 8AT,Boys,Non-selective,42.0,-0.11,0.18877551020408162,-0.06974086142233618,-0.3100689752815385,0.1647304051926935,0.0125,0.01375,0.35875,0.028636590461899196
140939,Harris Westminster Sixth Form,Free Schools,Westminster,SW1H 9LH,Mixed,,219.0,-0.07,0.0816326530612245,-0.07064426842221361,-0.18986263072822757,0.05621581601978858,0.0,0.0,0.235,
140475,Loxford School,Academies,Redbridge,IG1 2UT,Mixed,Non-selective,88.0,-0.07,0.13010204081632654,-0.07417570711820884,-0.258855492756621,0.11506774438926583,0.0025,0.00375,0.29625,0.20279293811177318
101154,St Augustine's Federated Schools: CE High School,Local authority maintained schools,Westminster,NW6 5SN,Mixed,Non-selective,23.0,-0.13,0.25510204081632654,-0.07536603132888137,-0.3760013439332692,0.23464954098479324,0.04125,0.0475,0.36375,-0.09280511818063103
138685,Copthall School,Academies,Barnet,NW7 2EP,Girls,Non-selective,8.0,-0.75,0.43622448979591844,-0.0757242021969032,-0.4246994126707755,0.2875066999898298,0.06125,0.06625,0.40125,0.017986520575349295
103106,Holy Family Catholic School,Local authority maintained schools,Waltham Forest,E17 3EA,Mixed,Non-selective,26.0,0.24000000000000002,0.2423469387755102,-0.07578971491897522,-0.3365097264951067,0.19899237158097943,0.02625,0.02875,0.34125,-0.11263529306695348
140748,Ruislip High School,Academies,Hillingdon,HA4 0BY,Mixed,Non-selective,30.0,-0.14,0.22448979591836732,-0.0760149766950034,-0.35062873042773923,0.20395963245053123,0.02625,0.03625,0.3675,0.11719053210271699
100279,Stoke Newington School and Sixth Form,Local authority maintained schools,Hackney,N16 9EX,Mixed,Non-selective,44.0,-0.01,0.18622448979591838,-0.07719820069693493,-0.3194124136056487,0.14843735003902706,0.0025,0.00625,0.345,-0.012442066668071808
100052,Hampstead School,Local authority maintained schools,Camden,NW2 3RT,Mixed,Non-selective,30.0,-0.07,0.22193877551020408,-0.07749106810553004,-0.3484489150725824,0.20536418344008275,0.01625,0.0225,0.36375,-0.06631663138601493
100182,Eltham Hill School,Local authority maintained schools,Greenwich,SE9 5EE,Girls,Non-selective,25.0,-0.11,0.24489795918367346,-0.07909258757918511,-0.38853160240792567,0.2068558866405657,0.03,0.03125,0.375,-0.10144293447309344
138459,The Holy Cross School,Academies,Kingston upon Thames,KT3 5AR,Girls,Non-selective,31.0,0.26,0.22193877551020405,-0.08678892241453592,-0.3557792987083545,0.18631357249349165,0.02,0.03,0.3175,0.01946739196233145
135958,Oasis Academy Hadley,Academies,Enfield,EN3 4PX,Mixed,Non-selective,13.0,-0.07,0.3418367346938776,-0.0869205539512734,-0.4090410436574862,0.2656793779904082,0.0575,0.0625,0.34375,-0.11979627170541418
138691,Chingford Foundation School,Academies,Waltham Forest,E4 7LT,Mixed,Non-selective,29.0,-0.09,0.22704081632653061,-0.0888315677659182,-0.35434122594335327,0.18140641241490357,0.01625,0.0175,0.3425,-0.1963116437866492
101940,Greenford High School,Local authority maintained schools,Ealing,UB1 2GU,Mixed,Non-selective,105.0,-0.15,0.11989795918367348,-0.09050419781077712,-0.26012030879742143,0.08600534006919762,0.0,0.0,0.26125,0.13280028000161795
147538,Oaks Park High School,Academies,Sutton,SM5 4NS,Mixed,Non-selective,11.0,-0.7,0.3698979591836735,-0.09094799738047268,-0.4706904118577938,0.2671999690691445,0.05625,0.06625,0.37625,-0.1963355614159684
132942,Sydenham and Forest Hill Sixth Form,Colleges,Lewisham,,Mixed,Not applicable,46.0,-0.05,0.18112244897959187,-0.09121677175009678,-0.31286916117579366,0.15643534181819738,0.005,0.00875,0.29375,
137829,Northwood School,Academies,Hillingdon,HA6 1QN,Mixed,Non-selective,38.0,-0.08,0.1989795918367347,-0.09180641583771186,-0.34755502580316017,0.1725475816765566,0.0225,0.025,0.3075,0.152628189771653
102861,King Solomon High School,Local authority maintained schools,Redbridge,IG6 3HB,Mixed,Non-selective,15.0,-0.1,0.31887755102040816,-0.0925679933770892,-0.4310174296089994,0.23210592032913488,0.03375,0.0375,0.37375,0.002881662581617468
135973,E-ACT Crest Academy,Academies,Brent,NW2 7SN,Mixed,Non-selective,20.0,-0.01,0.2729591836734694,-0.09441461411589826,-0.3753438265012866,0.1854503506452486,0.02,0.03,0.32875,0.09177199460269819
100053,Acland Burghley School,Local authority maintained schools,Camden,NW5 1UJ,Mixed,Non-selective,23.0,-0.14,0.25510204081632654,-0.09614752249394036,-0.3721716126589846,0.19339020072111363,0.0225,0.03,0.325,-0.06353944652180038
136517,Ravens Wood School,Academies,Bromley,BR2 8HP,Boys,Non-selective,59.0,-0.16,0.16071428571428573,-0.0969197453949926,-0.3167973628908255,0.1239314767045005,0.00125,0.00125,0.2775,-0.007921614837149328
136615,The Tiffin Girls' School,Academies,Kingston upon Thames,KT2 5PL,Girls,Selective,112.0,-0.1,0.11734693877551021,-0.1007736216420798,-0.27647123924874606,0.0823879641741595,0.0,0.0,0.22125,0.1710376558394484
132237,Thames Christian School,Independent schools,Wandsworth,SW11 2FR,Mixed,Non-selective,10.0,-0.41,0.3877551020408163,-0.1033760636486073,-0.4777036537935349,0.2754735814364853,0.05625,0.0675,0.365,
135951,Haberdashers' Crayford Academy,Academies,Bexley,DA1 4RS,Mixed,Non-selective,14.0,0.2,0.3290816326530613,-0.10347225454481215,-0.4448450632422729,0.22451644532765389,0.04,0.0425,0.33625,0.014937599115718627
138681,Ark Putney Academy,Academies,Wandsworth,SW15 3DG,Mixed,Non-selective,22.0,-0.11999999999999998,0.2627551020408163,-0.10699162334359472,-0.4165941900927233,0.19740775361741067,0.025,0.02875,0.30625,-0.020291240515723064
100624,The Norwood School,Local authority maintained schools,Lambeth,SE19 3NY,Mixed,Non-selective,12.0,-0.18000000000000002,0.3545918367346939,-0.11179820863418838,-0.4725708987429867,0.2430930501090658,0.0425,0.05125,0.33,-0.20583287191023034
136267,Chadwell Heath Academy,Academies,Redbridge,RM6 4RS,Mixed,Non-selective,33.0,-0.03,0.2142857142857143,-0.11577084855124056,-0.3699688619840139,0.14207149671942368,0.00625,0.00625,0.26625,0.060857932374576526
137198,Rooks Heath School,Academies,Harrow,HA2 9AH,Mixed,Non-selective,14.0,-0.55,0.3290816326530613,-0.12498304585129602,-0.47878966936425177,0.22371613757126388,0.03375,0.03625,0.3025,0.027601050695285165
101941,The Ellen Wilkinson School for Girls,Local authority maintained schools,Ealing,W3 0HW,Girls,Non-selective,29.0,-0.2,0.22959183673469388,-0.1303044698101293,-0.41483964176263716,0.14019344420537444,0.0075,0.01,0.27,-0.09839937364511109
143379,St Paul's Way Trust School,Academies,Tower Hamlets,E3 4FT,Mixed,Non-selective,62.0,0.01,0.1556122448979592,-0.1305698756095501,-0.3445825458727554,0.08737649530013872,0.005,0.005,0.18375,-0.03904818466600448
102856,Seven Kings School,Local authority maintained schools,Redbridge,IG2 7BT,Mixed,Non-selective,153.0,-0.11000000000000001,0.09948979591836735,-0.13234866528967704,-0.27724524723219424,0.0026824637561458477,0.0,0.0,0.08625,0.14447723319466899
148003,Sedgehill Academy,Academies,Lewisham,SE6 3QW,Mixed,Non-selective,7.0,0.28,0.4617346938775511,-0.13328519409625794,-0.5624547609959741,0.3152008074759532,0.07375,0.08125,0.3275,0.012073862452716919
137077,Rosedale College,Academies,Hillingdon,UB3 2SE,Mixed,Non-selective,21.0,0.13,0.26785714285714285,-0.1359017537118222,-0.4597540409391989,0.16949296181947127,0.0125,0.0175,0.285,-0.0121040249394132
100861,Dulwich College,Independent schools,Southwark,SE21 7LD,Mixed,Not applicable,152.0,-0.15,0.09948979591836735,-0.13652078048886476,-0.2769894294265046,0.011832523518777494,0.0,0.0,0.09125,
136355,Darrick Wood School,Academies,Bromley,BR6 8ER,Mixed,Non-selective,55.0,-0.26,0.16581632653061223,-0.1406387544520379,-0.3403371739986745,0.07635661918266458,0.00125,0.0025,0.175,0.11121190270618694
139410,St Andrew the Apostle Greek Orthodox School,Free Schools,Barnet,N11 1NP,Mixed,Non-selective,7.0,0.18,0.4642857142857143,-0.14390712199596772,-0.5276385488000229,0.24967606898404734,0.045,0.05,0.285,-0.0641336887212151
130452,Newham Sixth Form College,Colleges,Newham,E13 8SG,Mixed,Not applicable,72.0,0.1,0.14540816326530615,-0.1502428943662095,-0.35351073660643256,0.06120281290165553,0.00125,0.00125,0.14625,
130912,Paddington Academy,Academies,Westminster,W9 2DR,Mixed,Non-selective,43.0,-0.17,0.18622448979591838,-0.154954956143942,-0.38566126964106,0.08672892735006796,0.0025,0.00375,0.18875,0.17821362232830396
136586,Langley Park School for Boys,Academies,Bromley,BR3 3BP,Boys,Non-selective,107.0,-0.19000000000000003,0.1173469387755102,-0.1551438625802709,-0.3167153747560554,0.006524607200135255,0.0,0.0,0.09125,0.12855285357619117
100055,Maria Fidelis Catholic School FCJ,Local authority maintained schools,Camden,NW1 1LY,Mixed,Non-selective,15.0,-0.14,0.31887755102040816,-0.15684920560030957,-0.4941288215940109,0.19020312996900673,0.03,0.0325,0.24625,-0.011102952810211317
101811,Archbishop Tenison's CofE High School,Local authority maintained schools,Croydon,CR0 5JQ,Mixed,Non-selective,16.0,-0.37,0.3086734693877551,-0.15829128175730495,-0.4909420340420252,0.1725925538742533,0.02,0.025,0.2375,-0.09190267149221304
144309,The Elmgreen School,Academies,Lambeth,SE27 9BZ,Mixed,Non-selective,23.0,-0.01,0.25510204081632654,-0.15970281284505566,-0.43052282095125255,0.1289425501075834,0.01125,0.01125,0.21375,-0.11430987095056654
134314,St Mary Magdalene Academy,Academies,Islington,N7 8PG,Mixed,Non-selective,79.0,-0.18,0.1403061224489796,-0.15989221030517975,-0.3530631923002171,0.03487166349751419,0.0,0.0,0.1175,0.12100827653152191
130416,Christ The King Sixth Form College,Colleges,Lewisham,SE13 5GE,Mixed,Not applicable,64.0,-0.03,0.15306122448979595,-0.1604396267646394,-0.36356900115093105,0.05048775818304778,0.00125,0.0025,0.1275,
137121,Harris Academy Beckenham,Academies,Bromley,BR3 3SJ,Mixed,Non-selective,33.0,-0.08,0.2142857142857143,-0.16119207605850566,-0.42569031168949906,0.09909476569313884,0.0075,0.0075,0.20375,0.014760939231717505
101362,Finchley Catholic High School,Local authority maintained schools,Barnet,N12 8TA,Boys,Non-selective,57.0,-0.26,0.16326530612244897,-0.1618298274430195,-0.3838559134711054,0.05041799937368044,0.00125,0.00125,0.1525,0.19395758508062946
102852,Woodford County High School,Local authority maintained schools,Redbridge,IG8 9LA,Girls,Selective,104.0,-0.16999999999999998,0.12244897959183673,-0.162844939517835,-0.3327570996874991,0.021952187719019026,0.0,0.0,0.10125,0.09740950393078734
145126,Harris Academy St John's Wood,Academies,Westminster,NW8 0NL,Mixed,,47.0,-0.16,0.17857142857142855,-0.16315117668621432,-0.3928773940683737,0.06635478511763986,0.00125,0.00125,0.15625,0.07679824305063562
136540,Orion Ravensbourne,Academies,Bromley,BR2 9EH,Mixed,Non-selective,26.0,-0.27,0.23979591836734693,-0.17048076193343026,-0.46036231001089833,0.10816604197596014,0.0075,0.005,0.17625,-0.04584991304845097
137040,The Campion School,Academies,Havering,RM11 3BX,Boys,Non-selective,71.0,-0.12,0.14540816326530615,-0.17287934311508021,-0.3917092603179825,0.03719722843966998,0.0,0.0,0.1125,0.12130050523052965
130457,Leyton Sixth Form College,Colleges,Waltham Forest,E10 6EQ,Mixed,Not applicable,119.0,-0.17,0.11224489795918367,-0.17537699782766247,-0.33365591781159154,-0.008479872928450396,0.0,0.0,0.07125,
100756,Blackheath High School GDST,Independent schools,Greenwich,SE3 7AG,Girls,Not applicable,12.0,-0.5,0.35459183673469385,-0.17711713134761756,-0.5747064257122365,0.20075083439905422,0.0275,0.0275,0.255,
135315,Ark Walworth Academy,Academies,Southwark,SE1 5UJ,Mixed,Non-selective,14.0,-0.17,0.326530612244898,-0.18209157329235892,-0.5323922636962835,0.14524419532444988,0.01125,0.015,0.21125,-0.110747861184956
102683,Ursuline High School Wimbledon,Local authority maintained schools,Merton,SW20 8HA,Girls,Non-selective,20.0,0.18,0.2755102040816327,-0.1830192699582932,-0.4809425226826084,0.11786869907815009,0.0075,0.0125,0.18125,-0.17298018276427618
136600,The Coopers' Company and Coborn School,Academies,Havering,RM14 3HS,Mixed,Non-selective,112.0,-0.18,0.1173469387755102,-0.18499247353764217,-0.3537389399334121,-0.018752739118898076,0.0,0.0,0.0475,0.06583063167512483
130448,South Thames Colleges Group,Colleges,Kingston upon Thames,KT1 2AQ,Mixed,Not applicable,12.0,0.43,0.35459183673469385,-0.18731626276334118,-0.5451694537528389,0.19617126624702488,0.03125,0.0375,0.2275,
101835,Royal Russell School,Independent schools,Croydon,CR9 5BX,Mixed,Selective,35.0,-0.18,0.20663265306122447,-0.19039836068084423,-0.44042698990408224,0.0845978947196318,0.0025,0.00375,0.15875,
136327,Kingsmead School,Academies,Enfield,EN1 1YQ,Mixed,Non-selective,42.0,-0.22,0.18877551020408162,-0.19284437636282326,-0.4255305048210861,0.048290344450999154,0.00125,0.0025,0.1275,-0.2039816420744426
141683,The Sydney Russell School,Academies,Barking and Dagenham,RM9 5QT,Mixed,Non-selective,54.0,-0.31,0.16836734693877553,-0.1929086076925394,-0.4105057745736615,0.025004649821267287,0.0,0.0,0.09875,0.020078035434061534
135600,Ark Academy,Academies,Brent,HA9 9JR,Mixed,Non-selective,45.0,-0.39,0.1836734693877551,-0.19506731000313807,-0.43021733521891486,0.04674458359971657,0.00125,0.00125,0.11125,0.012106805698973
145875,Coombe Wood School,Free Schools,Croydon,CR2 7HY,Mixed,,39.0,-0.13,0.19642857142857142,-0.19846174420207574,-0.44248909870384473,0.07316218605813954,0.0,0.0,0.12625,-0.11568136746837186
150319,Prendergast School,Academies,Lewisham,SE4 1LE,Girls,Non-selective,66.0,-0.34,0.15051020408163265,-0.19992567179808846,-0.4091803339951788,0.008511048327861833,0.00125,0.00125,0.075,
136137,Skinners' Academy,Academies,Hackney,N4 1SY,Mixed,Non-selective,9.0,-0.98,0.40816326530612246,-0.20093980982702853,-0.5739919414022998,0.14437096599815716,0.015,0.01625,0.19875,-0.07447042036959094
136464,Orion Coopers,Academies,Bromley,BR7 5PS,Mixed,Non-selective,7.0,-0.17,0.4642857142857143,-0.20133110764852127,-0.5812029606381208,0.16862653759196952,0.025,0.0275,0.205,-0.14892312825664644
135676,Pimlico Academy,Academies,Westminster,SW1V 3AT,Mixed,Non-selective,23.0,-0.4,0.2576530612244898,-0.20693488039561259,-0.503765697873816,0.0801467567094498,0.00375,0.00375,0.1525,-0.051864276095265734
137848,Coombe Girls' School,Academies,Kingston upon Thames,KT3 3TU,Girls,Non-selective,74.0,-0.21,0.14285714285714288,-0.211240550404347,-0.4163807613873854,-0.00492428477441584,0.0,0.0,0.065,0.13456622025125395
137928,"Gumley House RC Convent School, FCJ",Academies,Hounslow,TW7 6XF,Girls,Non-selective,20.0,0.03,0.2755102040816327,-0.21588938131897564,-0.5308331467960314,0.0856800507137031,0.005,0.005,0.155,-0.019936107914093375
101157,"Queen's College, London",Independent schools,Westminster,W1G 8BT,Girls,Not applicable,17.0,-0.54,0.29846938775510207,-0.21894067844510978,-0.5260211359023903,0.08516746929834675,0.00875,0.00875,0.14625,
135816,Harris Boys' Academy East Dulwich,Academies,Southwark,SE22 0AT,Boys,Non-selective,23.0,-0.16,0.25510204081632654,-0.22287412086620073,-0.5262395931845113,0.058762451183734715,0.00875,0.00875,0.13,-0.08246282144410683
142727,Southgate School,Academies,Enfield,EN4 0BL,Mixed,Non-selective,35.0,-0.25,0.2066326530612245,-0.22308138634300856,-0.48544998614967516,0.009969210262101895,0.00125,0.00125,0.08125,0.08418982531622214
136172,Hammersmith Academy,Academies,Hammersmith and Fulham,W12 9JD,Mixed,Non-selective,42.0,-0.15,0.18877551020408162,-0.2242588814268446,-0.45195048406553406,0.011271715105778417,0.0,0.0,0.0775,-0.13946172057351178
103110,Forest School,Independent schools,Waltham Forest,E17 3PY,Mixed,Not applicable,53.0,-0.3,0.16836734693877553,-0.2257230913983088,-0.45425374831111726,-0.008734050449369587,0.0,0.0,0.06,
102049,Chace Community School,Local authority maintained schools,Enfield,EN1 3HQ,Mixed,Non-selective,11.0,-0.23999999999999996,0.3698979591836735,-0.22843607545854794,-0.5620369714271047,0.1360934657185532,0.01375,0.015,0.16125,-0.2598613756742509
136028,Dagenham Park CofE School,Local authority maintained schools,Barking and Dagenham,RM10 9QH,Mixed,Non-selective,27.0,-0.4099999999999999,0.23724489795918366,-0.23060548559565205,-0.4913331957471319,0.02860572795655012,0.0,0.0,0.09,-0.2534665223210412
136883,Chestnut Grove Academy,Academies,Wandsworth,SW12 8JZ,Mixed,Non-selective,46.0,-0.19,0.18112244897959187,-0.2320826910997129,-0.4622459941443651,0.0069198324198948575,0.0,0.00125,0.07625,-0.290625446097542
137567,Croydon Metropolitan College,Independent schools,Croydon,CR0 1DN,Mixed,Non-selective,6.0,-0.01,0.5025510204081632,-0.23237219008515914,-0.6556475458868692,0.20286652604655908,0.025,0.0325,0.205,
140221,South Bank University Academy,Academies,Southwark,SE17 2TP,Mixed,Not applicable,12.0,-0.08,0.3545918367346939,-0.23425142832677806,-0.6402967678609496,0.14182617024939312,0.02,0.025,0.1775,0.043878332174407494
100529,DLD College,Independent schools,Lambeth,SE1 7FX,Mixed,Not applicable,12.0,-0.26,0.35459183673469385,-0.23462492201078022,-0.6055197918465468,0.14207012953255127,0.01375,0.0175,0.1675,
136914,Glenthorne High School,Academies,Sutton,SM3 9PS,Mixed,Non-selective,82.0,-0.32,0.13520408163265307,-0.23514519918499985,-0.4160403293020199,-0.03550446753842283,0.0,0.0,0.035,0.1419960328875245
100590,Woodmansterne School,Local authority maintained schools,Lambeth,SW16 5UQ,Mixed,Not applicable,14.0,-0.42,0.3290816326530613,-0.23796128009207784,-0.5640340688836318,0.09167490442025515,0.00875,0.01,0.145,0.15378453868733197
130411,St Charles Catholic Sixth Form College,Colleges,Kensington and Chelsea,W10 6EY,Mixed,Not applicable,22.0,-0.54,0.2627551020408163,-0.24244457122671137,-0.5060710478297193,0.03082678992547368,0.0,0.00125,0.10625,
139364,Fulham Cross Academy,Academies,Hammersmith and Fulham,SW6 6SN,Mixed,Non-selective,10.0,-0.58,0.3903061224489796,-0.24868559801128748,-0.6060785639455082,0.1251240575950331,0.0125,0.015,0.14625,-0.06665221379742747
142126,Space Studio West London,Free Schools,Hounslow,TW14 9PE,Mixed,Non-selective,7.0,0.32,0.46428571428571425,-0.24944646605048418,-0.6558815227109188,0.15882731928056673,0.03,0.03,0.17125,-0.10599596055852417
148932,Brook Sixth Form and Academy,Free Schools,Barking and Dagenham,RM10 7FN,Mixed,,6.0,-0.08,0.5,-0.2615022628275501,-0.6986331543019411,0.1782946880467555,0.02875,0.0325,0.20375,-0.0517317360382971
146318,Ark Acton Academy,Academies,Ealing,W3 8EY,Mixed,Non-selective,24.0,-0.19000000000000003,0.25,-0.2635029492815373,-0.5294088189899226,0.019665230346110504,0.0,0.0,0.08,0.03473779208679402
101245,Robert Clack School,Local authority maintained schools,Barking and Dagenham,RM8 1JU,Mixed,Non-selective,48.0,-0.29,0.17857142857142858,-0.2643475862313249,-0.4985864768503467,-0.04135804531045365,0.0,0.0,0.035,-0.04662074160803781
136203,The Quest Academy,Academies,Croydon,CR2 8HD,Mixed,Non-selective,13.0,-0.22,0.3392857142857143,-0.26579297248704015,-0.6191708514653562,0.07206892851717497,0.00375,0.005,0.11125,-0.14855816161020965
100977,Stepney All Saints Church of England Secondary School,Local authority maintained schools,Tower Hamlets,E1 0RH,Mixed,Non-selective,49.0,-0.32,0.17602040816326534,-0.266845917324537,-0.49703842213218824,-0.02870921309966569,0.0,0.00125,0.04375,0.03714254530295573
135416,Harris Federation Post 16,Colleges,Croydon,CR0 1LH,Mixed,Not applicable,211.0,-0.28,0.08418367346938775,-0.2698171755566889,-0.4001280735939181,-0.1393472190387654,0.0,0.0,0.0025,
102786,St Angela's Ursuline School,Local authority maintained schools,Newham,E7 8HU,Girls,Non-selective,91.0,-0.26,0.13010204081632654,-0.27216535110747375,-0.4516387843216206,-0.10162590712267762,0.0,0.0,0.01125,-0.20563626379865035
149431,Harris Science Academy East London,Free Schools,Newham,E3 3DU,Mixed,,13.0,-0.54,0.3418367346938776,-0.2780861623121074,-0.6353673166377054,0.06278112058222203,0.00375,0.005,0.10125,0.021421585686762022
137645,Hendon School,Academies,Barnet,NW4 2HP,Mixed,Non-selective,34.0,-0.36,0.21173469387755103,-0.2782859574142325,-0.5259061828572417,-0.029879744948324044,0.0,0.0,0.045,0.026301889791192037
149901,Haggerston School,Academies,Hackney,E2 8LS,Mixed,Non-selective,22.0,-0.41,0.2627551020408163,-0.2836580319501794,-0.5968404354602125,0.04075983084015162,0.00375,0.00375,0.08875,-0.20684918185445095
136208,Lift Richmond Park,Academies,Richmond upon Thames,SW14 8RG,Mixed,Non-selective,28.0,-0.3,0.23214285714285715,-0.28731200471719265,-0.549453805013326,-0.010211973967489883,0.0,0.0,0.06,-0.021455485127743302
101364,St James' Catholic High School,Local authority maintained schools,Barnet,NW9 5PE,Mixed,Non-selective,17.0,-0.51,0.29846938775510207,-0.2932520063547616,-0.588527307389047,0.02554715841066966,0.00125,0.00125,0.08125,0.0007444819618637546
141135,The Fulham Boys School,Free Schools,Hammersmith and Fulham,SW6 5BD,Boys,,36.0,-0.34,0.20408163265306123,-0.2940919607814289,-0.5494394652902164,-0.04768901534494215,0.0,0.00125,0.04,0.038728495024983704
137754,Norbury High School for Girls,Academies,Croydon,CR7 8BT,Girls,Non-selective,8.0,0.27,0.43367346938775514,-0.29508068582586394,-0.6702404032835635,0.08548371127257481,0.0075,0.0075,0.115,-0.16723741078187346
135677,Harris Academy Falconwood,Academies,Bexley,DA16 2PE,Mixed,Non-selective,28.0,-0.22,0.23214285714285715,-0.30155753121824774,-0.5723019781961071,-0.03427836737885462,0.0,0.0,0.0425,-0.12272672301035721
101181,Bales College,Independent schools,Westminster,W10 4AA,Mixed,Non-selective,9.0,-0.29,0.40816326530612246,-0.301570728519616,-0.7294071844551643,0.07858546104816247,0.01375,0.0175,0.12,
142781,Logic Studio School,Free Schools,Hounslow,TW13 7EF,Mixed,Non-selective,22.0,-0.55,0.2627551020408163,-0.30433203814113047,-0.6203883651987057,0.018881981743445807,0.0025,0.0025,0.07375,0.025299003040684217
135507,Wren Academy Finchley,Academies,Barnet,N12 9HB,Mixed,Non-selective,72.0,-0.4,0.14540816326530612,-0.3046146086706498,-0.5032702443361319,-0.11607963935329632,0.0,0.0,0.01125,0.2277718029706975
136720,Welling School,Academies,Bexley,DA16 1LB,Mixed,Non-selective,7.0,-0.18,0.4642857142857143,-0.305131015271667,-0.7114473258006545,0.135135958019879,0.01625,0.01625,0.1375,-0.09639245965387154
137407,Bishop Ramsey Church of England School,Academies,Hillingdon,HA4 8EE,Mixed,Non-selective,28.0,-0.33,0.23214285714285715,-0.306364780298401,-0.5817529164403513,-0.052476758027400906,0.00125,0.00125,0.0375,-0.0267587590850884
135311,Harris City Academy Crystal Palace,Academies,Croydon,SE19 2JH,Mixed,Non-selective,57.0,-0.35,0.163265306122449,-0.30721410157055573,-0.5382914054413064,-0.07753428890875226,0.0,0.0,0.01875,-0.0959456615279604
132838,LaSWAP Sixth Form,Colleges,Camden,NW5 1RN,Mixed,Not applicable,86.0,-0.36,0.1326530612244898,-0.3117913189877379,-0.4876572107416291,-0.12892758613143923,0.0,0.0,0.0025,
139319,Preston Manor School,Academies,Brent,HA9 8NA,Mixed,Non-selective,43.0,-0.32,0.18622448979591838,-0.3127355025368159,-0.5406652992377369,-0.07313282334767812,0.0,0.0,0.02625,-0.06068000779245986
137995,St Mark's Catholic School,Academies,Hounslow,TW3 3EJ,Mixed,Non-selective,62.0,-0.27,0.1556122448979592,-0.31389081237598354,-0.5291474663294815,-0.12305325531189083,0.0,0.0,0.00375,0.14677000516894206
102860,Trinity Catholic High School,Local authority maintained schools,Redbridge,IG8 0TP,Mixed,Non-selective,62.0,-0.36,0.1556122448979592,-0.3214222503481674,-0.5462559190795399,-0.11482329022401049,0.0,0.0,0.01125,0.09478470713822862
144515,The Green School for Boys,Free Schools,Hounslow,TW7 6AU,Boys,,17.0,-0.07,0.298469387755102,-0.3221580374556271,-0.6396986795467509,-0.0025759648295861247,0.0,0.0,0.065,0.13502768569218573
100973,Swanlea School,Local authority maintained schools,Tower Hamlets,E1 5DJ,Mixed,Non-selective,45.0,-0.38,0.18112244897959182,-0.32432719829103795,-0.564890764585305,-0.09275408862536014,0.0,0.0,0.015,0.13169580733899303
139369,St George's Catholic School,Academies,Westminster,W9 1RB,Mixed,Non-selective,18.0,-0.24000000000000002,0.2908163265306123,-0.3295880728733651,-0.6321014601675289,-0.027727641999261542,0.0,0.0,0.05125,-0.08858977197421543
100642,London Nautical School,Local authority maintained schools,Lambeth,SE1 9NA,Boys,Non-selective,17.0,-0.3,0.298469387755102,-0.32977160168352926,-0.6721711863520798,0.03006843007621594,0.00375,0.0025,0.0775,0.1203806264261814
137994,Saint Claudine's Catholic School for Girls,Academies,Brent,NW10 4EP,Girls,Non-selective,11.0,-0.029999999999999995,0.3698979591836735,-0.3308465011134896,-0.7010855285180403,0.024956525533710937,0.0025,0.0025,0.07875,-0.06976263021589119
137138,Lift Bexleyheath,Academies,Bexley,DA6 7DA,Mixed,Non-selective,7.0,-0.2,0.4642857142857143,-0.3375450431403378,-0.7421490595336813,0.050244898908283014,0.01125,0.0125,0.0925,0.027750462686774998
142627,Menorah High School for Girls,Local authority maintained schools,Barnet,NW2 7BZ,Girls,Not applicable,14.0,-0.41,0.3290816326530613,-0.33789070344139277,-0.661796995211929,-0.006032838140797957,0.0025,0.0025,0.06375,0.19713923763802707
139703,Harris Academy Chobham,Academies,Newham,E20 1BD,Mixed,Non-selective,33.0,-0.47,0.21428571428571427,-0.3411271765217572,-0.6004445191702161,-0.09297171475282195,0.0,0.0,0.0225,-0.07310038052328877
136334,Beths Grammar School,Academies,Bexley,DA5 1NE,Boys,Selective,200.0,-0.38,0.08673469387755105,-0.3440778361687666,-0.4810379398155897,-0.22284414198585273,0.0,0.0,0.0,0.13172041748201868
102673,Ricards Lodge High School,Local authority maintained schools,Merton,SW19 7HB,Girls,Non-selective,28.0,-0.28,0.23214285714285715,-0.3470586742764031,-0.6266753152582035,-0.06420729189384,0.0,0.0,0.0275,-0.20711916647237552
149347,Coloma Convent Girls' School,Academies,Croydon,CR9 5AS,Girls,Non-selective,24.0,-0.55,0.25,-0.34930345528729473,-0.6325969915258653,-0.0666204364730523,0.0,0.0,0.0375,-0.09144417395239782
137157,The London Oratory School,Academies,Hammersmith and Fulham,SW6 1RX,Boys,Non-selective,94.0,-0.46,0.12755102040816327,-0.34946917420764106,-0.524063417552515,-0.170038798505664,0.0,0.0,0.00125,-0.022872326575517653
136329,Guru Nanak Sikh Academy,Academies,Hillingdon,UB4 0LT,Mixed,Non-selective,43.0,-0.26,0.18877551020408162,-0.3497871819543643,-0.608601158142993,-0.09548005536173088,0.0,0.0,0.0125,0.31207687628559566
133561,Jo Richardson Community School,Local authority maintained schools,Barking and Dagenham,RM9 4UN,Mixed,Non-selective,27.0,-0.6800000000000002,0.23724489795918366,-0.3501104229939206,-0.6140524487957949,-0.085308524223952,0.0,0.0,0.01875,-0.20419288591834225
150937,St Michael's Catholic College,Academies,Southwark,SE16 4UN,Mixed,,28.0,-0.53,0.23214285714285715,-0.35071308585474514,-0.6129493412803568,-0.08729300986958209,0.0,0.0,0.01625,
139599,Heron Hall Academy,Free Schools,Enfield,EN3 4SA,Mixed,Non-selective,17.0,-0.68,0.298469387755102,-0.3513970500522333,-0.6842249593841158,-0.030348192825780104,0.00125,0.00125,0.0425,-0.16017997181050275
139989,The Green School for Girls,Academies,Hounslow,TW7 5BB,Girls,Non-selective,16.0,-0.26,0.30612244897959184,-0.3623048324943504,-0.6792242063642185,-0.04788362921968868,0.0,0.0,0.0375,0.0133427887055587
138326,The Frances Bardsley Academy for Girls,Academies,Havering,RM1 2RR,Girls,Non-selective,22.0,-0.49,0.2627551020408163,-0.3633803505743463,-0.6665520103970815,-0.05140753543141848,0.00125,0.00125,0.04,-0.17215508350084985
145140,Harris Garrard Academy,Academies,Bexley,DA18 4DW,Mixed,,17.0,-0.53,0.2959183673469388,-0.364073916106744,-0.6608341610317413,-0.0816747401017945,0.0,0.0,0.0225,-0.03327806596053471
137093,Dunraven School,Academies,Lambeth,SW16 2QB,Mixed,Non-selective,47.0,-0.42,0.18112244897959184,-0.36469061076595344,-0.5855485661878089,-0.14126752957631752,0.0,0.0,0.00625,-0.28789120400907614
133545,William Morris Sixth Form,Local authority maintained schools,Hammersmith and Fulham,W6 8RB,Mixed,Not applicable,26.0,-0.32,0.23979591836734698,-0.3647019450862712,-0.6452039755593234,-0.06118495972273573,0.0,0.0,0.03,
136522,Cranford Community College,Academies,Hounslow,TW5 9PD,Mixed,Non-selective,82.0,-0.41,0.13775510204081634,-0.36690097184133136,-0.5559855275059662,-0.17004421042330714,0.0,0.0,0.00125,0.05008862998299387
100745,Forest Hill School,Local authority maintained schools,Lewisham,SE23 2XN,Boys,Non-selective,26.0,-0.38,0.23979591836734693,-0.36956939957689827,-0.6563295788132302,-0.08728049124498145,0.0,0.0,0.01875,0.04741681912277893
138686,Cleeve Park School,Academies,Bexley,DA14 4JN,Mixed,Non-selective,7.0,0.36,0.4642857142857143,-0.3709625515044901,-0.7652561782112951,0.010815768071958779,0.00375,0.00375,0.07,-0.013936303855446735
140962,Goresbrook School,Free Schools,Barking and Dagenham,RM9 6XW,Mixed,,13.0,-0.9299999999999999,0.3392857142857143,-0.37336974194485584,-0.7131672396434263,-0.0035552042400530583,0.005,0.00625,0.06125,-0.11194301220120273
137769,Townley Grammar School,Academies,Bexley,DA6 7AB,Girls,Selective,121.0,-0.4,0.11224489795918367,-0.37365066364303473,-0.5354024183174513,-0.21107198930172233,0.0,0.0,0.0,-0.04928308917433461
140884,Marylebone Academy,Free Schools,Westminster,W2 1QZ,Boys,Non-selective,27.0,-0.65,0.23724489795918371,-0.38149154445009015,-0.6412793304384238,-0.11439978782272107,0.0,0.0,0.015,-0.02720925571263958
102849,Caterham High School,Local authority maintained schools,Redbridge,IG5 0QW,Mixed,Non-selective,25.0,-0.37,0.24489795918367346,-0.38168812149500014,-0.6825881200260272,-0.09086770204593088,0.0,0.00125,0.025,-0.0869352139778521
144700,Mulberry Stepney Green Mathematics and Computing College,Academies,Tower Hamlets,E1 4SD,Mixed,Non-selective,65.0,-0.36,0.15306122448979595,-0.3830419473584027,-0.5897563839287503,-0.1831258253352672,0.0,0.0,0.0,-0.14396661007424202
139725,William Perkin Church of England High School,Free Schools,Ealing,UB6 8PR,Mixed,Non-selective,108.0,-0.42,0.11734693877551022,-0.3913902003915411,-0.5471675484311963,-0.22452223555657633,0.0,0.0,0.0,0.0541473346373388
100539,Collingham,Independent schools,Kensington and Chelsea,SW5 0HL,Mixed,Non-selective,10.0,-0.79,0.3877551020408163,-0.39273955100508673,-0.7948529020115127,-0.019036719942213332,0.0025,0.00125,0.05125,
137379,Harris Girls Academy Bromley,Academies,Bromley,BR3 1QR,Girls,Non-selective,10.0,-0.52,0.3903061224489796,-0.3953318589854661,-0.7483678830036524,-0.021805514911003184,0.0025,0.0025,0.05125,0.028448880020718357
100056,William Ellis School,Local authority maintained schools,Camden,NW5 1RN,Boys,Non-selective,24.0,-0.64,0.24999999999999997,-0.39728296374409355,-0.7105136304631635,-0.11294828232661411,0.0,0.0,0.02,0.03936853581352238
141931,The Cardinal Vaughan Memorial RC School,Academies,Kensington and Chelsea,W14 8BZ,Boys,Non-selective,105.0,-0.43,0.11989795918367348,-0.39783225047386184,-0.562307238397361,-0.2228172897127218,0.0,0.0,0.0,0.09528770211621854
132711,Harris Girls' Academy East Dulwich,Academies,Southwark,SE22 0NR,Girls,Non-selective,6.0,-0.85,0.5,-0.40833066779037763,-0.77958005678219,-0.007031062268858103,0.005,0.005,0.0575,-0.09069939439798239
131897,Harris Academy Merton,Academies,Merton,CR4 1BP,Mixed,Non-selective,32.0,-0.52,0.21683673469387754,-0.41124358140154016,-0.6768851774728877,-0.15633865224932045,0.0,0.0,0.01,-0.002439828935979359
142908,Greatfields School,Free Schools,Barking and Dagenham,IG11 7QG,Mixed,Non-selective,28.0,-0.6,0.23214285714285715,-0.4121164773715343,-0.6866197515302703,-0.13774884250115144,0.0,0.0,0.00875,-0.009404386791107283
100849,St Saviour's and St Olave's Church of England School,Local authority maintained schools,Southwark,SE1 4AN,Girls,Non-selective,6.0,-0.85,0.5025510204081634,-0.41333577364477814,-0.875550492150487,0.03334905319546203,0.005,0.00625,0.08,0.03907056705657766
136545,Charles Darwin School,Academies,Bromley,TN16 3AU,Mixed,Non-selective,14.0,-0.53,0.326530612244898,-0.4179148685050666,-0.7241763422282044,-0.0981361905451217,0.0,0.0,0.0225,-0.12992809327061317
135249,Harris Academy South Norwood,Academies,Croydon,SE25 6AE,Mixed,Non-selective,24.0,-0.63,0.25000000000000006,-0.4189106021361893,-0.7182406082949446,-0.136788075682074,0.0,0.0,0.0175,0.20792197820132266
100637,La Retraite Roman Catholic Girls' School,Local authority maintained schools,Lambeth,SW12 0AB,Girls,Non-selective,32.0,-0.52,0.21683673469387754,-0.4195021071732639,-0.6624551372258543,-0.16621177671026321,0.0,0.0,0.00625,-0.18614739336114816
101943,Islip Manor High School,Local authority maintained schools,Ealing,UB5 4HP,Mixed,Non-selective,8.0,-0.45,0.43367346938775514,-0.41971171205935504,-0.8303371800485766,-0.009155397453333299,0.0025,0.0025,0.055,0.023787071457527925
135070,Haberdashers' Knights Academy,Academies,Lewisham,BR1 5EB,Mixed,Non-selective,7.0,-0.33,0.46428571428571425,-0.42183992550062954,-0.826373168522422,-0.022213850337078966,0.0025,0.0025,0.0525,0.1354980404383076
130418,New City College,Colleges,Tower Hamlets,E14 0AF,Mixed,Not applicable,173.0,-0.42,0.09183673469387756,-0.42509228216043693,-0.5689706686151803,-0.2948722123687235,0.0,0.0,0.0,
143129,Phoenix Academy,Academies,Hammersmith and Fulham,W12 0RQ,Mixed,Non-selective,12.0,-0.94,0.35459183673469385,-0.4278344439043785,-0.7635359607617778,-0.028390664345190882,0.0,0.0,0.0475,-0.05896571469880522
145921,Saracens High School,Free Schools,Barnet,NW9 4AS,Mixed,,28.0,-0.71,0.23214285714285712,-0.4299720949249178,-0.7313575182798134,-0.1538259669265803,0.0,0.0,0.01375,0.027434884836764217
135587,City of London Academy Islington,Academies,Islington,N1 8PQ,Mixed,Non-selective,6.0,-0.96,0.5,-0.4325832257984622,-0.8368988765001697,-0.035327271675200965,0.00125,0.00125,0.04375,-0.23716562894198223
137353,The St Marylebone CofE School,Academies,Westminster,W1U 5BA,Girls,Non-selective,53.0,-0.5,0.1683673469387755,-0.4361876618583754,-0.6670075458109516,-0.21172312038238175,0.0,0.0,0.0,-0.1515166488252543
137006,Langley Park School for Girls,Academies,Bromley,BR3 3BE,Girls,Non-selective,51.0,-0.55,0.17091836734693877,-0.4370393290897664,-0.6527269463382104,-0.2178853221976836,0.0,0.0,0.00125,-0.12714053251889187
100171,Saint Mary Magdalene Church of England All Through School,Local authority maintained schools,Greenwich,SE18 5PW,Mixed,Non-selective,18.0,-0.09,0.2908163265306123,-0.4374560634020528,-0.7340241114445449,-0.12882092003645726,0.0,0.0,0.01875,-0.15434903211002285
130422,St Francis Xavier Sixth Form College,Colleges,Wandsworth,SW12 8EN,Mixed,Not applicable,27.0,-0.44,0.2372448979591837,-0.4377275788500029,-0.6968084308538649,-0.17482396002163084,0.0,0.0,0.00875,
102674,Raynes Park High School,Local authority maintained schools,Merton,SW20 0JL,Mixed,Non-selective,10.0,-0.52,0.3903061224489796,-0.439932822960674,-0.8039568340951807,-0.08115127340540366,0.00125,0.00125,0.02625,-0.23025717456250697
138051,The Henrietta Barnett School,Academies,Barnet,NW11 7BN,Girls,Selective,126.0,-0.48,0.10969387755102039,-0.44491099138698204,-0.6119606805197447,-0.28193552173999226,0.0,0.0,0.0,0.20666219972242073
100648,Streatham & Clapham High School GDST,Independent schools,Lambeth,SW16 1AW,Girls,Selective,16.0,-0.79,0.30612244897959184,-0.4508899057410673,-0.7732612462100708,-0.1493440553327649,0.0,0.0,0.015,
101244,Eastbury Community School,Local authority maintained schools,Barking and Dagenham,IG11 9UW,Mixed,Non-selective,37.0,-0.66,0.20153061224489796,-0.452958900107536,-0.6955179943167622,-0.20640368922208618,0.0,0.0,0.00125,-0.006027921581748797
140952,Harris Invictus Academy Croydon,Free Schools,Croydon,CR0 2TB,Mixed,,10.0,-0.03,0.3877551020408163,-0.45350014893204343,-0.8086354982545993,-0.1093513482987121,0.0,0.0,0.02625,-0.11099848504842955
136756,Overton Grange School,Academies,Sutton,SM2 6TQ,Mixed,Non-selective,11.0,-0.39,0.3698979591836735,-0.4545037755969941,-0.8132098495951187,-0.12880495200935657,0.0,0.0,0.0175,-0.2290281381765068
137442,Clapton Girls' Academy,Academies,Hackney,E5 0RB,Girls,Non-selective,23.0,-0.73,0.2576530612244898,-0.4575845086382917,-0.7451985888206457,-0.16740147364830615,0.0,0.0,0.00625,-0.1759020104580114
137199,Canons High School,Academies,Harrow,HA8 6AN,Mixed,Non-selective,12.0,-0.73,0.35459183673469385,-0.4595203723049196,-0.7940115543765988,-0.12185281265531996,0.0,0.0,0.0175,-0.4176635355180832
141309,Leigh Stationers' Academy,Academies,Greenwich,SE9 2PT,Mixed,Non-selective,26.0,-0.57,0.24234693877551022,-0.4677150510725842,-0.7550105385695597,-0.2040984469402903,0.0,0.0,0.00125,-0.10109584546087617
136090,Drapers' Academy,Academies,Havering,RM3 9XR,Mixed,Non-selective,16.0,-0.46,0.3061224489795919,-0.47499125430831085,-0.7835682511668354,-0.1721041315550288,0.0,0.0,0.00625,-0.10046830443553909
139276,Lift Kingsley,Academies,Hounslow,TW3 1AX,Mixed,Non-selective,18.0,-0.68,0.28826530612244894,-0.48378299228692556,-0.7969058426337701,-0.17198188498682523,0.0,0.0,0.0075,0.06374821950136936
136797,Carshalton High School for Girls,Academies,Sutton,SM5 2QX,Girls,Non-selective,16.0,-1.14,0.3086734693877551,-0.49326272680348393,-0.815608356038475,-0.1799319090054355,0.0,0.0,0.01,-0.08024478314694491
137131,Queen Elizabeth's Girls' School,Academies,Barnet,EN5 5RR,Girls,Non-selective,23.0,-0.76,0.2576530612244898,-0.5029249740297612,-0.7624187327314891,-0.22880993476106146,0.0,0.0,0.0025,0.03256548867757572
137233,Sacred Heart of Mary Girls' School,Academies,Havering,RM14 2QR,Girls,Non-selective,17.0,-0.73,0.29846938775510207,-0.5491323838488913,-0.8558080135563091,-0.23455628232104184,0.0,0.0,0.00375,-0.014524550104411005
133386,Greig City Academy,Academies,Haringey,N8 7NU,Mixed,Non-selective,27.0,-0.5,0.2346938775510204,-0.550196520213347,-0.8262657487867827,-0.2785338154174397,0.0,0.0,0.0,-0.3270796461522488
138196,Oasis School 21,Free Schools,Newham,E15 4RZ,Mixed,Non-selective,71.0,-0.63,0.14540816326530615,-0.5555223261460577,-0.755801315499125,-0.35478923361510817,0.0,0.0,0.0,0.12557884560385532
102052,Bishop Stopford's School,Local authority maintained schools,Enfield,EN1 3PU,Mixed,Non-selective,6.0,-1.17,0.5025510204081632,-0.5903595303083589,-1.0078171783577654,-0.14990948734820167,0.0,0.00125,0.0125,-0.09108902527684912
100059,La Sainte Union Catholic Secondary School,Local authority maintained schools,Camden,NW5 1RP,Girls,Non-selective,15.0,-1.09,0.31887755102040816,-0.6013375084352218,-0.9194056970121337,-0.2706226940651776,0.0,0.0,0.00125,-0.25724857982052685
130458,Sir George Monoux College,Colleges,Waltham Forest,E17 5AA,Mixed,Not applicable,57.0,-0.78,0.16326530612244905,-0.6014026469118925,-0.8069425691701396,-0.3793604976084151,0.0,0.0,0.0,
139842,Burntwood School,Academies,Wandsworth,SW17 0AQ,Girls,Non-selective,70.0,-0.67,0.14795918367346939,-0.6166686779233256,-0.8328438484457837,-0.42591758853797407,0.0,0.0,0.0,-0.10826013927576658
134815,The Elms Academy,Academies,Lambeth,SW4 9ET,Mixed,Non-selective,27.0,-1.11,0.2372448979591837,-0.6317324426860425,-0.9004804344314365,-0.33969787394906925,0.0,0.0,0.0,-0.03882079251143929
137060,Tolworth Girls' School and Sixth Form,Academies,Kingston upon Thames,KT6 7EY,Girls,Non-selective,29.0,-0.76,0.2270408163265306,-0.6325188943976806,-0.9039299760248,-0.3735894649018021,0.0,0.0,0.0,-0.20382004104691367
130425,Barnet and Southgate College,Colleges,Barnet,EN5 4AZ,Mixed,Not applicable,34.0,-0.76,0.211734693877551,-0.6482006128646381,-0.9030639292588778,-0.3816529909833643,0.0,0.0,0.0,
138202,Wapping High School,Free Schools,Tower Hamlets,E1 2DA,Mixed,Non-selective,13.0,-1.01,0.3392857142857143,-0.6566310418682533,-1.0099473613836107,-0.2988889326627737,0.0,0.0,0.00125,-0.07669795039150243
138966,Shooters Hill Sixth Form College,Academies,Greenwich,SE18 4LD,Mixed,Not applicable,16.0,-0.81,0.30612244897959184,-0.6627210733406298,-0.9986964278492716,-0.35658290677102944,0.0,0.0,0.0,
134798,London Academy,Academies,Barnet,HA8 8DE,Mixed,Non-selective,59.0,-0.82,0.1607142857142857,-0.6640064484183725,-0.8715762206151105,-0.43489451492160397,0.0,0.0,0.0,0.09085325483974195
137789,Mulberry Academy Shoreditch,Academies,Tower Hamlets,E2 6NW,Mixed,Non-selective,38.0,-0.89,0.1989795918367347,-0.6754287904239746,-0.9117435636428816,-0.41427727850748214,0.0,0.0,0.0,-0.021616381762398905
130432,Croydon College,Colleges,Croydon,CR9 1DX,Mixed,Not applicable,27.0,-0.63,0.23469387755102045,-0.7108519802506024,-0.9881983264179491,-0.42632219680138633,0.0,0.0,0.0,
100544,David Game College,Independent schools,City of London,EC3N 2ET,Mixed,Non-selective,33.0,-0.95,0.2142857142857143,-0.725909794779474,-0.994718408985581,-0.4520951087099686,0.0,0.0,0.0,
138221,St Joseph's College,Academies,Croydon,SE19 3HL,Boys,Non-selective,26.0,-1.05,0.23979591836734698,-0.7453097025274136,-1.0041201153030448,-0.4633621610929964,0.0,0.0,0.0,0.015060551469151867
100975,Central Foundation Girls' School,Local authority maintained schools,Tower Hamlets,E3 2AE,Girls,Non-selective,36.0,-0.83,0.20408163265306123,-0.7630288885644478,-0.9956619583518475,-0.5080202621679214,0.0,0.0,0.0,-0.25297652472980586
131747,Harris Academy Bermondsey,Academies,Southwark,SE16 3TZ,Girls,Non-selective,9.0,-1.14,0.4081632653061224,-0.7936120781941889,-1.187462899033115,-0.4204546977032758,0.0,0.0,0.0,-0.054274776014943384
133444,Ealing Independent College,Independent schools,Ealing,W5 5AL,Mixed,Non-selective,39.0,-0.85,0.19642857142857142,-0.7961910443112346,-1.0410541882690962,-0.5494858042533076,0.0,0.0,0.0,
139363,Haringey Sixth Form College,Academies,Haringey,N17 8HR,Mixed,Not applicable,19.0,-1.25,0.28316326530612246,-0.8028013755220647,-1.1184687135535938,-0.4915939943574355,0.0,0.0,0.0,
145944,St Edward's Church of England Academy,Academies,Havering,RM7 9NX,Mixed,,15.0,-0.74,0.31632653061224497,-0.8265631863954994,-1.143795032921635,-0.521593925719504,0.0,0.0,0.0,-0.11443065177075017
100966,Langdon Park Community School,Local authority maintained schools,Tower Hamlets,E14 0RZ,Mixed,Non-selective,37.0,-1.11,0.20153061224489796,-0.8470156024010461,-1.1311217793371402,-0.581935565890551,0.0,0.0,0.0,-0.23706191242935332
137418,The Ursuline Academy Ilford,Academies,Redbridge,IG1 4JU,Girls,Non-selective,11.0,-1.15,0.3698979591836735,-0.8739773629971601,-1.2404900067643363,-0.5301191924690571,0.0,0.0,0.0,-0.013889345970833506
144756,Mulberry UTC,Free Schools,Tower Hamlets,E3 2RU,Mixed,Non-selective,18.0,-1.28,0.288265306122449,-0.922977603201108,-1.2201445429648223,-0.6346385506275694,0.0,0.0,0.0,-0.28916580239085937
136467,Chislehurst School for Girls,Academies,Bromley,BR7 6HE,Girls,Non-selective,22.0,-1.23,0.2627551020408163,-0.9304498207668022,-1.2282671307759694,-0.6332606253870231,0.0,0.0,0.0,-0.12725070506439995
130421,Capital City College,Colleges,Camden,WC1X 8RA,Mixed,Not applicable,138.0,-1.07,0.10459183673469388,-0.9573348558747008,-1.1104447434185214,-0.8097248467917547,0.0,0.0,0.0,
144739,Bobby Moore Academy,Free Schools,Newham,E20 2AE,Mixed,Non-selective,36.0,-1.14,0.20408163265306123,-0.9964211478412384,-1.253275939269357,-0.72625573587186,0.0,0.0,0.0,-0.16537951463071301
134369,Alec Reed Academy,Academies,Ealing,UB5 5LQ,Mixed,Non-selective,26.0,-1.4200000000000002,0.2423469387755102,-1.0311519566942198,-1.314602719152918,-0.7553425382199,0.0,0.0,0.0,-0.1790712961763636
101683,Bishop Challoner School,Independent schools,Bromley,BR2 0BS,Mixed,Selective,12.0,-1.86,0.3545918367346939,-1.0503203688003415,-1.4057058716348851,-0.7004145066409077,0.0,0.0,0.0,
101849,BRIT School for Performing Arts and Technology,Independent schools,Croydon,CR0 2HN,Mixed,Non-selective,16.0,-1.25,0.3061224489795919,-1.0546481396073932,-1.411563869751593,-0.699010892698516,0.0,0.0,0.0,-0.38182979770658876
100967,Morpeth School,Local authority maintained schools,Tower Hamlets,E2 0PX,Mixed,Non-selective,41.0,-1.49,0.1913265306122449,-1.2302838791782784,-1.4751665744710785,-0.9863132169573186,0.0,0.0,0.0,-0.31092536198413284
135090,Oak Heights Independent School,Independent schools,Hounslow,TW3 1JS,Mixed,Not applicable,43.0,-1.5100000000000002,0.18622448979591846,-1.3056386281286,-1.5368257707146773,-1.0636745555224885,0.0,0.0,0.0,
130423,United Colleges Group,Colleges,Westminster,W2 1NB,Mixed,Not applicable,19.0,-1.89,0.28061224489795916,-1.5168678697469653,-1.8227464639123772,-1.1978904591797999,0.0,0.0,0.0,
139095,Brentford School for Girls,Academies,Hounslow,TW8 0PG,Girls,Non-selective,15.0,-2.17,0.3163265306122449,-1.52792321860046,-1.8811610621537183,-1.2092153195799797,0.0,0.0,0.0,-0.5316685259425807
