,URN,Accounting/Finance,Ancient History,Arabic,Art & Design,Art & Design (3d Studies),Art & Design (Critical Studies),Art & Design (Fine Art),Art & Design (Graphics),Art & Design (Photography),Art & Design (Textiles),Biology,Business Studies:Single,Chemistry,Chinese,Classical Civilisation,Classical Greek,Computer Studies/Computing,D&T Engineering,D&T Product Design,D&T Textiles Technology,Dance,Drama & Theatre Studies,Economics,Electronics,English Language,English Language & Literature,English Literature,Environmental Science,Film Studies,French,Geography,Geology,German,Government & Politics,History,History of Art,Italian,Latin,Law,Logic/ Philosophy,Mathematics,Mathematics (Further),Mathematics (Statistics),Media/Film/Tv Studies,Modern Hebrew,Music,Music Technology,Other Classical Languages,Physical Education/Sports Studies,Physics,Polish,Portuguese,Psychology,Punjabi,Religious Studies,Russian,Sociology,Spanish,Turkish,Urdu,P8MEAENG,P8MEAMAT,SCIVAMEA_PTQ_EE,HUMVAMEA_PTQ_EE,LANVAMEA_PTQ_EE
0,100001,,,,,,,0.01,,,,-0.08,,0.34,,,,,,,,,,0.2,,,,-0.2,,,,,,,-0.4,0.49,,,,,,0.26,0.02,,,,,,,,-0.06,,,,,0.05,,,,,,,,,,
1,100003,,,,,,,,,,,-0.05,,0.15,,,,,,,,,,0.44,,,,0.19,,,0.15,-0.19,,0.85,1.17,0.08,,,0.66,,,-0.05,0.17,,,,0.53,,,,0.12,,,,,0.61,,,0.52,,,,,,,
2,100049,,,,0.05,,,,,,,-0.05,,-0.04,,,,0.27,-1.01,,,,,-0.32,,0.5,,0.23,,,,0.35,,,0.72,,,,,,,0.19,,,,,,,,,-0.16,,,0.56,,-0.86,,0.01,,,,-0.03,0.03,0.15,-0.14,0.76
3,100050,,,,-1.05,,,,,0.12,0.0,-0.38,-0.02,-0.73,,,,-1.34,,0.32,,,,-0.21,,,,0.17,,-0.22,,-0.36,,,-0.44,-0.44,,,,,,0.18,,,0.4,,,,,,,,,-0.17,,0.18,,-0.3,-0.58,,,0.35,0.4,0.9,0.62,1.18
4,100051,,,,,,,,,,,-0.24,0.88,0.8,,,,,,,,,,0.46,,,,,,,,0.34,,,,,,,,,,0.84,,,,,,,,,1.04,,,-0.49,,,,,,,,-0.17,-0.12,-0.33,-0.23,-1.22
5,100052,,,,,,,,,,,-0.24,,0.06,,,,0.37,,,,,,,,,-0.31,0.7,,0.12,,,,,-0.36,-0.13,,,,,,-0.07,-1.12,,,,,,,,-0.66,,,-0.04,,,,-0.11,,,,-0.41,-0.31,-0.39,-0.55,0.23
6,100053,,,,-0.88,,,,,,,-0.5,-0.06,-0.24,,,,,,,,,,-0.03,,,0.88,0.32,,0.21,,0.07,,,,0.15,,,,,,-0.14,,,0.36,,,,,,,,,0.49,,-0.61,,0.02,,,,-0.46,0.01,-0.22,0.01,0.93
7,100054,,,,,,,0.09,,-0.39,,0.05,,0.25,,-0.02,,,,,,,-0.13,0.25,,,,0.27,,,0.78,0.15,,,0.07,0.05,-0.15,,,,0.01,0.02,-0.59,,,,0.59,,,,0.07,,,,,0.42,,0.21,0.76,,,0.67,0.4,0.69,1.17,1.39
8,100055,,,,,,,,,,,0.16,-0.64,,,-0.05,,,,,,,,-0.21,,,,0.19,,,,,,,-0.27,-0.32,,,,,,-0.14,,,,,,,,,,,,-0.35,,-0.55,,0.19,,,,-0.46,-0.45,-0.26,-0.71,0.45
9,100056,,,,,,,,,,,0.45,-0.48,,,,,,,,,,,0.05,,,,-0.05,,,,0.39,,,0.69,0.01,,,,,,-0.64,,,0.38,,,-0.38,,,-1.3,,,-0.52,,,,-0.55,,,,-0.3,0.24,-0.17,-0.06,-0.3
10,100059,,,,,,,,,,,0.15,,-0.49,,0.43,,-0.18,,,,,,-0.47,,,,0.27,,,,,,,0.6,0.04,,,,,,-1.09,,,,,,,,,,,,-0.22,,,,0.23,,,,0.57,-0.3,0.2,0.26,0.61
11,100065,,,,,0.19,,0.66,,,,0.29,,0.14,,,,-0.22,,,,,0.8,0.44,,,,0.4,,,0.3,,,,0.38,0.06,-0.6,0.39,,,-0.13,0.03,0.12,,,,,,,,0.23,,,-0.04,,,,,0.26,,,,,,,
12,100076,,,,,,,0.4,,,,0.08,,-0.1,,,,,,,,,0.85,0.26,,,,0.36,,,-0.29,0.52,,,0.21,0.37,,,0.36,,,0.09,0.01,,,,,,,,-0.28,,,0.46,,0.39,,,0.54,,,,,,,
13,100084,,,,,,,0.74,1.35,0.12,0.32,,-0.6,,,,,,,,,,,,,,,0.55,,0.29,,,,,,,0.62,,,,,,,,,,,,,,,,,,,,,0.64,,,,,,,,
14,100171,,,,,,,,,,,-0.66,,-0.61,,,,,,,,,,-1.0,,,,,,,,,,,-0.39,,,,,,,-0.09,,,,,,,,,-0.71,,,-0.49,,-0.34,,-0.2,,,,-0.09,-0.26,-0.49,-0.16,0.28
15,100182,,,,,,,-0.05,,,,0.52,,-0.18,,,,,,,,,,-0.51,,0.38,,0.43,,,,0.44,,,0.14,-0.05,,,,,,-0.11,,,0.28,,,,,,0.23,,,0.02,,,,0.38,-0.53,,,0.29,0.17,0.0,0.48,0.58
16,100183,,,,,,,0.12,,0.61,,0.08,,-0.46,,,,,,,,,,-0.23,,,,-0.78,,-0.17,,,,,-0.96,-0.81,,,,,,0.52,-0.16,,,,,,,,,,,0.33,,,,-0.21,,,,-0.56,-0.48,-0.73,-1.08,-1.01
17,100190,,,,,,,0.38,-0.06,0.15,,-0.14,0.05,0.14,,,,-0.53,,,,0.4,0.22,0.34,,0.05,,0.64,,0.26,,0.19,,,0.53,0.58,,,,,0.16,-0.03,0.77,,,,,-0.16,,,-0.61,,,-0.03,,,,0.43,-0.07,,,-0.05,-0.2,-0.26,-0.09,0.13
18,100202,,,,0.06,,,,,-0.33,,0.18,,0.05,,0.74,,0.52,,,,,-0.06,0.28,,,,-0.18,,,,,,,0.02,-0.01,,,,,0.52,0.63,0.24,,,,,,,,0.2,,,-0.23,,,,,-0.3,,,,,,,
19,100279,,,,0.73,,,,0.58,0.41,0.37,0.0,,-0.57,,,,-0.59,,,,,0.11,-0.25,,,,-0.01,,0.51,,0.17,,,-0.39,0.48,,,,,,-0.01,0.57,,,,-0.21,,,-0.78,0.08,,,-0.2,,,,0.05,-1.03,,,0.15,0.19,0.15,0.28,0.83
20,100282,,,,,,,,,,,,-0.3,-0.51,,,,,,,,,,,,,,,,,,,,,,,,,,,,,,,,,,,,,,,,0.02,,,,0.73,,,,0.66,-0.01,-0.06,0.05,0.48
21,100284,,,,-0.41,,,,,-1.19,,,,,,,,,,,,,,0.62,,,,0.23,,,,,,,0.81,0.04,,,,0.93,,0.78,0.59,,,,,,,,0.32,,,-0.06,,0.46,,0.27,,,,-0.07,-0.49,-0.23,-0.48,-0.66
22,100366,,,,,,,-0.2,,,,-0.06,,0.29,,,,,,,,,0.84,-0.17,,,,0.5,,,0.26,0.14,,0.67,0.0,0.5,0.24,,0.71,,0.06,-0.05,0.04,,,,,,,,0.22,,,,,,,,,,,,,,,
23,100369,,0.1,,,,,0.39,,,,-0.02,,-0.02,,0.3,,,,,,,,0.18,,,,0.23,,,0.23,0.12,,,0.14,0.24,,,,,,0.22,0.43,,,,,,,,0.09,,,,,0.03,,,,,,,,,,
24,100370,,,,,,,0.02,,,,0.26,,0.44,,,,,0.49,,,,0.65,0.65,,,,0.46,,,,0.97,,,0.47,0.34,,,0.33,,,0.3,-0.06,,,,,,,,0.5,,,,,0.5,,,0.4,,,,,,,
25,100455,,,,,,,,,,,,,,,,,,,,,,,0.51,,,,,,,,,,,0.44,0.47,,,,,,,,,,,,,,,0.08,,,,,,,0.64,,,,0.49,0.29,0.7,0.27,2.19
26,100458,,,,,0.11,,,,,,-0.02,0.71,-0.31,,,,0.74,,,,,,0.06,,,,0.86,,,,0.24,,,0.73,0.6,,,,1.11,,-0.02,-0.16,,,,,,,,0.07,,,0.12,,,,0.32,,,,0.61,0.56,0.66,0.6,-0.41
27,100459,,,,,,,,,,,,,,,,,,,,,,,0.44,,,,,,,,,,,,,,,,,,,,,,,,,,,,,,,,,,,,,,0.69,0.17,0.16,1.26,0.66
28,100511,,,,,,,0.47,0.88,,,0.18,,,,,,,,,,,,1.09,,,,0.63,,,,,,,,,0.93,,,,,,,,,,,,,,,,,0.6,,,,,,,,,,,,
29,100521,,,,,,,,,,,,,,,,,,,,,,,,,,,1.25,,,,,,,,,,,,,,0.48,,,,,,,,,,,,,,,,,,,,,,,,
30,100527,,,,,,,,,,,,,,,,,,,,,,,,,,,,,,,,,,,-0.2,,,,,,,,,,,,,,,,,,,,,,,,,,,,,,
31,100528,,,,,,,,,,,-0.44,-0.24,0.61,,,,,,,,,,-0.06,,,,,,,,0.75,,,,0.7,,,,,,-0.54,,,,,,,,,0.73,,,-0.3,,,,,,,,,,,,
32,100529,,,,,,,,,,,,-0.13,,,,,,,,,,,-0.14,,,,,,,,,,,-0.47,,,,,,,-0.26,,,0.13,,,,,,-0.26,,,,,,,,,,,,,,,
33,100536,,,,,,,,,,,,,,,,,,,,,,,-0.15,,,,,,,,,,,,1.19,,,,,,0.34,,,,,,,,,,,,,,,,,,,,,,,,
34,100537,,,,,,,,,,0.9,0.18,,-0.22,,,,0.3,,,,,,0.34,,,,0.7,,,,,,,0.5,0.62,,,,,,0.37,,,,,,,,,0.35,,,0.22,,,,,,,,,,,,
35,100539,,,,,,,,,,,,0.23,,,,,,,,,,,-0.51,,,,,,,,-0.23,,,,,,,,,,-0.79,,,,,,,,,,,,,,,,,,,,,,,,
36,100540,,,,0.76,,,,0.39,0.54,,0.47,,-0.06,,0.01,,-0.52,,,,,,0.35,,,,0.35,,0.19,-0.24,,,,0.11,,,,,,,-0.03,,,,,,,,,-0.05,,,0.39,,,,0.63,,,,,,,,
37,100544,,,,,,,,,,,-0.79,-0.82,-0.89,,,,-0.15,,,,,,-0.17,,,,,,,,,,,,,,,,,,-0.95,,,,,,,,,-0.13,,,-0.01,,,0.25,-0.17,,,,,,,,
38,100547,,,,,,,,,,,1.25,,0.93,,,,,,,,,,-1.04,,,,,,,1.31,-0.74,,,,,,,,,,0.82,0.46,,,,,,,,0.5,,,,,,,,,,,,,,,
39,100590,,,,,,,,,,,0.53,,-0.31,,,,,,,,,,-0.97,,,,,,,,,,,,,,,,,,-0.42,,,,,,,,,,,,-0.22,,,,,,,,0.2,0.68,0.21,0.5,1.68
40,100624,,,,,,,0.39,0.53,,,-0.16,,0.28,,,,,,,,,,,,,,0.3,,0.77,,0.47,,,0.4,0.45,,,,,,-0.18,,,,,,,,,,,,,,,,-0.17,,,,0.28,-0.23,-0.19,0.15,0.27
41,100625,,,,,,,,,,,-0.02,,-0.4,,,,,,,,,,-0.3,,,,-0.61,,,,,,,,,,,,-0.4,,0.27,-0.03,,,,,,,,,,,0.54,,-0.24,,0.04,,,,0.41,0.09,-0.22,-0.62,0.4
42,100637,,,,,,,0.17,,,0.42,0.13,,-0.24,,,,0.04,,,,,,-0.68,,,,-0.2,,,,,,,-0.54,0.55,,,,,,-0.52,,,,,,,,,-0.85,,,0.26,,0.35,,0.04,1.14,,,0.44,-0.08,0.01,-0.21,1.37
43,100638,,,,-0.44,,,,,,,-0.08,-0.12,-0.13,,,,-0.29,,,,,,-0.33,,,,0.31,,,-0.72,0.29,,,1.12,0.46,,,,,,0.21,0.24,,,,,,,,-0.16,0.28,,-0.48,,0.76,,0.35,0.98,,,0.83,0.44,0.49,0.73,1.54
44,100642,,,,,,,,,,,,-0.17,,,,,,,,,,,,,,,-1.18,,,,-0.56,,,-0.72,,,,,,,-0.3,,,,,,,,,-0.58,,,0.0,,,,,-0.74,,,-0.31,0.11,-0.24,-0.61,-0.28
45,100648,,,,,,,0.78,,,,-0.73,,,,,,,,,,,,-0.06,,,,,,,,0.32,,,-0.29,,,,,,,-0.79,,,,,,,,0.75,,,,-0.3,,,,,,,,,,,,
46,100741,,,,,,0.65,1.03,,-0.4,,0.32,,0.33,,,,,,,,,0.3,-0.14,,,,-0.56,,,,-0.27,,,-0.23,0.32,,,,,,0.37,,,0.03,,,,,,-0.19,,,-0.06,,0.37,,0.28,,,,0.46,-0.35,-0.24,0.02,0.04
47,100745,,,,,,,,,,,-0.52,-0.52,-0.84,,,,,,,,,,-0.12,,,,-0.24,,,,-0.9,,,0.81,0.17,,,,,,-0.38,,,,,,,,,-0.51,,,-0.76,,,,0.01,,,,0.32,0.4,0.31,0.67,0.42
48,100754,,,,,,,0.18,,,,0.84,0.49,0.51,,,,1.05,,0.85,,,0.56,0.68,,,,-0.41,,,,,,,-0.17,0.07,,,,,,0.43,,,,,,,,-0.21,1.0,,,0.26,,0.29,,,,,,,,,,
49,100756,,,,,,,,,,,,,0.08,,,,,,,,,,,,,,0.6,,,,,,,,,,,,,,-0.5,,,,,,,,,,,,,,,,,,,,,,,,
50,100757,,,,,,,-0.88,,,,0.55,,0.4,,,,,,,,,0.06,0.95,,,,,,,,1.13,,,,0.67,,,,,,0.25,,,,,,,,,,,,0.51,,-0.63,,0.85,,,,,,,,
51,100849,,,,,,,,,,,,,,,,,,,,,,,,,,,-0.41,,,,,,,,,,,,,,-0.85,,,-0.34,,,,,,,,,-0.36,,,,-0.08,,,,0.6,0.39,0.54,0.08,0.51
52,100857,,,,,,,,,,,0.13,-0.59,0.15,,,,0.01,,,,,,0.22,,,,0.28,,,,0.24,,,,0.44,,,,,,-0.02,0.06,,,,,,,,-0.47,,,0.18,,0.08,,0.68,0.35,,,1.04,1.4,1.56,1.38,1.53
53,100861,,,,0.35,,,,,,,,,0.32,,0.04,,0.2,,0.35,,,0.53,0.02,,,,0.28,,,0.46,,,,0.15,-0.06,,,-0.7,,-0.2,-0.15,-0.41,,,,,,,,0.24,,,-0.63,,,,,-0.1,,,,,,,
54,100863,,,,0.17,,,,,,,0.33,,0.1,,0.41,,,,,,,,0.29,,,,0.21,,,0.44,0.49,,,0.2,0.27,-0.55,,,,0.41,0.07,-0.02,,,,,,,,0.18,,,,,0.71,,,0.62,,,,,,,
55,100864,,,,,,,0.31,,,,0.45,,0.27,,0.53,,0.66,,0.99,,,1.09,0.26,,,,0.27,,0.73,0.22,0.14,,,0.32,0.26,,,0.39,,0.6,0.07,0.24,,,,,,,,0.28,,,0.07,,0.09,,,0.17,,,,,,,
56,100965,,,,,,,,,,,0.65,,0.48,,,,0.41,,,,,,0.79,,,,,,,,,,,0.27,,,,,,,0.49,,,,,,,,,0.64,,,0.19,,,,,,,,-0.26,-0.61,-0.61,-0.7,0.31
57,100966,,,,,,,,,,,-1.15,,-0.81,,,,0.0,,,,,,-0.3,,,,0.06,,,,,,,-0.47,0.21,,,,,,-1.11,,,,,,,,,-0.18,,,-0.21,,,,-0.18,,,,-0.34,-0.53,-0.11,-0.55,0.03
58,100967,,,,,,,,,,,-0.67,,-0.96,,,,-1.89,,,,,,-0.52,,,,-0.48,,0.22,,0.01,,,-0.15,0.28,,,,,,-1.49,,,,,,,,,-0.84,,,-0.22,,0.16,,-0.15,,,,0.13,-0.09,0.01,0.42,0.85
59,100972,,,,,,,,,,,0.86,,0.1,,,,,,,,,,-0.14,,,,0.19,,,,,,,,,,,,,,-0.26,,,,,,,,,-0.38,,,0.88,,,,,,,,0.12,0.77,0.45,-0.25,1.14
60,100973,,,,,,,,,,,-0.93,,-0.65,,,,-0.35,,,,,,-0.11,,,,-0.36,,,,-0.43,,,0.25,0.12,,,,,,-0.38,,,,,,,,,-0.22,,,0.0,,0.45,,-0.16,,,,0.73,0.88,0.87,0.41,0.06
61,100974,,,,,,,,,,,0.48,,-0.4,,,,,,,,,,0.72,,,,0.13,,,,0.31,,,1.05,0.73,,,,,,0.47,0.35,,,,,,,,0.65,,,0.11,,,,0.74,,,,0.43,0.23,-0.22,-0.57,-0.46
62,100975,,,,,,,,,,,-0.57,,-0.6,,,,-0.14,,,,,,-0.53,,,,0.06,,,,-0.22,,,0.22,-1.06,,,,-0.3,,-0.83,,,0.21,,,,,,-0.79,,,0.29,,-1.13,,0.1,,,,0.85,0.06,0.08,0.11,1.27
63,100977,,,,,,,,,,,-0.28,0.31,0.03,,,,-0.34,,,,,,-0.31,,,,0.32,,,,,,,,0.1,,,,0.03,,-0.32,0.01,,,,,,,,-0.19,,,0.1,,,,-0.04,,,,0.68,0.69,0.45,0.88,-0.14
64,101064,,,,,,,,,,,0.43,0.64,0.29,,,,0.71,,,,,,0.08,,,,0.34,,,-0.46,0.58,,,0.14,0.54,,,,,,0.35,0.5,,,,0.18,,,,0.58,,,0.09,,,,,-0.58,,,,,,,
65,101071,,,,,,,0.25,,,,-0.19,0.65,0.34,,,,,,1.04,,,0.5,0.46,,,,0.6,,,-0.02,0.22,,,0.62,0.46,,,,,,0.31,-0.17,,,,,,,0.8,0.27,,,0.14,,0.57,,,0.47,,,,,,,
66,101072,,,,,,,,,,,0.36,,0.3,,,,,,,,,,0.4,,,,0.72,,,0.61,0.48,,,0.34,0.69,1.06,,,,,0.08,0.38,,,,,,,,0.53,,,0.41,,0.27,,,,,,,,,,
67,101154,,,,,,,,,,,-0.11,0.32,-0.12,,,,,,,,,,,,,,-0.05,,,,,,,0.17,0.49,,,,,,-0.13,,,,,,,,,-0.11,,,0.28,,-0.06,,0.46,,,,0.17,0.13,-0.03,-0.28,1.34
68,101157,,,,-0.2,,,,,,,,,,,,,,,,,,,0.1,,,,,,,,,,,-0.13,0.42,,,,,,-0.54,,,,,,,,,,,,-0.06,,0.73,,,,,,,,,,
69,101158,,,,,,,-0.23,,,,0.02,,0.22,,0.39,,,,,,,-0.11,0.21,,,,0.51,,,,0.98,,0.76,0.14,0.21,0.84,,,,,-0.16,-0.6,,,,,,,,0.28,,,0.32,,0.33,,,,,,,,,,
70,101161,,,,,,,0.78,,,,,,-0.03,,,,,,,,,,-0.13,,,,0.22,,,0.64,0.03,,,0.29,,0.37,,,,,0.41,,,,,,,,,0.24,,,-0.49,,0.66,,,,,,,,,,
71,101162,,,,,,,0.46,,,,,,,,,0.33,,,,,,,-0.02,-0.12,,,0.26,,,-0.12,,,0.23,,0.01,0.4,,0.54,,,0.1,-0.05,,,,,,,,,,,,,-0.24,,,0.32,,,,,,,
72,101181,,,,,,,,,,,-0.49,,-1.12,,,,,,,,,,,,,,,,,,,,,,,,,,,,-0.29,,,,,,,,,,,,,,,,,,,,,,,,
73,101241,,,,0.04,,,,,,,0.15,0.46,0.68,,,,0.44,,-0.15,,,,0.73,,,,0.04,,,,0.12,,,,0.15,,,,,,0.66,0.77,,,,,,,-0.29,0.65,,,0.11,,-0.01,,-0.02,,,,-0.04,-0.12,-0.03,-0.01,-0.22
74,101243,,,,,,,,,,,,,,,,,,,,,,,,,,,0.19,,,,,,,,,,,,,,,,,,,,,,,,,,,,,,,,,,-0.78,-0.44,-0.34,-0.59,0.08
75,101244,,,,0.33,,,,,,,-0.26,-0.16,-0.42,,,,-0.04,,,,,,-0.51,,,,-0.29,,,,,,,0.25,-0.11,,,,,,-0.66,,,,,,,,,-0.28,,,-0.19,,0.2,,0.37,,,,0.08,0.19,0.4,0.15,0.12
76,101245,,,,,,,,,,,-0.17,,-0.72,,,,0.25,,,,,,-0.38,,-0.32,,0.18,,,,,,,,-0.17,,,,,,-0.29,0.07,,,,,,,,0.08,,,0.08,,0.6,,-0.16,,,,-0.02,0.08,0.21,-0.08,0.98
77,101247,,,,,,,,,,,0.08,,-0.14,,,,0.88,,,,,,0.83,,,,,,,,,,,,,,,,,,0.3,-0.78,,,,,,,,-0.12,,,-0.01,,,,0.0,,,,0.66,0.53,0.55,0.52,-0.06
78,101361,,,,,,,,,,,-0.09,,-0.17,,,,,,,,,,-0.04,,,,0.16,,,0.38,0.46,,,0.05,-0.23,,,,,,0.58,0.75,,,,,,,,-0.38,,,-0.39,,0.39,,,0.86,,,0.5,1.06,1.05,1.03,1.16
79,101362,,,,,,,0.4,,,,0.18,-0.03,0.47,,-0.02,,0.09,,-0.48,,,,-0.05,,,,0.26,,,,-0.03,,,-0.63,-0.27,,,,,,-0.26,,,-0.41,,,,,-0.06,-0.31,,,-0.11,,0.43,,0.09,,,,0.74,0.78,0.94,0.81,1.39
80,101364,,,,,,,,,,,-0.52,,-0.22,,,,,,,,,,-0.33,,,,0.27,,,,,,,-0.01,0.13,,,,,,-0.51,,,,,,,,0.12,-0.25,,,0.0,,,,0.19,,,,0.2,0.29,0.3,0.37,0.43
81,101367,,,,0.85,,,,,,,0.27,0.42,0.14,,,,,,,,,,0.64,,,,0.62,,,0.64,0.69,,,0.81,0.54,,,,,,0.42,0.76,,,,,,,0.45,0.2,,,0.5,,0.55,,,0.29,,,,,,,
82,101369,,,,0.58,1.19,,,,0.79,,,,,,,,,,,,,,1.12,,,,0.82,,,,-0.23,,,-0.35,0.16,,,,,,0.53,,,,,,,,,,,,0.7,,,,0.07,-0.72,,,,,,,
83,101387,,,,,,,,,-0.48,,,-0.27,0.1,,,,,,,,,,,,,,,,,,,,,,,,,,,,0.61,,,,,,,,,,,,,,,,,,,,,,,,
84,101388,,,,,,,,,-0.31,,,,,,,,,,,,,,,,,,,,,,,,,,,,,,,,0.07,,,,,,,-0.07,,,,,,,,,,,,,,,,,
85,101393,,,,,,,,,0.64,,0.57,-0.18,0.47,,,,,,,,,,0.13,,,,,,,,-0.04,,,-0.43,,,,,,,0.12,0.35,,,,,,,,0.64,,,0.28,,0.01,,-0.52,,,,,,,,
86,101676,,,,,,,,,,,0.17,,0.04,,0.26,,-0.12,,,,,,-0.05,,,,0.19,,,,-0.33,,,,-0.03,,,,,,0.15,0.02,,,,,,,,0.22,,,,,-0.11,,,,,,1.05,1.34,1.42,1.1,1.04
87,101683,,,,,,,,,,,-1.04,-0.15,-1.11,,,,,,,,,,,,,,,,,,,,,,-0.2,,,,,,-1.86,,,,,,,,,-1.5,,,-0.26,,,,-0.92,,,,,,,,
88,101685,,,,,,,,,0.53,,,,0.25,,,,,,,,,,0.18,,,,,,,,-0.24,,,-0.18,-0.16,,,,,,0.13,,,,,,,,,,,,0.05,,,,,,,,,,,,
89,101692,,,,,,,0.26,,,,0.38,0.45,0.61,,,,0.79,,0.98,,,,0.15,,,,0.39,,,,0.14,,,0.12,0.19,,,,,,0.18,,,,,,,,0.86,0.12,,,0.36,,,,,,,,,,,,
90,101693,,,,,,,0.74,,,,-0.15,,0.74,,,,-0.45,,0.79,,,0.24,0.32,,,,,,,,,,,0.43,0.3,,,,,,0.05,-0.01,,,,,,,,0.18,,,0.24,,,,,,,,,,,,
91,101811,,,,,,,,,,,0.34,,0.12,,0.42,,0.29,,,,,,,,,,,,,,,,,,,,,,,,-0.37,,,,,,,,,,,,-0.24,,,,,,,,0.09,-0.45,-0.06,-0.03,-1.32
92,101835,,,,,,,,,,,-0.68,0.21,0.4,0.65,,,,,-0.58,,,-0.31,-0.31,,,,-0.15,,,-0.93,-0.06,,,-0.78,0.38,,,,,,-0.18,,,-0.08,,,,,,,,,0.3,,,,,-0.69,,,,,,,
93,101837,,,,,,,,,,,0.31,0.08,0.33,0.26,,,,,-0.3,,,,-0.09,,,,0.1,,,,-0.04,,-0.27,0.28,0.21,,,,,,0.2,0.61,,,,,,,0.31,-0.24,,,-0.06,,0.82,,,-0.81,,,,,,,
94,101842,,,,,,,0.46,,,,0.45,0.18,0.28,,,,0.24,,0.47,,,,0.45,,,,-0.13,,,,0.61,,-0.12,0.27,0.25,,,,,,0.25,0.24,,,,,,,,0.57,,,0.28,,-0.33,,,-0.2,,,,,,,
95,101845,,,,,,,,,,,-0.49,0.51,-0.84,,,,,,,,,,0.01,,,,0.38,,,,,,,-0.48,-0.08,,,,,,0.27,,,,,,,,,,,,-0.18,,,,,,,,,,,,
96,101846,,,,,,,,,,,0.32,,0.33,,,,,,,,,,0.48,,,,0.21,,,,,,,0.8,,,,,,,-0.01,,,,,,,,,,,,1.0,,,,,,,,,,,,
97,101849,,,,,,,,,,,,,,,,,,,,,,,,,,,-0.23,,,,,,,,-0.74,,,,,,-1.25,,,,,,,,,,,,,,,,,,,,0.34,-0.43,-0.86,-0.51,0.99
98,101928,,,,,,,,,,,-0.09,0.08,-1.09,,,,1.0,,,,,,-0.18,,,,-0.3,,,,,,,,-0.4,,,,,,0.45,0.42,,,,,,,,-0.03,,,-0.35,,,,-0.37,,,,0.32,1.36,0.67,-0.03,-1.11
99,101934,,,,,,,-0.56,,0.09,,-0.14,0.15,-0.01,,,,-0.3,,-0.52,,,-0.28,-0.06,,-0.26,,-0.01,,0.04,,-0.35,,,-0.21,0.04,,,,0.12,,0.39,0.55,,,,,,,,0.5,0.45,,0.15,,0.25,,0.2,,,,0.55,0.87,0.5,0.65,1.49
100,101939,,,,,,,-0.37,,-0.41,,0.37,,0.64,,,,,,0.8,,,,-0.29,,,,0.51,,,,1.07,,,0.94,0.2,,,,,,0.13,-0.39,,1.24,,,,,,0.36,,,0.62,,0.4,,0.41,,,,-0.03,-0.02,-0.02,-0.32,-0.17
101,101940,,,,,,,,,,,-0.26,0.16,0.07,,,,-0.71,,,,,,0.61,,,,0.32,,,,0.05,,,-0.23,0.01,,,,,,-0.15,0.2,,-0.17,,,,,,0.34,,,0.11,,0.02,,0.63,,,,0.36,0.67,0.54,0.07,-0.11
102,101941,,,,0.72,,,,,,,-0.12,0.1,0.04,,,,,,,,,,-0.18,,,,0.3,,,,,,,-0.28,0.15,,,,,,-0.2,,,,,,,,,0.15,,,0.32,,1.07,,1.11,,,,1.1,0.5,0.87,1.09,1.39
103,101943,,,,,,,,,,,-0.59,,-1.06,,,,,,,,,,,,,,,,,,,,,,,,,,,,-0.45,,,,,,,,,,,,-0.31,,,,,,,,-0.23,-0.03,0.02,-0.32,1.11
104,101946,,,,,,,,,,,,,,,,,,,,,,,,,,,,,,,,,,,0.53,,,,,,,,,,,,,,,,,,,,,,-0.1,,,,,,,,
105,101947,,,,,,,,,,,0.28,0.21,0.46,,,,,,,,,,0.54,,,,0.16,,,,0.88,,,-0.23,0.51,,,,,,0.19,0.11,,,,,,,,0.18,,,0.28,,-0.28,,0.61,-0.36,,,,,,,
106,101954,,,,0.88,,,,,,,0.1,,0.0,,,,,,,,,-0.35,0.18,,0.06,,0.01,,,-0.07,0.17,,,0.95,0.36,,,,,,-0.16,0.08,,,,,,,,-0.06,,,0.08,,,,,,,,,,,,
107,102045,,,,,,,,,,,0.15,-0.57,-0.29,,,,,,,,,-0.13,0.29,,0.51,,0.41,,,,0.61,,,,0.46,,,,0.16,,0.21,-0.77,,0.43,,,,,,-0.32,,,0.0,,0.31,,1.07,,-0.32,,0.08,0.24,-0.05,0.1,0.47
108,102048,,,,,,,0.07,,0.0,,-0.59,,,,,,,,,,,,,,-0.82,,0.23,,-0.19,,-0.29,,,0.82,,,,,,-0.74,,,,,,,,,,,,,-0.07,,,,0.01,,,,0.64,0.29,0.31,0.25,-0.58
109,102049,,,,1.26,,,,,0.01,,-0.57,,-0.22,,,,,,,,,,,,,,-0.38,,,,,,,0.21,-0.15,,,,,,-0.24,,,-0.79,,,,,,,,,0.29,,-0.35,,0.12,,-1.46,,-0.53,-0.34,-1.02,-1.27,0.38
110,102052,,,,,,,,,,,,,-0.2,,,,,,,,,,-1.08,,,,,,,,,,,,,,,,,,-1.17,,,,,,,,,,,,,,,,,,,,-0.38,-0.36,-0.4,-1.23,
111,102053,,,,,,,,,,,,,,,,,,,,,,,,,,,-0.05,,,,,,,0.16,,,,,,,,,,,,,,,,,,,-0.31,,,,0.12,,,,0.97,0.12,0.6,0.39,0.71
112,102055,,,,0.54,,,,,,,0.08,,-0.27,,,,,-1.02,,,,,-0.3,,,,-0.05,,,0.21,0.36,,0.13,-0.73,0.14,,,,,,0.09,-0.3,,0.34,,0.5,,,,0.03,,,,,-0.03,-0.31,,,,,0.54,0.71,0.76,0.83,0.88
113,102058,,,,,,,,,,,0.41,,0.16,,,,-0.38,,,,,,-0.39,,,,0.46,,,,-0.56,,,-0.34,0.12,,,,,,-0.05,-0.06,,,,,,,-0.43,0.33,,,-0.34,,0.15,,0.12,,,,0.85,0.85,0.85,0.94,0.57
114,102154,,,,-0.54,,,,,-1.35,,0.19,0.23,-0.28,,,,,,,,,,-0.34,,,-0.7,0.12,,,,-0.3,,,0.41,0.11,,,,,0.48,0.24,,,0.27,,,,,,0.88,,,0.23,,,,0.24,0.44,,,0.17,0.24,0.16,0.31,1.42
115,102156,,,,,,,0.73,,0.71,,-0.15,,0.25,,0.0,,-0.19,,0.37,,,-0.19,0.07,,,0.01,0.23,,0.62,0.37,-0.27,,,0.38,0.17,,,,,0.14,0.09,-0.16,,-0.08,,,,,-0.49,0.27,,,0.24,,,,-0.07,0.25,,,0.27,0.42,0.76,0.79,1.57
116,102162,,,,,,,-0.21,,,,0.01,,0.19,,,,,,,,,,0.27,,,,0.06,,,,0.72,,,-0.1,0.26,,,,,,0.33,,,,,,,,,0.54,,,0.15,,,,,0.44,,,,,,,
117,102163,,,,,,,0.15,,,,,,0.44,,,,0.02,0.32,-0.05,,,0.74,-0.07,,,,0.62,,,-0.03,0.19,,,-0.51,0.44,0.2,,0.19,,0.74,0.09,0.17,,,,,,,,0.3,,,,,,0.25,,0.42,,,,,,,
118,102239,,,,0.2,,,,,,,-0.03,0.61,-0.2,,,,0.26,,,,,,0.47,,,0.13,0.37,,,,0.05,,,,0.01,,,,,,0.2,0.43,,0.56,,,,,-0.12,0.3,,,-0.02,,,,0.05,,,,0.64,0.41,0.85,0.32,-0.51
119,102245,,0.21,,,,,0.41,,1.33,,-0.09,0.9,0.37,,,,,0.2,,,,,0.02,,,,0.56,,,-0.22,0.14,,,-0.66,0.81,,,-0.02,,,0.0,0.17,,,,,,,-0.66,0.03,,,,,0.37,0.25,,,,,,,,,
120,102247,,,,,,,,,,,0.45,0.54,0.64,,,,,,,,,,0.39,,,,0.61,,,,1.84,,,,,,,,,-0.01,0.21,,,,,,,,,-0.32,,,,,,,,,,,,,,,
121,102256,,,,,,,0.32,,,,,,,,,,,,,,,,,,,,-1.44,,,,,,,,,,,,,,,,,,,0.86,0.07,,,,,,,,,,,,,,,,,,
122,102257,,,,,,,,,,,,,,,,,,,,,,0.42,0.42,,,,0.69,,,,0.2,,,0.48,-0.2,,,,,,0.2,-0.17,,,,,,,,,,,,,0.36,,,0.0,,,,,,,
123,102449,,,,,,,,,,,-0.51,0.17,-0.2,,,,0.63,,,,,,-0.04,,,,-1.14,,,,,,,0.11,,,,,,,0.37,,,0.0,,,,,,-0.04,,,-0.28,,,,0.09,,,,-0.14,0.03,-0.01,-0.8,-1.57
124,102451,,,,,,,,,,,0.09,-0.1,-0.21,,,,-0.65,,0.83,,,,-0.14,,,,0.6,,0.15,,0.78,,,,0.03,,,,,,0.19,,,0.0,,,,,,,,,-0.24,,0.7,,-0.06,,,,0.11,0.53,0.25,0.17,-0.07
125,102452,,,,,,,,,,,0.05,-0.04,0.03,,,,,,,,,,0.08,,,,-0.38,,,,0.53,,,0.38,0.59,,,,,,0.54,,,,,,,,,,,,0.29,,,,,,,,,,,,
126,102453,,,,,,,,,,,0.04,,0.1,,,,0.54,,,,,,0.61,,,,0.04,,,,0.52,,,-0.03,0.59,,,,,,-0.02,0.02,,,,,,,,-0.11,,,0.49,,0.37,,,,,,,,,,
127,102539,,,,-0.67,,,,,,,0.05,0.03,0.18,,,,-0.24,,,,,,-0.12,,,,-0.43,,,,0.0,,,0.31,-0.27,,,,,,0.04,-0.58,,,,,,,0.69,-0.12,,,0.23,,0.59,,0.36,,,,0.28,0.63,0.45,0.06,-0.55
128,102545,,,,,,,,,,,0.28,-0.53,0.45,,,,0.19,,0.1,,,,-0.09,,,,-0.51,,,,-0.35,,,-0.07,-0.16,,,,,,0.21,0.12,,,,,,,,0.47,0.19,,-0.18,,0.15,,,,,,0.97,0.94,0.84,0.3,1.47
129,102551,,,,,,,,,,,,,,,,,,,,,,0.03,,,,,-0.94,,0.03,,,,,,-0.08,,,,,,,,,,,,,,,,,,,,,,,,,,,,,,
130,102611,,,,,,,0.32,,,,0.11,-0.1,0.38,,0.79,,,,,,,0.66,-0.13,,0.51,,-0.11,,,,0.48,,,0.69,0.46,0.53,,,,0.49,0.09,0.52,,,,-0.15,,,-0.07,0.27,,,0.39,,,,0.54,,,,,,,,
131,102619,,,,,,,0.49,,,,0.37,-0.2,0.27,,,,0.6,,0.15,,,0.37,0.18,,,,0.17,,,,0.76,,,0.47,0.4,,,,,,0.48,-0.17,,,,,,,,0.14,,,0.35,,-0.34,,,,,,,,,,
132,102673,,,,-0.38,-0.55,,,,,,-0.44,,-0.07,,,,,,,,,,,,,,-0.45,,0.32,,0.03,,,-0.48,0.27,,,,,0.23,-0.28,,,,,,,,,-0.96,,,0.35,,,,0.34,,,,0.88,0.26,0.22,0.66,0.71
133,102674,,,,,,,,,,,-0.31,,-1.58,,,,,,,,,,,,,,0.43,,,,,,,,0.37,,,,,,-0.52,,,0.63,,,,,,-1.33,,,0.13,,,,0.62,-0.53,,,0.2,0.41,-0.16,-0.33,0.83
134,102679,,,,,-1.08,,,,,,0.59,0.07,-0.05,,,,0.13,,,,,,-0.17,,,,0.35,,,,-0.3,,,-0.38,0.27,,,,,,0.13,-0.03,,,,,,,,-0.43,,,-0.46,,,,-0.04,,,,0.53,0.67,0.77,0.73,0.98
135,102681,,,,-0.64,,,,,,,0.43,0.64,0.08,,,,0.45,,,,,,0.17,,,,0.06,,,,-0.04,,,-0.29,-0.12,,,,,,0.15,-0.09,,,,,,,0.08,0.39,-0.18,,0.29,,0.23,,0.19,0.58,,,0.36,0.91,1.0,0.92,1.3
136,102683,,,,-0.55,,,,,,,-0.24,-0.24,-0.89,,,,,,,,,,-0.46,,0.24,,0.32,,0.37,,0.22,,,-0.11,0.22,,,,,,0.18,,,,,,,,,-0.25,0.6,,0.06,,0.36,,0.4,0.52,,,1.21,0.17,0.35,1.15,1.95
137,102684,,,,,,,0.08,,,,0.3,,0.2,,,-0.29,0.43,,,,,,0.03,,,,-0.01,,,0.19,,,,0.01,0.18,,,-0.58,,,0.07,0.08,,,,,,,,0.05,,,-0.16,,0.0,,,0.19,,,,,,,
138,102692,,,,,,,-0.22,,,,0.71,,0.63,,,,,,0.11,,,,0.24,,,,0.32,,,0.39,-0.05,,,-0.03,0.5,,,,,,0.53,0.56,,,,,,,,0.13,,,0.4,,0.42,,,0.58,,,,,,,
139,102786,,,,,,,0.17,,,,-0.06,0.09,-0.31,,,,0.27,,,,,,-0.08,,,,-0.36,,,,-0.26,,,-0.01,0.02,,,,,,-0.26,-0.48,,0.0,,,,,,-0.8,,,0.3,,0.66,,0.64,,,,0.38,0.13,0.04,0.63,0.58
140,102787,,,,,,,,,,,0.33,0.55,-0.33,,,,0.42,,0.18,,,,0.22,,,,-0.18,,,,,,,-0.12,0.1,,,,,,0.2,,,,,,,,,0.26,,,-0.12,,-0.18,,-0.05,0.49,,,0.15,0.19,0.04,-0.29,-0.35
141,102849,,,,,,,,,-1.08,,-0.05,,-0.86,,,,,,,,,,-1.08,,,,,,,,,,,,,,,,,,-0.37,,,,,,,,,-0.26,,,-0.07,,0.32,,,,,,-0.16,0.07,-0.49,-0.93,0.65
142,102850,,,,,,,,,,,0.45,,0.06,,,,-0.55,,,,,,0.38,,,,-0.42,,,,,,,0.63,,,,,,,-0.05,-0.15,,,,,,,,-0.11,,,0.12,,,,,,,,0.52,1.17,1.18,0.36,0.03
143,102851,,,,,,,0.03,,0.04,,-0.39,,0.16,,0.04,,0.25,,,,,,0.29,,,-0.06,0.28,,,,-0.02,,,0.1,0.45,,,,,,0.13,,,0.36,,,,,,-0.35,,,0.59,,0.0,,0.63,0.3,,,0.45,0.3,-0.12,0.38,0.41
144,102852,,,,,,,-0.34,,,,-0.06,,-0.1,,0.16,,,,,,,,-0.35,,,,0.44,,,,-0.03,,,0.28,-0.22,,,-0.12,,,-0.17,-0.53,,,,,,,,-0.88,,,-0.09,,,,,,,,0.81,0.71,0.78,0.8,0.78
145,102854,,,,0.58,,,,,,,-0.04,-0.3,-0.45,,,,-0.11,,0.57,,,1.14,0.44,,-0.15,,-0.35,,0.38,-0.03,0.47,,,-0.05,-0.04,,,,,,0.46,0.14,,0.2,,,,,-0.37,0.26,,,0.26,,0.51,,-0.04,,,,0.23,0.77,0.41,0.17,0.29
146,102856,,,,,,,,,,,-0.33,,-0.3,,,,0.16,,-0.75,,,,-0.2,,,,-0.21,,,,0.22,,,0.49,-0.39,,,,,,-0.11,0.07,,,,,,,,-0.4,,,-0.52,,-0.14,,0.43,,,,1.12,1.11,0.93,1.11,1.24
147,102857,,,,,,,,,,,-0.18,0.24,0.32,,,,0.37,,0.08,,,,0.06,,,,0.47,,,,0.45,,,-0.39,-0.2,,,,-0.44,,0.01,,,,,,,,,-0.45,,,0.35,,0.5,,0.05,,,,0.87,1.04,0.85,0.52,1.08
148,102858,,,,,,,,,,,-0.05,-0.03,0.21,,,,0.88,,,,,-0.45,-0.08,,-0.16,,-0.02,,-0.28,,,,,,,,,,0.04,,0.38,-0.12,,,,,,,,-0.34,,,0.1,,-0.45,,0.26,,,,-0.08,-0.01,0.31,-0.37,0.13
149,102860,,,,,,,0.01,,-0.32,,0.66,-0.42,0.23,,,,-0.41,,-0.75,,,,-0.36,,,-0.25,-0.68,,,,-0.41,,,-0.25,-0.04,,,,,,-0.36,-0.49,,-0.26,,,,,-0.67,-0.4,-0.13,,-0.68,,-0.1,,-0.35,,,,0.38,0.22,0.05,0.15,0.47
150,102861,,,,,,,,,,,0.3,,-0.3,,,,,,-1.03,,,,,,-0.56,,0.14,,,,0.18,,,,-0.33,,,,,,-0.1,,,-0.15,,,,,,-0.34,,,0.28,,0.3,,-0.12,0.04,,,0.42,0.19,0.32,0.34,1.53
151,102875,,,,,,,0.81,,,,-0.15,0.18,-0.22,,,,0.46,,,,,,0.4,,,,0.51,,,,,,,0.24,0.27,,,,,,0.12,0.31,,,,,,,,0.06,,,,,0.93,,,0.53,,,,,,,
152,102929,,,,,,,,,,,0.66,,0.55,,,,,,,,,,0.1,,,,-0.06,,,,0.12,,,,0.24,,,,,,0.41,0.56,,,,,,,,0.78,,,-0.28,,,,,,,,0.42,0.11,-0.1,0.75,0.7
153,102932,,,,-0.04,,,,,,,0.09,,-0.27,,,,-0.02,,,,,0.12,0.16,,,,0.31,,,,0.76,,,-0.08,0.29,0.47,,,,0.67,-0.04,-0.28,,,,,,,,0.01,,,0.33,,,,,0.27,,,,,,,
154,102936,,,,,,,,,,,,,,,,,,,,,,,,,,,,,,,,,,,-0.22,,,,,,,,,,,,,,,,,,-0.97,,,,-0.49,,,,,,,,
155,102942,,-0.08,,,,,0.11,,,,,,0.64,,,,0.11,,,,,0.58,0.53,,,,0.23,,,0.4,,,,0.44,0.43,,0.36,-0.18,,-0.01,0.43,0.18,,,,,,,,,,,,,,,,,,,,,,,
156,102946,,,,,,,,,,,0.13,,0.57,,,,0.2,,,,,,0.19,,-0.31,,0.23,,,0.41,,,,0.14,0.45,,,,,,0.1,-0.04,,,,,,,,0.33,,,0.17,,-0.46,,,0.18,,,,,,,
157,102950,,,,0.44,0.62,,,0.98,0.83,,0.04,0.72,0.17,,,,,,,,,0.62,0.17,,0.11,,0.44,,,,,,,0.47,0.03,1.06,,,,0.54,0.44,0.87,,,,,,,0.23,0.32,,,0.03,,,,,,,,,,,,
158,103009,,,,,,,,,,,-0.07,0.54,1.22,,,,0.51,,,,,,0.6,,,-0.39,,,,,-0.05,,,0.0,0.49,,,,,,0.54,,,,,,,,,0.07,,,-0.5,,,,-0.38,,,,0.14,0.6,0.29,0.01,0.93
159,103013,,,,,,,-0.38,,,,0.61,0.55,0.76,,,,,,-0.39,,,,,,0.09,,0.15,,,,0.32,,,0.24,0.32,,,,,,0.15,,,-0.22,,,,,,,,,0.18,,,,0.05,,,,0.96,0.09,-0.12,0.89,0.96
160,103022,,,,,,,1.34,,,,0.56,0.57,0.1,,,,,,0.77,,,,,,,,,,,,0.36,,,,0.65,,,,,,0.36,,,,,,,,,,,,0.13,,,,,,,,,,,,
161,103097,,,,,,,,,,,-0.02,0.41,-0.78,,,,0.36,,-0.7,,,,0.39,,0.74,,0.73,,,,0.79,,,,1.09,,,,,,0.25,,,,,,,,,-0.54,,,1.2,,,,1.17,,-1.03,,-0.04,-0.44,-0.49,0.03,-0.12
162,103106,,,,,,,,,-1.59,,,-0.39,,,,,-0.28,,0.51,,,,-0.49,,,,,,-0.46,,-0.28,,,0.44,,,,,,,0.24,,,,,,,,,-0.5,,,-0.11,,,,0.25,,,,0.22,-0.25,-0.13,-0.29,0.53
163,103110,,,,,,,0.22,,,,-0.05,0.04,-0.4,,,,-0.43,,,,,,0.25,,,,-0.28,,,,,,,0.29,-0.07,,,,,0.59,-0.3,-0.05,,,,,,,0.0,-0.36,,,,,0.1,,,0.22,,,,,,,
164,103119,,,,,,,,,,,-0.03,0.63,-0.32,,,,,,,,,,-0.03,,,,0.58,,,,,,,,,,,,,,0.05,-0.41,,,,,,,,-0.43,,,0.56,,-0.06,,0.05,,,,0.38,0.23,0.38,0.36,0.44
165,103493,,,,,,,,,,,-0.91,-0.29,-1.05,,,,,,,,,,,,,,-0.49,,,,,,,,-0.62,,,,0.26,,-0.72,,,,,,,,,,,,-0.27,,0.35,,-0.49,,,,0.89,0.21,0.23,0.41,-0.76
166,103509,,,,,,,,,,,0.77,,,,,,,,,,,,,,,-0.26,,,,,,,,,,,,,,,-1.16,,,,,,,,,,,,0.65,,-0.38,,-0.15,,,,0.18,-0.06,-0.28,-0.21,-1.82
167,103514,,,,,,,,,,,-0.14,0.09,-0.57,,,,,,,,,,0.0,,,,0.46,,,,,,,-0.02,-0.27,,,,-0.63,,-0.35,,,,,,,,,-1.36,,,0.3,,,,0.38,,,,0.32,-0.06,0.14,0.0,-0.16
168,103519,,,,,,,,,,,-0.09,,-0.1,,,,,,,,,,0.33,,,,,,,,,,,,,,,,,,-0.34,,,,,,,,,0.1,,,-0.22,,0.11,,-0.07,,,,-0.32,-0.36,-0.44,-0.38,-0.17
169,103531,,,,,,,0.55,,,,-0.39,,-0.48,,,,,,,,,,,,,-0.25,-0.31,,,,-0.09,,,,-0.34,,,,,,-0.22,,,,,,,,,-1.25,,,-0.12,,-0.2,,-0.34,,,,1.09,1.01,0.95,1.52,2.18
170,103560,,,,,,,1.1,,,,-0.17,-1.11,-0.55,,,,0.5,,,,,,0.23,,,,-0.15,,,,-0.58,,,,-0.15,,,,-0.01,,-0.37,,,0.35,,,,,-1.21,-0.08,,,-0.16,,-0.54,,0.41,,,,0.3,0.13,0.02,0.25,0.17
171,103563,,,,,,,,,,,0.06,,,,,,,,,,,,,,,,,,,,,,,,-0.34,,,,,,-0.37,,,,,,,,,,,,0.16,,,,,,,,-0.37,-0.25,-0.3,-0.81,-0.09
172,103564,,,,,,,,,,,,,,,,,,,,,,,-0.28,,,,,,,,,,,,,,,,,,,,,,,,,,,,,,-0.17,,,,,,,,,,,,
173,103567,,,,,,,,,,,0.16,,0.01,,,,,,,,,,-0.13,,,0.11,0.31,,,,0.35,,,,,,,,,,0.35,,,,,,,,,,,,0.64,,0.87,,0.46,,,,,,,,
174,103576,,,,,,,,,,,,-0.13,,,,,,,,,,,,,,,,,,,,,,,,,,,,,,,,,,,,,,,,,,,,,,,,,,,,,
175,103585,,,,0.51,,,,,,,-0.19,,-0.06,,,,,,,,,,0.3,,,,0.04,,,,,,,0.03,0.11,,,,,,-0.07,0.3,,,,,,,,-0.97,,,0.46,,-0.04,,,0.46,,,,,,,
176,103587,,,,,,,,,,,0.61,0.72,0.62,,,,,,,,,,0.58,,,,,,,,,,,,,,,,,,0.74,,,,,,,,,0.85,,,-0.2,,,,,,,,,,,,
177,103750,,,,,,,-0.41,,,,-0.62,-0.66,-0.14,,,,0.22,,,,,,-0.7,,,,-0.1,,,,,,,,,,,,0.42,,-0.13,-0.65,,,,,,,,-0.05,,,-0.74,,-0.61,,,,,,,,,,
178,103751,,,,,,,0.31,,,,0.13,0.36,0.0,,0.44,,-0.12,,,,,,0.04,,-0.44,,0.36,,,,,,,,0.12,,,,,,0.12,,,,,,,,,-0.33,,,-0.1,,0.34,,,,,,,,,,
179,103870,,,,,,,,,,,0.0,0.06,-0.49,,,,,,0.03,,,,-0.18,,,0.74,-0.19,,,,,,,-0.05,-0.27,,,,,,-0.23,-0.61,,,,,,,,-0.64,,,-0.8,,-0.12,,,,,,0.39,0.57,0.95,0.45,-0.02
180,104018,,,,,,,,,,,0.66,0.12,0.89,,,,,,,,,,,,,,-0.81,,,,,,,,,,,,0.15,,0.1,,,,,,,,,,,,0.94,,0.34,,0.68,,,,-0.11,-0.15,-0.22,-0.54,0.56
181,104124,,,,,,,0.69,,,,-0.27,0.84,0.31,,,,0.52,,0.29,,,0.6,0.66,,,,0.19,,,,0.43,,,0.18,0.33,,,,,,0.35,0.41,,,,,,,0.47,0.27,,,0.27,,-0.16,,,0.17,,,,,,,
182,104255,,,,,,,,,,,0.53,-0.66,-0.67,,,,0.52,,-0.15,,,,,,,,-0.28,,,,,,,,0.15,,,,,,0.14,-0.02,,0.49,,,,,,-0.27,,,-0.07,,0.31,,0.76,,,,0.0,0.01,-0.05,-0.24,1.55
183,104259,0.04,,,,,,,,-0.71,,-0.73,0.17,-0.25,,,,,,0.69,,,,,,,,0.32,,,,,,,,0.33,,,,,,-0.31,,,0.16,,,,,,-0.24,,,0.48,,-0.56,,0.05,,,,-0.34,-0.77,-0.51,-0.76,-1.32
184,104395,,,,,,,,,,,-0.51,,-0.73,,,,,,,,,,,,,,-0.48,,,,-0.65,,,,,,,,,,-1.84,,,,,,,,,-1.27,,,-0.44,,,,,,,,-0.19,-0.33,-0.24,-0.44,1.39
185,104411,,,,,,,,,,,-0.01,0.64,0.1,,,,,,,,,0.3,0.26,,,,-0.3,,,,,,-0.12,0.18,0.16,,,,,,-0.33,-0.56,,,,,,,,-0.57,,,0.11,,,,,,,,,,,,
186,104688,,,,,,,,,,,-0.88,,-1.4,,,,,,,,,,,,,0.66,,,,,,,,,,,,,,,-1.58,,,,,,,,,,,,,,,,0.06,,,,0.09,-0.04,-0.14,0.27,0.56
187,104698,,,,,,,,,,,-0.47,-0.03,-0.52,,,,0.38,,,,,,0.27,,0.62,,0.13,,,,0.13,,,0.4,0.28,,,,,-0.22,0.28,-0.59,,,,,,,-0.53,0.3,,,-0.04,,,,0.36,,,,-0.21,-0.28,0.09,-0.35,-0.59
188,104700,,,,,,,,,,,,,,,,,,,,,,,,,,,,,,,,,,,,,,,,,,,,-0.54,,,,,,,,,,,,,-0.32,,,,-0.51,-0.55,-0.56,-0.91,-0.8
189,104703,,,,,,,,,,,0.22,,0.36,,,,-0.16,,,,,,0.54,,0.15,,-0.66,,0.47,,-0.02,,,,0.17,,,,,,0.69,0.98,,,,,,,,-0.01,,,0.0,,,,,,,,0.77,0.58,0.51,0.4,0.86
190,104705,,,,,,,,-0.25,,,-0.24,,-0.24,,,,,,,,,,,,,,-0.38,,,,,,,0.56,0.08,,,,,,-0.55,,,,,,,,,,,,-0.03,,,,0.66,,,,0.92,0.49,0.35,0.41,0.42
191,104712,,,,,,,,,,0.99,-0.08,,-0.51,,,,,,,,,0.36,,,,,-0.25,,,,,,,,-0.32,,,,,,-1.26,,,,,,,,,-1.63,,,0.01,,0.18,,,,,,-0.31,-0.49,-0.7,-0.93,0.07
192,104713,,,,,,,0.51,,0.42,-0.35,-1.28,-0.32,,,,,,,,,,,,,0.37,,0.06,,0.31,,-1.66,,,,-0.16,,,,,,-1.47,,,0.05,,,,,,,,,-0.23,,,,,,,,-0.26,-0.99,-1.03,-0.6,-0.33
193,104714,,,,,,,,,,,-0.65,-1.13,-0.48,,,,0.22,,,,,,,,0.21,,-0.24,,,,-0.62,,,-0.72,-0.4,,,,,,-0.08,,,,,,,,,0.46,,,-0.25,,,,,,,,-0.45,-0.25,-0.39,-0.38,-0.53
194,104715,,,,,,,,,,,-0.63,,,,,,,,,,,,,,,,-0.61,,,,,,,,-0.28,,,,,,,,,,,,,,,,,,,,,,,,,,-0.4,-0.82,-0.67,-0.49,-1.32
195,104717,,,,,,,-0.15,,,0.54,-0.37,-0.31,-0.1,,,,,,,,,,,,,,0.4,,,,-0.24,,,,-0.51,,,,,,0.01,,,,,,,,,,,,,,,,,-0.39,,,-0.88,-0.52,-1.06,-1.13,-0.16
196,104721,,,,-0.21,,,,,,,-0.24,-0.69,-0.53,,,,,,,,,,,,0.34,,0.41,,,,0.09,,-0.25,,0.55,,,,,,0.54,,,0.23,,,,,,-0.08,,,-0.09,,0.03,,-0.13,,,,-0.25,-0.24,-0.27,-0.02,-0.07
197,104829,,,,,,,,,,,0.12,,-0.82,,,,,,,,,,,,0.3,,,,,,-0.82,,,,-0.4,,,,,,-1.02,,,,,,,,-0.64,-0.12,,,-0.18,,-1.26,,-0.33,,,,-0.85,-1.04,-0.56,-0.55,-1.48
198,104960,,,,,,,,,,,,,,,,,,,,,,,-0.46,,,,-0.74,,,,0.16,,,,0.66,,,,,,-0.72,,,,,,,,,,,,0.1,,,,0.06,,,,-0.35,-0.65,-0.93,-0.34,-0.21
199,104962,,,,,,,,,,,-0.04,,,,,,,,,,,-0.83,,,,,-0.42,,,,,,,,-0.99,,,,,,-0.65,,,-0.1,,,,,,,,,,,,,,-0.09,,,-0.37,-0.19,-0.03,0.13,0.54
200,104964,,,,,,,,,,,-0.23,-0.17,-0.66,,,,,,,,,,,,,,,,,,,,,,-0.22,,,,,,,,,,,,,,-0.64,,,,-0.05,,,,-0.85,,,,-0.4,-0.6,-0.89,-0.56,0.57
201,104972,,,,,,,,,,,0.05,-0.25,-0.38,,0.52,,,,,,,,,,,,-0.17,,,,0.2,,,,0.03,,,,,,0.2,,,,,,,,-0.25,,,,-0.66,,-0.43,,,,,,,,,,
202,104973,,,,,,,,,,,0.45,0.4,0.55,,,,,,,,,,0.28,,,,,,,,-0.05,,,,-0.16,,,,,,0.74,,,,,,,,,0.95,,,,,,,,,,,,,,,
203,104974,,,,,,,,,,,0.0,,0.01,,,,,,,,,,-0.33,,,,0.56,,,,,,,,0.01,,,,,,-0.16,,,,,,,,,,,,0.03,,0.08,,,,,,,,,,
204,105103,,,,,,,,,,,-0.9,,0.45,,,,,,,,,,,,,,,,,,,,,,,,,,,,-0.61,,,,,,,,,-1.05,,,-0.22,,,,,,,,-1.12,-0.7,-0.31,-0.44,-1.66
205,105107,,,,,,,,,,,,,,,,,,,,,,,,,,,,,,,,,,,-1.0,,,,,,,,,,,,,,,-0.75,,,,,,,,,,,-0.27,-0.28,-0.49,-0.42,-0.91
206,105123,,,,,,,-0.06,,,,0.03,-0.2,0.64,,0.23,,,,,,,,0.17,,,,0.49,,,,-0.01,,,,0.03,,,,,,-0.31,,,,,,,,0.21,-0.24,,,,,,,,,,,,,,,
207,105253,,,,,,,0.32,0.18,0.54,,-0.03,0.35,0.09,,,,0.33,,,,,-0.34,0.55,,-0.44,,0.06,0.51,,,0.09,,,0.49,0.61,,,,,,0.11,,,,,,,,0.04,-0.18,,,0.25,,0.02,,0.45,0.94,,,-0.04,-0.2,-0.01,0.0,0.43
208,105264,,,,,,,-0.08,,,,-1.09,0.37,-0.61,,,,-0.23,,,,,,0.38,,0.11,,,,,,0.3,,,,0.43,,,,,,-0.17,,,,,,,,,0.42,,,-0.08,,,,0.48,,,,-0.12,-0.42,-0.09,-0.02,0.62
209,105271,,,,,,,,-0.32,,,0.18,0.68,0.2,,,,0.06,0.04,,,,,0.32,0.17,0.18,,,,,,0.37,,,0.51,0.37,,,,,,-0.03,0.37,,,,,,,,-0.28,,,0.38,,,,,-0.2,,,,,,,
210,105272,,,,,,,,0.84,,,-0.42,-0.11,-0.36,,,,-0.05,,,,,,-0.27,,-0.75,,0.4,,,,0.16,,,-0.13,0.14,,,,,,-0.57,,,,,,,,0.46,-0.6,,,0.06,,-0.07,,,-0.57,,,,,,,
211,105372,,,,,,,,,,,,,,,,,,,,,,,,,,,,,,,,,,,,,,,,,1.5,,,,,,,,,,,,,,,,,,,-0.58,,,,,
212,105373,,,,,,,,,,,-0.11,0.27,0.35,,,,0.13,,,,,,0.25,,0.16,,0.19,,,,0.65,,,-0.24,,,,,,,-0.13,,,,,,,,,-0.43,,,0.71,,-0.12,,,,,,,,,,
213,105588,,,,,,,,,,,-0.46,,-1.06,,,,,,,,,,,,,,-0.17,,,,,,,,-0.72,,,,,,-0.56,,,,,0.63,0.46,,,,,,,,,,,,,,,,,,
214,105591,,,,,,,0.52,,,,0.34,,0.46,,,,,,,,,0.3,0.24,0.39,-0.33,,-0.02,,,,,,0.59,0.12,0.23,,,,,,0.59,0.68,,,,,,,,0.58,,,,,0.34,,,0.54,,,,,,,
215,105592,,,,,,,,,,,0.18,,-0.5,,,,0.08,,,,,,0.62,,,,-0.14,,,-0.51,0.63,,,-0.92,-0.53,,,,,,0.08,0.11,,,,,,,,-0.3,,,0.23,,,,,0.14,,,,,,,
216,105594,,,,,,,,,,,-0.42,,-0.06,,,,,,,,,-0.17,,,,,,,,,,,,,,,,,,,-0.26,,,,,,,,,0.27,,,-0.3,,,,,,,,,,,,
217,105595,,,,,,,0.15,,,,-0.01,,0.42,,,,,,,,,0.08,0.13,,,,-0.11,,,,0.71,,,0.42,-0.07,,,,,,-0.02,0.05,,,,,,,,-0.83,,,0.84,,-0.16,,,,,,,,,,
218,105601,,,,,,,,,,,-1.57,,-2.01,,,,,,,,,,,,,,,,,,,,,,,,,,,,-1.98,,,,,,,,,,,,,,,,,,,,,,,,
219,105745,,,,,,,,,,,0.02,,0.21,,,,,,,,,,,,,,,,,,,,,,0.39,,,,,,-0.1,,,,,,,,0.08,0.28,,,0.18,,,,,,,,,,,,
220,105844,,,,-0.07,,,,,,,-0.01,0.15,-0.58,,,,,,,,,,-0.35,,0.43,,-0.16,,,,-0.49,,,,,,,,,,-0.66,,,,,,,,-0.42,-0.5,,,-0.09,,-0.82,,,,,,-0.13,-0.15,-0.32,-0.11,-0.34
221,105992,,,,,,,,,,,0.24,,-0.89,,,,,,,,,,-0.38,,,,,,,,,,,,,,,,,,,,,,,,,,,,,,0.13,,,,,,,,,,,,
222,106156,,,,,,,,,,,0.31,0.38,0.05,,-0.18,,,,-0.59,,,,0.22,,,,0.15,,,,-0.14,,,0.24,0.1,,,,,,0.12,-0.37,,,,,,,-0.66,-0.24,,,0.36,,,,,,,,,,,,
223,106157,,,,-0.09,,,,,,,0.08,0.32,0.07,,,,,,,,,0.46,0.31,,0.02,,-0.58,,,,-0.66,,,0.1,0.42,,,,,,0.07,0.37,,,,,,,0.46,0.1,,,-0.06,,,,,,,,,,,,
224,106368,,,,,,,,,,,0.55,0.15,0.27,,,,-0.5,,,,,,-1.06,,-0.14,,0.67,,,,,,,,,,,,,,-0.15,-0.42,,,,,,,,-0.31,,,0.2,,0.3,,0.71,,,,0.61,0.38,0.89,0.84,1.33
225,106376,,,,,,,,,,,-0.59,-0.11,-0.63,,0.47,,-0.71,,,,,,,,,,-0.3,,,,0.31,,,0.26,0.49,,,,,,0.01,,,,,,,,-0.51,,,,0.06,,-0.13,,0.62,0.17,,,0.15,-0.05,-0.23,0.27,0.43
226,106534,,,,,,,,,,,,,,,,,,0.34,,,,,,,,,-0.86,,,,-0.82,,,,0.12,,,,,,-0.31,,,,,,,,-0.62,,,,-0.13,,,,,,,,-0.25,-0.48,-0.25,-0.48,-0.32
227,106538,,,,,,,,,,,-0.63,0.0,-0.38,,,,,,,,,,-0.81,,,-0.46,,,,,-0.34,,,,0.09,,,,,,-0.11,,,,,,,,0.55,-0.16,,,-0.76,,,,-0.86,,,,-0.4,-0.15,-0.39,-0.09,0.0
228,106653,,,,-0.25,,,,,,,0.21,-0.37,0.06,,,,,,,-0.02,,,,,0.02,-0.41,-0.1,,,,0.08,,,0.17,-0.19,,,,,,0.57,0.29,,-0.81,,,,,0.09,0.06,,,0.45,,-1.7,,0.97,,,,0.17,0.43,0.37,0.31,-0.55
229,106812,,,,,,,,,,,0.05,0.53,-0.07,,,,1.06,,,,,,-0.16,,,,0.07,,,,,,,,-0.01,,,,,-0.35,-0.64,,,,,,,,0.26,-0.33,,,-0.21,,,,,,,,,,,,
230,107140,,,,,,,-0.61,-0.1,-0.7,,0.01,0.47,-0.52,,,,-0.22,,-0.46,,,0.6,-0.18,,0.61,,0.4,,,0.2,-0.04,,,0.1,0.1,,,,,0.67,-0.36,-1.06,,,,-1.09,,,,0.17,,,0.26,,,,0.03,0.12,,,-0.32,0.08,-0.05,-0.14,0.33
231,107163,,,,,,,0.54,,,,0.18,0.6,-0.12,,,,,,1.54,,,,0.45,,0.48,,,,,,0.54,,,0.35,0.35,,,,,,0.73,0.01,,,,,,,,0.22,,,0.14,,0.51,,,,,,,,,,
232,107166,,,,,,,0.06,,,,-0.11,0.76,0.33,,,,,,,,,,0.2,,,,-0.06,,,,-0.4,,,-0.18,0.47,,,,,,0.02,,,,,,,,,,,,0.36,,-0.31,,-0.13,,,,,,,,
233,107395,,,,,,,,,,,0.46,,0.92,,,,0.46,-0.29,,,,,-0.29,,,,-0.27,,,,0.16,,,,0.89,,,,,,0.35,0.14,,,,,,,,0.23,,,1.34,,,,1.09,-1.42,,,-0.8,-0.37,-0.33,-0.17,-0.03
234,107439,,,,,,,,,,,-0.1,,-0.25,,,,-0.25,,,,,,0.01,,-0.06,,-0.23,,,,-0.34,,,-0.09,0.22,,,,-0.65,,-0.09,0.65,,,,,,,,-0.09,,,-0.15,,-0.17,,0.54,,,,-0.07,0.11,0.02,-0.05,0.18
235,107455,,,,,,,1.05,,,,0.31,0.5,0.17,,,,,,,,,,0.16,,0.19,,-0.07,,,0.0,0.14,,,0.37,0.21,,,,,,0.48,0.31,,,,,,,,0.46,,,0.3,,-0.17,,,,,,,,,,
236,107460,,,-1.42,,,,,,,,-0.15,,-0.33,,,,,,,,,,,,-0.73,,,,,,,,,,,,,,,,-1.28,,,,,,,,,,,,,,,,,,,0.38,,,,,
237,107756,,,,,,,-0.01,0.23,-0.26,-0.75,,,,,,,,,,,,,,,,-1.4,,,,,,,,,,,,,,,,,,,,,,,,,,,,,,,,,,,-0.04,-0.2,-0.16,-0.54,-1.05
238,108055,,,,,,,,,,,0.18,,0.3,,,,,,,,,,,,-0.48,,,,,,,,,0.46,-0.77,,,,,,0.78,,,,,,,,,,,,0.54,,,,0.74,,,,-0.08,-0.24,-0.11,-0.04,1.35
239,108057,,,,,-1.3,,,,,-0.89,0.31,0.5,0.67,,,,0.06,,,,,,0.09,,0.47,,-0.24,,,,0.39,,,-0.72,-0.09,,,,,,0.35,0.61,,,,,,,,0.35,,,0.23,,,,0.85,,,,0.7,1.14,0.86,1.07,0.61
240,108058,,,,,,,,,,,-0.35,0.12,-0.3,,,,-0.04,,,,,,-0.39,,-0.32,,-0.31,,,,-0.26,,,,0.61,,,,-0.02,,-0.01,,,,,,,,,-0.47,,,0.39,,1.06,,0.07,-0.35,,,-0.07,0.15,-0.06,-0.09,-0.29
241,108075,,,,,,,,,,,0.67,,0.19,,,,,,,,,,,,,,,,,,-0.87,,,,-0.44,,,,,,0.97,,,,,,,,,1.27,,,,,,,,,,,-0.22,-0.68,-0.53,-0.54,-0.7
242,108076,,,,-0.65,,,,,-0.53,-0.15,-0.12,-0.09,-0.23,,,,0.29,,,,,0.05,0.02,,0.34,,0.32,,-0.04,,0.16,,,0.14,0.47,,,,,,0.07,0.03,,-0.12,,0.63,,,,0.34,,,-0.2,,,,-0.35,-0.42,,,0.99,0.74,0.66,0.59,0.25
243,108079,,,,,,,,,0.33,,-0.81,0.41,-0.45,,,,,,,,,,,,-0.31,,-0.27,,,,-0.36,,,,0.12,,,,,,-0.86,-1.35,,,,,,,,-0.02,,,-1.12,,-0.63,,,,,,-0.1,-0.39,-0.17,0.04,-0.06
244,108083,,,,0.24,,,,,0.39,,0.06,-0.07,-0.2,,,,,,,,,,0.19,,-0.18,,,,,,0.11,,,,0.15,,,,,,-0.27,,,-0.3,,,,,-1.31,,,,0.17,,0.26,,-0.23,,,,-0.4,0.16,-0.35,0.07,0.17
245,108085,,,,,,,,,-0.9,,0.02,,-0.2,,,,,,,,,-1.21,-0.71,,-0.28,,-0.24,,,,-0.37,,,-0.71,-0.92,,,,,0.5,-0.15,-0.27,,,,,,,,-0.09,,,0.46,,,,,-0.15,,,-0.06,0.07,0.14,0.08,0.22
246,108104,,,,,,,,,,,-0.13,-0.13,-0.58,,,,,,,,,,,,,,,,,,,,,,,,,,,,-0.57,,,,,,,,,,,,0.53,,,,,,,,,,,,
247,108113,,,,,,,,,,,0.17,0.45,0.14,,-0.54,,0.27,,,,,,0.38,,0.35,,-0.1,,,,0.24,,,0.35,-0.33,,,,,,0.22,0.19,,,,-0.02,,,0.5,0.03,,,0.48,,0.1,,0.13,0.99,,,,,,,
248,108114,,,,,,,,,,,0.13,-0.19,0.71,,,,,,0.12,,,,0.1,,0.12,,-0.12,,,-0.53,-0.12,,,-0.46,0.05,,,,,-0.1,-0.07,,,0.47,,,,,,0.49,,,-0.16,,,,,,,,,,,,
249,108300,,,,,,,,,,,0.16,,,,,,,,,,,,,,,,,,,,,,,,,,,,,,-0.32,,,,,,,,,,,,-0.73,,,,,,,,,,,,
250,108303,,,,,,,,,,,,0.0,-0.05,,,,,,,,,,,,,,-0.04,,,,,,,-0.24,0.04,,,,,,0.41,,,,,,,,-0.17,-0.02,,,-0.57,,,,,,,,,,,,
251,108305,,,,,,,0.17,,,,-0.04,-0.16,-0.49,,,,,,,,,,0.02,,0.61,,,,,,0.3,,,,0.09,,,,,,-0.44,,,,,,,,0.42,0.35,,,-0.31,,,,,,,,,,,,
252,108306,,,,,,,,,,,0.35,0.03,0.4,,,,-0.01,,0.41,,,,0.35,,,,0.0,,,,0.18,,,0.05,0.18,,,,,,0.0,-0.23,,,,1.47,,,0.23,0.26,,,-0.36,,,,,,,,,,,,
253,108410,,,,,,,,,,,0.1,,,,,,,,,,,,,,,0.35,,,,,,,,,-0.47,,,,,,,,,,,,,,,,,,-0.56,,,,-0.94,,,,-0.74,-0.71,-0.71,-0.99,-0.33
254,108420,,,,,,,,,,,0.33,,-0.14,,,,,,,,,0.56,-0.01,,0.39,,-0.17,,,,-0.14,,,-0.15,0.19,,,,,,-0.16,,,,,,,,,-0.23,,,-0.15,,0.12,,,,,,0.64,0.52,0.46,0.7,-0.05
255,108538,,,,,,,,,,,-0.26,-0.16,-0.56,,,,,,,,,,,,,,0.41,,,,,,,,,,,,,,-0.39,,,,,,,,,,,,-0.04,,0.36,,,,,,,,,,
256,108544,,,,,,,,,,,,,,,,,,,,,,,0.0,,,,,,,,,,,,,,,,,,,,,,,,,,0.46,,,,-0.36,,,,,,,,,,,,
257,108547,,,,,,,0.14,,,,0.03,0.22,-0.08,,,,0.54,,,,,-0.02,0.33,,-0.2,,0.18,,,,0.31,,,-0.1,0.43,,,,,0.21,0.22,-0.19,,,,,,,0.92,-0.03,,,0.05,,,,,,,,,,,,
258,108549,,,,,,,0.53,,,,0.6,,0.66,,,,0.36,0.91,0.89,,,,1.06,,,,0.27,,,-0.35,,,,0.29,0.44,,,,,,0.45,0.16,,,,,,,,0.84,,,0.25,,,,,-0.18,,,,,,,
259,108638,,,,,,,0.29,,,0.48,-0.08,-0.07,-0.15,,,,-0.27,-0.56,,,,,-0.14,,0.24,0.12,-0.25,-0.23,,0.11,0.11,,,,0.21,,,,,-0.19,0.28,0.97,,0.4,,,,,0.12,0.01,,,0.2,,,,,-0.39,,,0.22,0.16,0.07,0.33,0.32
260,108639,,,,,,,,,,,-0.2,-0.06,-0.08,,,,,,,,,,,,0.15,,-0.13,,,,,,,,-0.45,,,,,,-0.37,,,-0.45,,,,,,-0.52,,,-0.89,,,,-0.23,,,,-0.35,-0.64,-0.31,-0.36,0.09
261,108640,,,,,,,,,,,,,,,,,,,,,,,,,,,0.55,,,,,,,,-0.01,,,,,,,,,,,,,,,,,,,,,,,,,,-0.32,-0.65,-0.54,-0.57,-1.18
262,108641,,,,0.28,,,,,,,,,,,,,,,,,,,,,0.4,,,,,,,,,,,,,,,,,,,,,,,,,-1.46,,,,,,,0.66,,,,-1.0,-0.83,-0.83,-0.98,-0.96
263,108642,,,,,,,,,,,,-0.21,,,,,,,,,,,,,,,,,,,,,,,0.4,,,,,,,,,,,,,,,,,,-0.52,,,,,,,,-0.39,-0.47,-0.23,-0.69,-0.69
264,108645,,,,,,,,,,,-0.61,0.56,,,,,,,,,,,,,,,-0.32,,,,,,,,-0.89,,,,,,0.37,,,,,,,,,,,,,,,,-0.39,,,,-0.41,-0.44,-0.18,-0.11,0.18
265,109319,,,,,,,-0.83,,,,-0.65,,,,,,,,-0.74,,,,-0.04,,,,0.06,,0.29,,-0.21,,,,-0.92,,,,,,-0.56,,,,,,,,,0.29,,,-0.56,,,,-0.31,,,,0.37,0.21,0.24,0.24,0.18
266,109327,,,,,,,-0.29,,0.17,,0.01,-0.1,-0.32,,0.3,,-0.52,,-0.82,-0.21,,-0.57,0.17,,-0.29,0.05,0.06,,-0.47,-0.4,0.16,,,0.26,-0.05,,,,-0.19,0.04,0.41,-0.04,,0.16,,-0.5,0.09,,-0.35,0.18,,,-0.03,,-0.63,,-0.14,0.9,,,0.25,-0.13,0.22,0.47,0.8
267,109329,,,,,,,,,,,0.03,-0.33,-0.39,,,,-1.29,,,,,,-0.62,,,-0.34,-0.34,,,,-0.78,,,-0.66,-0.5,,,,,,-0.33,,,,,,,,,-0.4,,,-0.53,,-0.71,,-0.64,,,,0.54,-0.03,0.46,0.66,1.7
268,109334,,,,,,,0.63,,,,-0.25,0.26,-0.17,0.59,,,,,,,,,0.88,,0.04,,0.78,,,,0.12,,,0.25,0.26,,,,,,-0.05,-0.22,,,,,,,0.66,-0.39,,,0.07,,,,,,,,,,,,
269,109335,,,,,,,0.54,,,,-0.18,0.08,0.13,,,,-0.18,,,,,,-0.26,,,,,,,,0.07,,,,0.73,,,,,,0.2,,,,,,,,-1.11,-0.48,,,0.23,,,,0.48,,,,,,,,
270,109336,,,,,,,-0.12,0.65,,,0.21,0.44,0.24,,,,,,,,,,0.07,,-0.24,,,,,,0.46,,,,0.05,,,,,,0.56,0.3,,,,,,,0.09,0.18,,,0.15,,0.3,,,,,,,,,,
271,109337,,,,,,,,,,,0.18,,0.11,,,,0.9,,,,,,,,,,-0.5,,,,,,,-0.57,0.06,,,,,,0.34,,,,,,,,,0.26,,,0.3,,,,,,,,,,,,
272,109346,,,,,,,-0.51,,,,0.79,0.44,0.52,,,,0.81,,,,,,0.17,,,,-0.05,,,,0.47,,,0.66,0.16,,,,,,0.39,-0.32,,,,,,,0.77,0.44,,,0.69,,0.03,,,0.4,,,,,,,
273,109347,,,,,0.54,,0.92,,,,0.18,0.62,0.57,0.68,0.61,,,,,,,0.76,-0.23,,,,1.1,,,-0.05,0.44,,,,0.29,,,,,,0.38,0.31,,,,,,,0.58,0.14,,,0.76,,,,0.08,,,,,,,,
274,109348,,,,,,,0.23,,,,-0.69,,-0.19,,,,,,,,,-0.31,,,,,0.01,,,,0.31,,,,,,,,,,-0.04,,,,,,,,,-0.65,,,0.32,,,,,,,,,,,,
275,109360,,,,,0.98,,0.26,,-0.1,-0.21,0.32,0.64,,,,,,,,,,,-0.51,,,,0.37,,,,,,,,0.72,,,,,,0.33,,,-0.36,,,,,0.41,,,,0.3,,0.54,,,,,,,,,,
276,109362,,,,,,,0.55,,0.3,,-0.39,0.26,,,,,,,0.28,,,,0.64,,,,,,,,-0.21,,,,,,,,,,0.76,,,,,,,,,-0.42,,,0.15,,,,,0.22,,,,,,,
277,109369,,,,,,,0.68,,,,0.4,0.58,0.44,,0.27,,0.17,,0.45,,,,0.79,,-0.33,,0.56,,,,0.65,,,0.22,0.3,,,,,,0.12,0.17,,,,,,,0.88,0.59,,,0.44,,,,,-0.22,,,,,,,
278,109370,,,,,,,0.71,,,,0.53,0.55,0.16,,,,0.49,,,,,,0.33,,,,0.56,,-0.19,,0.09,,,0.03,0.26,,,,,,-0.19,-0.37,,,,,,,-0.12,-0.49,,,0.02,,0.52,,,-0.24,,,,,,,
279,109371,,,,,,,,,,,-0.12,0.68,0.13,,,,,,,,,0.32,,,,,-0.18,,,,,,,0.68,0.38,,,,,,0.16,0.23,,,,,,,,,,,-0.22,,,,,,,,,,,,
280,109374,,,,,,,0.51,,0.85,,0.17,0.81,0.35,,,,0.15,,,,,0.12,0.25,,0.22,,0.67,,,1.0,0.18,,0.27,0.39,0.08,,,,,0.19,0.03,-0.31,,,,,,,0.31,0.54,,,-0.14,,,,,0.6,,,,,,,
281,109669,,,,,,,,,,,-0.18,,,,,,,,,,,,,,,,-0.43,,,,,,,,,,,,,,0.29,,,0.43,,,,,,-0.24,,,0.38,,,,-0.16,,,,-0.18,-0.08,-0.24,-0.16,-1.27
282,109690,,,,,,,,-1.48,,,0.09,,-0.35,,,,,,,,,,,,,,,,,,,,,-0.32,,,,,-0.66,,0.36,-0.44,,0.14,,,,,,,,,0.44,,0.79,,-0.27,,,,-0.09,0.23,-0.26,-0.5,0.45
283,109707,,,,,,,,,,,0.16,,,,,,,,,,,,,,,,,,,,,,,,,,,,,,-0.21,,,,,,,,,,,,,,-0.23,,-0.36,,,,-0.35,-0.23,-0.19,-0.4,-0.71
284,109717,,,,,,,,,,,,,0.05,,,,,,,,,,,,,,,,,,,,,,,,,,,,,,,,,,,,,,,,,,,,,,,,,,,,
285,109718,,,,,,,-0.38,,,,0.53,-0.08,0.64,,-0.34,,0.48,,,,,,0.25,,,,-0.3,,,,0.45,,,0.72,0.33,,,,,,0.26,0.01,,,,,,,,0.75,,,,,,,,-0.46,,,,,,,
286,109727,,,,,,,-0.02,,,,0.13,-0.07,0.31,,0.25,,,,,,,-0.69,,,0.07,,0.0,,,,0.14,,,,,,,,,,-0.15,,,,,,,,-0.41,-0.37,,,0.39,,-0.16,,,,,,,,,,
287,109728,,,,,,,0.02,,,,0.0,0.62,-0.09,,0.12,,0.54,,0.49,,,,0.2,,,0.37,-0.38,,0.41,,,,,0.03,0.32,,,,,0.64,0.02,0.25,,,,,,,-0.51,0.06,,,0.1,,,,,,,,,,,,
288,110048,,,,-0.98,,,,,,,0.13,0.15,0.23,,,,0.58,,0.25,,,,0.47,,-0.34,,-0.32,,0.29,,0.66,,,0.02,-0.84,,,,,,0.34,1.06,,0.27,,,,,0.51,1.38,,,-0.09,,,,-0.22,-0.66,,,-0.01,0.07,0.54,0.04,-1.04
289,110063,,,,0.56,,,,,,,0.11,0.4,-0.53,,,,0.1,,,,,,0.09,,-0.01,,0.51,,,,-0.19,,,0.9,0.19,,,,,-0.12,-0.42,,,0.28,,,,,-0.15,-0.37,,,0.35,,,,-0.2,,,,-0.19,-0.2,-0.39,-0.04,-0.17
290,110069,,,,,,,,,,,0.0,0.05,0.45,,,,-0.35,,1.54,,,,,,,,-0.03,,,,0.01,,,,0.17,,,,-0.39,,-0.03,-0.56,,-0.25,,,,,,0.7,,,0.06,,,,-0.05,,,,-0.23,-0.15,0.14,-0.13,0.36
291,110078,,,,,,,,,,,,0.38,,,,,,,,,,,-0.13,,,,,,,,,,,-0.85,,,,,,,-0.28,,,,,,,,,,,,-0.53,,0.05,,0.17,,,,-0.69,-0.72,-0.98,-1.45,
292,110084,,,,,,,,,,,-0.31,-0.28,-0.36,,,,0.29,,,,,,-0.3,,,,0.13,,,,0.03,,,,0.4,,,,,,-0.04,-0.47,,,,,,,0.09,-0.79,,,0.21,,-0.33,,-0.07,,,,0.8,0.86,0.72,0.9,0.2
293,110102,,,,,,,0.96,,,,0.57,0.27,0.35,,,,0.03,,0.28,,,0.32,0.33,,,0.6,0.45,,0.13,,-0.23,,,-0.09,-0.08,,,,-0.19,-0.33,0.51,0.31,0.05,,,,,,,0.26,,,0.17,,,,-0.2,,,,0.37,0.43,0.18,0.12,-0.42
294,110107,,,,,,,,,,,0.27,,0.13,,,,,,,,,,,,,,,,,,,,,-0.18,,,,,,,-0.63,,,,,,,,,0.34,,,-0.53,,0.42,,-0.03,,,,0.06,-0.29,-0.11,-0.24,1.06
295,110109,,,,1.34,,,,,,,0.18,0.8,-0.05,,,,,,,,,,0.6,,,,1.33,,,,,,,,-0.03,,,,,,-0.24,,,0.63,,,,,,,,,0.47,,,,0.12,,,,,,,,
296,110110,,,,,,,,,,,-0.56,0.58,-0.22,,,,,,0.53,,,,0.19,,,,-0.16,,,,,,,0.33,0.41,,,,,,-0.01,,,,,0.28,0.05,,,-0.09,,,0.35,,,,,,,,,,,,
297,110111,,,,,,,,,,,-0.39,0.55,-0.12,,,,0.73,,,,,,0.52,,,,,,,,0.89,,,,,,,,,,1.27,,,,,,,,,0.9,,,0.54,,,,,,,,,,,,
298,110117,,,,,,,,,0.2,,,,-1.44,,,,,,,,,,,,,,,,,,,,,,,,,,,,-0.73,,,,,,,,,,,,-0.38,,,,,,,,,,,,
299,110119,,,,,,,,,1.08,,0.04,-0.6,-0.43,,,,,,,,,,,,,,,,,,,,,0.01,,,,,,,,,,,,,,,,,,,0.06,,,,,,,,,,,,
300,110120,,,,,,,0.28,,,,-0.03,,0.13,,,,,,,,,,0.4,,,,-0.15,,,,,,,-0.53,,-0.01,,,,,-0.05,,,,,,,,,,,,-0.41,,,,,,,,,,,,
301,110121,,,,,0.77,,0.37,,0.02,,0.25,0.69,,,,,,,,,,,0.9,,-0.28,,0.74,,0.63,,0.82,,,0.37,0.38,0.37,,,,,0.28,,,,,-0.03,,,0.56,-0.26,,,,,-0.07,,,,,,,,,,
302,110123,,,,,,,0.52,,,,0.58,0.11,0.32,,,,,,,,,,-0.05,,,,0.6,,,-0.08,0.4,,,-0.09,0.15,-0.42,,,,,0.25,,,,,,,,,0.05,,,-0.12,,0.17,,,,,,,,,,
303,110125,,,,,,,,,,,0.51,0.12,0.43,,,,,-0.05,,,,0.95,0.07,,,,-0.08,,,,-0.09,,,-0.2,0.37,,,0.21,,-0.33,0.09,0.16,,,,,,,,0.16,,,,,,,,,,,,,,,
304,110128,,,,,,,,,,,,,,,,,,,,,,,,,,,,,,,,,,,0.54,,,,,,,,,,,,,,,,,,-0.69,,,,,,,,,,,,
305,110132,,,,,,,,,,,,-0.03,,,,,,,,,,,0.44,,,,-0.06,,,,,,,,,,,,,,0.27,,,,,,,,,,,,0.04,,,,-0.07,,,,,,,,
306,110136,,,,,,,,,,,0.02,0.0,-0.01,,,,,,,,,,-0.49,,,,0.28,,,,0.07,,,,,,,,,,-0.02,-0.14,,,,,,,,-0.39,,,0.51,,,,,,,,,,,,
307,110137,,,,,,,,,,,,,,,,,,,,,,,-0.4,,,,,,,,0.28,,,,,,,,,,0.05,,,,,,,,0.42,,,,0.08,,,,0.19,,,,,,,,
308,110151,,,,,,,-0.19,,,,0.15,0.28,0.17,,,,0.26,,,,,,0.28,,,,-0.56,,,,,0.46,,-0.05,-0.08,,,,,,-0.22,-0.1,,,,,,,-0.37,0.23,,,-0.01,,-0.25,,,,,,,,,,
309,110152,,,,,,,,,,,0.54,0.16,0.63,,,,,,,,,,,,,,,,,,0.6,,,0.33,0.33,,,,,,,,,,,,,,,,,,-0.16,,,,-0.78,,,,,,,,
310,110153,,,,,,,,,-1.21,,-0.35,0.05,0.19,,,,,,,,,,0.39,,,,-0.18,,,,0.26,,,0.63,,,,,,,0.11,,,,,,,,0.5,0.16,,,0.45,,0.3,,-0.09,,,,,,,,
311,110158,,0.26,,,,,0.19,,,,,,0.14,,,-0.41,0.16,,0.57,,,0.09,0.13,,,,0.29,,,0.4,,,-0.26,0.02,-0.14,-0.42,0.07,0.17,,,-0.03,-0.06,,,,,0.56,,,0.2,,,,,0.23,,,0.34,,,,,,,
312,110159,,,,,,,,,,,-1.02,0.06,0.63,,,,,,,,,,0.45,,,,,,,,0.58,,,-0.56,-0.34,,,,,0.28,0.01,,,,,,,,0.07,0.27,,,-0.58,,,,-0.36,,,,,,,,
313,110165,,,,,,,,,,,-0.29,0.02,0.28,,,,,,,,,,-0.32,,-1.69,,-0.25,,,,,,,,0.63,,,,,,0.19,,,,,,,,,-0.08,,,-0.22,,-0.27,,,-0.23,,,,,,,
314,110180,,,,,,,,,-0.89,,,,,,,,,,,,,,,,,,,,,,,,,,,,,,,,,,,,,,,,,,,,,,,,,,,,-0.22,0.97,0.78,1.87,0.11
315,110484,,,,,,,-1.5,,,,-0.2,,-0.38,,,,,,,,,,,,-0.01,,,,,,-0.79,,,,,,,,,,-0.61,,,,,,,,0.86,-0.52,,,0.49,,,,,,,,-0.31,-0.27,-0.46,-0.44,0.23
316,110488,,,,,,,,,,,,0.1,,,,,,,,,,,,,,,0.09,,-0.25,,-0.34,,,,0.13,,,,,,,,,,,,,,,,,,0.17,,-0.58,,-0.47,,,,0.3,-0.11,-0.13,0.07,0.36
317,110517,,,,,,,0.24,,,,-0.35,0.13,0.01,,,,0.72,0.66,,,,,0.5,,,0.09,-0.04,,0.26,,0.32,,,-0.76,0.29,,0.14,,,,-0.17,-0.66,,,,,,,,0.78,0.57,,0.47,,-0.08,,0.38,,,,0.13,-0.06,-0.29,-0.65,-0.77
318,110532,,,,0.02,,,,,,,-0.35,,,,,,0.1,,,,,,,,,,-0.37,,0.53,,,,,-0.31,0.06,,,,,,0.68,,,-0.59,,,,,,,,,-0.43,,,,0.09,,,,-0.5,-0.43,-0.87,-0.82,-2.03
319,110533,,,,,,,,,,,-0.34,,-1.09,,,,,,-1.0,,,,,,-0.3,,-0.59,,,,0.09,,,,0.02,,,,,,0.06,,,,,,,,,-0.41,,,0.03,,0.11,,-0.12,,,,0.32,0.08,-0.24,0.47,-0.94
320,110536,,,,,,,,,,,,0.22,,,,,,,,,,,,,,,,,,,,,,,-0.18,,,,,,-0.08,,,,,,,,,,,,,,,,,,,,,,,,
321,110544,,,,,,,,,,,,,,,,,,,,,,,-0.01,,,,,,,,,,,,,,,,,,0.41,,,,,,,,,,,,0.47,,,,0.69,,,,,,,,
322,110545,,,,,,,,,,,-0.21,0.52,-0.4,,,,,,,,,0.36,,,,,0.37,,,,,,,,,,,,,,-0.33,,,,,,,,,,,,0.63,,,,0.79,,,,,,,,
323,110547,,,,,,,,,,,0.0,,-0.03,,,,-0.57,,,,,,-0.16,,,,0.29,,,-0.02,-0.41,,,-0.45,-0.16,0.3,,0.13,,,-0.14,-0.29,,,,,,,,-0.42,,,0.03,,-0.15,,,-0.4,,,,,,,
324,110548,,,,,,,0.28,,,,0.22,0.62,0.78,0.26,,,1.65,,0.29,,,-0.34,0.3,,,,-0.58,,0.15,0.19,-0.02,,,0.0,0.21,0.1,,,,,0.41,-0.14,,,,,,,1.09,0.35,,,-0.07,,0.31,0.11,,0.17,,,,,,,
325,110549,,,,,,,,,,,,,,,,,,,,,,,0.38,,,,,,,,,,,,,,,,,,,,,,,,,,,,,,0.47,,,,,,,,,,,,
326,110907,,,,-1.33,,,,,,,-1.02,,-1.26,,,,,,,,,,,,,,,,,,,,,,,,,,,,-0.77,,,-0.68,,,,,,,,,,,0.12,,-0.62,,,,0.71,0.52,0.42,0.85,1.57
327,110910,,,,,,,,,,,0.42,,0.39,,,,,,,,,,,,,,,,,,,,,,,,,,,,0.03,,,,,,,,,,,,0.22,,,,,,,,,,,,
328,110912,,,,,,,1.11,,,,-0.17,,-0.27,,,,,,,,,,,,,,0.03,,,,,,,,0.41,,,,,,-0.25,,,,,,,,,0.1,,,0.58,,,,,,,,,,,,
329,110914,,,,,,,1.13,,,,0.56,0.51,0.67,,,,,,,,,,0.34,,,,0.0,,,0.63,0.55,,,0.11,0.25,,,,,,0.13,-0.64,,,,,,,0.45,0.09,,,0.26,,0.38,,,0.1,,,,,,,
330,110916,,,,,,,0.32,,0.79,1.01,-0.53,-0.7,0.19,,0.15,,,,-0.26,,,,-0.34,,,,0.05,,0.02,,0.36,,,0.62,0.61,,,,,,0.43,0.1,,,,,,,,0.75,,,0.14,,0.04,,,1.02,,,,,,,
331,110923,,0.21,,0.47,,,,,,,0.41,,0.17,,,,0.54,,,,,,0.62,,,,0.9,,,-0.22,0.63,,,0.53,0.34,,,,,0.61,0.29,0.05,,,,1.37,,,,0.52,,,0.22,,0.15,,,,,,,,,,
332,110924,,,,,,,,,,,0.15,0.49,0.13,,,,,,0.15,,,,-0.15,,,,0.32,,,0.11,0.49,,,0.11,0.32,,,,,,0.01,0.02,,,,0.47,,,0.55,0.4,,,0.31,,,,,0.31,,,,,,,
333,110925,,,,,,,0.66,,0.96,,-0.29,0.0,0.45,,,,,,0.85,,,,0.52,,-0.23,,-0.09,,,,0.27,,,0.38,0.45,,,,,,0.59,-0.06,,,,,,,0.88,0.87,,,,,0.17,,,0.14,,,,,,,
334,110926,,,,,,,-0.4,,,,0.56,-0.92,-0.28,,,,,,,,,,-0.45,,,,-0.09,,,,0.06,,,,0.17,,,,,,-0.26,,,,,,,,,0.05,,,-0.01,,,,,,,,,,,,
335,110930,,,,,,,,,,,0.67,0.41,1.36,,,,,,,,,,-0.35,,,,,,,,,,,,,,,,,,0.77,,,,,,,,,0.06,,,,,,,,,,,,,,,
336,110932,,,,,,,,,,,,,,,,,,,,,,,,,,,,,,,,,,,,,,,,,-0.78,,,,,,,,,,,,,,,,,,,,,,,,
337,111419,,,,,,,,,,,-0.09,,-0.55,,,,,,,,,,,,,,,,,,-0.01,,,,0.26,,,,-0.08,,-0.1,,,0.5,,,,,,,,,0.01,,,,,,,,-0.4,-0.61,-0.82,-0.8,-1.32
338,111422,,,,,,,0.3,,-0.08,,0.21,0.17,0.63,,,,-0.48,,-0.52,,,,-0.04,,-0.23,,0.0,,,-0.42,0.16,,,0.39,0.26,,,,,,0.25,,,0.06,,,,,0.15,0.46,,,0.05,,,,0.11,-0.14,,,0.38,0.15,0.44,0.78,1.04
339,111424,,,,-0.93,,,,,,,0.0,,-0.05,,,,0.17,,0.38,,,1.14,-0.41,,0.28,,0.49,,,,-0.27,,,0.97,-0.06,,,,,,-0.06,0.3,,0.13,,,,,,0.11,,,-0.08,,0.13,,-0.4,,,,0.69,0.64,0.77,0.88,0.08
340,111429,,,,,,,,,0.32,,0.7,,0.14,,,,,,,,,,,,,0.16,,,,,0.96,,,0.04,0.81,,,,,,-0.65,,,,,,,,,,,,-0.59,,,,,,,,-0.62,-0.56,-0.65,-0.47,-0.21
341,111440,,,,,,,,,-0.36,,-1.22,-0.32,,,,,-0.41,,,,,,,,,,0.1,,,,-0.07,,,,0.03,,,,,,-0.55,,,0.01,,,,,,0.22,,,-0.59,,,,0.41,,,,-0.29,0.25,0.15,0.15,-0.45
342,111443,,,,,,,,,,-0.14,0.26,-0.11,0.16,,,,-0.95,,0.2,,,,0.33,,0.13,,-0.09,,,,-0.27,,-0.46,0.19,0.52,,,,,0.41,0.23,-0.69,,-0.06,,,,,0.28,0.29,,,-0.31,,,,0.37,,,,0.15,-0.03,0.17,0.3,0.63
343,111450,,,,-0.05,,,,,,,0.24,-0.15,-0.13,,,,,,,,,,-0.91,,0.33,,0.49,,,,-0.5,,,,-0.74,,,,-0.36,,-0.54,,,,,,,,-0.28,,,,0.25,,-0.54,,,,,,0.28,0.13,-0.01,-0.13,-0.31
344,111471,,,,,0.39,,,0.38,,,0.19,0.56,0.75,,,,,,,,,,0.56,,,,,,,,0.71,,,,0.45,,,,,,0.61,0.51,,,,,,,1.35,0.47,,,0.78,,,,,,,,,,,,
345,111473,,,,0.74,,,,,,,0.42,0.93,0.25,,,,0.29,,,,,,0.91,,0.28,,0.42,,,,-0.07,,,0.58,0.07,,,,,,0.65,,,,,,,,,0.34,,,0.44,,,,,,,,,,,,
346,111478,,,,,,,,,,,0.05,,-0.28,,,,,,,,,,,,,,,,,,,,,,,,,,,,-1.11,,,,,,,,,,,,0.03,,,,,,,,,,,,
347,111482,,,,,,,,,,,,,,,,,,,,,,,,,,,-1.04,,,,,,,,,,,,,,,,,,,,,,,,,,,,,,,,,,,,,,
348,111484,,,,0.48,,,,,,,-0.14,0.54,-0.06,,,,,,,,,0.13,,,,,,,,,0.2,,,,,,,,,,0.22,,,,,,,,,,,,0.39,,,,,,,,,,,,
349,111485,,,,0.05,,,,,,,0.09,0.48,0.53,,,,0.21,,0.69,,,0.28,0.49,,0.5,,1.02,,,,0.7,,,0.92,0.43,,,,,,0.37,0.17,,,,,,,0.23,0.72,,,0.62,,,,,,,,,,,,
350,111486,,,,,,,,,,,0.53,0.71,0.43,,,,,,,,,,,,,,0.76,,,,,,,,,,,,,,-0.21,,,,,,,,,,,,0.38,,,,,,,,,,,,
351,111768,,,,,,,,,,,,,,,,,,,,,,,,,,,,,,,,,,,0.22,,,,,,,,,,,,,,,,,,-0.11,,,,,,,,,,,,
352,111769,,,,,,,,,,,-0.01,-0.34,0.24,,-0.03,,,,-0.23,,,0.4,0.73,,,,0.15,,,0.08,0.28,,,-0.51,-0.1,,,,,,-0.15,-0.4,,,,,,,0.44,-0.57,,,-0.3,,,,,,,,,,,,
353,112041,,,,,,,,,,,-0.66,,-0.66,,,,,,,,,,,,-0.54,,,,,,,,,,-0.43,,,,,,,,,-0.86,,,,,,,,,-0.95,,,,,,,,-0.47,-0.45,-0.21,-0.45,-0.16
354,112045,,,,,,,,,1.08,,0.48,,0.12,,,,-0.12,,,,,,-0.28,,,,-0.29,,,,0.44,,,,-0.28,,,,,,-0.35,,,,,,,,,-0.06,,,-0.21,,,,-0.64,,,,-0.45,-0.01,-0.26,-0.23,-0.75
355,112076,,,,,,,-0.08,,,,-0.08,0.89,0.43,,,,,,,,,0.02,0.48,,,,0.31,,,,-0.07,0.82,,,0.38,,,,,,0.01,,,,,,,,,0.1,,,0.69,,0.46,,,,,,,,,,
356,112077,,,,,,,,,,,0.1,,,,,,,,,,,,,,,,,,,,,,,,,,,,,,,,,,,,,,,,,,,,,,,,,,,,,,
357,112379,,,,,,,,,,,,,,,,,,,,,,,,,,,0.19,,,,,,,,,,,,,,,,,,,,,,,,,,,,,,,,,,-0.08,-0.34,0.21,-0.62,0.64
358,112382,,,,0.8,,,0.69,,,,,,,,,,,,,,,,,,,,-0.24,,,,-0.52,,,,,,,,,,-0.32,,,,,,,,,,,,,,-0.2,,,,,,-0.68,-0.67,-0.97,-1.21,0.2
359,112385,,,,,,,-0.14,,,,-0.15,-0.07,-0.11,,,,0.88,,0.21,,,,,,-0.51,,-0.24,,,,-0.29,,-1.69,,-0.15,,,,0.24,,-0.28,-0.31,,-0.01,,-0.06,,,,-0.08,,,-0.17,,,,0.23,,,,-0.46,-0.2,0.18,-0.15,0.38
360,112388,,,,,,,,,,,,,,,,,,,-0.9,,,,,,,,,,,,,,,,,,,,,,,,,,,,,,,,,,,,,,,,,,-0.29,-0.15,-0.05,-0.46,
361,112393,,,,,,,0.05,,,,0.31,,0.64,,,,,,,,,,,,0.19,,0.18,,,,0.22,,,,0.34,,,,,,0.09,,,-0.3,,,,,0.02,-0.6,,,0.39,,,,0.22,,,,0.28,0.0,0.04,0.2,-1.12
362,112397,,,,,,,-0.26,,,,-0.39,0.17,-0.61,,,,-0.46,,,,,,,,-0.16,,0.48,,,,0.13,,,,0.6,,,,,,0.02,,,,,,,,-0.24,-0.35,,,-0.51,,0.33,,-0.54,,,,-0.35,0.33,0.2,0.3,0.63
363,112398,,,,,,,,,,,0.05,,-1.22,,,,,,,,,,,,-0.3,,,,,,-0.45,,,-1.04,-0.59,,,,,,0.24,,,,,,,,,-0.55,,,,,-0.33,,-0.65,,,,-0.09,-0.57,-0.5,-0.21,0.5
364,112442,,,,,,,,,,,,,,,,,,,,,,,,,,,,,,,,,,,,,,,,,0.84,,,,,,,,,,,,,,,,,,,,,,,,
365,112451,,,,0.08,,,,,,,-0.23,-0.18,0.33,,0.25,,,,,,,,0.29,,,,0.54,,,,,,,,0.35,,,,,,0.2,,,,,,,,0.58,0.36,,,0.14,,0.21,,,,,,,,,,
366,112453,,,,,,,,,,,1.04,,,,,,,,0.43,,,,,,,,,,,,0.45,,,,,,,,,,-0.24,,,,,,,,,-0.2,,,0.25,,,,,,,,,,,,
367,112951,,,,,,,,,,,,,,,,,,,,,,,,,0.76,,,,,,,,,,,,,,,,,,,,,,,,,,,,,,,,,,,,-0.49,-0.4,-0.54,-0.86,
368,112956,,,,,,,,,,,-0.03,0.15,-0.08,,,,-0.06,,-0.27,,,,-0.51,,0.5,,0.0,,,,-0.51,0.56,,-0.6,-0.17,,,,,,-0.19,0.22,,,,,,,,0.11,,,0.27,,-0.61,,-0.26,,,,0.56,0.29,0.55,-0.13,0.21
369,112969,,,,0.09,,,,,,,0.52,0.38,-0.09,,,,0.95,,,,,,,,-0.05,,-0.02,,-0.11,,0.24,,,-0.32,-0.12,,,,,0.31,0.43,0.38,,,,,,,-0.09,0.28,,,0.3,,,,0.38,,,,-0.27,0.25,0.33,0.21,-0.71
370,112989,,,,,,,,,,,-0.34,-0.44,-0.8,,,,,,,,,,,,0.08,,-0.36,,,,0.07,,,-0.18,-0.39,,,,,,0.18,,,,,,,,0.38,,,,-0.3,,,,-0.48,,,,-0.08,-0.25,-0.49,-0.33,0.23
371,112996,,,,,,,-0.55,,,0.08,0.84,,0.71,,,,,,0.41,,,0.44,0.48,,-0.23,,0.26,,,,0.64,,,,-0.32,,,,,,0.59,0.2,,-0.05,,,,,,0.97,,,0.03,,0.12,,,,,,0.17,0.34,0.39,0.2,-0.17
372,113003,,,,,,,,,,,,0.44,,,,,,,,,,,,,,,,,,,,,,,,,,,,,,,,,,,,,,,,,,,,,,,,,,,,,
373,113004,,,,,,,,,,,0.7,0.35,0.72,,,,0.16,,0.41,,,,0.63,,,-0.43,-0.07,,,,0.3,,,0.31,0.35,,,,,,0.52,0.08,,,,,,,0.56,0.59,,,0.6,,0.24,,,,,,,,,,
374,113009,,,,,,,,,,,0.55,0.58,0.06,,,,,,0.32,,,0.0,0.54,,,,0.57,,,0.28,0.52,,,0.19,0.57,,,,,,0.45,0.24,,,,,,,0.17,0.57,,,0.51,,,,,-0.06,,,,,,,
375,113010,,,,,,,,,,,-1.5,0.32,,,,,,,,,,,-0.53,,,,,,,,0.41,,,-0.4,0.38,,,,,,-0.51,,,,,,,,0.01,,,,-0.44,,,,,,,,,,,,
376,113017,,,,,,,,,,,0.37,-0.16,0.09,,,,,,,,,,,,,,,,,,0.94,,,,,,,,,,0.11,,,,,,,,0.13,-0.81,,,0.53,,,,,,,,,,,,
377,113028,,,,,,,,,,,0.45,,,,,,,,,,,,,,,,,,,,,,,,,,,,,,,,,,,,,,,,,,,,,,,,,,,,,,
378,113526,,,,,,,,,,,-0.39,,,,,,,,,,,,,,,,0.18,,,,0.02,,,,0.14,,,,,-0.22,-0.82,,,,,,,,-0.75,-0.87,,,0.26,,,,,,,,-0.24,-0.04,-0.18,-0.11,-0.97
379,113533,,,,,,,,,,,,,,,,,,,,,,,,,,,,,,,,,,,,,,,,,0.75,,,,,,,,,,,,0.46,,,,-0.32,,,,-0.35,-0.07,0.07,-0.23,1.24
380,113551,,,,,,,,,,,,,,,,,,,,,,,,,,,,,,,,,,,,,,,,,,,,-0.17,,,,,,,,,,,,,,,,,-1.05,-0.7,-0.66,-0.5,0.12
381,113573,,,,,,,,,,,0.47,0.21,-0.15,,,,,,,,,,0.27,,,,-0.01,,,-0.33,1.0,,,-0.36,-0.16,,,,,,-0.24,,,,,,,,0.74,-0.71,,,0.13,,,,,,,,,,,,
382,113575,,,,,,,0.59,,,,-0.26,0.37,-0.11,,,,,,1.39,,,,0.47,,,,0.62,,,-0.31,,,,-0.3,0.29,,,,,,-0.55,,,,,,,,1.16,-0.7,,,-0.02,,,,,,,,,,,,
383,113604,,,,,,,,,,,-1.04,,,,,,,,,,,,,,,,,,,,-0.36,,,,,,,,,,-0.43,,,,,,,,,,,,,,,,,,,,,,,,
384,113605,,,,,,,,,,,,,,,,,,,,,,,,,,,-0.17,,,,0.03,,,,,,,,,,,,,,,,,,,,,,0.13,,,,,,,,,,,,
385,113606,,,,,,,0.04,,,,0.32,0.19,0.02,,,,,,,,,,,,,,0.13,,,,,,,,,,,,,,0.45,,,,,,,,,0.37,,,0.33,,0.38,,,0.49,,,,,,,
386,113607,,,,,,,,,,,0.54,0.39,0.48,,0.12,,,,0.75,,,0.5,0.11,,,,0.11,,,0.01,,,,0.03,0.42,,,,,,-0.04,0.43,,,,,,,,0.62,,,0.26,,,,,,,,,,,,
387,113608,,,,,,,,,,,0.12,-0.3,-0.19,,,,,,,0.3,,,,,,,0.96,,,,,,,,,,,,,,0.06,,,,,,,,,0.51,,,,,,,,,,,,,,,
388,113609,,,,,,,,,,,0.1,,-0.34,,0.3,,,,,,,,0.11,,,,,,,,0.84,,,,,,,,,,0.12,,,,,,,,0.68,-0.36,,,-0.57,,0.81,,,,,,,,,,
389,113854,,,,,,,0.21,,0.35,0.28,-0.28,-0.21,0.21,,,,0.0,,-0.76,,,,,,-0.41,,0.0,,,,-0.65,,,,0.1,,,,,,0.26,-0.54,,,,,,,,-0.2,,,-0.3,,,,0.4,,,,0.26,0.49,0.25,0.33,-0.12
390,113863,,,,,,,-0.46,,-0.71,,-0.34,0.21,-0.64,,,,-0.96,,0.79,,,-0.09,,,,,0.15,,,,-0.1,,,-0.23,-0.18,,,,,,0.2,,,,,,,,,0.33,,,0.57,,-0.09,,0.71,,,,0.46,0.4,0.24,0.18,1.05
391,113882,,,,,,,0.62,,-0.92,,-0.01,0.53,0.61,,,,-0.61,,0.03,,,-0.04,0.03,,0.01,,0.28,,,,0.59,,,-0.18,0.2,,,,0.69,,0.04,,,0.2,,,,,-0.15,-0.59,,,0.34,,,,,,,,-0.15,-0.21,-0.34,-0.26,-0.65
392,113884,,,,,,,0.15,,-0.42,,-0.4,0.04,,,,,,,,,,,,,,,-1.0,,0.13,,0.51,,,,,,,,,,0.11,,,,,,,,,-0.3,,,,,,,,,,,-0.16,-0.05,0.21,0.14,0.07
393,113888,,,,,,,,,,,0.35,1.05,1.17,,,,,,-1.02,,,,0.77,,,-0.27,,,,,,,,,0.53,,,,,,-0.21,,,,,,,,-0.04,-0.57,,,0.73,,,,0.36,,,,-0.55,-0.29,0.1,-0.37,-1.06
394,113893,,,,,,,,,,,-0.37,-0.18,0.18,,,,,,,,,,,,-0.57,,,,,,-0.4,,,-0.54,-0.48,,,,,,0.36,,,,,,,,-0.11,0.3,,,-0.32,,-0.91,,-0.72,,,,-0.13,0.14,0.18,0.19,0.4
395,113901,,,,0.02,,,,-0.49,0.23,,0.23,,0.58,,0.58,,,,,,,-0.84,,,-0.06,,0.43,-0.27,,,-0.35,,,,0.0,,,,0.58,,-0.08,0.03,,0.33,,,,,-0.79,-0.1,,,0.6,,,,0.21,,,,0.28,0.19,0.04,0.25,-0.39
396,113910,,,,,,,0.23,,,,0.05,0.27,0.26,,0.79,,0.18,,0.59,,,0.15,0.23,,,,0.46,,,0.54,,,,0.96,0.77,-0.32,,,,,0.77,,,,,,,,-0.46,1.06,,,0.18,,,,,,,,,,,,
397,113912,,,,-0.13,,,,,0.03,,0.14,-0.55,0.35,,,,,,0.09,,,,-0.44,,,,0.86,,,,0.21,,,,,,,,,,-0.28,,,,,,,,,,,,-0.81,,,,,,,,,,,,
398,113918,,,,,,,-0.03,,,,,0.65,0.05,,,,,,0.69,,,,0.81,,,,-0.16,,,0.84,,,-0.83,-0.22,0.53,0.07,,0.35,,,0.49,-0.34,,,,,-0.19,,0.38,0.72,,,-0.3,,0.18,,,0.38,,,,,,,
399,113919,,,,,,,0.17,,,,0.47,0.48,0.15,,,,,,,0.25,,,0.2,,-0.19,,,,,,0.6,,,0.26,0.75,0.56,,,,,-0.44,,,,,,,,0.75,-0.74,,,0.37,,,,0.42,,,,,,,,
400,113920,,,,,,,,,,,0.57,,,,,,,,,,,,,,,,,,,,0.02,,,,,,,,,,-0.61,,,,,,,,0.31,,,,-0.85,,,,,,,,,,,,
401,113922,,,,,,,,,,,0.4,0.18,0.82,,0.6,,,,,,,-0.05,0.25,,,,0.16,,,-0.63,,,,0.98,0.24,,,,,,-0.01,0.27,,,,,,,0.78,0.77,,,,,0.33,,,-0.14,,,,,,,
402,113932,,,,,,,,,-1.31,,,,,,,,,,,,,,,,,,,,,,,,,,,,,,,,-0.77,,,,,,,,,,,,,,,,,,,,,,,,
403,113937,,,,,,,,,,,,0.04,,,,,,,,,,,,,,,,,,,,,,,,,,,,,,,,,,,,,,,,,0.72,,,,,,,,,,,,
404,113945,,,,,,,,,,,0.1,,0.11,,,,,,,,,0.16,,,,,,,,,1.1,,,,,,,,,,0.22,,,,,,,,,,,,0.33,,-0.25,,,,,,,,,,
405,114312,,,,,,,1.03,,,,0.03,-0.02,-0.29,,,,0.47,,,,,,0.33,,0.78,,0.23,,,0.29,0.32,,,-0.2,-0.13,,,,,,0.31,0.47,,-0.07,,,,,0.0,-0.02,,,-0.15,,0.02,,0.1,0.8,,,-0.04,0.25,0.43,0.19,1.12
406,114330,,,,,,,,,,,0.0,,-0.47,,,,,,,,,,,,,,-0.14,,,,,,,,0.67,,,,,,,,,,,,,,,,,,-0.25,,,,,,,,,,,,
407,114331,,,,-0.2,,,,,,,0.31,0.06,0.17,,,,,,,,,-0.06,0.3,,,-0.09,,,,,0.55,,,,0.26,,,,,,0.14,,,,,,,,0.07,0.09,,,-0.06,,0.06,,,,,,,,,,
408,114336,,,,-0.13,,,,,,,0.36,0.0,0.56,,,,,,,,,,0.12,,-0.15,,,,,,0.61,,,,0.33,,,,,,1.17,,,,,,,,,1.01,,,-0.2,,,,,,,,,,,,
409,114587,,,,0.0,,,,,0.83,,-0.1,0.02,-0.85,,,,0.22,,-0.25,,,-0.23,0.25,,0.4,,0.08,,,,0.07,,,-0.06,0.09,,,,,,-0.03,-0.09,,,,,,,-0.26,-0.18,,,0.35,,,,-0.03,,,,0.57,0.14,0.01,0.42,-0.25
410,114590,,,,,,,0.39,,0.65,,0.14,-0.02,0.3,,,,-0.13,,,,,,-0.11,,,,-0.24,,-0.13,,-0.01,,,,-0.29,,,,,0.27,0.46,0.63,,-0.19,,,,,,0.05,,,-0.52,,,,-0.19,,,,0.13,0.17,0.33,0.66,-0.15
411,114611,,,,,,,0.15,-0.06,0.49,-0.26,0.61,-0.54,0.58,,,,0.4,,0.97,,,,0.04,,0.06,,-0.02,,-0.38,0.68,0.23,,-0.23,0.32,0.43,,,,-0.02,,0.79,0.71,,-0.12,,,,,-0.01,0.33,,,0.3,,-0.14,,0.36,0.41,,,0.24,0.48,0.69,0.81,1.63
412,114614,,,,,,,0.38,,0.58,,0.16,0.55,0.48,,,,0.22,,-0.58,,,0.75,0.39,,,,0.56,,,0.14,0.4,,,-0.04,0.15,,,0.14,,,0.33,0.11,,,,0.83,,,,0.06,,,0.24,,-0.27,,,0.06,,,,,,,
413,114616,,,,0.6,,,,,,,0.01,,-0.13,0.26,,,,,,,,,-0.13,,,,0.58,,,,0.03,,,0.38,0.11,,,,,,-0.36,,,,,,,,,,,,-0.47,,-0.1,,,,,,,,,,
414,114622,,,,,,,,,0.79,,,,,,,,,,,,,,-0.14,,,,,,,,,,,,,,,,,,0.09,-1.69,,,,,,,,-0.27,,,-0.38,,0.16,,,,,,,,,,
415,114625,,,,,,,0.85,,,,-0.31,,,,,,,,,,,,,,,,0.52,,,,,,,,,,,,,,-1.42,,,,,,,,,-1.16,,,-0.21,,,,,,,,,,,,
416,114627,,,,1.26,1.53,,,,,,0.41,0.44,-0.21,,,,,,,,,,0.5,,,,-0.12,,,,,,,0.77,0.34,,,,,,0.13,,,,,,,,,0.28,,,0.72,,0.7,,,,,,,,,,
417,114634,,,,,,,,,,,,,-0.26,,,,,,,,,,-0.6,,,,,,,,0.91,,,,0.17,,,,,,-0.22,,,,,,,,,,,,-0.67,,,,,,,,,,,,
418,114640,,,,,,,,,,,-0.19,,,,,,,,,,,0.68,0.55,,,,,,,,,,,,-1.08,,,,,,0.68,,,,,,,,,,,,-0.06,,,,,,,,,,,,
419,114650,,,,0.43,,,,,0.78,,0.33,-0.05,0.36,,,,,,-0.48,,,,0.67,,,,0.53,,,0.05,0.09,,,0.15,0.13,,,,,-0.07,-0.06,0.21,,,,,,,0.0,0.06,,,,,,,,,,,,,,,
420,114657,,,,,,,,,0.84,,0.68,,,,,,,,,,,0.8,,,,,0.15,,,,0.21,,,,-0.03,,,,,,,,,,,,,,,-0.4,,,0.37,,,,,,,,,,,,
421,114658,,,,,,,,,,,,,,,,,,,,,,,,,,,,,,,,,,,,,,,,,,,,,,,,,,,,,0.69,,,,,,,,,,,,
422,115238,,,,0.04,,,,,-0.52,,0.47,0.25,0.95,,,,-0.23,,,,,,-0.32,,0.39,,-0.09,-1.12,0.22,,-0.17,,,-0.39,-0.95,,,,,,0.35,0.0,,,,,,,1.24,0.1,,,0.43,,0.17,,0.46,,,,0.24,-0.11,0.04,-0.23,1.62
423,115322,-0.54,,,,,,,,,,-0.66,-0.36,-0.61,,,,,,,,,,-0.32,,,0.14,-0.36,,,,,,,,-0.49,,,,-0.69,,-0.28,,,-0.21,,,,,,-0.55,,,-0.38,,-0.09,,-0.01,,,,0.29,0.03,-0.28,-0.3,-0.65
424,115387,,,,,,,0.57,,,,0.67,0.44,0.03,,,,,,,,,,0.59,,,,0.62,,,,-0.05,,,-0.1,0.89,,,,,,-0.28,,,,,,,,-0.55,0.71,,,-0.2,,0.45,,,-0.86,,,,,,,
425,115392,,,,-0.11,,,,,,,-0.66,,-0.15,,,,0.86,,,,,-0.18,0.29,,,,0.23,,,,-0.23,,,,0.08,,,,,,0.17,0.65,,,,,,,,-0.09,,,0.08,,,,,,,,,,,,
426,115395,,,,,,,,,,,0.11,-0.08,,,0.64,,0.18,,0.41,,,,0.46,,,,0.08,,,,0.69,,,-0.25,-0.56,,,,,,0.15,,,-0.01,,,,,1.05,0.12,,,0.06,,0.11,,,,,,,,,,
427,115429,,,,,,,-0.06,,,,0.03,0.43,0.66,,,,0.55,,,,,0.31,0.39,,,,-0.13,,,0.81,,,,0.38,0.08,,,,,,0.4,-0.06,,,,,,,0.5,0.66,,,0.42,,0.4,,,,,,,,,,
428,115723,,,,,,,,,-0.33,,-0.09,,-1.21,,,,,,,,,-0.44,,,,,-0.08,,,,-0.65,,,,-0.36,,,,,-1.12,-1.62,,,,,,,,,,,,0.02,,,,-1.36,,,,-0.34,-0.34,-0.47,-0.31,-1.07
429,115758,,,,,,,-0.16,,,,0.31,0.34,-0.11,,,,,,,,,,,,,,0.1,,,,,,,,,,,,,,-0.15,,,0.77,,,,,,-0.01,,,0.59,,,,0.09,,,,0.19,-0.18,-0.08,0.28,0.32
430,115780,,,,,,,,,0.11,,-0.25,0.02,,,,,-0.75,,0.44,,,,-0.97,,,,-0.03,,,,-0.39,,,0.23,,,,,,,-0.97,,,,,,,,0.34,-0.4,,,-0.13,,-0.05,,,,,,,,,,
431,115787,,,,,,,,,,,,,,,,,,,0.53,,,,0.24,,,,0.32,,,,0.3,,,,0.65,,,,,,-0.13,,,,,,,,,0.63,,,0.28,,,,,,,,,,,,
432,115788,,,,,,,0.96,,,,0.06,0.31,-0.05,-0.19,,,,,0.76,,,,0.38,,,,,,-0.17,,,,,,-0.06,,,,,,0.03,,,,,,,,-0.19,-0.5,,,0.56,,,,,,,,,,,,
433,115789,,,,,,,0.54,,,,0.03,,,,,,,,,,,,0.02,,0.52,,0.28,,,,-0.02,,,,0.51,,,,,,0.32,,,,,,,,,,,,1.34,,,,,,,,,,,,
434,115794,,,,,,,,,-0.78,,,0.04,,,,,,,0.36,,,,0.33,,,,,,,,,,,0.2,0.2,,,,,,1.13,,,,,,,,,,,,0.51,,,,,,,,,,,,
435,115795,,,,,,,0.4,,,,0.51,0.73,0.8,,0.69,,,,1.07,0.53,,0.65,0.3,,,,0.31,,,0.41,1.05,,,0.88,0.11,0.23,,,,,0.81,0.18,,,,,,,0.76,0.53,,,0.02,,0.22,,,,,,,,,,
436,115797,,,,,,,0.23,,0.57,,0.22,0.35,-0.11,-0.19,,,,,0.89,,,,0.77,,,,-0.03,,,,0.62,,,0.61,0.41,,,,,,-0.04,,,-0.24,,,,,1.37,0.2,,,0.38,,,,0.12,,,,,,,,
437,115798,,,,,,,0.46,,,,0.13,,0.24,,,,-0.21,,,,,,-0.24,,,,0.04,,,0.67,0.59,,,0.41,-0.36,0.31,,,,,0.2,-0.49,,,,,,,,0.03,,,0.32,,-0.08,,,0.79,,,,,,,
438,116433,,,,,,,,,-0.57,,-0.29,0.09,-0.32,,,,0.69,,0.7,,,,,,,,0.11,,,,0.7,,,0.73,0.32,,,,,,0.37,,,,,,,,,0.15,,,-0.18,,,,,,,,-0.24,0.4,0.14,0.48,-0.72
439,116458,,,,,,,,,,,,,,,,,,,,,,,,,,,,,,,,,,,,,,,,,-0.25,,,,,,,,,,,,,,,,,,,,-0.2,-0.3,-0.13,0.01,-0.16
440,116515,,,,,,,,,,,,,,,,,0.65,,,,,,,,,,,,,,,,,,-0.16,,,,,,0.73,,,,,,,,,1.17,,,,,,,,,,,,,,,
441,116517,,,,,,,,,,,0.13,,0.38,,,,,,,,,0.6,,,,,0.55,,,,,,,,,,,,,,0.34,,,,,,,,,0.3,,,0.01,,,,,,,,,,,,
442,116521,,,,,,,0.49,,,,0.57,1.26,0.68,,0.01,,,,,,,0.9,0.99,,,,0.76,,,,,,,0.42,0.11,,,,,,0.79,,,,,,,,,1.3,,,0.74,,,,,,,,,,,,
443,116527,,,,0.5,,,0.54,,1.02,,0.08,0.17,-0.17,,,,,,0.67,,,0.4,-0.29,,,,0.11,,,,0.64,,,,-0.34,,,,,,-0.27,,,,,,0.46,,,-0.37,,,-0.08,,0.0,,,,,,,,,,
444,116532,,,,,,,,,,,-0.03,,0.26,,,,0.11,,,,,,0.43,,,,0.44,,,0.78,0.44,,0.32,,0.35,,,0.52,,0.27,0.33,0.38,,,,0.64,,,,0.61,,,,,,0.25,,0.5,,,,,,,
445,116534,,,,,,,-0.31,,,,0.56,,0.88,,,,,,,,,,0.39,,,,0.29,,,,0.2,,,,0.22,,,,,,0.35,-0.16,,,,,,,,0.11,,,0.41,,0.37,,,0.22,,,,,,,
446,116543,,,,,,,,,,,0.02,-0.21,-0.12,,,,-0.06,,,,,,0.1,,,,,,,,,,,-0.27,0.34,,,,,,-0.24,,,,,,,,,0.3,,,-0.22,,,,,-0.72,,,,,,,
447,116579,,,,,,,0.35,,,,0.4,0.82,0.37,,,,,,1.07,,,,0.61,,,,-0.12,,,,0.2,,,0.17,0.32,,,,,,0.34,0.26,,,,,,,0.52,0.19,,,0.64,,,,,-0.15,,,,,,,
448,116580,,,,,,,,,0.83,,0.89,0.67,0.79,,,,,,-0.05,,,0.26,0.78,,,,,,,0.28,0.54,,,1.31,0.48,,,,,,0.73,0.65,,,,,,,1.01,1.04,,,0.19,,,,,,,,,,,,
449,116581,,,,,,,,,,,0.97,1.17,0.43,,,,,,,,,,,,,,0.66,,,,,,,,0.41,,,,,,,,,,,,,,,,,,0.45,,,,1.3,,,,,,,,
450,116583,,,,-0.3,,,,,,,0.02,0.48,0.38,,,,,,0.61,,,,0.36,,,,0.13,,,0.57,0.31,,,0.26,-0.04,,,,,,0.45,0.92,,,,0.66,,,0.68,0.58,,,-0.15,,,,,0.45,,,,,,,
451,117012,,,,-0.92,,,,,,,0.48,0.34,0.55,0.04,,,0.8,,0.37,,,-0.61,0.73,,,,0.66,,,,0.39,,,0.35,0.6,,,,,,0.57,0.5,,,,,,,0.37,0.63,,,,,,0.25,,-0.04,,,,,,,
452,117017,,,,,,,,,0.47,,-0.78,0.22,-0.81,,,,,,,,,,0.34,,,,-0.29,,,,0.32,,,0.25,-1.16,,,,,,-0.57,,,,,,,,-0.74,-0.34,,,-0.21,,,,,,,,,,,,
453,117018,,,,,,,-0.16,,,,0.32,,0.63,0.59,,,,,,,,,-0.35,,,,,,,,,,,,,,,,,,-0.33,,,,,,,,,,,,-0.42,,,,,,,,,,,,
454,117036,,,,,,,,,,,-0.83,-0.16,0.31,,,,,,,,,,-0.04,,,,0.01,,,0.27,0.53,,,,-0.11,,,,,,-0.48,,,,,1.3,,,,-0.69,,,-0.45,,-0.38,,,,,,,,,,
455,117037,,,,,,,0.31,,,,0.09,0.04,0.23,,0.22,,,,0.43,,,,0.14,,,,-0.13,,,,-0.25,,,,-0.34,,,,,,-0.37,0.19,,,,,,,0.15,-0.12,,,0.59,,-0.02,,,-0.01,,,,,,,
456,117038,,,,,,,0.5,,,,0.55,0.82,0.51,,0.08,,-0.09,,1.26,,,,0.39,,,,0.47,,,,0.34,,,0.6,0.17,,,,,,0.2,0.36,,,,,,,0.81,0.22,,,0.74,,,,,-0.15,,,,,,,
457,117499,,,,,,,0.03,,,,0.54,,0.66,,,,0.4,,0.07,,,,-0.09,,,,-0.26,,-0.33,,0.14,,,0.2,0.23,,,,,,-0.01,-0.25,,-0.06,,,,,0.58,0.71,,,-0.16,,,,-0.23,,,,0.0,-0.18,0.16,-0.09,-0.39
458,117504,,,,,,,,,,,,-0.86,,,,,,,,,,,,,,,,,,,,,,,,,,,,,-0.95,,,,,,,,,,,,,,,,,,,,-0.38,0.03,0.36,0.22,-0.69
459,117518,,,,,,,,,,,,,,,,,,,,,,,,,,-0.19,,,,,,,,,,,,,,,-0.67,,,,,,,,,,,,,,,,,,,,-0.22,-0.2,-0.11,-0.4,-0.03
460,117530,,,,,,,,,,,-0.57,-0.48,-1.08,,,,-0.39,,,,,,-0.47,,,,0.09,,-0.07,,-0.07,,,,0.41,,,,,,0.1,-0.17,,,,,,,,-0.43,,,-0.68,,-0.38,,0.25,,,,0.38,0.21,0.31,0.68,1.06
461,117534,,,,,,,,,,,,,,,,,,,,,,,,,,,,,,,,,,,-0.46,,,,,,0.0,0.12,,0.5,,,,,,0.63,,,,,-0.02,,-0.84,,,,-0.44,-0.35,-0.25,-0.51,0.58
462,117552,,,,,,,,,0.08,,-0.63,,,,,,,,,,,,,,,,-0.76,,,,,,,,,,,,,,,,,,,,,,,,,,,,,,,,,,-0.41,-0.44,-0.72,-0.78,-0.32
463,117555,,,,,,,,,,,,,,,,,,,-0.06,,,-0.8,-0.13,,,,-0.48,,,,,,,,,,,,,,-0.37,,,,,,,,,0.29,,,0.27,,,,,,,,0.11,0.22,0.2,0.37,-0.01
464,117577,,,,,,,-0.9,,,,-0.04,0.01,-0.27,,,,-0.41,,0.47,,,0.32,0.14,,-0.21,,-0.22,,,-0.44,0.04,,-0.12,-0.07,0.22,,,,,,-0.36,,,-0.46,,,,,-0.8,-0.29,,,0.02,,0.17,,-0.41,,,,-0.23,0.4,0.42,0.7,0.08
465,117578,,,,,,,-0.16,,-0.13,,0.09,0.76,-0.79,,,,,,,,,-0.23,0.28,,,0.73,0.1,,0.32,-0.02,0.28,,,0.8,0.18,,,,,,0.23,,,,,,,,-0.11,0.22,,,-0.42,,0.6,,0.05,-0.48,,,0.35,0.3,0.31,0.53,0.62
466,117602,,,,,,,-0.25,,,,-0.16,-0.05,0.18,,0.36,,0.05,,0.1,,,0.56,-0.43,,,,0.35,,,,,,,-0.06,0.14,,,,,,0.11,,,,,,,,0.0,-0.34,,,-0.68,,,,-0.59,,,,,,,,
467,117604,,,,0.2,,,,,,,0.32,0.72,0.76,,,,,,0.33,,,0.79,0.46,,,1.08,0.34,,,-0.97,,,,0.4,0.72,,,,,,0.93,0.63,,,,,,,-0.05,0.71,,,0.63,,0.96,,0.55,0.27,,,,,,,
468,117605,,,,,0.88,,0.13,,,,0.28,0.54,0.22,,,,,,,,,0.33,-0.1,,,,-0.28,,0.19,,0.24,,,-0.19,0.42,,,,,,-0.22,-0.17,,,,,,,,-0.39,,,0.26,,0.04,,,,,,,,,,
469,117606,,,,,,,0.01,,,,0.41,0.31,,,,,,,,,,,,,,,0.78,,,,,,,0.25,0.29,,,,,,-0.62,,,,,,,,0.11,,,,-0.16,,0.31,,,,,,,,,,
470,117607,,,,,,,,,,,0.32,,0.6,,0.26,,,,,,,,0.39,,,,0.17,,,,0.16,,,0.43,0.44,,,,,,0.26,,,,,,,,0.09,0.52,,,0.58,,0.52,,,,,,,,,,
471,117609,,,,,,,0.69,,,,,0.01,,,,,,,,,,,-0.4,,,,0.25,,,,0.98,,,,0.6,,,,,,-0.73,,,0.73,,,,,,,,,0.41,,,,,,,,,,,,
472,117612,,,,,0.34,,,,,,,-0.43,,,,,,,,,,,0.32,,,,,,,,0.52,,,,,,,,,,,,,,,,,,,,,,-0.5,,,,,,,,,,,,
473,117613,,,,,,,,,,,0.16,,0.12,,,,,,,,,,,,,,,,,,,,,,,,,,,,-0.11,,,,,,,,,,,,,,,,,,,,,,,,
474,117616,,,,,,,,,,,0.66,,0.75,,,,0.9,,0.51,,,,0.44,,,,0.45,,,0.14,0.34,,,0.33,-0.07,,,0.45,,0.35,0.59,0.63,,,,,,,,,,,-0.29,,,,,0.34,,,,,,,
475,117617,,,,,,,,,,,0.15,,0.32,,,,-0.3,,,,,1.02,0.65,,,,0.61,-0.41,,0.19,0.42,,,0.2,0.44,,,,,,0.04,0.32,,,,,,,,-0.07,,,0.07,,,,,,,,,,,,
476,117618,,,,,,,-0.59,,-0.3,,-0.73,-0.44,,,,,,,,,0.21,0.92,,,,,0.12,,0.71,,-0.68,,,,-0.29,,,,,,,,,,,,,,,,,,-0.78,,,,,,,,,,,,
477,117622,,,,,,,,,,,,,-0.26,,,,,,,,,,0.56,,,,,,,,,,,,,,,,,,-0.03,,,,,,,,,-0.53,,,-0.51,,,,,,,,,,,,
478,117633,,,,,,,,,,,-0.05,0.14,-0.32,,,,,,,,,,0.4,,,,,,,,0.27,,,0.62,1.04,,,,,,-0.01,,,0.27,,,,,,0.04,,,-0.22,,,,,,,,,,,,
479,117638,,,,,,,,,,,0.22,-0.43,-0.69,,,,,,,,,0.43,0.07,,,,,,,,,,,0.65,0.22,,,,,,-0.26,0.05,,,,,,,-0.34,-0.05,,,-0.39,,0.24,,-0.78,,,,,,,,
480,117641,,,,,,,,,0.57,0.91,0.2,0.34,0.53,,,,,,-0.37,,,,,,,,-0.06,,,,0.53,,,0.33,,,,,,,-0.34,,,,,,,,0.52,-0.79,,,0.59,,,,0.15,,,,,,,,
481,117647,,,,,,,,,,,0.3,,0.66,,,,-0.4,,,,,0.22,0.39,,,,0.15,,,,,,,-0.09,0.3,,,,,-0.01,0.18,-0.19,,,,,,,0.29,0.48,,,,,,,,,,,,,,,
482,117648,,,,,,,,,,,0.38,,0.45,,,,,0.85,,,,,0.31,,,,0.54,,,,0.65,,0.04,,0.31,,,,,0.38,0.32,0.42,,,,,,,,0.22,,,0.88,,0.76,,,0.9,,,,,,,
483,117649,,,,,,,,,,,0.21,,0.46,,,,,,,,,,0.46,,,,0.56,,,0.26,0.52,,,0.21,0.31,,,,,0.55,0.12,0.56,,,,,,,,-0.11,,,0.53,,,,,0.42,,,,,,,
484,117657,,,,1.35,,,,,,,,,,,,,,,,,,,0.53,,,,0.46,,,,,,,0.62,0.51,,,,,,0.02,,,,,,,,,-0.68,,,0.78,,0.62,,,,,,,,,,
485,118072,,,,,,,,,-0.77,,-0.06,,-0.22,,,,,,,,,,,,,,-0.42,,,,0.14,,,,-0.43,,,,,,0.14,,,,,,,,,-0.55,,,-0.38,,,,,,,,0.02,-0.01,0.25,0.61,-0.08
486,118073,,,,,,,,,,,-0.07,,,,,,,,,,,,,,,,,,,,,,,,-0.11,,,,,,0.25,,,,,,,,,,,,,,,,0.0,,,,-0.62,0.07,0.0,-0.3,-0.19
487,118082,,,,,,,-0.87,,-0.67,,,0.08,,,,,,,-0.29,,,,,,-0.13,,,,,,0.13,,,,,,,,0.38,,0.11,,,,,,,,,,,,0.05,,,,0.82,,,,-0.41,-0.29,-0.29,-0.21,-0.68
488,118111,,,,,,,,,,,0.22,,,,,,,,,,,,,,,,,,,,0.02,,,,,,,,,,,,,,,,,,,-0.83,,,1.27,,,,,,,,-1.03,-1.02,-1.11,-1.11,-0.95
489,118112,,,,,,,,,,,,-0.73,,,,,,,,,,,,,,,-0.29,,,,,,,,0.05,,,,,,,,,,,,,,,,,,-0.83,,,,,,,,-0.7,-0.38,-0.53,-0.62,-1.04
490,118126,,,,,,,,,,,,,,,,,,,,,,,,,,,,,,,,,,,-0.09,,,,,,-0.59,,,,,,,,,,,,,,,,,,,,,,,,
491,118131,,,,,,,,,,,0.19,0.68,0.28,,0.42,,0.17,,0.57,,,,0.26,,,-0.34,-0.26,,,-0.07,-0.39,,,1.07,-0.02,,,0.39,,,0.29,0.0,,,,,,,0.03,0.24,,,-0.6,,,,,,,,,,,,
492,118132,,,,,,,0.55,,0.61,,0.4,-0.08,0.38,,,,,,,,,,0.01,,,,-0.34,,,,0.01,,,,,,,,,,-0.42,,,,,,,,,0.27,,,0.11,,,,,,,,,,,,
493,118223,,,,,,,0.43,,,,0.92,,0.32,,,,,,,,,,0.25,,,,-0.28,,,,0.55,,,,0.61,,,,,,0.29,,,,,,,,,0.66,,,0.62,,,,,,,,,,,,
494,118785,,,,,,,-0.32,,,,-0.69,-0.35,-1.1,,,,,,,,,,,,,,-0.27,,,,-0.46,,,,-0.94,,,,,,,,,0.44,,,,,,,,,-0.68,,,,,,,,0.14,-0.11,-0.31,0.33,1.28
495,118788,,,,,,,,,-0.94,,-1.15,,-1.5,,,,,,,,,,-0.38,,,,-0.03,,,,-0.7,,,-0.02,0.32,,,,-0.06,,-0.44,,,-0.11,,,,,,,,,0.17,,,,-0.14,,,,-0.12,-0.14,-0.42,-0.18,0.28
496,118789,,,,,,,0.5,,,,-0.09,,-0.29,,,,,,,,,0.15,-0.14,,,,-0.27,,,-0.27,0.14,,0.27,-0.12,0.24,,,,,,-0.4,,,,,,,,,-0.41,,,0.5,,-0.6,,0.43,0.36,,,0.68,0.47,0.94,1.28,1.21
497,118790,,,,,,,,,,,-0.43,0.32,0.29,,,,0.45,,-0.39,,,,0.17,,,,0.17,,,0.02,0.14,,,0.37,0.17,,,,,0.0,0.19,-0.26,,0.3,,,,,0.62,0.0,,,0.54,,,,0.59,0.02,,,0.24,0.45,0.52,0.82,-0.49
498,118806,,,,0.5,,,,,1.18,,-0.5,0.35,-0.1,,-0.36,,,,,,,,0.32,,,,0.35,,0.26,,-0.7,,,,-0.25,,,,,,-0.24,-0.29,,,,,,,,-0.27,,,-0.39,,0.6,,-0.37,,,,0.43,-0.14,0.21,0.03,0.17
499,118835,,,,,,,0.0,,,,0.14,0.26,0.11,,0.11,,-0.1,,-0.64,,,,-0.18,,,,0.18,,0.19,-0.11,-0.18,,,-0.14,0.31,,,,,-0.01,0.0,-0.25,,-0.21,,,,,-0.48,0.1,,,-0.01,,,,0.07,,,,0.36,0.4,0.59,0.26,-0.64
500,118836,,,,0.03,,,,0.21,,,-0.06,-0.34,0.53,,,,0.27,,-0.45,-0.14,-0.08,,0.09,,,0.14,-0.02,,,0.97,0.12,,,0.0,-0.07,,,,,0.29,0.04,-0.47,,0.38,,,,,0.16,-0.03,,,0.13,,,,0.06,,,,0.66,0.21,0.41,0.67,0.23
501,118840,,,,,,,0.53,,,0.44,0.27,0.13,-0.25,,0.23,,0.12,,0.08,,,-0.64,-0.32,,,,0.27,,0.33,0.48,-0.3,,,-0.24,0.05,,,,,,-0.26,-0.27,,,,1.12,,,,0.12,,,0.37,,-0.36,,-0.04,0.26,,,0.48,0.34,0.46,0.51,0.78
502,118843,,,,,,,,,,,-0.04,,0.27,,0.2,,0.22,,-0.26,,,,0.41,,,,0.13,,,,-0.4,,0.21,0.59,-0.3,,,,,0.17,0.04,0.05,,,,0.33,,,0.01,0.29,,,,,-0.09,,,,,,0.47,0.91,1.22,0.83,0.92
503,118879,,,,,,,,,,,,,,,,,,,,,,,,,,,,,,,,,,,,,,,,,,,,,,,,,,,,,-1.4,,,,-1.24,,,,-0.62,-0.71,-0.8,-0.82,0.39
504,118884,,,,,,,0.86,,,,-0.06,-0.06,0.1,,,,-0.29,,-0.51,,,,-0.25,,,,-0.21,,,-0.67,0.05,,,0.03,-0.56,,,,,-0.29,0.07,-0.25,,,,-0.39,,,0.01,-0.18,,,0.27,,,,,0.24,,,0.16,0.34,0.15,0.13,1.03
505,118898,,,,,,,,,-0.6,,,,,,,,,,,,,,,,,,,,,,0.0,,,,-0.69,,,,,,,,,,,,,,,,,,-0.54,,,,0.01,,,,-0.78,-0.73,-0.42,-1.01,0.92
506,118908,,,,,,,-0.26,,,,-0.09,,0.73,,,,,,0.52,,,,,,,,,,,,,,,-0.09,,,,,,,0.44,,,,,,,,,0.46,,,-0.54,,-0.57,,0.07,,,,-0.53,-0.44,-0.68,-0.5,
507,118931,,,,,,,-0.01,,,,-0.54,,-0.61,,,,-0.03,,-0.22,,,,-1.21,,,,-0.27,,0.28,,-0.01,,,,-0.19,,,,,,-0.14,,,,,,,,0.34,-0.75,,,-1.48,,,,-0.24,,,,0.67,0.8,0.26,-0.27,-0.29
508,118933,,,,,,,0.09,,,,-0.52,,-0.62,,,,,,,,,,,,,,-0.35,,,,0.86,,,0.16,0.6,,,,,,-0.5,,,,,,,,,,,,-0.12,,0.13,,-0.2,,,,0.07,-0.04,0.11,0.06,-0.42
509,118937,,,,0.43,,,,,,,0.18,-0.16,0.33,,,,0.36,,0.81,,,,0.72,,,,,,,,,,,,,,,,,,0.25,0.39,,,,,,,,0.11,,,-0.23,,0.21,,,,,,,,,,
510,118939,,,,,,,0.57,,,,0.64,,0.65,,,,,,,,,0.64,0.34,,,0.34,-0.05,,,,0.77,,,0.25,0.0,0.19,,,,,-0.1,,,,,,,,0.71,0.5,,,0.1,,-0.19,,,,,,,,,,
511,118940,,,,,,,,,,,,,,,,,,,,,,,,,,,,,,,,,,,,,,,,,,,,,,,,,,,,,-0.79,,,,,,,,,,,,
512,118946,,,,,,,,,0.24,0.21,-0.79,0.05,,,,,,,,,,,,,,,0.34,,-0.34,,,,,,,,,,,,-0.41,,,,,,,,,,,,0.64,,,,-0.29,,,,,,,,
513,118947,,,,,,,,,,,-0.2,0.19,0.44,,,,,,,,,,-0.08,,,,,,,,-0.38,,,,-0.12,,,,,,0.34,,,1.23,,,,,,,,,-0.77,,,,,,,,,,,,
514,118948,,,,,,,,,,,,,-0.03,,,,0.33,,,,,-0.3,0.4,,,,-0.18,,,,,,,0.42,-0.45,,,,,,0.0,,,,,,,,-0.67,,,,0.15,,0.79,,,,,,,,,,
515,118949,,,,,,,,,,,,-0.2,,,,,,,,,,,-0.04,,,,0.34,,,,,,,,,,,,,,-0.81,,,,,,,,,,,,-0.4,,,,,,,,,,,,
516,118957,,,,,,,,,,,,,,,,,0.01,,,,,,0.42,,,,0.18,,,,0.21,,,,,,,,,,0.93,,,,,,,,,,,,0.18,,,,0.37,0.3,,,,,,,
517,118958,,,,,,,1.03,,0.97,,0.16,-0.3,,,,,,,0.62,,,,0.82,,,,-0.08,,,,,,,,0.24,,,,,,0.04,,,0.22,,,,,0.17,0.1,,,-0.08,,0.36,,,,,,,,,,
518,118959,,,,,,,,,,,-0.57,-0.12,0.47,,,,-0.01,,0.32,,,,-0.04,,,,0.42,,,0.14,,,,-0.42,0.31,,,-0.09,,,0.22,0.32,,,,,,,,0.35,,,,,0.21,,,0.72,,,,,,,
519,118978,,,,0.11,,,,,,,,,,,,,,,,,,,,,,,,,,,1.36,,,,,,,,,,0.62,,,0.21,,,,,,,,,,,,,,,,,,,,,
520,118991,,,,,,,,0.38,,,,,,,,,,,,,,,,,,,,,,,,,,,,,,,,,-0.74,,,,,,,,,,,,,,,,,,,,,,,,
521,118996,,,,,,,-0.29,,0.33,,,,-0.05,0.22,,,,,,,,,-0.14,,,,0.06,,,-0.25,,,,-0.32,0.21,-0.04,,,,0.18,0.1,0.46,,,,0.64,-0.28,,0.31,0.07,,,-0.38,,0.02,0.25,,0.31,,,,,,,
522,118998,,,,,,,,,0.73,,0.23,0.3,-0.29,,,,,,,,,0.82,,,,,1.05,,,,,,,0.09,0.65,,,,,,0.25,,,,,,,,,,,,-0.33,,,,,,,,,,,,
523,119001,,,,,0.19,,,,,,,,,,,,,,,,,,0.38,,,,,,,,0.85,,,0.63,0.28,,,,,,0.41,,,,,,,,,0.17,,,1.09,,,,,,,,,,,,
524,119002,,,,,,,,,,,0.19,-0.31,0.09,,,,,,,,,0.64,0.18,,,,-0.45,,,,0.25,,,,,,,,,,-0.18,,,,,,,,,,,,-1.18,,,,,,,,,,,,
525,119006,,,,,,,,-0.41,0.49,,0.35,-0.23,0.41,,,,,,,,,,-0.47,,,,-0.01,,,,,,,,,,,,,,,,,,,,,,,-0.01,,,-0.1,,,,,,,,,,,,
526,119007,,,,,,,,,,,,-0.57,,,,,,,,,,,,,,,,,,,,,,,,,,,,,,,,,,,,,,,,,-0.85,,,,-0.49,,,,,,,,
527,119722,,,,,,,,,,,0.09,,-0.43,,-0.6,,,,,,,,,,-0.37,,0.41,,,,-1.28,,,,,,,,0.32,,-0.52,,,,,,,,-0.02,,,,0.42,,,,-0.79,,,,-0.13,-0.15,-0.49,-0.53,0.35
528,119767,,,,-1.15,,,,,,,0.33,0.12,-0.04,,,,,,-0.95,,,,-0.34,,,,-0.33,,-0.05,,-0.45,,,,-0.31,,,,-0.26,,-0.51,,,,,-0.83,,,,0.07,,,-0.16,,,,-0.87,,,,0.05,-0.15,-0.01,-0.31,0.18
529,119794,,,,,,,,,,,-0.24,-0.26,-0.21,,,,,,0.07,,,,-0.13,,,,-0.24,,,,,,,-0.49,-0.13,,,,,,-0.54,-1.08,,,,,,,-0.59,-0.77,,,-0.46,,,,,,,,-0.01,0.26,0.47,-0.13,-0.44
530,119798,,,,,,,,,,,-0.02,,0.82,,,,,,,,,,,,,0.71,,,,,0.84,,,,-0.38,,,,,,-0.5,,,,,,,,,,,,-0.27,,-0.1,,0.01,,,,-0.5,-0.55,-0.54,-0.53,-0.66
531,119817,,,,,,,,,0.55,,,1.45,1.06,,,,,,,,,,1.29,,,,,,,,0.76,,,,0.41,,,,,,0.15,,,,,,,,,0.44,,,0.59,,,,,,,,,,,,
532,119818,,,,,,,,,,,-0.32,0.56,-0.29,,,,,,,,,,1.07,,,,0.57,,,,0.48,,,,,,,,,,-0.03,,,,,,,,,,,,1.12,,,,,,,,,,,,
533,119824,,,,,,,,,,,-0.3,,,,,,,,,,,,,,,,,,,,,,,,,,,,,,0.26,,,,,,,,,,,,,,,,,,,,,,,,
534,119826,,,,,,,,,,,0.4,0.0,0.02,,,,,,,,,1.17,0.25,,-0.41,,-0.67,,,,0.12,,,,,,,,,,-0.44,,,,,,,,,-0.68,,,-0.1,,0.05,,0.42,,,,,,,,
535,119835,,,,,,,,,,,-0.35,0.12,-0.8,,,,,0.64,-0.32,,,,0.5,,0.26,,0.7,,,,0.24,,,,0.38,,,,,,0.06,,,,,,,,-0.54,-0.26,,,0.29,,,,,,,,,,,,
536,119836,,,,,,,,,,,-0.33,-0.57,0.46,,,,,,,,,,,,,,,,,,-0.29,,,,,,,,,,0.21,,,,,,,,,-0.31,,,-0.59,,0.3,,,,,,,,,,
537,120316,,,,,,,,,,,1.16,0.46,0.95,,,,,,0.86,,,,0.79,,,,,,,,-0.08,,,,,,,,,,1.18,,,0.87,,,,,1.28,1.09,,,0.59,,,,,,,,,,,,
538,120317,,,,,,,,,,,,,,,,,,,,,,,,,,,-0.08,,,,,,,,,,,,,,,,,,,,,,,,,,-0.71,,-0.07,,,,,,,,,,
539,120320,,,,,1.27,,0.9,,0.76,0.27,0.0,0.57,-0.03,,0.31,,,,,,,-0.09,0.23,,,,0.26,,,,0.72,,,0.22,0.22,-0.08,,0.12,,,0.1,0.1,,,,,,,,0.22,,,,,0.39,,,,,,,,,,
540,120322,,,,,,1.42,0.77,,,1.35,0.15,0.52,-0.27,,1.02,,,,,,,-0.15,0.32,,,,-0.42,,,-0.54,,,,0.02,0.16,,,,,,-0.1,-0.7,,,,,,,0.61,-0.02,,,0.17,,0.73,,,-0.01,,,,,,,
541,120324,,,,,,,,,,,-0.64,,-0.91,,,,,,,,,,,,,,,,,,,,,,,,,,,,-0.39,,,,,,,,,,,,-0.52,,,,,,,,,,,,
542,120331,,,,,,,,,,,-0.6,,-0.16,,,,,,,,,,,,,,0.03,,,,-0.52,,,,0.1,,,,,,-0.1,,,,,,,,,,,,,,-0.18,,,,,,,,,,
543,120332,,,,,,,,,,,0.45,0.18,0.15,,,,0.02,,,,,,-0.13,,,,0.29,,,,,,,-0.22,0.17,,,,,,0.24,0.19,,,,,,,-0.38,0.33,,,-0.26,,0.2,,,,,,,,,,
544,120333,,,,,,,,,,,0.3,,-0.03,,,,,,,,,,,,,,-0.16,,,,,,,-0.39,0.49,,,,,,-0.19,,,,,,,,0.04,-0.01,,,0.05,,0.48,,,,,,,,,,
545,120334,,,,,,,0.3,,,,0.6,0.23,0.25,,0.72,,0.16,,0.73,,,,0.06,,,,0.22,,,-0.16,,,,,0.4,,,,,,0.32,0.21,,,,,,,,0.18,,,0.74,,0.67,,,,,,,,,,
546,120339,,,,,,,,,,,,-0.67,,,,,,,,,,,,,,,,,,,,,,,,,,,,,,,,,,,,,,,,,-0.37,,,,,,,,,,,,
547,120642,,,,,,,0.87,,1.01,,0.15,0.24,-0.15,,0.13,,,,-0.29,,,,,,0.33,,-0.25,,,,0.93,,,,-0.05,,,,0.65,,-0.25,,,,,,,,,0.02,,,-0.16,,0.22,,-0.87,,,,0.44,0.08,0.57,0.6,0.89
548,120655,,,,,,,,,,,-0.22,-0.9,-0.76,,,,0.08,,0.12,,,,-0.43,,,-0.48,0.14,,,,-0.15,,,,0.22,,,,-0.19,,-0.61,-0.58,,,,,,,-0.72,-0.57,,,-0.45,,0.66,,-0.26,-2.33,,,-0.04,0.3,0.58,0.13,-0.46
549,120724,,,,,,,,,0.86,,,,,,,,,,,,,,,,,,,,,,,,,,,,,,,,-0.22,,,,,,,,,,,,-0.11,,,,,,,,,,,,
550,120735,,,,0.54,,,,,,,1.32,0.16,1.82,,-0.11,,,,0.89,,,0.82,0.86,,-0.07,,0.21,,,,0.67,,,0.72,0.32,,,,,,0.79,-0.03,,,,,,,1.0,1.42,,,0.34,,-0.15,,,0.52,,,,,,,
551,120736,,,,0.35,,,,,,,,0.17,,,,,,,,,,,,,,,,,,,0.72,,,,,,,,,,,,,,,,,,,,,,,,,,,,,,,,,,
552,121222,,,,,1.79,,1.61,1.63,1.4,,0.16,,,,,,-0.45,,,,,,-0.03,,,,0.7,,,-0.49,,,,,0.49,0.73,,,,,-0.26,-0.71,,,,0.14,,,0.78,-0.86,,,0.58,,0.36,,,,,,,,,,
553,121224,,,,0.97,,,,,0.72,,-0.05,-0.01,0.45,,,,,,,,,,0.66,,,,0.34,,,,0.86,,,-0.78,0.09,,,,,,-0.61,,,,,,,,,,,,,,,,,,,,,,,,
554,121241,,,,,,,,,,0.18,,,,,,,,,,,,,,,,,,,,,,,,,,,,,,,,,,,,,,,,,,,,,,,,,,,,,,,
555,121242,,,,,0.24,,-0.08,0.37,0.62,,-0.18,-0.19,0.06,,0.41,,,,,,,,0.36,,,,-0.11,,,-0.42,,,,0.4,0.31,,,,,,-0.16,-0.44,,,,,,,0.54,-0.3,,,-0.02,,,,,,,,,,,,
556,121245,,,,,,,,,,,0.41,,,,,,,,,,,,,,,,,,,,,,,,,,,,,,,,,,,,,,,,,,,,,,,,,,,,,,
557,121666,,,,,,,,,,,-0.32,-0.39,-0.29,,,,,,,,,,,,-0.08,,0.0,,,,,,,,0.24,,,,,,0.45,,,,,,,,,,,,0.32,,0.22,,,,,,-0.37,-0.04,-0.06,0.47,0.31
558,121667,,,,,,,,,,,,,,,,,,,,,,,,,,,,,,,,,,,-0.84,,,,,,,,,,,,,,,,,,,,,,,,,,-0.09,-0.26,-0.34,-0.21,0.35
559,121673,,,,,,,0.08,,,,0.0,-0.14,0.62,,,,,,,,,,-0.72,,-0.47,,0.31,,,,0.21,,,0.39,0.1,,,,,,0.35,,,0.43,,,0.26,,-0.35,0.49,,,-0.09,,-0.15,,0.22,,,,0.18,-0.15,-0.24,0.65,-0.65
560,121687,,,,,,,-0.16,,-0.05,,0.02,0.47,-0.39,,,,,,,,,-0.35,0.33,,,,-0.13,,,,-0.03,,,-0.11,0.39,,,,,,-0.2,,,0.17,,,,,,-1.1,,,-0.39,,-0.64,,-0.65,,,,-0.19,0.0,-0.43,0.42,0.25
561,121689,,,,,,,0.06,,,,0.6,,,,,,,,0.5,,,,,,,,,,,,0.66,,,,0.04,,,,,,0.82,,,,,,,,,,,,0.7,,,,,,,,-0.33,-0.07,0.08,0.21,-0.99
562,121694,,,,,,,0.69,,,,0.41,0.52,0.97,,-0.3,,,,-0.25,,,,0.2,,,,0.45,,,,0.73,,,-0.11,-0.18,,,,,,0.16,0.73,,,,0.15,,,-0.03,0.05,,,0.42,,0.28,,,,,,0.32,1.02,0.93,0.39,-0.25
563,121711,,,,,,,,0.23,-0.39,-0.8,-0.54,0.16,0.6,,,,,,,,,,-0.61,,0.25,,,,,,0.6,,,0.03,0.21,,,,,,0.52,-0.11,,,,,,,0.17,0.69,,,0.21,,,,0.35,,,,-0.22,0.03,0.07,0.24,-0.41
564,121716,,,,,,,,,,,0.32,,0.64,,,,,,,,,,-0.23,,,,,,,,0.3,,,0.31,-0.06,,,,,,0.31,0.1,,,,,,,0.58,0.62,,,-0.45,,,,,,,,0.09,0.87,1.03,-0.06,-0.69
565,121722,,,,0.29,,,,,,,0.55,0.49,0.6,,0.45,,0.03,,,,,,0.14,,,,0.6,,,0.29,0.27,,,0.14,0.47,,,,,,0.06,,,,,,,,,-0.34,,,,,0.31,,,-0.17,,,,,,,
566,121724,,,,,,,0.52,,,,0.07,0.96,0.61,,0.12,,,,,,,1.04,0.73,,,,0.11,,,-0.24,0.63,,,0.21,0.3,,,,,,0.61,1.22,,,,,,,1.42,0.79,,,,,0.35,,,0.2,,,,,,,
567,121735,,0.2,,,,,-0.55,,,,,0.6,0.67,,,,,,0.05,,,,0.89,,,,0.71,,,,-0.19,,,0.09,0.61,,,,,,-0.41,,,,,,,,,0.14,,,0.82,,0.03,,,,,,,,,,
568,121740,,,,,,,,,,,-0.32,0.37,0.68,,,,,,,,,,,,,,0.19,,,,,,,-0.36,,,,,,,0.59,,,,,,,,,,,,,,,,,,,,,,,,
569,121741,,,,,,,,,-0.28,0.06,-1.01,,,,,,,,,,,,,,,,,,,,,,,,,,,,,,-0.42,,,,,,,,,-0.11,,,0.46,,,,,,,,,,,,
570,121743,,,,,,,,,,,0.28,,0.25,0.44,,,-0.69,,,,,,,,,,,,,,,,,,,,,,,,0.41,-0.55,-0.11,,,,,,,0.02,,,-0.25,,,,,,,,,,,,
571,121749,,,,,,,,,,,,,,,,,,,,,,,,,,,,,,,,,,,,,,,,,,,,,,,,,,,,,-0.11,,,,,,,,,,,,
572,121758,,,,,,,,,,,0.51,0.77,,,,,,,1.34,,,,0.37,,,,,,0.45,,,,,0.45,0.65,,,,0.16,,-0.02,,,,,,,,,-0.18,,,0.08,,,,,,,,,,,,
573,122066,,,,,,,,,,,0.27,,-0.34,,,,,,,,,,,,,,-0.62,,,,-0.63,,,,,,,,,,-0.8,,,,,,,,-0.61,-0.12,,,0.18,,,,-0.15,,,,0.34,0.18,0.06,0.67,0.06
574,122129,,,,,,,0.04,,,,0.51,,,,0.4,,0.98,0.76,0.2,,,,0.77,,,,,,,0.81,0.88,,0.66,0.74,0.69,-0.33,,0.03,,,0.44,0.8,,,,,,,1.19,,,,0.31,,0.83,,,0.02,,,,,,,
575,122131,,,,0.84,,,,,0.47,,0.02,-0.01,0.02,,,,,,-0.35,,,,-0.51,,0.33,,-0.21,,,,,,,-0.26,0.66,,,,,,-0.19,-0.4,,,,,,,-0.07,-0.25,,,-0.13,,0.96,,-0.03,,,,,,,,
576,122137,,,,,,,,,,,-0.81,,,,,,,,,,,,,,0.15,,,,,,-0.14,,,,,,,,,,,,,,,,,,,,,,-0.72,,,,,,,,,,,,
577,122144,,,,,,,,,,,0.24,,-0.57,,,,,,,,,,,,,,0.03,,,,1.65,,,,-0.07,,,,,,-0.55,,,,,,,,,-0.29,,,0.19,,,,,,,,,,,,
578,122149,,,,,,,,,,,-0.38,,-0.73,,,,,,,,,,,,,,,,,,,,,,,,,,,,-1.16,,,,,,,,,-1.44,,,0.88,,,,,,,,,,,,
579,122151,,,,,,,,,,,,-0.23,,,,,,,,,,,,,,,,,,,,,,,-0.03,,,,,,-0.05,,,,,,,,,,,,,,,,,,,,,,,,
580,122328,,,,,,,,,,,-1.04,,-0.91,,,,,,,,,,,,,,,,,,,,,,,,,,,,-1.37,,,,,,,,,-1.14,,,,,,,,,,,-0.67,-0.78,-0.47,-1.1,-0.68
581,122363,,,,,,,,,,,-0.16,,-0.24,,,,,,,,,,,,,,,,,,,,,,,,,,,,-0.7,,,,,,,,,-0.79,,,,,,,,,,,-0.72,-0.05,-0.05,-0.59,0.99
582,122374,,,,,,,,,,,-0.5,,0.2,,,,,,,,,,,,,,-0.45,,,,-0.23,,,,-1.21,,,,-0.46,,-1.02,,,,,,,,,-0.46,,,-0.64,,,,-0.53,,,,-0.29,-0.1,-0.08,-0.25,-0.11
583,122376,,,,,,,,,,,,,,,,,,,,,,,-0.08,,,,,,,,0.13,,,,,,,,,,,,,,,,,,,,,,,,,,,,,,,,,,
584,122854,,,,,,,,,,,,-0.97,1.04,,,,0.18,,,,,,,,,,,,,,,,,,,,,,,,0.64,,,,,,,,,,,,-0.72,,,,,,,,-0.33,0.1,-0.11,-0.07,0.51
585,122908,,,,,,,,,,,0.25,,,,,,,,-0.03,,,,-0.97,,,,,,,,-0.13,,,,0.49,,,,,,-1.06,,,,,,,,0.5,,,,0.56,,,,,,,,,,,,
586,122915,,,,,,,,,,,0.16,,0.33,,,,0.68,,,,,,0.45,,-0.18,,0.08,,,,,,,0.31,0.32,,,,,,0.26,-0.32,,,,,,,-0.13,0.39,,,0.32,,0.06,,,,,,,,,,
587,122936,,,,,,,,,,,0.13,0.55,-0.07,,,,,,,,,,-0.39,,,,0.22,,,,0.24,,,0.17,-0.56,,,,,,-0.25,,,,,,,,,,,,0.72,,,,,0.42,,,,,,,
588,123236,,,,,,,,,,,-1.31,,,,,,,-1.0,,,,,,,,-0.69,,,,,,,,,,,,,,,,,,,,,,,,,,,-1.07,,,,,,,,-0.8,-0.46,-0.09,-0.55,-0.42
589,123274,,,,,,,,,0.04,0.29,0.09,,,,,,,,,,,,,,,,,,,,0.44,,,,,0.16,,,,,-0.25,,,,,,,,,,,,0.84,,,,,,,,,,,,
590,123275,,,,,,,-0.16,,,0.49,,0.4,,,,,,,0.96,,,,0.23,,,,0.17,,,,,,,0.44,-0.05,,,,,,-0.03,,,,,,,,0.62,,,,0.17,,,,,,,,,,,,
591,123277,,,,,,,,,,,0.83,,0.47,,,,,,,,,,,,,,0.4,,,,,,,,0.64,,,,,,0.53,,,,,,,,,,,,-0.2,,,,,,,,,,,,
592,123278,,,,,,,,,,,,,,,,,,,,,,,,,,,,,,,0.39,,,,,,,,,,-0.42,,,,,,,,,-0.41,,,,,,,,,,,,,,,
593,123282,,,,0.64,1.49,,,,0.89,,0.27,0.31,0.74,,,,,,,,,,0.25,,-0.16,,-0.12,,,,0.11,,,,,,,,,,0.53,,,,,,,,0.36,,,,-0.27,,,,,,,,,,,,
594,123283,,,,,,,,,,,,0.51,0.07,,,,,,,,,,0.2,,,,0.6,,,,,,,1.47,0.15,,,,,-0.01,0.47,,,,,,,,-0.2,1.22,,,-0.09,,,,,,,,,,,,
595,123285,,,,,,,-0.01,,-1.08,,0.21,-0.03,,,,,,,1.35,,,1.51,0.02,,,,,,,,,,,0.81,,,,,,,0.65,,,,,,,,0.32,0.75,,,-0.17,,,,0.6,,,,,,,,
596,123290,,,,,,,0.47,,,,0.33,0.3,0.46,,,,-0.37,,,,,,0.4,,,,0.46,,,-0.02,0.51,,,0.32,0.28,,,,,0.45,0.1,,,,,,,,0.12,-0.42,,,0.24,,,,,-0.07,,,,,,,
597,123292,,,,,,,,,,,0.28,,0.18,,0.48,,,,0.45,,,,-0.29,,,,,,,,,,,-0.2,0.14,,,,,,-0.27,-0.34,,,,,,,,-0.24,,,-0.48,,-0.67,,,,,,,,,,
598,123298,,,,,,,,,,,,-0.5,,,,,,,,,,-0.62,,,,,,,,,,,,,,,,,,,-0.5,,,,,,,,,-0.4,,,-0.95,,,,,,,,,,,,
599,123300,,,,,,,0.48,,,,0.04,,-0.14,,,,,,0.4,,,-0.16,-0.01,,,,0.33,,,0.17,0.34,0.06,,0.15,0.34,-0.18,,-0.06,,,0.17,-0.11,,,,,,,,0.09,,,,,0.19,,,0.28,,,,,,,
600,123303,,,,,,,,,,,,,,,,,,,,,,,,,,,,,,,0.45,,,,,,,,,,,,,,,,,,,,,,0.55,,,,,,,,,,,,
601,123310,,,,0.7,,,,,,,0.08,,0.04,,,,,,,,,,0.12,,,,-0.04,,,,0.15,,,-0.18,,,,,,,-0.06,0.55,,,,,,,,0.32,,,-0.45,,,,,,,,,,,,
602,123311,,,,,,,0.35,,,,0.45,,0.41,,,0.23,-0.02,,,,,,-0.01,,,,0.64,,,,0.32,,,0.23,-0.56,,,0.3,,0.52,0.15,0.25,,,,0.45,,,,0.31,,,,,0.21,,,0.37,,,,,,,
603,123312,,0.85,,,,,0.24,,,,0.46,0.53,0.74,,,,0.28,,0.79,,,,0.36,,,,0.75,,,0.99,0.42,,,0.43,0.84,,,,,0.24,0.67,0.15,,,,,,,,1.06,,,0.08,,0.24,,,,,,,,,,
604,123313,,,,,,,0.03,,,,0.23,,0.52,,,,0.52,,,,,,0.41,,,,0.28,,,,0.54,,,-0.41,0.19,,,0.39,,,0.26,-0.18,,,,,,,,-0.05,,,0.2,,,,,0.13,,,,,,,
605,123318,,,,,,,-0.09,,0.33,,0.6,0.52,0.54,0.34,,,0.08,,,,,0.44,0.8,,,,0.37,,0.17,,-0.48,,,0.06,0.75,0.37,,,,,0.84,0.94,,0.51,,,,,,0.77,,,0.63,,0.26,0.14,0.74,,,,,,,,
606,123600,,,,,,,,,,,,0.42,0.43,,,,,,0.77,,,,-0.11,,,,0.5,,,,,,,0.15,0.47,,,,,,0.77,,,,,,,,,0.65,,,0.36,,,,-0.4,,,,,,,,
607,123604,,,,,,,0.92,,1.09,,-0.17,-0.3,0.39,,,,,,,,,,,,,,0.29,,,,,,,,,,,,,,0.06,,,,,,,,,,,,-0.4,,,,,,,,,,,,
608,123608,,,,0.05,,,,,0.76,,0.55,0.82,0.96,,,,,,0.95,,,,0.65,,,,0.05,,,-0.05,0.63,,,0.24,0.62,0.34,,,,,0.52,0.58,,,,,,,0.85,0.96,,,,,0.34,,,-0.6,,,,,,,
609,123610,-0.11,,,,,,0.38,,,,0.56,-0.24,,,,,,,,,,,-0.07,,,,0.48,,,,,,,0.42,-0.63,,,,,,0.19,,,,,,,,0.42,0.37,,,0.31,,,,,,,,,,,,
610,123613,,,,,,,,,,,-0.33,0.62,1.03,,,,,,,,,,-0.54,,,,,,,,,,,,,,,,,,0.47,,,,,,,,,,,,-0.17,,,,,,,,,,,,
611,123620,,,,,,,0.64,,,,-0.74,,-0.43,,,,,,,,,,,,,,0.53,,,,,,,,0.42,,,,,,-0.37,,,,,,,,,,,,-0.12,,,,,,,,,,,,
612,123623,,,,,,,,,,,0.18,,0.27,,,,,,,,,,,,,0.33,,,,,,,,,,,,,,,0.3,0.25,,,,,,,,0.39,,,,,,,,,,,,,,,
613,123627,,,,,,,0.56,,,,0.13,0.43,0.73,,,,0.64,,-0.05,,,,0.06,,0.06,,0.29,,,-1.01,-0.37,,,-0.22,-0.12,,,,,,0.69,0.65,,,,,,,0.41,0.35,,,0.38,,-0.29,,,-0.43,,,0.28,0.28,-0.05,0.15,0.32
614,123905,,,,0.19,,0.15,,,,,-0.7,0.69,-0.06,,,,,,,,,,,,,,-0.54,,,,,,,-0.14,0.42,,,,,,0.14,,,,,,,,-0.5,,,,0.04,,,,,,,,,,,,
615,123910,,,,,,,-0.31,,,,-0.38,,,,,,,,0.05,,,,-0.45,,,,0.11,,,,,,,,,,,,,,0.12,,,,,,,,,-0.47,,,,,0.72,,,,,,,,,,
616,123911,,,,,,,0.07,,0.63,,-0.1,0.21,-0.1,,,,,,0.21,,,-0.1,0.31,,,,,,,-0.17,,,,0.71,0.21,,,,,-0.39,0.05,-0.38,,,,,,,0.44,0.25,,,0.14,,,,,-0.11,,,,,,,
617,123912,,,,,,,,,,,0.16,0.31,-0.02,,,,,,1.33,,,,0.13,,,,0.26,,,,0.62,,,,,,,,,,0.76,0.19,,,,,,,-0.48,0.5,,,-0.23,,,,,,,,,,,,
618,123913,,,,,,,,,,,,,,0.38,,,,,,,,-0.1,,,,,,,,,,,,,,,,,,,-0.41,,,,,,,,,-0.37,,,,,,,,,,,,,,,
619,123914,,,,,,,,,,,0.29,0.07,0.67,,0.41,,,,,,,,1.04,,,,-0.02,,,,0.06,,,,-0.51,,,,,,0.18,,,,,,,,0.09,0.08,,,0.11,,-0.22,,,,,,,,,,
620,123916,,,,,,,,,,,-0.39,-0.81,0.16,,,,,,,,,0.49,-0.7,,,,0.14,,,,,-0.08,,,,-0.82,,,,,0.21,-0.18,,,,1.34,0.77,,0.11,1.03,,,-0.44,,,,,-0.84,,,,,,,
621,123930,,,,,,,,,,,0.42,0.24,0.37,-0.44,,,,,,,,,0.01,,,,0.41,,,,0.53,,,,0.44,,,,,,0.65,,,,,,,,,0.6,,,0.59,,,,,,,,,,,,
622,124392,,,,,,,,,,,-0.28,-1.08,,,,,,,,,,,,,,,,,,,,,,,,,,,,,,,,,,,,,,,,,-0.55,,,,-0.41,,,,0.15,-0.43,-0.45,-0.16,-0.02
623,124400,,,,,,,,,,,0.09,-0.07,-0.07,,,,,,-0.74,,,,,,,,0.04,,,,,,,,-0.38,,,,,,0.17,,,,,,,,,-0.24,,,0.28,,,,,,,,0.32,0.16,0.16,-0.19,0.06
624,124408,0.11,,,,,,0.01,,,,-0.47,-0.24,0.09,,,,,,-0.26,,,,0.32,,-0.21,,-0.48,,,,0.03,,,,0.06,,,,,,0.15,-0.27,,,,,,,-0.13,0.26,,,-0.19,,0.11,,-0.08,,,,0.1,0.31,0.4,0.46,-0.41
625,124449,,,,,,,,,-0.02,,,,-0.94,,,,,,,,,,,,,,-0.34,,,,0.28,,,,,,,,,,-0.52,,,,,,,,,-1.16,,,0.45,,,,0.29,,,,-0.29,-0.33,-0.33,-0.1,-0.82
626,124473,,,,,,,0.56,,,,-0.07,0.44,0.13,,,,,,1.46,,,,0.14,,,,-0.48,,,,0.25,,,-0.08,-0.03,,,,,,0.22,0.74,,,,,,,,0.18,,,0.2,,-0.19,,,,,,,,,,
627,124474,,,,,,,,,,,,0.38,,,,,,,,,,,0.19,,,,0.64,,,,0.39,,,-0.29,,,,,,,-0.06,,,,,,,,,0.0,,,,,,,,,,,,,,,
628,124486,,,,,,,,,,,,,-0.48,,,,,,,,,,,,,,,,,,,,,,,,,,,,-0.3,,,,,,,,,-1.16,,,-0.41,,,,,,,,,,,,
629,124487,,,,,,,,,,,0.24,0.06,-0.23,,,,,,-0.25,,,,-0.1,,,,-0.18,,,,-0.28,,,-0.22,0.18,,,,,-0.23,-0.03,,,,,,,,,-0.36,,,0.07,,,,,,,,,,,,
630,124489,,,,,,,,,,,0.32,0.54,,,,,,,,,,,0.44,,,,0.04,,,,,,,0.3,0.36,,,,,,0.28,,,,,,,,,,,,0.51,,,,,,,,,,,,
631,124802,,,,,,,,,,0.21,-0.19,,-0.65,,,,,,0.02,,,,-0.37,,-0.2,,0.29,,,,-0.38,,,0.5,-0.86,,,,,0.18,-0.38,,,,,,,,0.71,-0.36,,,-0.49,,,,0.25,,,,-0.1,-0.12,-0.2,-0.04,-0.43
632,124840,,,,,,,0.35,-0.75,-0.06,,0.39,-0.13,-0.34,,,,-0.33,,-0.34,,,0.47,-0.02,,0.19,,0.07,,-0.58,,-0.67,,,0.02,0.08,,,,-0.03,-0.63,-0.55,-0.25,,-0.39,,,,,0.18,-0.44,,,-0.13,,,,0.01,,,,0.22,0.34,0.34,0.75,0.87
633,124865,,,,,,,,,,,,,,,,,,,,,,,0.29,,,,,,,,,,,,-0.26,,,,,,,,,,,,,,,,,,,,,,,,,,,,,,
634,124868,,,,,,,,,,,,,,,,,,,,,,,0.26,,,,,,,,,,,,,,,,,,0.0,,,,,,,,,,,,,,,,,,,,,,,,
635,124881,,,,,,,0.21,,,,0.07,0.05,0.38,,,,0.64,,0.48,,,-0.1,-0.05,,,,0.23,,,0.56,0.14,,,0.48,0.47,,,,,,0.27,,,,,,,,-0.1,0.14,,,0.1,,0.53,,,0.07,,,,,,,
636,124883,,,,,,,,,,,,0.38,,,,,,,,,,,0.47,,,,-0.26,,,,,,,0.01,,,,,,,0.22,,,,,,,,,,,,,,,,-0.02,,,,,,,,
637,124884,,,,,-0.08,,-0.05,,0.94,,-0.38,-0.09,,,,,,,,,,,0.58,,,,-0.17,,,,0.45,,,,0.01,,,,,,0.26,,,,,,,,-0.16,0.21,,,0.01,,,,,,,,,,,,
638,124886,,,,0.38,,,,,,0.43,,0.55,-0.13,,,,,,0.02,,,-0.25,0.41,,,,0.56,,,,0.41,,,,0.08,,,,,,-0.86,,,,,,,,-0.48,-0.66,,,-0.32,,-0.08,,,,,,,,,,
639,124887,,,,,,,0.88,,,,0.54,0.53,0.4,,,,,,,,,0.87,0.34,,,,0.85,,,,-0.21,,,,0.22,,,,,,-0.13,,,,,,,,0.51,0.33,,,0.75,,,,,0.01,,,,,,,
640,124888,,,,,,,,,,,0.32,-0.46,0.09,,,,,,,,,,,,,,,,,,,,,,,,,,,,-0.64,,,,,,,,,,,,-0.25,,,,,,,,,,,,
641,124889,,,,,,,,,,,,0.43,,,0.34,,,,0.33,,,,-0.57,,0.46,,0.71,,,,0.43,,,,0.27,,,,,,-0.28,,,,,,,,,-1.02,,,-0.04,,,,,,,,,,,,
642,124892,,,,,,,,,,,-0.21,-0.51,0.08,,,,,,,,,,0.03,,,,,,,,,,,,,,,,,,-0.3,,,,,,,,0.62,0.22,,,-0.42,,,,,,,,,,,,
643,125275,,,,,,,,0.68,0.27,-0.89,0.04,0.57,0.01,,,,0.69,,-0.05,,,,,,,,0.03,,,0.39,0.05,,,0.34,0.17,,,,,,0.25,0.35,,0.63,,,,,,0.54,,,0.31,,,,0.31,0.49,,,0.84,1.09,0.94,1.28,2.38
644,125278,,,,,,,0.76,,0.55,,0.21,0.55,0.21,,,,,,,,,,0.28,,-0.22,,-0.64,,,,-0.62,,,0.16,-0.28,,,,,,0.47,0.73,,-0.38,,,,,0.49,0.52,,,0.52,,0.23,,-0.15,,,,0.5,0.75,0.71,0.24,0.26
645,125279,,,,,,,,,,,0.02,0.16,-0.01,,,,-0.62,,,,,,,,,,-0.56,,,,,,,-0.26,0.12,,,,,,-0.33,,,,,,,,,,,,0.19,,,,0.17,,,,0.79,0.44,0.53,0.57,0.19
646,125315,,,,,-0.32,0.56,,,-0.45,,-0.06,0.15,-0.56,,,,0.13,,,,,,0.17,,-0.18,,0.19,-0.79,,,0.56,,,0.14,,,,,,,0.16,-0.12,,0.04,,,,,,-0.61,,,0.16,,-0.1,,0.05,,,,0.57,0.5,0.29,0.37,1.26
647,125320,,,,,,,,,,,,,0.24,,,,,,,,,,0.5,,,,,,,,0.6,,,0.35,-0.55,,,,,,0.12,0.22,,,,,,,,0.14,,,0.24,,0.1,,,,,,,,,,
648,125321,,,,,,,,,,,0.3,0.08,,,,,,,0.23,,,,-0.13,,,,-0.28,,,0.3,-0.01,,,,-0.18,,,,,,-0.05,0.23,,0.16,,,,,0.59,,,,0.01,,0.61,,,-0.25,,,,,,,
649,125322,,,,,,,,,,,-0.21,0.7,,,,,,,,,,,,,,,,,,,,,,,,,,,,,,,,,,,,,,,,,,,,,,,,,,,,,
650,125323,,,,,,,0.4,,,,-0.34,0.42,0.23,,-0.06,,,,0.47,,,0.83,0.89,,,,-0.06,,,,0.55,,,0.68,0.13,,,,,,0.45,0.23,,,,,,,0.02,0.34,,,0.56,,-0.02,,,0.46,,,,,,,
651,125332,,,,,,,-0.07,,,,-0.14,-0.22,-0.06,,,,,,0.34,,,0.15,0.02,,,,-0.56,,,,-0.06,,,0.09,-0.42,,,,,,-0.06,0.22,,,,-0.84,,,0.46,-0.11,,,0.14,,-0.31,,,-0.72,,,,,,,
652,125334,,,,,,,,,0.64,,0.28,0.7,0.6,,,,0.81,,0.88,,,,0.23,,,,,,,,0.22,,,,,,,,,,0.57,,,,,,,,-0.44,0.26,,,0.4,,,,,,,,,,,,
653,125338,,,,,,,,,,,,,,,,,,,,,,,,,,,,,,,,,,,,,,,,,-0.24,,,,,,,,,,,,-0.16,,,,-0.61,,,,,,,,
654,125340,,,,,,,0.53,,,,,0.78,0.52,,0.34,,-0.4,,,,,0.1,0.47,,,,0.28,,,-0.3,,,-0.39,0.87,0.37,,,,,0.54,0.6,0.33,,,,,,,,0.94,,,,,,,,0.32,,,,,,,
655,125342,,,,,,,,,,,0.09,,0.33,,,,,,,,,-0.08,0.01,,,,0.22,,,0.12,0.47,,0.17,-0.39,0.12,,,0.18,,,-0.12,-0.4,,,,,,,,-0.1,,,0.02,,0.17,,,0.0,,,,,,,
656,125345,,,,,,,,,,,0.17,0.67,0.42,,,,,,,,,,0.1,,,,-0.03,,,,0.48,,,-0.1,,,,,,,0.52,,,,,,,,0.22,-0.21,,,0.26,,,,,,,,,,,,
657,125349,,,,,,,-0.19,,,,0.3,0.06,0.43,,,,,,,,,,0.42,,,,0.3,,,,0.66,,,0.87,0.4,,,,,,0.47,0.37,,,,,,,,0.71,,,1.06,,0.19,,,,,,,,,,
658,125353,,,,,,,0.19,,,,0.23,0.29,0.27,,,,,,,,,0.33,0.55,,,,0.76,,,0.2,0.33,,,0.78,0.33,,,,,,0.3,,,,,,,,-0.18,0.16,,,0.42,,0.3,,,,,,,,,,
659,125356,,,,,,,,,,,-0.11,,,,,,,,,,,,0.34,,,,,,,,,,,-0.24,,,,,,,-0.53,,,,,,,,-0.13,,,,-0.62,,,,,,,,,,,,
660,125361,,,,,,,-0.55,,,,-0.06,0.39,-0.11,,,,0.26,,,,,,0.26,,,,0.61,,,0.6,0.23,,,0.67,0.35,,,,,,0.48,0.77,,,,,,,1.11,0.48,,,0.07,,0.37,,,0.26,,,,,,,
661,125365,,,,,,,,,,,-0.84,0.17,,,,,,,,,,,,,,,,,,,0.73,,,,,,,,,,-0.71,,,,,,,,0.17,,,,-0.77,,,,,,,,,,,,
662,125369,,,,,,,,,,,0.34,0.41,0.79,,,,,,,,,-0.19,0.32,,,,0.19,,,,0.29,,,0.6,0.64,-0.28,,,,,0.3,,,0.88,,,,,,,,,0.66,,-0.16,,,,,,,,,,
663,125375,,,,,,,,,,,0.25,,,,,,,,,,,,,,,,0.29,,,,0.67,,,,,,,,,,-0.33,,,,,,,,,,,,,,,,,,,,,,,,
664,125380,,,,,,,,,,,,0.01,-0.07,,,,,,,,,,,,,,,,,,-0.36,,,,-0.11,,,,,,0.09,,,,,,,,,,,,0.14,,,,,,,,,,,,
665,125387,,,,,,,0.48,,,,0.52,0.35,,,,,,,,,,,0.17,,-0.23,,,,,,0.07,,,,0.27,,,,,,0.6,,,0.6,,,,,0.16,0.24,,,0.43,,,,,,,,,,,,
666,125388,,,,,,,,,,,,,,,,,,,,,,,,,,,,,,,,,,,,,,,,,-1.42,,,,,,,,,,,,,,,,,,,,,,,,
667,125402,,,,,,,,,,,0.64,0.08,0.37,,,,,,,,,,,,,,0.4,,,,,,,,0.08,,,,,,0.69,,,,,,,,,,,,0.42,,,,,,,,,,,,
668,125403,,,,,,,,,,,,,,,,,-0.67,,,,,,,,,,,,,,,,,,,,,,,,-0.72,,,,,,,,,-1.08,,,,,,,,,,,,,,,
669,125411,,,,,,,0.43,,,,0.12,0.69,,,,,,,-0.19,,,0.35,0.17,,,,,,,,0.4,,,0.73,0.07,,,,,,0.42,,,,,,,,0.18,0.15,,,0.15,,,,,,,,,,,,
670,125422,,,,,,,0.43,,,,0.06,,-0.26,,,,,,,,,,0.07,,,,-0.33,,,,0.08,,,-0.02,0.03,,,,,,0.15,-0.49,,,,,,,-0.33,0.32,,,-0.08,,-0.34,,,,,,,,,,
671,125424,,,,,,,,,,,0.5,,0.45,,,,0.41,,,,,,0.28,0.55,,,-0.53,,,0.31,0.12,,,-0.37,-0.07,,,,,,0.33,-0.07,,,,,,,0.72,0.32,,,,,0.21,,,,,,,,,,
672,125425,,,,0.3,,,,,,,0.1,1.22,0.32,,,,,,,,,,0.47,,,,,,,,0.46,,,,-0.48,,,,,,0.45,0.02,,,,,,,,0.27,,,0.37,,,,,,,,,,,,
673,125427,,,,,,,,,,0.67,0.09,0.33,0.47,,,,0.67,,,,,0.21,-0.01,,,,-0.01,,,-0.22,,,,0.08,0.11,,,0.06,,,0.41,0.41,,,,,,,0.21,0.32,,,0.27,,0.01,,,0.65,,,,,,,
674,125442,,,,,,,0.28,,0.95,0.38,0.67,0.48,1.98,,,,,,,,1.43,0.68,0.34,,,,0.42,,,,0.38,,,,0.19,,,,,,0.59,,,,,,0.33,,,,,,-0.18,,,,0.79,,,,,,,,
675,125774,,,,,,,,,,,-0.55,0.07,,,,,,,,,,,,,,,,,,,-0.19,,,-0.23,,,,,,,-0.34,,,,,,,,,-1.05,,,0.33,,,,,,,,,,,,
676,125775,,,,,,,,,,,,0.03,,,,,,,,,,,,,,,,,,,,,,,,,,,,,,,,,,,,,,,,,,,,,,,,,,,,,
677,125777,,,,,0.25,,-0.2,,,,0.33,0.18,0.3,,,,0.23,,,,,-0.12,0.23,,,,,,,-0.36,0.33,,,0.51,-0.03,,,,,,0.23,-0.05,,,,,,,0.14,0.28,,,,,-0.52,,,,,,,,,,
678,125781,,,,,,,,,,,0.54,0.41,0.33,,,,,,0.49,,,,0.35,,-0.04,,1.26,,,,0.29,,0.24,0.51,0.49,,,,,0.41,0.45,0.49,,,,0.73,,,0.48,0.7,,,0.48,,,,,,,,,,,,
679,125787,,,,,,,0.47,,1.26,,0.15,0.57,-0.3,,,,,,0.57,0.54,,,0.37,,,0.16,-0.13,,,,0.66,,,-0.36,0.24,,,,0.41,,0.2,,,,,,,,,0.82,,,0.22,,0.39,,0.43,,,,,,,,
680,125788,,,,,,,0.25,,,,-0.5,-1.2,-1.0,,,,,,0.04,,,0.03,-1.31,,0.13,,0.41,,,,-0.07,,,0.04,-0.18,,,,,,-0.63,,,,,,,,-0.18,-0.88,,,-0.21,,0.01,,,,,,,,,,
681,126068,,,,,,,,,-0.09,,-0.14,0.34,0.15,,,,-0.26,,-0.11,,,,-0.14,,,,0.16,,,,-0.43,,,,-0.16,,,,,,0.37,,,0.12,,,,,-0.1,0.14,,,-0.25,,,,-0.42,,,,0.2,0.38,0.53,1.02,0.63
682,126071,-0.73,,,,,,-0.79,,-0.81,,0.38,,,,,,,,,,,,-0.48,,0.39,,,,,,-0.34,,,,,,,,,,0.47,,,,,,,,,0.21,,,0.41,,,,-0.83,,,,-0.07,-0.42,-0.26,-0.4,-0.62
683,126080,,,,,,,,,,,-0.35,-0.16,-1.05,,,,-0.35,,,,,,,,-0.22,,0.11,,,,0.28,,,,0.09,,,,,,-0.44,,,-0.02,,,,,,,,,0.05,,-0.55,,,,,,-0.41,-0.46,-0.42,-0.34,0.19
684,126081,,,,,,,,,-0.41,,,-0.74,,,,,0.42,,,,,,,,,,,,,,,,,,,,,,,,0.37,,,0.37,,,,,,0.24,,,-0.1,,,,,,,,-0.65,-0.18,-0.35,-0.19,-1.57
685,126088,,,,0.37,,,,,0.04,,0.01,,-0.39,,,,0.32,,,,,,0.01,,,,0.11,,,,-0.41,,,0.01,0.48,,,,,,-0.35,,,,,,,,,0.16,,,0.03,,,,-0.37,,,,-0.13,-0.02,0.05,0.22,-0.07
686,126089,,,,,,,0.48,,-0.1,0.09,0.37,0.42,0.15,,,,,,,,,,0.12,,-0.49,,-0.27,,-0.34,,-0.1,,,-0.45,-0.27,,,,0.58,-0.09,0.1,-0.01,,,,,,,0.36,0.04,,,0.22,,,,,,,,-0.19,-0.09,0.02,0.11,-0.2
687,126095,,,,,,,,,,,0.09,0.0,0.11,,,,-0.05,,,,,,-0.39,,,,-0.31,,,,-0.52,,,,-0.11,,,,,,-0.59,,,,,,,,,-0.11,,,-0.15,,-0.29,,0.02,,,,-0.11,-0.17,0.17,0.05,1.42
688,126098,,,,,,,,,,,-0.2,-1.35,-0.31,,,,0.34,,,,,,-0.57,,,,-0.74,,,,-0.84,,,,-0.34,,,,,,-0.42,,,,,,,,,,,,-0.96,,-0.63,,-0.33,,,,-0.17,-0.47,-0.31,0.0,0.52
689,126107,,,,,,,0.0,,,,-0.02,,0.22,-0.52,,,,,0.46,,,-0.33,-0.31,,,,,,,0.53,-0.53,,,,-0.56,-0.19,,,,0.08,0.18,,,,,0.63,,,,0.25,,,,,,,,,,,,,,,
690,126108,,,,,,,-0.29,,0.51,,-0.14,,0.16,,,,-0.03,,-0.23,,,0.08,0.08,,,,0.32,,,-0.13,0.1,,,0.37,0.53,,,,,,0.15,1.47,,,,,,,,0.16,,,-0.47,,,,,0.65,,,,,,,
691,126110,,,,,,,,,0.0,,0.51,0.1,-0.09,,,,,,,,,,0.26,,0.24,,0.69,,,,0.69,,,0.64,0.77,,,,,,0.85,,,,,,,,0.58,-0.03,,,0.61,,,,-0.53,,,,,,,,
692,126115,,,,,,,,,,,,,,,,,,,,,,,,,,,,,,,,,,,,,,,,,0.23,,,,,,,,,,,,,,,,,,,,,,,,
693,126126,,,,,,,,,,,,,,,,,,,,,,,,,,,,,,,,,,,,,,,,,-0.41,,,,,,,,,,,,,,,,,,,,,,,,
694,126133,,,,-0.46,,,,,,,-0.12,0.9,,,,,0.48,,,,,-0.21,0.53,,,,0.17,,,,,,,0.11,0.29,,,,,0.15,-0.1,,,,,-0.48,,,,0.25,,,0.09,,,,,,,,,,,,
695,126134,,,,,,,,,,,,,,,,,,,,,,,,,,,,,,,,,,0.48,,,,,,,-0.74,,,,,,,,,,,,0.2,,,,,,,,,,,,
696,126136,,,,,,,0.38,,1.01,,0.0,-0.01,0.17,,,,,,0.31,,,0.25,0.23,,,,-0.33,,,,0.16,,,0.18,-0.2,,,,,,0.12,-0.22,,,,,,,-0.24,0.18,,,-0.53,,0.05,,-0.19,,,,,,,,
697,126137,,,,,,,,,,,-0.2,0.38,0.26,,,,,,0.74,,,0.74,0.25,,,,-0.85,,,,,,,0.0,0.24,,,,,,0.1,,,,,,,,0.74,0.13,,,0.24,,0.07,,,,,,,,,,
698,126510,,,,-0.21,,,,,,,0.36,,0.31,,,,,,,,,,,,,,,,,,,,,,-0.26,,,,,,0.73,,,,,,,,,,,,0.68,,,,,,,,-0.12,0.16,0.16,-0.02,-0.05
699,126512,,,,,,,,,,,-0.87,-1.05,,,,,,,,,,,,,,,,,,,0.02,,,,,,,,,,,,,,,,,,,,,,-1.05,,,,,,,,,,,,
700,126513,,,,,,,0.68,,,,-0.03,,0.21,,0.01,,,,,,,0.45,0.34,,,,0.59,,,,0.34,,,0.65,0.33,-0.12,,,,,0.62,,,,,,,,,,,,0.51,,,,,,,,,,,,
701,126516,,,,,,,0.29,,0.44,,0.22,0.38,0.1,,,,0.91,,0.41,,,,0.13,,,,0.06,,,0.66,0.08,,,0.28,0.04,-0.15,-0.52,,,,-0.15,-0.57,,,,1.02,,,0.34,0.12,,,0.23,,-0.14,-0.5,,-0.5,,,,,,,
702,126519,,,,1.08,,,,,,,0.88,0.78,-0.57,,,,,,,,,,,,,,,,,,,,,,-0.43,,,,,,,,,,,,,,,,,,0.28,,,,,,,,,,,,
703,126522,,,,,,,,,0.82,,-0.15,-0.19,,,,,,,-0.01,,,,,,,,0.67,,,,-0.13,,,,,,,,,,0.43,,,,,,,,,,,,-0.37,,,,,,,,,,,,
704,126532,,,,,,,0.99,,1.08,,-0.57,0.77,-0.32,0.52,,,,,0.1,,,0.41,-0.3,,0.38,,0.31,,,,-0.45,,,-0.31,-0.17,-0.02,,,,,-0.37,-0.11,,,,,,,-0.27,-0.09,,,-0.55,,0.43,,,,,,,,,,
705,129342,,,,,,,-0.38,,-1.49,,,,,,,,,,,,,,,,,,,,,,,,,,,,,,,,,,,,,,,,,,,,-0.67,,,,,,,,-0.09,-0.12,-0.35,-0.32,-0.64
706,130247,,,,,,,,,,,-1.14,-0.55,-1.49,,,,,,,,,,,,,,,,,,-0.69,,,,,,,,,,-0.87,,,,,,,,-0.2,,,,-0.98,,,,-0.91,,,,-0.83,-0.39,-0.82,-1.36,-1.13
707,130411,,,,,,,0.03,,0.28,,-0.59,0.38,-0.78,,,,,,,,,,0.17,,,-0.74,0.01,,-0.22,,0.1,,,0.66,0.63,,,,-0.74,,-0.54,,,-0.6,,,,,0.17,-1.8,,1.19,-0.62,,0.01,,0.28,1.4,,,,,,,
708,130416,,,,,,,-0.9,-1.27,-0.5,,0.0,-0.71,-0.02,,,,0.34,,,,,,-0.99,,,,-0.06,,0.05,0.08,-0.46,,,-0.3,-0.42,,,,,,-0.03,-0.5,,-0.38,,,,,-0.91,0.17,,,-0.51,,-0.14,,-0.06,,,,,,,,
709,130418,-0.43,,,-0.06,-0.16,,-0.4,0.2,-0.24,,0.02,-0.47,-0.08,,,,-0.19,,,,0.36,-0.39,-0.99,,-0.6,-0.39,-0.19,-0.13,-0.32,-1.46,-0.91,0.45,,-0.18,-0.12,,,,-0.1,-0.74,-0.42,-0.09,,-0.18,,,0.16,,,-0.14,,,-0.36,,-0.67,,0.02,-0.2,,,,,,,
710,130421,,,,,,-0.32,-0.46,-0.61,-0.51,-0.43,-0.53,-0.42,-0.32,,,,-0.6,,,,,-0.26,-0.53,,,-0.28,-0.17,-1.06,-0.1,-0.54,-0.11,,,-0.09,-0.19,,,,-0.9,0.2,-1.07,-0.95,-1.72,-0.43,,-1.59,-1.46,,-0.6,-0.97,,,-0.27,,0.37,,-0.21,-0.29,,,,,,,
711,130422,,,,,,,-0.72,-0.64,,,-0.77,-0.38,-0.27,,-0.7,,,,,,,,-0.18,,,0.06,-0.41,,,,-0.45,,,0.69,-0.19,,,,,,-0.44,,-1.59,-0.24,,,,,,-0.33,,0.71,-0.89,,0.05,,-0.36,1.4,,,,,,,
712,130423,,,,,,,,,,,-1.25,-0.57,-1.75,,,,,,,,,,,,,,-0.71,,,,,,,-1.7,-1.74,,,,-1.51,,-1.89,,,-0.57,,,,,,,,,-1.0,,,,-0.97,,,,,,,,
713,130425,,,,,,,,,-0.5,,-0.66,-0.59,-0.66,,,,,,,,,,-0.25,,,,0.0,,,,,,,-0.39,0.55,,,,-0.66,,-0.76,,,-0.14,,,,,-0.74,-1.43,,,-0.68,,,,-0.48,,,,,,,,
714,130432,,,,,,,-0.81,-0.08,,1.36,,-0.5,,,,,-1.97,,,,,,,,,-0.52,-0.59,,-0.79,,-0.38,,,-0.92,-0.93,,,,,,-0.63,-0.96,,-0.43,,,,,,,,,-0.82,,,,-0.68,,,,,,,,
715,130443,,,,-1.03,,,,,,,-0.14,0.04,0.02,,-0.13,,0.36,,,,,-0.66,0.06,,,,-0.38,,,-0.5,-0.24,,,-0.08,-0.11,-0.05,,,-0.06,-0.56,-0.06,0.0,,,,0.33,,,-0.47,0.07,0.14,,0.09,,-0.38,,0.06,-0.35,,,,,,,
716,130446,,,,,0.9,,,-0.01,,,0.23,0.0,0.11,,,,-0.43,,,,,,0.13,,,-0.81,-0.27,,-0.05,,,,,-0.21,-0.33,,,,-0.97,,0.6,0.52,,-0.04,,,,,,1.0,,,0.38,,-0.51,,0.01,,,,,,,,
717,130448,,,,,,,,,,,,-0.76,,,,,,,,,,,,,,-0.62,,,,,,,,,,,,,,,0.43,,,,,,,,,,,,,,,,-0.97,,,,,,,,
718,130452,,,,,,,,-1.05,,,-0.71,-0.19,-0.35,,,,-0.37,,,,,,-1.07,,-0.46,-0.63,-0.79,,,,-1.17,,,-0.72,-1.3,,,,-1.32,,0.1,,,,,,,,,-0.09,,,-0.73,,-0.72,,-0.44,,,,,,,,
719,130457,,,,,0.42,,-0.23,-0.78,0.52,0.0,-0.53,-0.22,0.12,,,,-0.05,,,,,,-0.6,,0.12,-0.68,-0.4,,-0.21,,0.0,,,-0.45,0.06,,,,-0.15,,-0.17,0.5,,-0.89,,,,,,-0.83,,,-0.01,,0.36,,0.25,0.76,,,,,,,
720,130458,,,,-0.21,,,,-1.18,0.33,,-0.07,-0.01,-0.14,,,,-1.0,,,,,,-0.17,,-0.32,,-0.57,,,,0.41,,,-0.62,-0.82,,,,0.09,-0.67,-0.78,,,0.13,,,,,,0.16,,,0.13,,,,0.25,0.91,,,,,,,
721,130461,,,,,,,,,,,-0.28,,-0.21,,,,,,,,,,,,,,,,,,,,,,,,,,,,,,,,,,,,,,,,0.55,,,,-0.12,,,,-3.15,-1.97,-1.26,-1.61,
722,130466,,,,,,,-1.12,,,,-0.45,-0.88,-0.76,,,,,,,,,,-1.63,,-0.41,,-0.38,,-0.33,,-0.16,,,-0.32,-0.29,,,,-0.74,,-0.95,,,-0.66,,,,,,-0.68,,,-0.67,,-0.46,,-0.72,,,,,,,,
723,130468,,,,,,,0.5,0.61,1.43,,0.59,0.43,0.29,,,,-0.24,,,,,,,,-0.05,0.41,0.11,,,,,,,-0.21,-0.04,,,,0.98,,0.38,,,,,,,,,0.67,,,0.42,,0.42,,-0.04,,,,,,,,
724,130475,0.96,,,,,,-1.55,,-0.34,-0.48,-0.07,-0.02,-0.74,,-1.09,,-0.42,,-0.82,,,,-0.04,,-0.32,,-0.21,-0.16,0.24,,-0.11,,,-0.23,-0.55,,,,0.38,0.47,-0.29,,,-0.34,,,,,,-0.62,,,-0.56,,0.09,,-0.32,,,,,,,,
725,130476,,,,,,,-0.52,-0.38,-0.71,,-0.81,-0.61,-0.78,,,,-0.52,,,,-1.16,-0.88,,,-0.54,-0.97,-0.59,-0.86,-0.34,-1.46,-0.65,-0.59,,-0.78,-0.9,,,,,,-1.06,-1.53,,-0.4,,,,,,-0.7,,,-0.2,,-0.68,,-0.51,,,,,,,,
726,130479,-0.57,,,,-0.56,,-0.51,-1.03,-0.66,-1.44,-0.27,-0.42,-0.38,,,,0.11,,,,,,-0.73,,-0.74,-0.18,-0.73,-0.62,-0.58,0.33,-0.69,,,-0.82,-0.47,,,,-0.05,-0.54,-0.34,-0.94,,-0.38,,,,,,0.03,,,-0.62,,-0.54,,-0.49,0.4,,,,,,,
727,130483,0.12,,,,,,,,,,,-0.03,,,,,,,,,,,-0.53,,,,,,,,,,,,,,,,0.02,,,,,,,,,,,,,,-0.81,,,,,,,,,,,,
728,130484,,,,,,,,,,,-0.87,-1.1,0.16,,,,,,,,,,,,-1.0,,0.0,,,,,,,-0.91,-0.32,,,,-1.67,,-0.27,,,,,,,,,0.0,,,-0.85,,,,-1.15,,,,,,,,
729,130487,,,,,,,,,,,-1.1,-0.83,-1.04,,,,,,,,,,-1.07,,-0.41,,-0.47,,-0.14,,-0.96,,,-0.88,-0.99,,,,,,-1.09,,,0.09,,,,,,0.02,,,0.35,,,,-0.18,-0.53,,,,,,,
730,130489,,,,,0.95,,1.07,1.0,0.72,1.15,0.34,0.17,0.74,,,,0.66,,,,,,-0.1,,0.26,0.12,0.42,,-0.18,-0.13,0.42,,,0.03,0.02,,,,0.25,,0.41,0.34,0.14,0.13,,,,,0.87,0.41,,,0.27,,-0.39,,0.01,0.48,,,,,,,
731,130490,,,,,,,,,-0.52,,0.55,-0.04,0.26,,,,0.3,,,,,,0.78,,0.17,0.24,0.07,,0.18,,-0.14,,,,-0.3,,,,-0.76,,-0.01,,,0.91,,,,,,0.0,,,0.2,,0.11,,0.26,,,,,,,,
732,130491,,0.06,,,,,-0.35,-0.25,-0.44,-0.55,-0.98,-0.56,-1.25,,0.03,,-0.93,,,,,-1.95,,,-0.59,-0.3,-0.4,,-0.26,,-0.88,,,-0.23,-0.33,,,,-0.39,-0.45,-0.75,-0.6,,-0.54,,,,,-1.5,-1.14,,,-0.46,,,,0.11,-0.66,,,,,,,
733,130498,0.15,,,-1.98,,,,-0.3,,,-0.32,-0.22,0.11,,,,-0.84,,,,,-0.61,-0.22,,0.0,,-0.08,,-0.11,,-0.47,,,,-0.26,,,,,,-0.2,,,-0.14,,,,,,-0.64,,,0.2,,,,-0.13,,,,,,,,
734,130499,-0.17,,,0.6,,,,0.92,1.14,1.09,0.16,0.04,0.68,,,,0.8,,,,-0.14,0.48,-0.33,,-0.28,-0.08,0.36,,-0.05,0.11,0.03,0.15,,0.05,0.2,,,,0.42,,-0.13,0.37,,-0.12,,0.38,,,-0.26,0.23,,,0.23,,-0.1,,0.21,0.08,,,,,,,
735,130503,0.44,,,,0.53,,0.46,0.42,0.78,0.64,-0.1,-0.03,0.16,0.47,0.16,,0.1,,,,,-0.24,-0.24,,-0.2,-0.05,-0.03,,-0.04,0.19,-0.09,,0.38,0.03,-0.1,,0.3,,0.16,,-0.01,-0.07,,0.05,,0.42,,,,-0.08,,,0.38,,-0.11,,0.35,0.46,,,,,,,
736,130504,-0.25,-0.15,,,,,-0.36,0.27,0.4,-0.12,0.19,0.09,-0.02,,-0.5,,0.0,,,,,0.49,0.03,,0.23,0.04,-0.15,,0.27,0.17,-0.07,,0.63,-0.16,-0.38,,-0.5,,-0.31,,-0.28,0.09,,-0.1,,1.15,,,,-0.18,,,0.07,,-0.57,,-0.23,0.1,,,,,,,
737,130509,-0.02,,,,,,0.0,-0.63,-0.02,-0.03,-0.42,0.04,-0.57,,-0.24,,-0.4,,,,-0.67,-0.93,-0.45,,-0.48,,-0.16,,-0.23,0.37,0.39,,,0.13,0.22,,,,-0.16,,-0.36,-0.1,,-0.23,,,,,,-0.18,,,0.51,,,,-0.15,0.19,,,,,,,
738,130514,0.04,,,0.51,0.02,,,0.11,0.69,0.08,0.3,0.01,0.27,,,,-0.17,,,,,-0.03,0.23,,0.0,-0.04,-0.38,0.15,0.04,-0.38,-0.4,-1.0,-0.15,-0.26,-0.28,,,,0.23,,0.19,0.27,-0.34,0.06,,-0.18,0.03,,0.17,0.38,,,-0.12,,-0.01,,-0.04,-0.08,,,,,,,
739,130516,,,,,,,-0.24,,,,-0.51,-0.65,-1.34,,-0.24,,-0.44,,,,,,,,0.17,,0.23,,-0.23,,0.02,,,-0.54,-0.77,,,,-0.59,,0.58,,,-0.45,,,,,,,,,0.17,,,,0.19,,,,,,,,
740,130519,,,,,,,-0.53,,-0.06,,-0.25,-0.14,-0.44,,,,0.04,,,,,,,,-0.55,,-0.2,,0.15,,-0.25,,,-0.38,-0.22,,,,-0.01,,-0.59,,,0.34,,,,,,-0.03,,,0.2,,,,0.25,-0.37,,,,,,,
741,130521,,,,,,,,,,,-0.85,,,,,,,,,,,,,,,-0.35,,,,,,,,,,,,,,,-0.1,,,,,,,,,,,,-0.54,,,,-0.33,,,,,,,,
742,130522,0.3,0.06,,0.7,,,,0.6,0.59,0.49,0.12,0.0,0.33,,,,0.71,,,,0.47,-0.25,-0.05,,-0.06,0.3,0.29,,-0.07,0.1,-0.26,-0.74,,0.51,-0.12,,,,0.45,0.05,0.05,-0.17,,-0.03,,-0.07,,,-0.07,-0.3,,,0.16,,-0.38,,0.17,0.09,,,,,,,
743,130523,,0.08,,,,,-0.47,0.33,-0.63,,-0.12,0.11,-0.54,,,,0.9,,,,,,-0.22,,-0.22,-0.61,-0.41,,-0.31,,-0.57,,,-0.16,-0.26,,,,0.24,,-0.47,-0.67,,-0.37,,0.0,,,-0.88,-0.41,,,0.42,,-0.32,,-0.19,-0.74,,,,,,,
744,130524,,,,,,,-0.29,,,,-0.71,-0.74,-0.48,,,,-0.08,,,,,-0.81,-1.06,,,-0.35,,,-0.7,-1.91,-1.11,,,-0.13,-0.16,,,,-0.12,,-0.9,-0.27,,-0.79,,,,,-0.91,-0.82,,,-0.07,,0.06,,-0.6,-0.78,,,-3.49,-2.29,-2.13,,
745,130531,,,,,,,-0.25,,-1.23,,-0.21,-1.21,-1.45,,,,-1.14,,,,,,-1.14,,-0.62,,-0.3,,-0.49,,,,,-1.2,-0.46,,,,-1.33,,-1.61,,,-1.32,,,,,,-0.46,,,-1.08,,,,-0.89,,,,,,,,
746,130538,,,,-0.16,,,,,,,-0.29,0.05,0.01,,-0.02,,-0.23,,,,,-0.28,0.14,,0.35,0.34,-0.21,,0.13,0.0,0.02,0.21,0.35,-0.58,-0.15,,,,0.0,,-0.02,-0.35,-0.4,,,0.77,0.97,,-0.13,-0.21,,,-0.2,,-0.23,,-0.29,0.5,,,,,,,
747,130539,,,,,-0.72,,0.25,0.18,-0.1,0.41,-0.39,0.17,-1.15,,,,-0.46,,,,,-0.66,0.18,,,-0.29,-0.54,,-0.08,,0.15,,,-0.19,-0.08,,,,0.61,,-0.77,,,0.05,,,,,-0.95,-0.36,,,-0.02,,-0.49,,0.15,-0.19,,,,,,,
748,130548,,,,,,,0.2,,0.38,,0.31,-0.1,0.3,,-0.34,,-0.4,,-0.31,,,0.32,-0.13,,0.38,0.58,0.56,,,0.07,-0.33,,,-0.02,-0.37,,,,0.27,,-0.31,-0.24,,-0.13,,,,,-0.32,-0.16,,,0.23,,0.33,,-0.35,0.38,,,,,,,
749,130549,,,,-1.41,,,,,-0.67,,-0.09,-0.66,0.68,,,,-1.93,,,,,,-1.01,,-0.13,,-0.56,,,,-0.4,,,,-0.49,,,,-0.58,,-0.21,,,-0.6,,,,,,-0.34,,,-0.78,,,,-0.68,,,,,,,,
750,130551,,,,,,,-1.3,,,,-0.19,-0.57,0.38,,,,,,,,,,,,-0.5,,-0.75,,,,-0.64,,,,,,,,-0.32,,-0.24,,,-0.07,,,,,,-0.03,,,-0.53,,,,-0.36,,,,,,,,
751,130552,,,,0.54,,,,-0.07,,,-0.3,-0.38,-0.25,,,,0.42,,,,,-0.21,-0.22,,0.18,,0.05,,0.5,-0.49,-0.67,,,-0.28,-0.1,,,,0.58,,-0.49,-0.08,-0.62,0.42,,,-0.5,,,-0.06,,,0.12,,-0.28,,-0.2,0.38,,,,,,,
752,130563,0.13,,,,,,-1.02,-0.61,-0.52,-1.05,0.11,-0.36,0.14,,,,-0.36,-0.13,0.1,,,-0.66,-0.49,,-0.34,0.32,0.02,,-0.15,-0.61,0.11,,,0.03,-0.22,,,,0.24,-0.18,-0.57,-0.09,,-0.15,,,-0.36,,,-0.45,,,-0.14,,-0.32,,-0.29,-0.53,,,,,,,
753,130564,,,,-0.45,,,,,0.53,,0.0,-0.72,-0.69,,,,-0.79,,,,,,-0.16,,,-0.43,-0.03,,,,-0.7,,,-0.43,-0.72,,,,0.1,,-0.63,-1.58,,-0.44,,,,,,-0.25,,,0.08,,,,-0.87,,,,,,,,
754,130570,,,,,,,0.05,,0.04,,-0.51,-0.19,-0.24,,,,,,,,,,,,-0.62,,-0.86,-0.44,-0.03,,-0.66,,,0.1,-0.87,,,,0.22,,-0.03,-0.34,,0.23,,,,,,-0.25,,,-0.4,,,,-0.23,,,,,,,,
755,130571,,,,-0.33,,-0.99,,,-0.27,,,,,,,,,,,,,,,,,,,,,,,,,,,,,,,,,,,,,,,,,,,,,,,,,,,,,,,,
756,130576,,,,,,,0.95,,-0.08,,0.03,-0.27,0.4,,,,-0.94,,,,,,-0.54,,-0.61,,-0.36,,,,-0.81,,,,-0.89,,,,-1.19,,-0.78,,,-0.13,,,,,,-0.74,,,-0.27,,-0.92,,-0.32,,,,,,,,
757,130580,,,,,,,0.06,,-0.81,-0.26,-0.35,-0.73,-0.97,,,,,,,,,,-0.22,,-0.88,-0.45,-0.29,,-0.41,,-0.89,,,,-0.55,,,,0.14,,-0.74,,,-0.38,,,,,,-1.51,,,-0.12,,,,-1.25,,,,,,,,
758,130581,0.21,,,,,,-0.19,0.03,-0.46,,0.07,-0.15,0.25,,-0.12,,0.13,,,,0.49,-0.01,0.11,,-0.07,,-0.32,,0.15,-0.37,-0.35,,-0.33,-0.11,0.13,,,,0.02,,0.03,0.07,,0.5,,0.16,,,-0.3,0.7,,,0.14,,-0.39,,-0.12,-0.33,,,,,,,
759,130585,,,,,,,,,,,,,,,,,,,,,,,,,,,-1.01,,,,,,,,,,,,-1.41,,,,,,,,,,,,,,-1.33,,,,-0.82,,,,-3.34,-2.2,-1.68,-1.85,
760,130586,,-0.5,,,,,-0.39,0.12,-0.01,-0.62,-0.41,-0.43,-0.84,,,,-0.3,,,,,-0.41,-0.51,,-0.11,,-0.54,,-0.46,,-0.8,,,-1.3,-0.59,,,,-0.65,,-0.14,0.49,,,,-0.52,,,-0.46,-0.81,,,-0.7,,,,-0.53,-1.96,,,,,,,
761,130588,0.2,,,,0.69,,-0.5,-0.37,0.05,0.64,-0.5,-0.27,-0.38,,,,-0.54,,,,,-0.35,-0.96,-0.58,-0.57,,0.2,,0.06,,0.02,,,-0.34,-0.06,,,,0.55,-1.22,-0.44,0.31,,-0.59,,,,,0.01,-0.04,,,0.06,,,,0.15,,,,,,,,
762,130591,,,,,,,,,,,,,,,,,,,,,,,,,,,,,,,,,,,,,,,,,,,,,,,,,,,,,-1.1,,,,-0.99,,,,,,,,
763,130593,,,,,,,0.03,0.5,,0.28,-0.39,0.0,0.23,,,,-0.11,,,,,-1.11,-0.57,,0.3,,-0.24,-0.4,-0.11,0.14,0.14,-0.15,,,0.05,,,,-0.44,,-0.11,-0.57,,,,-0.14,,,,0.1,,,-0.06,,-0.19,,-0.34,,,,,,,,
764,130594,,-0.18,,,,,-0.37,,-0.11,-0.52,0.36,-0.24,-0.36,,,,0.1,,-0.27,,,-0.19,-0.65,,-0.41,-0.7,-0.52,,-0.27,0.23,-0.11,-0.32,,0.1,0.11,,,,0.19,,-0.19,-0.55,,-0.38,,0.29,-1.36,,0.41,-0.12,,,-0.09,,-0.05,,0.13,,,,,,,,
765,130597,,-0.33,,,,,-0.94,-0.51,-0.33,-0.21,-0.41,-0.23,-0.97,,-0.29,,-0.17,,,,,-0.9,-0.62,,-0.5,-0.04,-0.28,,0.07,,-0.8,,,-0.47,-0.73,,,,-0.59,-0.25,-0.2,-1.11,,-0.25,,,,,,-0.84,,,-0.25,,,,-0.29,-0.65,,,,,,,
766,130600,,,,-0.11,,,,,-0.51,,-0.25,-0.1,-0.85,,,,-0.26,,,,,-0.48,-0.03,,-0.72,-0.09,-0.29,,0.37,-0.26,-1.09,,,0.11,-0.39,,0.41,,0.18,-0.56,-0.79,-0.37,,-0.68,,,-0.18,,-0.88,-0.6,,,-0.56,,0.43,,-0.26,0.36,,,,,,,
767,130602,,,,,,,,,,,,-1.54,,,,,,,,,,,,,,,,,,,,,,,,,,,,,,,,,,,,,,,,,,,,,,,,,,,,,
768,130604,,,,,-1.45,,0.08,-0.13,-0.33,,0.14,-0.35,-0.27,,-0.54,,-0.55,,,,,-0.17,-0.84,,-0.25,0.37,-0.24,,-0.4,0.26,-0.39,,,-0.53,0.16,,,,-0.27,-0.11,-0.37,-0.52,,-0.11,,,0.14,,-0.22,0.18,,,-0.46,,,,-0.41,-0.02,,,,,,,
769,130613,,,,,,,,,,,-0.46,-0.19,-0.03,,,,,,,,,,,,,-0.16,,,,,,,,,-0.48,,,,0.3,,-0.48,,,-0.47,,,,,,0.04,,,-0.47,,,,-0.09,,,,,,,,
770,130615,,,,,,,-0.4,,-0.7,,0.0,0.19,0.06,,-0.15,,0.0,,,,-0.6,-0.2,0.13,,0.46,0.1,0.06,0.2,-0.29,0.09,-0.33,-0.25,0.01,-0.21,-0.14,-0.47,,-0.86,,0.04,0.18,0.27,,0.08,,0.28,0.26,,-0.11,0.04,,,-0.06,,0.15,,0.14,0.19,,,,,,,
771,130619,,,,,,,0.85,-0.22,0.72,1.2,-0.7,-0.63,-0.76,,-0.03,,-0.75,,,,,-0.17,-0.5,,0.24,,-0.22,,,,-0.24,0.4,,-0.4,-0.25,,,,-1.18,,-0.38,0.1,,-0.01,,,,,-1.74,-0.55,,,-0.31,,-0.62,,-0.15,-0.8,,,,,,,
772,130622,,,,,,,-0.42,-0.53,-0.42,,0.1,-0.32,0.04,,,,-0.71,,,,-0.18,0.24,-0.33,,-0.34,-0.21,0.08,,0.09,,0.17,,,0.21,-0.11,,,,0.05,,0.2,0.17,,0.04,,,,,,0.3,,,0.61,,0.05,,0.32,,,,,,,,
773,130629,0.65,,,,-0.46,,0.08,-0.14,-0.38,-0.22,0.22,0.09,0.49,,-0.03,,0.01,,,,0.19,-0.01,-0.09,,-0.01,0.07,-0.1,-0.18,-0.04,0.48,0.02,0.47,,-0.1,-0.24,,,,0.06,,0.05,-0.28,,-0.25,,-0.33,0.42,,0.37,0.43,,,0.04,,-0.85,,-0.2,-0.05,,,,,,,
774,130631,,,,,,,,,,,-0.35,-0.32,,,,,,,,,,,,,-0.48,,-0.05,,,,-0.36,,,,-0.39,,,,-1.07,-1.0,,,,,,,,,,,,,0.32,,,,-0.28,,,,,,,,
775,130633,,,,0.41,,,,,,,-0.76,-0.76,-0.88,,,,-0.42,,-0.11,,,,,,-0.62,,-0.19,,0.09,,-1.48,,,0.27,-0.41,,,,0.09,,-1.04,,,0.01,,,,,,-1.18,,,-0.41,,,,-0.64,,,,,,,,
776,130638,,,,,,,,,,,-0.77,-1.52,-1.03,,,,,,,,,,,,-0.86,,-1.12,,,,-0.81,,,,-0.8,,,,,0.02,-1.34,,,-0.65,,,,,,,,,-0.5,,,,-0.22,,,,,,,,
777,130645,,,,-0.13,-1.11,,0.11,0.12,-0.46,-0.84,0.26,0.24,0.19,,0.07,,-0.16,,,,,-0.35,0.17,,0.08,,-0.3,0.21,0.01,-0.55,-0.24,0.49,-0.23,0.01,0.11,,,,0.76,0.52,0.13,-0.17,,-0.11,,0.19,,,-0.24,0.14,,,0.03,,-0.25,,0.04,0.41,,,,,,,
778,130646,,,,-0.91,,,,,,,0.35,-0.34,-0.59,,-0.56,,-0.91,,,,,,0.57,,-0.29,,-0.15,0.46,,,-0.25,,,0.02,-0.53,,,,-0.16,,-0.6,,,,,,,,,-0.54,,,0.46,,,,0.24,,,,,,,,
779,130648,,,,,,,,,,,-1.05,-0.08,,,,,,,,,,,,,,,,,,,-0.58,,,-0.43,-0.54,,,,-0.26,,-0.76,,,,,,,,,,,,-0.74,,,,-0.53,,,,-0.63,-0.52,-0.57,-0.91,
780,130653,,,,,,,,,,,,,,,,,,,,,,,,,,,,,,,,,,,-1.34,,,,,,0.27,,,,,,,,,0.48,,,,,,,-0.77,,,,,,,,
781,130659,,,,,,,,,,,0.15,,,,-0.59,,,,,,,,,,-0.45,,-0.81,,-0.67,,,,,-0.55,0.15,,,,0.66,,,,,,,,,,,,,,-0.82,,-0.17,,-0.14,,,,,,,,
782,130665,,,,,0.15,,0.35,0.06,0.19,-0.59,-0.33,-0.5,-0.92,,-0.68,,,,,,,-1.65,-0.87,,-0.33,0.72,-0.33,-0.17,-0.23,,-0.6,,,-0.71,-0.38,,,,-0.35,-0.3,-0.73,,,-0.33,,0.05,-0.55,,-0.71,-0.75,,,-0.76,,,,-0.48,-0.83,,,,,,,
783,130668,,,,,1.01,,0.47,0.25,0.64,0.46,0.42,-0.62,-0.3,,-0.3,,-0.02,,,,,0.09,-0.49,,0.37,0.29,0.55,,0.18,-0.16,-0.66,,,-0.02,-0.24,,,,-0.2,0.09,0.45,0.49,,-0.06,,,-0.25,,-0.18,-0.06,,,0.1,,,,0.01,-0.52,,,,,,,
784,130669,,,,,,,0.15,0.41,0.22,0.11,0.25,0.2,0.21,,0.06,,-0.03,,,,0.98,-0.2,0.28,,0.13,0.43,0.54,0.17,0.37,0.13,0.14,,0.09,0.39,0.34,0.01,,,-0.08,0.46,0.49,0.55,,0.46,,0.6,,,0.26,0.14,,,0.34,,0.26,,0.56,0.4,,,,,,,
785,130670,,0.14,,,,,-0.15,-0.11,-0.42,,-0.36,-0.37,-0.58,,-0.51,,0.13,,,,,-1.7,-0.04,-0.47,-0.03,0.31,0.3,,-0.08,0.31,-0.54,-0.85,,0.44,-0.45,,,,-0.71,0.08,-0.2,0.31,,-0.36,,,,,-0.53,-0.16,,,-0.21,,0.8,,-0.21,0.03,,,,,,,
786,130676,,,,,,,,,,,-0.85,-0.77,-1.25,,,,,,,,,,-1.09,,,,-0.49,,,,,,,-0.05,-0.37,,,,-0.91,,,,,,,,,,,,,,0.39,,,,-0.1,,,,,,,,
787,130681,-0.66,,,,-0.29,,-1.09,-0.43,-0.28,-0.93,-0.8,-0.51,-1.04,,-0.49,,,,,,,,0.02,,,-0.03,-0.17,,-0.91,,-0.32,,,-0.76,-0.86,,,,-1.2,,-0.93,,,-0.63,,,,,,-1.04,,,-0.83,,,,-0.63,,,,,,,,
788,130686,0.11,0.1,,,-0.23,,-0.37,-0.6,0.59,-0.68,-0.13,-0.72,-0.04,,-0.25,,-0.28,,,,,0.03,-0.49,-0.18,-0.68,-0.1,-0.84,0.01,-0.08,-0.67,-0.17,-0.15,,-0.31,0.04,-0.53,,,-0.21,,-0.49,-0.38,,-0.28,,,,,,0.31,,,-0.51,,-0.42,,-0.62,-0.83,,,,,,,
789,130689,,,,,,,,,,,-0.13,0.9,,,,,,,,,,,-0.43,,,,,,,,,,,,,,,,0.18,,-1.2,,,,,,,,,,,,-0.84,,,,-0.15,,,,,,,,
790,130690,,,,-0.01,,,-0.35,-0.27,0.4,-0.58,-0.3,-0.85,-0.64,,-0.42,,-0.24,,0.09,,,-0.33,-0.71,-0.05,-0.52,0.23,0.41,-0.3,-0.2,0.57,-0.93,,,-0.49,-0.35,,,,0.02,-0.63,-0.42,-0.11,,0.1,,,,,,-0.34,,,0.08,,,,-0.07,-0.03,,,,,,,
791,130695,0.25,-0.56,,0.6,-0.15,,-0.9,-0.36,-0.24,0.09,-0.14,-0.32,-0.11,,-0.18,,-0.57,,-0.12,,0.18,0.02,-0.66,,0.0,-0.02,0.03,-0.1,-0.7,-0.26,-0.4,0.33,-0.75,-0.29,-0.39,,,,-0.06,-0.38,-0.03,-0.49,,-0.29,,0.2,-1.36,,-0.52,0.22,,,-0.26,,-0.38,,0.15,-0.38,,,,,,,
792,130697,,,,-0.19,0.05,,-0.41,-0.67,-0.97,,-0.04,0.31,-0.08,,0.06,,-0.59,,,,,-0.34,-0.25,,-0.25,0.11,-0.05,,-0.24,,-0.26,,,0.31,-0.47,,,,-0.13,,0.12,,,0.03,,,,,,-0.31,,,-0.29,,0.3,,0.4,,,,,,,,
793,130698,,,,-0.3,,,,-0.18,-0.61,,,-0.84,,,,,,,,,,,,,0.02,,-0.53,,,,,,,,-0.22,,,,,,-0.73,,,-0.14,,,,,,,,,-0.39,,-0.23,,-0.32,,,,,,,,
794,130701,,,,,,,-0.01,0.03,0.4,-0.04,0.19,0.18,0.26,,-0.2,,0.56,,0.19,,0.33,-0.25,-0.16,,-0.03,-0.14,0.21,0.24,0.15,0.19,-0.14,,-0.69,-0.48,-0.15,,,,0.66,-0.22,0.18,-0.06,,0.02,,0.18,0.44,,-0.05,0.07,,,0.35,,-0.49,,0.16,-0.36,,,,,,,
795,130704,1.06,0.3,,,,,0.01,-0.08,0.51,-0.17,-0.7,-0.5,0.06,,,,,,,,,,-0.05,,-0.23,0.17,-0.32,-0.36,-0.36,,-0.39,,,-0.27,-0.54,,,,-0.4,,0.42,,,-0.25,,,,,0.42,-0.63,,,-0.14,,,,0.1,,,,,,,,
796,130708,,,,,0.01,,-0.22,0.35,0.07,0.34,0.25,0.01,0.04,,-0.46,,-0.37,,0.06,,-0.15,0.01,-0.03,,0.01,0.4,-0.11,0.21,0.33,0.43,0.16,,0.33,-0.09,-0.05,,0.41,,0.03,0.04,0.01,-0.16,0.08,0.21,,0.21,,,0.41,0.0,,,-0.06,,-0.3,,-0.17,0.13,,,,,,,
797,130710,,,,,,,,-0.6,-0.23,,-0.13,-0.7,-0.41,,,,,,,,,-1.26,-1.34,,-0.71,,-0.24,-0.09,-0.06,,-0.13,0.27,,-0.63,-0.1,,,,,,-0.2,,,,,,,,-0.32,-1.07,,,-0.25,,,,-0.08,,,,,,,,
798,130723,,,,,,,,,,,-0.53,-1.24,-1.37,,,,,,,,,,,,,,-1.22,,,,,,,,,,,,-1.79,,-1.4,,,,,,,,-1.29,,,,-0.96,,,,-0.66,,,,,,,,
799,130726,,,,,,,,,,,-0.99,-0.72,,,,,,,,,,,,,,,-0.24,,,,,,,-1.04,,,,,0.15,,,,,-0.94,,,,,,,,,-1.25,,,,-0.52,,,,,,,,
800,130728,,,,,,,-0.24,,0.05,0.09,-0.3,-0.51,-1.06,,-0.63,,,,,,,,-0.88,,,,-0.73,-0.01,,,-0.94,,,-0.56,-0.82,,,,-0.57,,-1.11,,,,,,,,-0.55,-0.79,,,-0.55,,,,-0.16,,,,-2.71,-1.43,,,
801,130735,-0.18,0.19,,-0.89,,,,-0.61,-0.62,,0.79,0.13,0.59,,0.37,,0.71,,0.03,,,-1.57,-0.09,,0.03,0.35,0.18,-0.02,0.14,,0.2,0.17,,-0.58,0.15,,,,0.72,,-0.23,0.08,1.22,0.35,,,,,1.47,0.27,,,0.24,,0.2,,0.44,0.24,,,,,,,
802,130736,0.23,,,,,,-1.06,,,,-0.57,0.49,-1.07,,,,-0.01,,,,,,,,,-0.5,,,,,,,,-0.25,0.18,,,,0.2,,-0.83,,,,,,,,,,,,1.21,,,,0.3,,,,,,,,
803,130738,,0.08,,,1.07,,-0.07,0.41,,,0.18,-0.09,-0.25,,,,-0.86,,,,,,,,-0.21,,0.7,,,,0.09,0.52,,0.83,0.22,,,,0.77,,-0.12,,-0.68,0.53,,,,,,0.12,,,0.5,,-0.24,,0.65,,,,,,,,
804,130741,0.5,,,,0.05,,0.01,0.26,0.34,0.01,0.05,-0.17,-0.06,,-0.38,,-0.54,0.11,,,,0.19,-0.33,,0.21,0.23,-0.23,,-0.1,-0.02,0.36,0.39,-0.95,-0.64,-0.35,,,,-0.38,0.44,-0.43,-0.35,,0.15,,-0.43,,,-0.22,-0.3,,,0.15,,-0.07,,-0.31,-0.37,,,,,,,
805,130744,-0.55,0.3,,0.35,,,0.47,0.43,0.45,-0.06,-0.35,-0.41,0.07,,,,-0.24,,,,,-0.15,-0.03,-0.39,-0.12,-0.44,-0.49,,-0.19,-0.94,-0.41,,,-0.55,-0.04,,,,-0.31,,0.38,0.14,0.85,0.1,,,0.26,,-0.53,0.12,,,-0.14,,-0.04,,-0.31,-0.78,,,,,,,
806,130745,0.05,-0.19,,,,,-0.04,0.26,-0.2,-0.02,0.08,0.39,0.15,,,,0.11,,,,-0.68,-0.27,0.09,,0.31,0.4,0.31,,-0.09,-0.33,-0.17,,0.37,-0.26,-0.07,,,,0.35,-0.19,0.39,0.47,0.3,0.09,,,,,0.81,-0.45,,,0.58,,0.27,,0.47,0.36,,,,,,,
807,130748,-0.66,,,,,,-1.1,,-0.32,,-0.16,0.05,-0.74,,,,-0.67,,,,,,-0.56,,-0.78,,-0.86,-0.07,-0.58,,-0.66,,,-1.47,-0.89,,,,0.2,,-0.81,-1.38,,-0.2,,,,,-0.65,-0.78,,,-0.42,,-0.46,,0.1,,,,,,,,
808,130756,-0.37,0.22,,0.3,-0.62,,-0.11,-0.14,0.04,-0.31,-0.44,-0.16,-0.53,,,,-0.33,,,,,-0.46,-0.32,-0.46,-0.33,-0.44,-0.65,,-0.2,0.05,0.03,,,-0.42,-0.34,,,,-0.25,,-0.44,-0.5,,0.01,,,,,-0.29,-0.65,,,-0.49,,-0.36,,-0.2,-0.31,,,,,,,
809,130761,,,,,,,,,,,,,,,,,,,,,,,,,-0.65,,-0.33,,-0.08,,,,,,-1.19,,,,-0.8,,,,,,,,,,,,,,-1.02,,,,-0.99,,,,,,,,
810,130762,-0.59,,,,,,,,,,-0.15,-0.07,-0.34,,,,,,,,,,,,0.44,,-0.59,,,,-1.11,,,-0.21,-0.73,,,,-0.71,,,,,,,,,,,,,,-0.01,,0.42,,-0.88,,,,,,,,
811,130763,,,,,,,,,,,-0.95,-0.75,,,,,,,,,,,,,,-0.61,,,,,,,,,-0.94,,,,,,-1.26,,,,,,,,,,,,,,,,-0.84,,,,,,,,
812,130764,,,,,,,-0.17,-0.48,-0.6,-0.63,-0.33,-0.51,-0.6,,,,,,,,,0.03,,,0.41,0.13,-0.46,-0.27,-0.03,-0.35,-0.89,,,0.05,0.19,-0.34,,,0.8,,-0.41,,,-0.27,,,,,-1.84,-0.47,,,-0.53,,-0.44,,-0.38,,,,,,,,
813,130776,,,,,,,-0.3,,-0.08,,-0.49,-0.65,-0.42,,,,0.07,,,,,,-0.46,,-0.61,0.01,-0.92,,-0.21,,-0.51,,,-0.38,-0.81,,,,-0.05,-0.32,-0.74,-0.16,,-0.21,,,,,,0.09,,,-0.6,,,,-0.22,-1.59,,,,,,,
814,130777,,,,,,,,,,,1.18,-0.71,0.29,,,,-0.47,,,,,,-0.18,,-0.13,,0.04,0.64,-0.37,,-0.51,,,0.19,0.28,,,,0.02,-0.56,-0.17,0.06,,-0.54,,,,,,0.31,,,-0.03,,,,-0.04,,,,,,,,
815,130789,0.0,-0.51,,,,,-0.78,-0.22,-0.2,-1.12,-0.71,-0.5,-0.28,,-0.56,,0.09,,,,-1.37,-1.82,-0.87,,-0.68,-0.03,-0.28,-0.74,-0.51,0.6,-0.13,,0.19,-0.76,-0.57,,,,-0.61,-0.66,0.12,1.15,,-0.16,,,,,-0.08,-0.64,,,-0.57,,-0.06,,-0.33,0.26,,,,,,,
816,130796,,,,,,,-1.29,,-0.97,,-0.75,-0.61,-0.79,,,,-0.19,,,,,,-1.06,,-0.49,,-0.8,,,,,,,,-0.18,,,,-0.67,,-0.93,,,-0.5,,,,,,,,,-0.7,,-0.88,,0.05,,,,,,,,
817,130800,,,,,,,0.52,0.44,-0.24,0.13,0.33,0.18,0.05,,-0.41,,0.67,,0.42,,,-0.8,0.13,0.31,0.32,0.37,0.15,,-0.17,0.17,0.08,-0.03,-0.06,0.24,-0.08,,,,0.23,,0.35,0.4,-0.46,-0.36,,0.18,,,-0.34,0.23,,,0.03,,-0.08,,0.37,-0.15,,,,,,,
818,130803,,,,,,,,,-0.77,,-0.67,-0.44,0.32,,,,-0.96,,-0.22,,,,-0.78,,0.04,,0.15,,,,-0.4,,,,-0.07,,,,0.21,,-0.95,,,,,,,,,-0.2,,,-0.41,,,,0.32,,,,,,,,
819,130805,,,,,,,,,-0.09,,-0.58,0.09,0.18,,,,,,,,,,-0.06,,0.25,,0.78,,,,-0.44,,,,-0.63,,,,0.27,,-0.35,,,,,,,,,-0.59,,,0.31,,,,-0.65,,,,,,,,
820,130806,,,,,,,-0.18,-0.58,-0.64,,-0.61,-0.34,-0.58,,,,-0.12,,,,,-1.47,-0.22,,0.06,,-0.33,0.01,-0.15,-0.63,-0.61,,,-0.43,-0.39,,,,-0.14,,-0.01,,,-0.19,,,,,-0.66,-0.59,,,-0.37,,0.38,,-0.46,-1.55,,,,,,,
821,130812,,,,,,,0.0,-0.01,0.19,,-0.31,0.66,-0.54,,,,0.23,,,,,0.13,0.04,,-0.2,-0.03,-0.05,-0.12,0.27,,-0.06,,,-0.27,0.13,,,,0.01,,-0.09,0.09,,0.1,,,,,0.06,0.57,,,-0.05,,-0.18,,-0.05,,,,,,,,
822,130819,,,,-0.65,,,,-1.31,-1.1,,-0.22,-0.68,-0.24,,,,,,,,,,-0.42,,-0.97,,-0.51,,-0.39,,-0.88,,,-1.95,-2.09,,,,-0.48,-0.16,0.06,,,,,,,,,0.82,,,-1.19,,,,-1.21,,,,,,,,
823,130835,,,,,,,,,,,,-0.29,,,,,,,,,,,,,,,-0.55,,,,,,,,,,,,-0.98,,,,,,,,,,,,,,-0.26,,,,-0.73,,,,,,,,
824,130843,0.02,,,,,,0.1,-0.32,-0.3,-0.17,-0.54,-0.43,-0.84,,,,-0.62,,,,,-0.58,-0.4,-0.43,-0.46,0.38,-0.45,-0.71,-0.33,-0.32,-0.25,,,-0.03,-0.07,,,,-0.6,,-0.18,-0.46,,-0.45,,,,,-0.28,-0.31,,,-0.4,,-0.6,,-0.73,0.36,,,,,,,
825,130847,,,,,,,0.03,-0.27,0.09,-0.17,0.12,0.04,0.21,,,,0.45,,0.5,,-0.59,0.22,-0.07,0.5,,0.19,-0.3,-0.03,-0.1,0.53,-0.15,0.26,0.09,0.12,0.19,,,,0.71,-0.09,0.34,0.15,,0.01,,-0.24,,,-0.23,0.49,,,0.62,,,,-0.05,0.21,,,,,,,
826,130851,,-0.32,,,0.0,-0.2,-0.45,-0.73,-0.14,-0.81,-0.3,-0.52,-0.31,,-0.67,,-1.22,,,,,,-0.38,,-0.67,-0.63,-0.86,-0.17,-0.21,,-0.3,,,-0.96,-0.44,,,,-1.39,-0.83,-0.38,,,0.55,,,,,,-0.77,,,-0.33,,,,-0.52,-0.25,,,,,,,
827,130908,,,,,,,,,,,0.44,,0.24,,,,0.43,,,,,,,,,,,,,,0.13,,,,-0.44,,,,,,0.12,,,0.53,,,,,1.07,0.1,,,-0.3,,0.5,,,,,,-0.15,-0.25,-0.07,-0.39,-0.91
828,130912,,,,,,,,,,,-0.38,0.12,-0.08,,,,,,,,,,0.12,,,,-0.18,,,,,,,-0.22,0.15,,,,,,-0.17,,,,,,,,-1.26,-1.07,,,-0.49,,0.13,,-0.01,,,,0.78,0.98,0.69,0.57,0.89
829,131062,,,,,,,,,,,-0.15,,,,,,,,,,,,0.41,,,,,,,,,,,,,,,,,,0.48,,,,,,,,,,,,0.67,,,,,,,,0.63,0.38,0.38,0.62,0.95
830,131065,,,,1.13,,,,,,,-0.23,,0.42,,,,,,,,,,,,0.42,,,,,,,,,,,,,,,,0.79,,,,,,,,,-0.82,,,0.44,,,,0.95,,,,-0.31,0.16,0.06,-0.98,-0.16
831,131094,,,,,,,-1.08,,,,-0.04,-0.73,0.19,,,,-0.62,,,,,,,,0.29,,0.15,,-0.37,,,,,-1.41,-0.97,,,,-1.79,,-0.19,,,0.15,,,,,,-0.5,,,-0.44,,,,-0.81,,,,,,,,
832,131124,,,,,,,,,0.92,,,,,-0.24,,,,,,,,,,,,,,,,,,,,,,,,,,,0.47,,,,,,,,,,,,,,,-0.42,,,,,,,,,
833,131310,,,,,,,,-0.5,,,0.12,,0.12,,,,0.48,,,,,,-0.46,,,,0.11,,0.08,,-0.01,,-0.26,-0.26,-0.12,,,,,,0.17,-0.18,,,,,,,-0.28,-0.25,,,-0.61,,-1.03,,-0.1,0.24,,,0.44,0.55,0.5,0.7,0.0
834,131347,,,,-0.23,,,,,,,-0.98,-0.68,-1.02,,,,-1.31,,,,,,-0.88,,-0.49,,-0.55,,-0.26,,-0.77,,,-1.51,-0.96,,,,-0.98,,-1.51,-0.32,,-0.41,,,,,-1.58,-0.99,,,-0.82,,,,-0.59,,,,,,,,
835,131355,,,,,,,,,,,,,,,,,,,,,,,,,,,,,,,,,,,,,,,,,,,,,,,,,,,,,,,,,,,,-0.41,,,,,
836,131389,,,,,,,,,,,,,,,,,-0.84,,,,,,,,,-2.66,,,,,,,,,,,,,,,-1.45,,,,,,,,,,,,,,,,,,,,,,,,
837,131609,,,,,,,,,,,-0.01,-0.36,0.43,,,,1.24,,,,,,0.13,,,,0.09,,,,0.06,,,0.66,0.06,,,,,,0.51,,,0.31,,,,,,0.02,,,0.08,,,,0.19,0.51,-0.05,,0.58,0.38,0.13,0.43,0.6
838,131747,,,,,,,,,,,-0.68,,-0.43,,,,,,,,,,,,-0.15,,,,,-0.34,-0.88,,,,-0.36,,,,,,-1.14,,,,,,,,,,,,-0.55,,,,-0.51,-0.24,,,0.95,-0.14,0.63,0.47,0.77
839,131752,,,,,,,,,,,-0.19,0.04,0.01,,,,,,,,,,0.6,,,,-0.14,,,,,,,0.03,0.57,,,,,,0.09,,,,,,,,,,,,-0.37,,,,0.22,,,,0.07,0.02,-0.19,-0.23,-1.05
840,131859,,,,,,,-1.25,,,,-1.36,,-1.16,,,,,,,,,,,,-0.67,,-0.65,,,,-0.71,,,,-0.8,,,,,,-1.36,,,,,,,,,-1.02,,,-1.05,,,,-1.08,,,,-3.38,-2.03,-2.07,,
841,131867,0.14,,,-0.76,,,,-0.44,-0.55,,-0.43,-0.27,-0.94,,,,-0.59,,,,,,-0.22,,0.06,0.03,-0.55,,-0.21,,-0.18,,,-0.44,-0.24,,,,0.24,,0.13,-0.09,,0.0,,,,,,-0.86,,,-0.29,,-0.68,,-0.24,0.37,,,,,,,
842,131895,,,,,,,,,,,,,,,,,,,,,,,,,,,-0.24,,,,,,,,,,,,,,-0.1,-1.86,,,,,,,,,,,0.29,,,,0.96,,,,-0.45,-0.48,-0.7,-0.85,-1.29
843,131897,,,,,,,,,,,-0.29,-0.12,-0.31,,,,,,,,,,-0.46,,,,,,,,0.47,,,,-0.06,,,,,,-0.52,,,,,,,,,-0.62,,,-0.27,,,,0.58,,,,0.56,0.55,0.57,0.78,0.43
844,131969,,,,,,,,,-0.43,,0.83,0.45,0.33,,,,0.43,,,,,,0.18,,-0.06,,-0.28,,,,0.4,,,,-0.06,,,,,,0.77,,,,,,,,,0.45,,,-0.94,,0.17,,-0.69,,,,-0.07,-0.13,0.17,0.3,-0.43
845,132237,,,,,0.86,,,,,,,,,,,,,,,,,,,,,,,,,,,,,,,,,,,,-0.41,,,,,,,,,-0.06,,,,,,,,,,,,,,,
846,132256,,,,,,,0.2,,-0.33,,0.3,,-0.04,,,,0.43,,,,,,0.31,,,,0.2,,,,0.21,,,0.09,0.36,,,,,,0.34,-0.56,,,,,,,-0.18,0.24,,,0.69,,0.25,,0.31,-0.21,-0.15,,0.33,0.26,0.42,-0.16,-0.01
847,132711,,,,,,,,,,,-0.56,,-0.69,,,,,,,,,,,,,,0.49,,,,,,,,,,,,0.23,,-0.85,,,,,,,,,,,,0.04,,,,0.01,,,,0.69,0.33,0.35,0.32,-0.41
848,132727,,,,,,,,,,,-0.06,-0.03,0.14,,,,0.08,,,,,,0.39,,,,0.06,,,,,,,0.55,0.08,,,,,,0.13,,,,,,,,,-0.46,,,0.1,,0.46,,0.57,,,,0.56,0.41,0.15,0.61,1.21
849,132838,,,,-0.91,,,,-2.34,0.02,-0.17,-0.2,-0.09,-0.53,,0.28,,-0.67,,0.19,,,0.45,-0.09,,,0.29,0.22,,-0.03,0.14,0.0,,,0.18,-0.06,,,,,,-0.36,-0.08,,0.36,,,-0.53,,-0.7,-0.51,,,-0.1,,-0.22,,-0.18,-0.33,,,,,,,
850,132913,,0.21,,,,,0.12,-1.1,-0.16,,0.3,0.05,0.19,,,,0.26,,0.15,0.07,0.61,0.35,0.13,,0.17,-0.36,0.0,,,0.24,0.4,,,0.26,0.02,,,,,,0.05,-0.28,,0.17,,-0.32,0.03,,0.1,-0.36,,,0.11,,0.33,,-0.18,0.03,,,,,,,
851,132916,,,,,,,-0.9,,-1.23,,-0.16,0.01,-0.59,,,,0.46,,0.28,,0.12,,-0.24,,,-0.1,0.42,,,,-0.55,,,,0.0,,,,,,0.03,0.15,,0.22,,,,,,-0.24,,,0.13,,-0.17,,0.02,,,,,,,,
852,132942,,,,,,0.65,0.96,,-0.71,,0.06,-0.63,-0.15,,,,,,,,,0.38,-0.13,,,,-0.47,,,,-0.49,,,0.41,0.26,,,,,,-0.05,-0.34,,0.08,,,,,,-0.4,,,-0.29,,0.39,,0.18,0.53,,,,,,,
853,132951,,,,,,,-0.29,,-0.49,,0.04,-0.07,-0.29,,,,0.04,,0.13,0.3,,0.76,,,-0.39,0.3,-0.23,,,-0.25,0.06,,,,-0.37,,,,0.21,,0.5,,,-0.04,,,,,0.28,0.46,,,0.33,,-0.19,,-0.41,-0.65,,,,,,,
854,133386,,,,0.21,,,,,,-0.44,-1.01,,-0.58,,,,-0.09,,-0.78,,,,-0.67,,,,,,,,,,,,,,,,,,-0.5,,,0.36,,,,,,-0.43,,,0.16,,,,0.81,0.75,-0.75,,0.55,0.24,-0.34,0.32,1.27
855,133405,,,,,,,,,,,0.37,0.07,0.72,,,,0.7,,,,,,-0.04,,,,0.08,,,,0.44,,,0.16,0.32,,,,,,0.42,,,,,,,,,1.01,,,0.36,,0.7,,0.41,,,,0.45,0.69,0.77,0.47,0.87
856,133443,,,,,,,,,,,,,,,,,,,,,,,,,,,,,,,,,,,,,,,,,0.04,,,,,,,,,,,,,,,,,,,,,,,,
857,133444,,,,,,,,,,,-0.37,-1.6,-0.27,,,,,,,,,,-1.1,,,,,,,,,,,,-0.69,,,,,,-0.85,-0.59,,,,,,,,-1.09,,,-0.59,,,,-0.29,,,,,,,,
858,133545,,,,,,,-0.04,,0.32,,-0.52,0.02,-0.33,,,,,,,,,,-1.19,,,-0.47,0.1,,-0.13,,,,,-0.98,-0.25,,,,-0.38,,-0.32,,,-0.03,,,,,,-0.6,,,-0.56,,0.01,,-0.23,,,,,,,,
859,133561,,,,,,,,,,,0.16,0.41,-0.48,,,,0.11,,,,,,0.54,,,,0.32,,,,0.0,,,-0.03,0.06,,,,,,-0.68,,,,,,,,,-0.21,,,0.54,,,,0.42,,,,0.23,0.08,0.02,0.33,0.39
860,133580,,,,,,,,,,,,0.1,,,,,,,,,,,,,,,1.16,,,,,,,,,,,,,,-0.48,,,,,,,,,,,,0.49,,,,0.91,,,,0.02,0.06,-0.27,-0.08,-0.01
861,133585,,,,,,,-0.54,,,,0.09,0.23,0.28,,,,-0.4,,,,,,,,0.71,,-0.46,,0.45,-0.16,-0.95,-1.13,,-0.48,-0.42,,,,0.04,,-0.38,,,0.69,,,,,,0.27,,,0.29,,0.0,,-0.17,-0.81,,,,,,,
862,133697,,,,1.69,,,,,,,0.03,,0.45,,,,,,-0.84,,,,-0.07,,0.33,,0.17,,0.3,,,,,,0.36,,,,,,0.38,,,,,,,,0.17,1.06,,,0.68,,,,,,,,-0.4,-0.28,-0.45,-0.34,-0.56
863,133724,,,,,,,-0.27,,0.38,,0.07,0.63,-0.22,,,,0.42,,,,,,0.57,,0.17,,0.5,,0.32,,0.28,,,0.59,0.63,,,,,0.23,0.45,0.06,,,0.04,,,,0.05,0.51,,,0.44,,,,0.31,,,,1.19,1.37,0.77,0.89,1.73
864,134003,,,,,,,,,,,-0.1,,0.72,,,,,,,,,,,,,,,,,,,,,,,,,,-0.18,,0.34,,,,,,,,,,,,0.37,,,,-0.54,,,,0.63,0.59,0.67,0.52,0.51
865,134042,,,,,,,,,-0.23,,0.42,0.27,0.59,,,,,,,,,,0.71,,-0.63,,-0.63,,,,0.65,,,,-0.27,,,,-0.72,,0.1,-0.03,,-0.1,,,,,0.04,0.39,,,0.1,,,,-0.41,,,,0.14,0.19,0.33,-0.14,0.64
866,134087,,,,,,,,,,,,,,,,,,,,,,,,,,,,,,,,,,,,,,,,,-0.51,,,,,,,,,,,,-0.02,,,,,,,,,,,,
867,134153,,,,-0.17,1.11,,-0.6,,-0.9,,-0.38,-0.65,-0.36,,,,,,,,,,,,,-0.49,-0.61,,,,-0.42,,,-0.1,-0.23,,,,-0.16,,-0.42,,,-0.19,,,,,,-0.24,,,-0.47,,-0.16,,-0.19,,,,,,,,
868,134195,,,,,,,,,,,,-0.79,,,,,,,,,,,-0.5,,,,,,,,,,,,,,,,,,-0.46,,,,,,,,,,,,,,,,,,,,-0.07,-0.01,0.29,-0.68,0.22
869,134222,,,,,,,0.32,,,,0.13,-0.24,0.15,,,,0.26,,,,,,-0.06,,,0.25,-0.05,,,,-0.59,,,-0.07,-0.02,,,,,,0.13,0.81,,,,,,,0.1,-0.49,,,0.19,,-0.2,,0.39,,,,0.86,0.23,0.28,0.5,0.44
870,134223,,,,,,,,,,-0.12,-0.23,0.49,-0.31,,,,,,,,,,0.37,,,-0.91,,,,,,,,,0.01,,,,,,-0.41,,,,,,,,,0.14,,,-0.2,,,,-0.26,,,,-0.32,-0.39,-0.18,-0.45,-1.07
871,134226,,,,,,,,,,,0.07,,0.64,,,,0.48,,,,,,-0.08,,,,,,,,,,,,,,,,,,0.62,0.09,,,,,,,,0.52,,,0.83,,,,0.23,,,,0.44,0.33,0.47,-0.49,0.44
872,134253,,,,,,,,,,,0.76,-0.53,-0.13,,,,,,,,,,,,0.55,,-0.01,,,,,,,,,,,,,,-0.38,,,,,,,,,,,,-0.11,,0.22,,0.11,,,,-0.24,-0.13,0.08,-0.07,0.56
873,134311,,,,,,,,,,,0.35,,0.5,,,,,,,,,,,,,,,,,,,,,,-0.99,,,,,,,,,,,,,,,,,,-0.33,,,,-0.05,,-0.28,,0.02,-0.27,-0.33,-0.03,0.63
874,134314,,,,-1.17,,,,,,,-0.24,,0.04,,,,-0.87,,0.57,,,,-0.03,,,,0.3,,,-0.04,-0.15,,,-0.44,-0.24,,,,,-0.06,-0.18,0.45,,,,,,,,-0.12,,,0.0,,,,0.42,,,,0.12,0.48,0.32,0.4,0.96
875,134369,,,-0.08,,,,,,,,-0.49,-0.83,-0.65,,,,,,-0.83,,,,-0.59,,,,-0.14,,,,-0.1,,,,-0.92,,,,,,-1.42,,,,,,,,,-1.53,,,0.03,,0.13,,0.39,,,,0.38,0.15,0.17,0.03,0.46
876,134693,,,,,,,-0.33,,,,-0.32,,-0.61,,-0.25,,,,,,,,0.38,,,,0.17,,,-0.27,-0.14,,,,-0.06,,,,,,-0.04,-0.19,,,,,,,,0.18,,,-0.13,,0.27,,0.32,-0.49,,,1.34,1.08,1.69,1.28,1.46
877,134798,,,,,,,,-1.09,-0.49,,-0.64,,0.01,,,,,,,,,,-0.52,,,,-0.21,,,,,,,-0.53,0.05,,,,,,-0.82,-0.38,,0.52,,,,,,-0.13,,,-0.04,,-0.28,,-0.11,,,,0.86,0.85,0.59,0.44,-0.09
878,134807,,,,,,,,,,,-1.36,-0.62,-0.9,,,,,,,,,,-0.04,,,,,,,,,,,,,,,,,,-1.39,,,,,,,,,,,,,,,,,,,,,,,,
879,134814,,,,,,,,,,,0.19,,0.13,,,,-0.31,,,,,,,,,,0.34,,,,0.57,,,0.73,0.02,,,,,,0.49,0.47,,,,,,,,-0.06,,,0.32,,,,0.63,,,,0.6,1.15,0.73,0.79,0.61
880,134815,,,,,,,,,,,-0.17,,0.59,,,,,,,,,,-0.88,,,,0.39,,,,,,,,0.74,,,,,,-1.11,,,,,,,,-2.0,0.49,,,0.25,,0.35,,-0.14,,,,0.8,0.53,0.76,1.0,1.11
881,134820,,,,,,,0.39,,-1.32,,,,,,,,,,,,,,,,,,,,,,,,,,-0.68,,,,,,,,,,,,,,,,,,-0.08,,,,-0.02,,,,,,,,
882,134821,,,,,,,,,-0.7,,-0.06,-0.75,-0.08,,,,,,,,,,-0.67,,,,-0.6,,,,-0.28,,,-0.59,-0.57,,,,,,0.29,-0.35,,,,,,,-0.15,-0.7,,,-0.49,,,,,,,,,,,,
883,134908,,,,-2.45,,,,,,,,,,,,,,,,,,,,,,,,,,,,,,,,,,,,,,,,,,,,,,,,,,,,,,,,,,,,,
884,134993,,,,,,,,,,,0.24,-0.06,1.11,,,,0.1,,0.2,,,,0.4,,,,-0.15,,,,0.18,,,,0.5,,,,,,-0.23,0.66,,0.26,,,,,,0.29,,,0.21,,,,0.65,,,,-0.23,0.21,-0.19,-0.41,-0.4
885,135004,,,,,,,,,,,,0.82,,,,,,,,,,,,,,,,,,,-0.31,,,,,,,,,,,,,,,,,,,,,,,,,,-0.65,,,,-1.02,-0.65,-0.5,0.04,0.08
886,135007,,,,,,,,,,,0.13,,0.39,,,,-1.02,,-0.57,,,,,,,-0.76,,,,,-0.7,,,,-0.32,,,,,,-0.7,,,-0.39,,,,,,-0.74,,,0.58,,,,,,,,-0.6,-0.52,-0.56,-0.94,0.04
887,135035,,,,,,,,,,,-0.25,-0.63,,,-0.26,,-0.29,,0.69,,,,,,,0.07,-0.18,,,,,,,-0.57,-0.2,,,,,,0.62,,,,,,,,,0.31,,,0.32,,,,0.09,,,,-0.22,0.22,-0.05,0.18,-0.36
888,135061,,,,,,,,,,,,,,,,,,,,,,,,,,-0.56,,,,,,,,,-1.08,,,,,,,,,,,,,,,,,,-1.18,,,,-1.36,,,,-0.5,-0.52,-0.36,-0.23,-1.75
889,135070,,,,,,,,,,,,-0.34,-1.16,,,,,,,,,,,,,,,,,,,,,,,,,,,,-0.33,,,,,,,,,,,,-0.98,,,,,,,,0.23,0.33,0.31,-0.2,-0.24
890,135073,,,,-0.15,,,,,,,-0.29,,0.14,,,,-0.21,,,,,,-0.02,,,,-0.1,,,0.35,0.46,,,0.17,0.82,,,,0.19,-0.37,0.51,-0.68,,,,,,,,0.29,,,-0.35,,,,-0.02,0.96,,,0.17,0.08,-0.01,-0.31,0.17
891,135090,,,,,,,,,,,-1.06,-1.06,-1.29,,,,,,,,,,-0.64,,,,,,,,,,,,,,,,,,-1.51,,,,,,,,,-1.5,,,-1.2,,,,,,,,,,,,
892,135120,,,,,,,,,,,0.25,0.06,-0.07,,,,0.15,,,,,,,,,0.28,,,,,-0.54,,,,-0.32,,,,,,-0.14,,,,,,,,,0.35,,,-0.1,,-0.23,,,,,,0.28,0.46,0.51,0.58,0.37
893,135149,,,,,,,,,,,-0.02,-0.21,-0.82,,,,,,,,,,,,,-0.16,0.22,,,,0.22,,,,0.39,,,,,,0.13,,,,,,,,,-0.39,,,0.21,,,,0.58,,,,-0.1,-0.45,-0.54,0.3,-0.22
894,135170,,,,,,,-0.1,,-1.21,-0.87,0.67,,0.29,,,,,,0.23,,,,,,,,0.25,,,,,,,,0.16,,,,,,-0.09,,,,,,,,,-0.12,,,-0.57,,,,,,,,0.52,0.24,0.15,-0.04,-2.13
895,135174,,,,0.39,,,,,,0.36,0.32,,-0.35,,,,,,,,,1.18,0.05,,-0.25,,0.17,,,,0.15,,,0.27,0.14,,,,,,-0.21,,,0.05,,,,,,-0.43,,,0.36,,0.76,,0.2,-0.11,,,0.33,-0.38,0.04,0.41,-0.31
896,135234,,,,,,,,,,,-0.04,-0.37,-0.25,,,,,,,,,,,,,,-0.15,,0.09,,-0.15,,,,,,,,-0.23,,-0.35,,,,,,,,,-0.73,,,-0.34,,,,0.24,,,,0.28,-0.14,-0.21,-0.37,-0.05
897,135242,,,,,,,,,,,0.12,,-0.18,,,,,,,,,,0.16,,,,0.4,,,,,,,,-0.03,,,,,,0.24,,,,,,,,,-0.28,,,0.08,,,,,,,,1.61,1.16,0.66,1.17,0.85
898,135249,,,,-0.09,,,,,-1.01,,0.2,,0.35,,,,,,-0.33,,,,-0.76,,,,-0.69,,,,,,,-0.78,0.0,,,,,,-0.63,,,,,,,,,-0.25,,,-0.48,,-0.07,,,0.42,,,0.37,0.13,0.73,0.07,0.63
899,135263,,,,,,,,,,,-0.69,0.08,-0.16,,,,-1.18,,,,,,-0.31,,,-0.26,-1.15,,,,,,,-1.17,-0.07,,,,,,-0.42,,,,,,,,,-1.16,,,-0.15,,0.37,,-0.01,,,,0.05,-0.01,0.1,0.07,2.04
900,135290,,,,,,,,,-0.2,,-1.42,0.38,,,,,,,,,,,,,,,-0.18,,,,-0.56,,,-1.39,,,,,,,-1.42,,,0.17,,,,,,,,,-0.62,,,,0.17,,,,-0.52,0.02,-0.2,-0.61,-0.14
901,135294,,,,,,,,,,,,,,,,,,,,,,,,,,0.11,,,,,,,,,,,,,,,,,,,,,,,,,,,,,,,,,,,-0.28,-0.34,-0.33,-0.63,-0.56
902,135295,,,,,,,,,0.33,,-0.34,0.0,0.64,,,,0.18,,,,,,-0.45,,,,,,,,,,,,-0.83,,,,,,0.02,,,,,,,,,0.2,,,-0.48,,0.58,,0.29,,,,0.34,0.76,-0.04,0.21,0.58
903,135296,,,,,,,,,,,0.25,-0.65,-0.01,,,,0.03,,,,,,-0.71,,0.12,,-0.43,,,,,,,-0.77,,,,,-0.81,,0.1,,,,,,,,,-0.07,,,-0.37,,0.17,,-0.27,,,,0.13,0.65,0.68,0.03,0.1
904,135297,,,,,,,,,,,,,,,,,,,,,,,,,,,,,,,,,,,-0.68,,,,,,-1.42,,,,,,,,,,,,,,,,,,,,0.79,-0.03,-0.23,-0.16,0.26
905,135306,,,,,,,-0.64,,,,,0.02,-0.11,,,,0.64,,,,,,,,,-0.72,,,,,-0.56,,,,0.34,,,,,,-0.25,0.13,,-0.57,,,,,,,,,0.15,,,,,,,,0.13,0.1,-0.08,0.86,1.46
906,135311,,,,-0.1,,,,,,,-0.32,,0.05,,,,-0.34,,,,,,-0.21,,,,0.43,,,,-0.32,,,-0.41,0.55,,,,,,-0.35,-0.23,,,,,,,,-0.25,,,0.19,,,,-0.08,,,,0.44,0.13,0.07,0.05,-0.14
907,135315,,,,,,,,,,,-0.91,,-0.74,,,,,,,,,,0.11,,,,0.36,,,,,,,0.1,0.48,,,,,,-0.17,,,,,,,,,,,,0.33,,,,0.69,,,,0.27,0.3,0.11,-0.19,0.14
908,135316,,,,,,,,,,,0.38,0.06,0.73,,,,-0.34,,,,,,-0.04,,,,-0.15,,,,0.44,,,-0.24,0.83,,,,,,0.1,-0.23,,,,,,,,0.09,,,0.21,,-0.28,,0.48,,,,1.03,1.38,1.22,1.46,0.89
909,135317,,,,,,,-0.75,,,,0.05,-0.32,-0.67,,,,0.42,,0.46,,,,,,-0.12,,0.31,,,,0.03,,,-0.86,0.16,,,,,,-0.03,-0.41,,-0.17,,,,,,-0.26,,,-0.41,,,,0.26,,,,0.55,0.79,0.36,0.89,0.34
910,135335,,,,,,,,,,,0.67,,-0.01,,,,,,,,,,,,,,,,,,,,,,,,,,,,-1.07,,,,,,,,,,,,0.17,,,,,,,,0.16,0.05,0.21,-0.01,0.99
911,135337,,,,,,,,,,,-0.08,-0.39,0.27,,,,,,,,,,,,,,,,,,,,,,,,,,-0.45,,-0.5,,,,,,,,,-0.35,,,0.42,,,,,,,,-0.03,0.19,-0.1,-0.12,-0.38
912,135338,,,,,,,,,,,0.32,,,,,,,,,,,,,,,,,,,,,,,,,,,,,,,,,,,,,,,,,,,,,,-0.23,,,,-0.15,-0.14,-0.37,-0.3,-0.46
913,135364,,,,,,,,,,,0.1,,-0.08,,,,-0.75,,-0.83,,,,,,,,0.04,,,,-0.37,,,,-0.05,,,,,,-0.53,,,,,,,,,,,,-0.14,,,,0.56,,,,0.85,0.54,0.6,0.98,1.22
914,135365,,,,,,,,,,,0.21,,0.14,,,,,,,,,0.32,,,0.65,,-0.22,,,,0.25,,,,-0.33,,,,,,0.02,,,-0.08,,,,,,0.26,,,0.34,,,,,,,,0.09,0.42,0.51,0.14,0.03
915,135371,,,,,,,,,,,,,,,,,,,,,,,,,,,0.0,,,,,,,,,,,,,,-0.19,,,-0.65,,,,,,,,,-1.13,,,,-1.18,,,,-0.24,-0.06,-0.31,-0.56,1.06
916,135416,,,,-0.16,,,,,-1.01,,-0.43,-0.21,-0.24,,,,-0.23,,-0.33,,,,-0.28,,,,0.1,,,-0.5,-0.02,,,-0.28,0.32,,,,0.29,,-0.28,-0.48,,-0.12,,,,,,-0.21,,,-0.18,,-0.07,,0.05,0.37,,,,,,,
917,135423,,,,,,,,,,,,,,,,,,,,,,,,,,,,,,,,,,,,,,,,,,,,,,,,,,,,,-1.35,,,,,,,,-0.45,-0.61,-0.51,-0.89,-1.05
918,135449,,,,,,,,,,,-0.3,0.47,-0.56,,,,0.77,,,,,,,,,,,,,,,,,-0.72,0.31,,,,,,-0.38,,,,,,,,,-0.9,,,0.29,,,,0.85,,,,-0.2,-0.3,-0.31,-0.75,-1.14
919,135469,,,,0.39,0.27,,0.48,0.59,0.67,,0.1,0.41,-0.06,,-0.13,,0.25,,-0.61,,,0.12,0.35,,,0.21,0.29,,,0.24,0.4,,,-0.03,0.24,,,-0.6,0.43,-0.2,0.16,0.04,,0.38,,-0.75,,,-0.02,0.09,,,0.07,,0.32,,0.19,-0.38,,,,,,,
920,135507,,,,-0.33,0.77,,,,,,-0.05,,-0.49,,,,-0.11,,,,,-0.38,-0.23,,-0.54,,0.23,,,,-0.05,,,0.21,-0.16,,,,,,-0.4,0.37,,,,,,,,-0.05,,,-0.12,,0.26,,-0.08,,0.82,,0.6,0.99,0.9,0.87,1.11
921,135531,,,,,,,-0.64,,,,0.5,-0.26,0.62,,,,,,-0.89,,,,-0.19,,,-0.26,-0.3,,,,-0.08,,,-0.21,0.1,,,,,,0.27,,,-0.24,,,,,,0.51,,,0.03,,-0.56,,-0.13,,,,0.08,0.42,0.29,-0.3,1.17
922,135552,,,,,,,,,,,-0.03,0.2,,,,,0.32,,0.43,,,,,,,,0.23,,,,-0.26,,,,-0.77,,,,,,0.46,0.42,,-0.08,,,,,,,,,-0.27,,-0.35,,-0.53,,,,-0.11,-0.53,-0.17,0.4,1.07
923,135563,,,,,,,,,,,-0.81,,,,,,,,,,,,,,,,-0.44,,,,,,,,-0.66,,,,,,,,0.55,,,,,,,,,,,,,,,,,,-0.54,-0.48,-0.59,-0.57,0.04
924,135564,,,,,,,,,,,-0.2,,-0.04,,,,,,,,,,,,,,,,,,,,,,,,,,,,0.61,,,,,,,,,0.64,,,,,,,,,,,-0.61,-0.29,-0.65,-0.82,-0.35
925,135565,,,,-0.96,,,,,-1.04,,0.21,-0.22,0.16,,,,0.44,,-0.15,,,-0.06,-0.3,,-0.11,,-0.67,,-0.15,0.48,-0.03,,,-0.11,0.1,,,,,,-0.03,0.22,,,,-0.42,,,-0.08,0.02,,,-0.21,,,,0.06,,,,-0.16,0.21,0.25,0.15,0.47
926,135575,,,,,,,0.32,,,,0.17,-0.03,0.07,,,,,,,,,-0.21,-0.03,,0.06,,0.32,,,,-0.08,,,0.41,0.22,,,,,,-0.04,0.01,,,,-0.08,,,,-0.13,,,0.35,,0.1,,0.24,,,,0.65,0.38,0.65,0.61,0.84
927,135580,,,,,,,,,,,,,,,,,,,,,,,,,,,,,,,,,,,0.67,,,,,,,,,,,,,,,,,,-0.47,,,,0.47,,,,-0.68,-0.8,-0.83,-1.0,0.0
928,135582,,,,,,,,,,,,0.64,,,,,,,,,,,,,,,,,,,0.41,,,,-0.78,,,,,,,,,,,,,,,,,,-0.44,,,,0.13,,,,-0.81,-0.72,-0.84,-0.43,-0.44
929,135583,,,,,,,0.06,,,,-0.05,-0.56,-0.45,,,,,,,,,,,,,,,,,,,,,,,,,,,,-0.46,,,,,,,,,,,,-0.32,,,,-0.02,,,,-0.65,-0.73,-0.46,-0.43,-0.65
930,135584,,,,,,,,,,,0.31,,-0.07,,,,,,,,,,0.63,,,,0.16,,,,,,,0.02,,,,,,,0.15,,,0.21,,,,,,,,,0.26,,,,0.4,,,,0.22,0.21,0.15,0.07,0.45
931,135587,,,,,,,,,,,-0.09,,,,,,,,,,,,0.2,,,,0.45,,,,,,,-0.19,0.05,,,,,,-0.96,,,,,,,,,,,,-0.21,,,,0.02,,,,0.48,-0.24,-0.15,0.04,1.01
932,135589,,,,,,,0.23,,0.19,,0.64,0.06,0.42,,,,-0.23,,-0.67,,,,0.06,,-0.03,0.4,0.32,,-0.03,-0.01,-0.04,,0.77,-0.04,-0.04,,,,,,0.44,0.08,,0.32,,,,,,0.59,,,0.09,,-0.03,,-0.09,0.15,,,,,,,
933,135599,,,,,,,,,,,-0.24,,-0.58,,,,,,,,,,,,,,,,,,,,,,-1.0,,,,,,-1.27,,,,,,,,,-0.87,,,-0.16,,,,,,,,-0.84,-1.16,-1.08,-1.08,1.27
934,135600,,,,,,,,,,,0.14,,0.32,,,,,,,,,,0.19,,,,-0.04,,,,,,,0.26,0.35,,,,,,-0.39,-0.04,,,,,,,,-0.18,,,-0.2,,0.43,,0.36,,,,0.55,0.32,0.39,0.31,0.04
935,135619,,,,,,,-0.24,,,,-0.55,-0.47,-1.02,,,,,,,,,,,,0.14,,,,,,,,,,-0.57,,,,,,-0.62,,,,,,,,,,,,-0.74,,-0.04,,,,,,-0.04,0.01,-0.06,-0.52,-0.7
936,135621,,,,-0.21,,,,,,,-0.37,,0.58,,,,-0.27,,,,,,,,-0.29,,-0.21,,,,-0.45,,,,0.22,,,,,,1.73,,,,,,,,,,,,-1.47,,,,-0.31,,,,-0.39,-0.12,-0.21,0.01,-0.09
937,135630,,,,,,,,,0.45,,-0.31,,,,,,,,,,,,,,,,,,0.13,,0.13,,,,-0.14,,,,,,0.83,,,,,,,,,-0.5,,,-0.29,,,,-0.41,,,,-0.4,-0.15,-0.4,-0.13,-1.66
938,135631,,,,,,,,,,,-0.49,-0.2,-0.22,,,,0.23,,-0.79,,,,-0.06,,,,0.33,,,,,,,,-0.75,,,,,,-0.13,,,,,,,,,-0.59,,,-0.49,,,,0.1,,,,0.59,0.54,0.38,0.08,0.81
939,135632,,,,0.83,,,,,,,-0.59,,-0.31,,,,,,-0.71,,,,,,-0.48,,,,,,-0.28,,,,0.07,,,,,,-0.55,,,,,,,,,-0.47,,,-0.38,,,,-0.54,,,,-0.55,-0.46,0.0,-0.52,-1.29
940,135650,,,,,,,,,-0.74,,,,,,,,,,,,,,,,,,,,,,,,,,-0.24,,,,,,,,,,,,,,,,,,-0.99,,,,,,,,-0.62,0.04,-0.59,-0.45,-2.17
941,135651,,,,,,,,,,,,,,,,,,,,,,,-0.64,,,,,,,,,,,,-0.02,,,,,,,,,,,,,,,,,,,,,,,,,,-0.59,-0.18,-0.15,-0.59,-0.56
942,135652,,,,,,,-1.48,,-0.58,,0.67,0.53,0.96,,,,,,,,,,0.78,,,,-0.21,,,,0.1,,,,0.33,,,,,,0.5,,0.33,0.23,,,,,,0.04,,,-0.1,,,,-0.21,,,,-0.04,0.0,0.07,-0.6,-0.77
943,135676,,,,,,,,,,,0.33,-0.29,-0.22,,,,-0.32,,,,,,-0.29,,0.5,,0.37,,,0.22,,,,0.48,0.35,,,,,,-0.4,,,-0.51,,,,,,-0.26,,,0.38,,,,0.29,,,,0.49,0.09,0.44,0.4,0.16
944,135677,,,,,,,,,,,-0.39,-0.98,-0.21,,,,-0.54,,0.29,,,,-0.68,,,,-0.32,,-0.2,,-0.33,,,-0.37,-0.1,,,,,,-0.22,,,,,,,,,0.18,,,0.4,,,,-0.04,-1.07,,,0.0,-0.06,-0.36,-0.13,-0.57
945,135744,,,,,,,,,,,-0.23,,,,,,,,,,,,,,,,-0.39,,,,,,,,-0.58,,,,,,-0.19,,,,,,,,,,,,0.31,,,,0.01,,,,-0.21,0.01,-0.19,0.14,0.14
946,135745,,,,,,,,,,,,,,,,,,,,,,,,,,,,,,,,,,,0.66,,,,,,,,,,,,,,,,,,,,,,0.26,,,,-0.79,-0.6,-0.8,-0.78,-0.93
947,135747,,,,,,,,,,,0.04,0.43,-0.14,,,,-0.21,,-1.15,,,0.17,0.08,,0.22,,0.21,,0.29,0.82,0.17,,,0.46,0.16,,,,,,0.71,0.21,,,,,,,0.9,-0.15,,,0.36,,0.47,,-0.07,,,,1.02,0.94,0.74,1.43,1.99
948,135760,,,,,,,,,,,0.32,,0.76,,,,0.27,,-0.83,,,,-0.78,,,,-0.19,,,,-0.8,,,,-0.36,,,,-0.08,,-0.06,,,,,,,,,-0.8,,,0.69,,,,0.46,,,,0.01,0.16,0.31,-0.01,0.0
949,135761,,,,,,,,,,,,,,,,,,,,,,,,,,,,,,,,,,,,,,,,,,,,,,,,,,,,,-0.59,,,,,,,,-0.63,-0.51,-0.5,-0.58,0.28
950,135762,,,,,,,,,-0.97,,-0.53,,,,,,,,-0.26,,,,,,,,-0.52,,,,,,,0.19,,,,,,,0.5,,,-0.67,,,,,,-0.32,,,-0.31,,0.25,,-0.28,0.39,,,0.15,-0.18,-0.16,-0.08,1.67
951,135769,,,,0.56,,,,,,,-0.02,0.45,,,,,,,,,,,,,,,,,,,,,,,0.1,,,,,,0.08,,,,,,,,,,,,-0.42,,,,0.41,,,,-0.47,-0.72,-0.68,-1.09,-1.9
952,135771,,,,,,,-0.79,,-2.26,,0.21,-0.65,-0.61,,,,,,,,,,,,-0.26,,-0.8,,-0.15,,-0.29,,,-0.55,-0.79,,,,-0.06,-0.47,-1.06,,,-0.58,,,,,,-0.86,,,-0.58,,-0.01,,-0.59,-1.75,,,-2.1,-1.45,-1.1,,
953,135804,,,,,,,,,,,-0.42,,,,,,,,,,,,,,,,,,,,,,,,,,,,,,,,,,,,,,,,,,-0.11,,,,,,,,0.08,-0.05,-0.32,-0.34,-0.99
954,135816,,,,,,,,,,,-0.61,,,,,,-0.34,,,,,,0.11,,,,,,,,,,,,,,,,,,-0.16,,,,,,,,,-0.3,,,,,,,,,,,0.93,0.54,0.57,1.01,0.74
955,135835,,,,,0.78,,,,,,0.26,0.61,0.79,,,,0.0,,,,,,0.62,,,,0.43,,,,,,,,-0.02,,,,,,0.07,-0.81,,,,,,,,-0.71,,,0.22,,-0.08,,0.26,,,,0.85,0.41,0.6,0.56,0.3
956,135866,,,,,,,-1.69,,,,0.32,,0.48,,,,,,,,,,,,,,,,,,,,,,,,,,,,-0.49,,,,,,,,,-0.05,,,0.39,,,,,,,,-0.08,-0.06,-0.18,-1.02,-0.61
957,135876,,,,,,,,,,,,,0.01,,,,,,,,,,,,,,0.33,,,,,,,,,,,,,,0.92,,,,,,,,,,,,0.32,,,,0.84,,,,0.14,-0.06,-0.14,-0.52,-0.51
958,135877,,,,-0.18,,,,,,,-0.49,0.22,0.38,,,,,,0.0,,,,,,,,,,,,0.48,,,,-0.14,,,,,,-0.54,,,,,,,,,,,,1.31,,,,0.06,,,,0.54,0.02,0.27,0.79,-0.49
959,135881,,,,,,,,,-0.12,,-0.77,,-0.96,,,,,,,,,,,,,,,,,,,,,,,,,,,,-0.78,,,,,,,,,,,,0.3,,,,-0.34,,,,-0.25,-0.26,-0.25,-0.44,1.49
960,135886,,,,,,,,,,,,,,,,,,,,,,,,,,,,,,,-0.87,,,,,,,,,,,,,,,,,,,,,,-0.54,,,,-0.14,,,,-1.01,-0.81,-1.13,-1.29,-0.98
961,135897,-0.74,,,,-0.63,,-0.49,,,,-1.17,,-1.15,,,,,-0.04,,,,,,,,,-0.51,,,,,,,,,,,,,,-1.26,,,,,,,,,-1.42,,,-0.87,,,,-0.7,,,,-1.26,-1.16,-1.35,-1.88,-3.04
962,135913,,,,,,,,,,,0.68,,0.5,,,,,,,,,,,,,0.67,,,,,0.09,,,,0.07,,,,,,-0.13,,,,,,,,,,,,-0.28,,,,0.15,,,,-0.47,-0.26,-0.28,-0.49,-0.2
963,135945,,,,,,,,,,,0.39,,,,,,,,,,,,,,,,-0.51,,,,,,,,,,,,0.83,,0.26,,,,,,,,,,,,-0.35,,,,-0.64,,,,-0.83,-0.81,-0.63,-0.93,-0.26
964,135951,,,,,,,,,-0.21,,-0.55,,-0.68,,,,,,,,,,,,,,-0.15,,,,0.51,,,-0.91,-0.75,,,,,,0.2,,,,,,,,,,,,0.04,,,,0.01,,,,-0.31,0.0,-0.06,-0.56,-0.43
965,135955,,,,,,,,,,,-0.36,,-0.24,,,,-0.56,,,,,,-0.04,,,,,,,,,,,,0.79,,,,,,0.56,,,,,,,,,0.01,,,-0.07,,,,0.56,,,,0.33,0.61,-0.11,-0.05,0.19
966,135956,,,,,,,,,,,-1.14,,-1.11,,,,,,,,,,,,,,-0.45,,,,-0.31,,,,,,,,,,-1.46,,,,,,,,,,,,,,,,0.2,,,,-0.25,-0.06,-0.05,0.08,0.84
967,135957,,,,,,,,,,,-0.96,,,,,,,,,,,,,,,,,,,,,,,,0.01,,,,,,,,,,,,,,,,,,,,,,0.91,,,,-0.75,-0.64,-0.84,-0.29,-0.4
968,135958,,,,,,,,,,,0.45,,-0.82,,,,,,,,,,,,,,,,,,,,,0.31,-0.06,,,,,,-0.07,,,0.22,,,,,,-0.6,,,0.89,,,,0.2,,-1.04,,0.82,0.22,0.07,-0.11,0.54
969,135961,,,,,,,,,,,-0.45,-0.62,-0.76,,,,-0.14,,,,,,,,-0.54,0.31,,,,,-1.05,,,0.25,-0.22,,,,-0.63,,0.18,,,,,,,,,-0.54,,,-0.7,,,,-0.16,-0.76,,,0.17,-0.02,-0.33,-0.34,-0.04
970,135962,,,,,,,,,-0.77,,-0.1,0.38,,,,,,,,,,,0.1,,,,,,,,0.07,,,0.3,0.3,,,,,,0.37,-0.57,,-0.02,,,,,-0.43,,,,0.18,,,,-0.17,,,,0.56,0.87,0.54,0.68,0.81
971,135963,,,,,,,,,,,,,,,,,,,,,,,,,,,,,,,,,,,-0.51,,,,,,,,,,,,,,,,,,-0.36,,,,,,,,0.14,-0.32,-0.17,-0.36,0.27
972,135964,,,,,-0.17,,,,,,-0.33,,-0.57,,,,,,,,,,,,,,,,,,,,,,-0.63,,,,,,,,,,,,,,,,,,,,,,,,,,-0.22,-0.22,-0.33,-0.62,0.34
973,135966,,,,,,,0.3,,,,0.15,0.28,-0.32,,,,-1.15,,,,,,,,,-0.05,,,,,-0.28,,,,-0.03,,,,0.18,,-0.2,-0.53,,-0.02,,,,,-0.17,-0.19,,,-0.36,,-0.82,,0.0,,,,0.31,0.41,0.91,0.71,-0.11
974,135967,,,,,,,-0.57,,-0.62,,0.15,-1.12,0.41,,,,-0.51,,,,,,,,,-0.06,,,,,,,,,-0.63,,,,,,0.34,-1.26,,,,,,,,-0.67,,,-0.37,,,,-0.4,,,,-0.37,-0.01,-0.18,-0.19,-0.05
975,135968,,,,,,,,,,,-0.17,-0.94,-0.06,,,,,,,,,,,,,,0.18,,,,,,,,-0.09,,,,,,0.26,,,0.11,,,,,,0.9,,,0.07,,,,0.6,,,,0.14,-0.18,-0.15,-0.04,-0.04
976,135970,,,,,,,,,,,0.76,,0.67,,,,,,,,,,,,,,,,,,,,,,0.07,,,,,,0.46,,,,,,,,,,,,-0.4,,0.4,,-0.15,,,,0.59,0.12,0.27,-0.02,-0.92
977,135971,,,,,,,,,-0.17,,-0.01,,-1.19,,,,,,,,,,,,,,,,,,,,,-0.34,0.51,,,,,,-0.22,,,,,,,,,,,,0.1,,,,1.32,,,,-0.41,-0.44,-0.78,-0.72,-0.09
978,135973,,,-0.16,,,,,,,,0.14,,-0.31,,,,-0.25,,,,,,-0.43,,,,,,,,,,,,-0.52,,,,,,-0.01,,,,,,,,,-0.47,,,0.24,,,,-0.35,,,,-0.11,0.19,0.03,-0.27,1.36
979,135980,,,,,,,-0.22,,-1.2,,-0.19,0.08,-1.3,,,,,,,,,,,,,0.05,,,,,,,,,0.31,,,,,,0.12,,,,,,,,,-0.95,,,0.0,,,,0.51,,,,0.36,0.33,-0.08,0.47,1.49
980,136016,,,,,,,,,-0.82,,,,,,,,,,,,,0.28,,,,,-0.51,,-0.68,,,,,,-1.18,,,,,,-0.45,,,,,,,,,-0.23,,,-0.56,,,,-0.98,,,,-0.51,-0.25,-0.38,-0.44,-0.14
981,136028,,,,0.0,,,,,,,-0.52,0.4,-0.49,,,,,,,,,,0.78,,,,,,,,,,,,-0.28,,,,,,-0.41,,,0.34,,,,,,-0.8,,,0.59,,,,0.86,,,,-0.08,-0.12,-0.23,-0.42,1.4
982,136032,,,,,,,,,,,0.0,,-0.1,,,,,,,,,,,,,,-0.69,,,,,,,,,,,,,,0.25,,,,,,,,,-0.11,,,-0.43,,-0.52,,-0.68,,,,-0.16,-0.34,-0.05,-0.41,0.44
983,136042,,,,,,,,,,,-1.29,,,,,,,,-1.43,,,,,,,,,,,,,,,,,,,,,,-1.12,,,,,,,,,-1.65,,,-1.0,,,,,,,,-0.07,-0.51,-0.17,-0.31,-0.63
984,136044,,,,,,,,,,,-0.54,,-0.47,,,,,,,,,,,,,,,,,,0.0,,,,-0.77,,,,0.2,,0.22,,,-0.13,,,,,0.33,,,,0.46,,,,-0.25,,,,-0.28,-0.34,-0.2,-0.24,-0.64
985,136083,,,,,,,,,,,0.41,,0.71,,,,,,,,,,0.15,,,,,,,,,,,,,,,,,,0.29,0.15,,,,,,,,0.34,,,,,,0.25,,,,,,,,,
986,136085,,,,,,,,,,,0.33,,0.13,,,,,,,,,,,,,0.33,,,,,,,,-0.52,0.55,,,,,,0.21,,,,,,,,,,,,0.66,,,,0.89,,,,0.44,0.34,0.19,0.39,-0.09
987,136090,,,,,,,,,,,-0.44,-0.57,-0.97,,,,,,-0.17,,,,-0.28,,,,0.14,,,,-0.45,,,-1.31,-0.29,,,,-0.44,,-0.46,,,,,,,,,-0.3,,,0.07,,,,0.17,,,,-0.14,-0.2,-0.11,0.22,-0.66
988,136091,,,,,,,,,0.12,,0.1,,-0.4,,,,-0.01,,,,,,,,,-0.2,,,,,,,,,-0.29,,,,,,-0.54,-1.74,,,,,,,,-1.26,,,-0.83,,,,,,,,0.47,-0.11,0.19,0.35,1.52
989,136107,,,,,,,,,,,0.09,0.23,,,-0.4,,,,,,,,-0.39,,,,-0.54,,,,,,,,,,,,,,0.15,,,,,,,,,,,,0.69,,,,-0.75,,,,-0.62,-0.48,-0.41,-0.76,
990,136108,,,,,,,,,,,-1.37,,,,,,,,-0.69,,,,,,,,0.32,,,,-0.58,,,,,,,,,,,,,-0.23,,,,,,,,,,,,,-0.43,,,,-0.41,-0.32,-0.54,-0.56,-0.31
991,136119,,,-0.56,,,,1.13,,,,-1.22,,-1.07,,,,0.34,,,,,,,,,0.26,,,,,-1.14,,,,,,,,,,-1.24,,,,,,,,,,,,-0.84,,-0.67,,,,,,-1.18,-1.31,-1.29,-1.44,-1.43
992,136120,,,,,,,,,,,,,,,,,,,,,,,,,0.25,,,,,,-0.68,,,,0.05,,,,,,0.13,,,,,,,,,0.02,,,0.18,,,,,,,,0.19,0.1,-0.23,0.33,-0.39
993,136125,,,,,,,,,,,-0.45,-1.34,0.29,,,,,,-0.01,,,,,,,,-0.9,,,,,,,,,,,,,,-1.74,,,,,,,,,-0.33,,,-0.06,,,,-0.36,,,,-0.39,-0.12,-0.27,-0.68,-1.57
994,136126,,,,,,,-0.44,,,,-0.36,-0.56,-0.39,,,,-0.37,,,,,,,,,,-0.86,,,,,,,,-0.29,,,,-1.61,,-0.14,0.18,,,,,,,,0.3,,,-0.19,,,,-0.35,,,,-0.16,0.08,-0.23,-0.32,-0.92
995,136128,,,,,,,,,-1.3,,,,,,,,,,-1.35,,,,,,,,,,,,,,,,,,,,,,,,,,,,,,,,,,,,,,,,,,-0.46,-0.22,-0.16,-0.66,-1.71
996,136137,,,,,,,,,,,0.24,-0.2,0.06,,,,,,,,,,-0.04,,,,0.75,,,,,,,,1.0,,,,,,-0.98,,,,,,,,,,,,0.16,,,,0.11,,-0.62,,0.15,0.03,0.28,-0.14,1.14
997,136141,,,,,,,,,,,,,,,,,,,,,,,,,,-0.78,,,,,,,,,,,,,,,,,,,,,,,,,,,-0.58,,,,,,,,-0.45,0.1,0.0,-0.26,-0.25
998,136147,,,,-1.02,,,,,-0.46,,0.33,0.0,0.84,,,,0.15,,,,,,,,,,0.92,,,,,,,,1.2,,,,,,-0.53,,,0.72,,,,,,0.2,,,0.32,,,,0.47,,1.0,,-0.14,-0.09,-0.2,-1.01,-0.14
999,136152,,,,,,,,,,,0.06,-0.28,-0.31,,,,,,,,,,,,,,0.0,,,,,,,,,,,,,,-0.47,,,,,,,,,,,,0.68,,,,,,,,0.35,-0.1,0.15,0.08,0.21
1000,136172,,,,-0.48,,,,,-1.03,,-0.5,,-0.63,,,,-0.63,,-0.42,,,,-0.13,,,,0.08,,,,,,,0.06,-0.34,,,,,,-0.15,-0.58,,0.0,,,,,,-0.52,,,0.79,,,,0.25,0.58,,,0.31,0.2,0.01,-0.08,0.25
1001,136177,,,,,,,,,,,-0.49,-0.29,-0.15,,,,,,,,,,,,,,-0.13,,,,,,,,-0.33,,,,,,-0.28,,,,,,,,,,,,-0.46,,,,,,,,0.51,0.4,1.01,0.32,1.28
1002,136185,,,,,,,,,-0.24,,,,-0.83,,,,,,,,,,,,,,,,,,,,,,-0.26,,,,,,-1.06,,,,,,,,,-0.36,,,,,,,,,,,-0.43,-0.75,-0.79,-0.83,0.07
1003,136186,,,,,,,,,,,,,,,,,,,,,,,,,,,-0.05,,,,,,,,,,,,,,-0.8,,,,,,,,,,,,-1.14,,,,-0.96,,,,0.14,0.08,-0.32,0.03,-0.11
1004,136189,,,,,,,,,,,-0.59,,-0.91,,,,,,,,,,,,,,,,,,,,,,,,,,,,-1.07,,,,,,,,,,,,-0.34,,,,,,,,,,,,
1005,136194,,,,-1.08,,,,-0.47,,,,,-0.35,,,,,,0.7,,,,,,,,-0.32,,,,0.23,,,-0.91,-0.38,,,,,,0.62,,,,,,,,,0.14,,,0.33,,,,0.09,,,,0.2,-0.12,-0.05,0.11,-0.22
1006,136197,,,,-0.36,,,,,,,-0.14,,-0.39,,,,,,,,,,,,,-0.12,,,,,-0.32,,,-0.2,,,,,,,-1.34,,,0.3,,,,,,,,,-0.57,,,,-0.31,,,,-0.59,-0.64,-0.57,-1.0,-1.88
1007,136201,,,,,,,,,,,-0.24,,0.2,,,,-0.46,,,,,,,,,,,,,,,,,,,,,,,,0.06,,,,,,,,,-0.61,,,,,,,0.23,,,,0.15,0.22,0.01,-0.11,0.1
1008,136203,,,,,,,,,,,-0.38,-0.18,-0.3,,,,,,,,,,0.03,,,,0.11,,,,,,,-0.24,,,,,,,-0.22,,,,,,,,,,,,-0.54,,,,0.68,,,,-0.13,-0.18,-0.61,-0.45,-1.12
1009,136204,,,,,,,,,,,0.06,-0.4,0.21,,,,,,,,,,,,,0.14,,,,,0.42,,,,,,,,,,-0.16,,,,,,,,,0.69,,,-0.12,,,,,,,,0.04,0.32,0.31,-0.42,1.09
1010,136208,,,,,,,,,,,-0.06,,-0.62,,,,,,,,,,-0.31,,,,-0.54,,,,,,,0.06,0.49,,,,,-0.18,-0.3,0.0,,,,,,,,-0.25,,,-0.07,,,,0.04,-0.89,,,0.48,0.39,0.3,0.62,0.77
1011,136217,,,,,,,,,,,,,,,,,,,,,,,,,,,,,,,,,,,,,,,,,,,,,,,,,,,,,,,,,-0.45,,,,-0.82,-0.36,-1.05,-0.67,-1.85
1012,136261,,,,,,,,,,,0.5,0.17,-0.3,,,,0.48,,,,,,,,,,0.28,,,,,,,-0.34,0.02,,,,,,0.58,1.61,,0.95,,,,,,0.05,,,0.37,,,,,,,,0.53,0.78,0.63,0.38,1.02
1013,136266,,,,,,,-0.36,,,-1.83,0.18,-0.02,0.61,,,,-0.34,,,,,0.58,0.16,,-0.2,0.55,-0.03,,0.29,,0.5,,,0.67,-0.34,,,,,,0.36,,,,,,,,-0.12,0.01,,,-0.09,,-1.03,,-0.35,,,,-0.18,0.08,-0.15,0.03,0.94
1014,136267,,,,,,,,,,,0.03,0.03,-0.04,,,,,,-0.61,,,,-0.02,,,,0.49,,-0.75,,-0.59,,,-0.26,-0.17,,,,-0.45,,-0.03,,,,,,,,0.53,-0.44,,,-0.29,,,,,,,,0.55,-0.14,0.44,0.0,1.02
1015,136268,,,,0.18,,,,,,,-0.72,-0.27,-0.72,,,,,,,,,,-0.68,,-0.53,,-0.24,,,,-0.07,,,,0.12,,,,-0.57,,-0.9,,,,,,,,-0.41,-0.98,,,-0.76,,0.1,,-0.39,,,,-0.26,-0.52,-0.09,0.19,-0.29
1016,136271,,,,,,,-0.02,,,,0.81,,0.7,,,,,,0.06,,,-0.17,0.25,,,,-0.28,,,-0.04,,,,,-0.01,,,,,,0.72,,,,,0.34,,,,0.82,,,0.72,,0.19,,-0.63,,,,-0.06,0.37,0.46,-0.26,-0.55
1017,136272,,,,,,,-0.13,,,,0.1,,-0.07,,,,0.27,,0.17,,,,0.0,,,,-0.3,,,-0.04,0.14,0.0,0.81,-0.27,0.53,,,,,,-0.37,-1.21,,,,-0.21,,,0.48,-0.25,,,-0.38,,-0.49,,,-0.34,,,0.55,0.94,1.08,0.75,0.43
1018,136276,,,,,,,,,,,0.21,,-0.24,,,,0.01,,0.14,,,,-0.11,,,,0.75,,-0.27,0.68,0.06,,,0.16,0.18,,,,,,0.07,-0.3,,,,0.67,,,,-0.36,,,-0.42,,0.28,,,,,,0.6,0.92,0.87,0.5,0.31
1019,136278,,,,,,,-0.24,,,,0.39,0.07,0.2,,,,0.28,,0.3,,0.12,0.03,-0.01,0.33,-0.47,,-0.08,,,,-0.01,,,-0.15,0.23,,,,,,0.27,0.15,,0.0,,,0.06,,0.22,0.12,,,0.28,,0.12,,0.16,0.07,,,0.35,0.46,0.61,0.48,0.75
1020,136279,,,,,,,,,1.13,0.94,0.1,-0.43,0.38,,,,-0.94,,-0.42,,,0.0,0.06,,0.62,0.32,0.52,,-0.18,,0.15,,,0.53,0.15,,,,0.57,,0.14,0.21,,-0.04,,,,,-0.94,-0.47,,,0.28,,-0.01,,0.73,,,,0.16,-0.04,-0.22,0.57,-0.91
1021,136283,,,,-0.28,,,,,,,-0.05,0.04,-0.48,,,,-0.49,,0.42,,,,-0.13,,0.6,,-0.01,,,,-0.1,,,-0.5,-0.38,,,,,,-0.26,0.3,,,,,,,-0.76,-0.32,,,-0.18,,-0.71,,0.07,,,,0.61,0.99,1.08,0.98,1.7
1022,136286,,,,,,,-0.27,,,,,,,,,,,,,,,,,,0.01,,-0.39,,-0.37,,,,,,,,,,,,0.98,,,0.12,,,,,,,,,-0.75,,,,-1.05,,,,-0.49,-0.29,-0.26,-1.02,-0.52
1023,136289,,,,,,,,,,0.43,-0.25,,-0.29,,,,-0.35,,,,,-0.14,0.48,,,,0.22,,,,0.3,,,0.28,0.14,,,,,,-0.23,-0.32,,,,,,,,-0.02,,,0.02,,-0.28,,-0.06,,,,0.95,0.52,0.67,0.92,-0.06
1024,136290,,,,,,,-0.09,,,,0.39,,0.33,,,,,,-0.53,,,,0.33,,,,-0.13,,,-0.32,0.34,,0.17,0.33,-0.42,,,,,0.4,0.36,0.34,,,,,,,,0.12,,,,,,,-0.28,,,,0.84,1.33,1.4,1.21,1.42
1025,136291,,,,,,,-0.95,,,,0.09,0.22,0.24,,,,0.58,,,,,,-0.04,,0.64,,,,,,0.54,,,,-0.11,,,,,,0.28,-0.01,,,,,,,0.66,-0.2,,,0.28,,,,-0.14,,,,0.1,0.37,0.13,0.55,0.32
1026,136292,,,,,,,0.55,,,-0.06,0.01,0.44,0.0,,,,0.13,,-0.19,,,0.38,0.34,,0.39,,0.4,,,,0.36,,,,0.42,,,,,,-0.12,-0.64,,0.49,,,,,,-0.42,,,-0.47,,0.47,,-0.05,0.18,,,0.25,0.28,0.53,0.54,1.2
1027,136295,,,,,,,,,-1.68,,0.04,-1.16,-0.28,,,,,,,,,,,,,,,,,,,,,,-0.2,,,,,,-0.86,,,,,-2.18,,,,-0.44,,,-0.81,,-0.15,,,,,,-0.5,-0.04,-0.02,-0.19,0.57
1028,136296,,,,0.36,,,,,-0.02,,0.33,0.4,-0.16,,,,0.12,,-0.57,,,-0.12,0.65,,-0.11,,-0.23,,0.56,,0.29,,,0.69,0.02,,,,,,0.29,-0.06,,,,,,,0.17,0.26,,,0.55,,-0.15,,-0.06,,,,-0.09,0.04,0.34,0.49,0.56
1029,136297,,,,,,,,,,,-0.02,-0.06,-0.04,,,,0.1,,,,,,-0.22,,,,-0.14,,,0.14,-0.02,,,0.08,-0.03,,,,,,0.03,,,,,,,,-0.14,-0.21,,,0.12,,0.25,,0.49,,,,0.71,0.67,0.74,0.95,0.68
1030,136298,,,,,,,0.41,,,,0.26,,0.3,,,,-0.03,,0.1,,,,0.25,,,,0.02,,0.41,-0.4,0.17,,,-0.61,0.64,,,,,,0.59,0.62,,0.21,,,,,,0.39,,,0.45,,0.24,,0.33,-0.09,,,0.88,0.49,0.46,0.9,0.18
1031,136299,,,,,,,-0.21,,,,-0.16,,-0.46,,,,0.04,,-0.13,,,-0.23,,,-0.11,,0.44,,,0.55,0.33,,,0.42,0.28,,,,,,-0.06,-0.11,,0.54,,-0.74,-0.61,,0.06,-0.39,,,-0.28,,0.01,,0.11,0.08,,,0.8,1.35,0.74,0.55,0.18
1032,136301,,,,,,,,,,,0.17,0.7,-0.32,,,,,,,,,,1.15,,0.27,,-0.22,,,,-0.42,,,,0.03,,,,,,0.47,,,,,,,,,-0.11,,,-0.21,,,,,,,,-0.32,-0.13,-0.52,-0.53,1.05
1033,136302,,,,,,,0.19,0.39,-0.75,,-0.46,-0.45,0.23,,,,,,-0.85,,-0.44,0.18,,,0.09,,0.03,-0.25,0.61,,,,,-1.06,-0.44,,,,-1.35,,-0.85,,,,,,,,0.06,-0.74,,,-0.11,,,,-0.51,,,,-0.64,-0.62,-0.71,-0.73,1.33
1034,136305,,,,0.22,,,,,-1.31,,-0.08,-0.05,-0.73,,,,,,,,,0.46,-0.41,,,,0.47,,-0.04,,0.26,,,0.01,0.36,,,,,,-1.23,-1.31,,0.07,,,,,,,,,-0.24,,,,0.34,,,,0.47,-0.7,-0.18,0.23,-1.06
1035,136306,,,,0.81,,,,,,,0.42,0.82,0.38,,,,-0.15,,0.39,,,-0.47,0.08,,,,0.11,,,-0.91,-0.13,,,-0.06,0.03,,,,,-0.16,0.02,0.11,,,,,,,0.5,0.55,,,0.15,,,,,,,,0.28,1.2,1.33,0.6,0.74
1036,136307,,,,,,,0.37,,-0.32,,0.05,-0.69,0.46,,,,0.26,,,,,,0.19,,,0.09,0.39,,,,-0.04,,,0.39,0.48,,,,,,0.31,-0.11,,,,,,,,0.45,,,0.12,,,,0.05,,,,0.16,0.41,0.47,0.37,0.36
1037,136308,,,,,,,-0.06,,,,0.4,0.1,-0.14,,,,-0.08,,0.55,,,,0.24,,,,0.15,,,-0.9,0.32,,,0.15,0.34,,,,,,0.28,0.44,,0.09,,,,,,0.64,,,0.05,,0.36,,0.8,,-0.31,,0.68,0.79,0.99,0.73,0.93
1038,136309,,,,,,,0.56,,0.55,0.3,0.35,,0.38,,0.19,,,,,,,0.61,0.39,,,,0.18,,0.35,0.16,0.43,,,0.63,0.2,,,,,0.05,0.24,0.29,,,,0.05,1.17,,0.68,0.17,,,0.51,,,,0.6,0.7,,,0.66,0.42,0.49,0.62,0.78
1039,136310,,,,,,,,,,,0.31,0.58,0.21,,,,0.63,,0.43,,,,-0.14,,,,0.06,,,,0.29,,,-0.25,0.3,,,,,,0.15,0.34,,0.52,,,,,0.39,0.25,,,0.54,,-0.07,,0.54,,,,0.76,0.68,0.67,0.66,-0.6
1040,136311,,,,,,,,,,,0.28,,,,,,,,,,,,,,,,,,,,,,,,,,,,,,-0.04,,,,,,,,,,,,,,,,,,,,-0.16,0.09,0.12,-0.9,-1.16
1041,136315,,,,,,,,,,,0.52,-0.05,0.25,,,,-0.22,,,,,,,,,,-0.31,,,,,,,,,,,,,,0.46,,,,,,,,,-0.4,,,-0.71,,,,-0.36,,,,0.1,0.12,0.48,0.42,-0.43
1042,136317,,,,0.47,,,,,,,-0.03,,,,,,,,0.04,,,,,,,,-0.34,,0.42,,,,,,-0.17,,,,,,,,,0.34,,,,,,,,,-0.49,,,,-0.09,,,,-0.82,-0.77,-1.08,-0.82,-0.29
1043,136321,,,,,,,-0.2,,,,0.06,-0.47,0.52,,,,0.3,0.3,,,,,-0.44,,,,-0.14,,,,-0.06,,,,0.06,,,,,,0.32,-0.14,,,,,,,-0.86,-0.24,,,,,,,,,,,0.12,0.33,0.36,0.67,-0.34
1044,136322,,,,,,,,,,,-0.14,-1.14,-0.78,,,,,,,,,,-0.95,,,,-0.14,,,,,,,,-0.36,,,,,,-0.16,,,,,,,,,0.35,,,-0.93,,,,-0.71,,,,-0.28,-0.06,-0.26,-0.48,0.33
1045,136323,,,,0.28,,,,,,,0.41,0.58,0.8,,,,,,,,,,0.61,,0.03,,0.27,-0.41,,,0.05,,,,-0.04,,,,0.51,,0.3,,,,,,,,0.52,-0.05,,,0.32,,0.57,,0.3,,,,0.41,0.21,0.5,0.52,0.06
1046,136324,,,,,-0.88,,0.19,,0.02,0.01,-0.35,,-0.9,,,,,,,,,,,,,,-0.29,,-0.09,,-0.59,,,-0.62,-0.21,,,,-0.48,,-1.59,,,,,,,,,,,,0.06,,-0.35,,-0.33,,,,-0.69,-0.6,-0.92,-0.88,-0.26
1047,136327,,,,0.78,,,,,0.3,,-0.36,0.52,-0.13,,,,0.56,,,,,0.07,0.02,,,0.1,0.14,,,,,,,0.14,0.15,,,,,,-0.22,,,0.16,,,,,,-0.51,,,0.14,,,,0.13,,,,0.32,0.04,-0.12,0.0,-0.03
1048,136329,,,,,,,,,,,-0.33,,-0.29,,,,,,,,,,-1.34,,,,-0.65,,,,0.19,,,-0.76,-0.31,,,,,,-0.26,-0.25,,,,,,,,-0.55,,,-0.8,,-1.04,,-0.73,,,,0.14,0.62,0.47,-0.22,-0.22
1049,136331,0.22,,,,,,,,,,-0.19,-0.49,0.37,,,,,,,,,,0.06,,,,-0.59,,-0.05,,-0.04,,,,-0.07,,,,-1.48,,0.63,0.27,,,,,,,,0.2,,,-0.3,,,,0.06,,,,-0.19,0.13,-0.07,-0.14,-0.5
1050,136333,,,,,,,-0.21,,,,0.14,0.5,0.32,,,,0.01,,-0.71,,,,0.23,,,0.54,0.19,,,,0.03,,,0.27,0.31,,,,0.87,,0.08,0.49,,0.15,,,,,0.03,0.45,,,0.46,,-0.11,,,,,,0.64,0.36,0.22,0.64,0.18
1051,136334,,,,,,,-0.34,,,,0.33,-0.25,-0.23,,,,-0.38,,-0.83,,,,-0.22,0.48,,,-0.04,,-0.15,-0.49,0.24,,,-0.03,-0.06,,,,0.07,-0.22,-0.38,-0.01,,,,,,,0.51,-0.2,,,-0.05,,,,-0.06,-0.87,,,0.33,0.62,0.51,0.67,0.55
1052,136335,,,,,,,-0.19,,-0.68,,0.08,1.08,0.74,,,,0.03,,,,,-0.15,0.21,,,0.42,0.05,,,,0.04,,,,0.19,,,,,,0.26,,,,,,,,-0.55,0.68,,,0.75,,,,0.57,,,,0.03,0.12,0.26,-0.23,-0.63
1053,136336,,,,0.88,,,,,0.93,0.32,-0.03,0.53,0.07,,,,,,,,,,0.68,,,0.05,0.69,0.49,0.37,,0.09,,,0.27,-0.05,,,,,,0.64,0.71,,0.92,,,,,0.0,0.2,,,0.33,,,,,0.0,,,0.03,0.48,0.29,0.85,0.93
1054,136337,,,,,,,0.57,0.68,,,0.72,-0.13,0.08,,,,-0.26,,,,,,0.2,,,-0.15,0.21,,0.43,,0.08,,,-0.02,-0.45,,,,,,-0.54,,,,,,,,,-1.0,,,0.31,,-0.43,,0.06,,,,0.69,0.27,0.29,0.74,0.36
1055,136340,,,,,,,-0.24,,0.51,,-0.12,,-0.26,,,,,,0.05,,,,-0.36,,0.33,,0.44,,0.1,,0.04,,,-0.18,0.2,,,,0.07,,-0.58,,,,,,,,-0.16,,,,-0.23,,-0.01,,-0.2,-1.16,,,0.3,0.32,0.42,0.14,-0.2
1056,136341,,,,,,,0.69,,,,-0.04,,0.27,,,,-0.33,,,,,,0.43,,,,0.03,,-0.21,,,,,0.15,-0.01,,,,,,0.52,0.14,,,,,,,,0.44,,,0.36,,0.49,,0.35,,,,0.15,0.55,0.52,0.18,0.36
1057,136343,,,,,,,,,,-0.94,-0.53,0.23,0.18,,,,,,-0.51,,,,0.5,,0.39,,0.59,,,,0.09,,,,0.08,,,,-0.39,,0.13,-1.04,,-0.22,,,,,,0.11,,,0.39,,-0.18,,0.5,,,,0.62,0.47,0.13,0.43,0.13
1058,136347,,,,,,,,,,,-1.12,,-0.16,,,,,,,,,,,,,,-0.96,,,,-0.32,,,-0.4,-0.34,,,,,,-0.25,,,,,,,,,-0.25,,,-0.44,,-0.45,,0.18,,,,-0.19,-0.37,-0.51,-0.49,-0.13
1059,136349,,,,,,,,,,,,,,,,,,,,,,,,,,,,,,,-0.17,,,,,,,,,,0.0,,,,,,,,,,,,,,,,,,,,0.09,0.06,0.11,-0.06,-0.05
1060,136350,,,,,,,,,,,-0.03,,-0.03,,0.95,,0.71,,0.04,,,,,,,,0.68,,,0.34,0.09,,,0.21,0.58,,,,,,-0.18,-0.02,,,,,,,,0.08,,,0.0,,0.04,,,,,,0.48,0.41,0.71,0.83,0.87
1061,136352,0.63,,,,-0.37,,0.26,,1.16,-0.78,0.11,0.67,0.17,,,,0.33,,,,,,0.21,,-0.25,,0.11,,,0.55,0.49,,0.22,-0.06,-0.16,,0.24,,0.08,,0.17,0.06,,-0.03,,,,,0.08,0.59,,,-0.29,,0.12,,-0.24,0.15,,,0.44,0.53,0.65,0.55,0.53
1062,136353,,,,0.59,,,,,,,0.04,,0.15,,,,0.1,,,,,-0.37,0.19,,,,0.21,,,0.51,0.34,,,0.27,0.29,,,,,-0.23,0.16,0.07,,,,0.36,,,,0.22,,,-0.21,,,,,0.78,,,0.86,0.9,1.04,1.06,1.27
1063,136355,,,,1.2,,,,,,,0.28,0.12,0.29,,,,0.27,,,,0.42,-0.09,-0.02,,,,-0.08,,0.19,,0.43,,,0.22,0.21,,,,,,-0.26,-0.59,,0.53,,,,,,-0.03,,,-0.42,,-0.64,,-0.8,,,,-0.03,0.09,0.1,0.11,-0.89
1064,136357,,,,-0.44,,,,,,,-0.45,0.44,-0.3,,,,1.18,,0.04,,,-0.15,0.17,,-0.83,,0.32,,,,-0.3,,,,0.11,,,,,1.05,-0.05,,,,,,,,-0.83,-0.33,,,0.29,,,,,,,,0.24,-0.13,0.25,0.99,0.13
1065,136358,,,,,,,0.09,0.15,0.06,,-0.41,0.0,,,,,,,0.04,,,,,,,,-0.61,,,,0.92,,,,-0.04,,,,,,-0.52,,,,,,,,,,,,0.33,,,,-0.55,,,,-0.36,-0.2,-0.39,0.63,-1.05
1066,136361,,,,,,,0.16,,0.06,,-0.23,-0.07,0.02,,,,-0.51,,-0.11,,,-0.23,,,0.57,,0.2,,,,-0.11,,,0.38,0.12,,,,,,0.14,0.23,,0.13,,-1.96,,,-0.08,0.1,,,0.68,,1.1,,0.26,,,,0.01,-0.09,0.2,0.42,0.18
1067,136366,,,,,,,0.52,,,,0.08,,-0.07,,,,-0.06,,,,,,0.0,,,,0.54,,,0.13,0.04,,,0.17,0.18,,,,,,-0.09,0.15,,,,,,,-0.78,-0.16,,,0.27,,0.3,,,,,,0.79,0.7,1.15,0.89,1.47
1068,136367,,,,,,,0.33,,0.25,,0.38,-0.16,0.59,,,,,,0.62,,,0.17,,,0.06,,0.31,,-0.1,,0.5,,,,-0.18,,,,,-0.43,0.31,,,,,,,,-0.17,-0.5,,,-0.27,,,,,,,,-0.37,-0.2,-0.08,0.12,-1.72
1069,136368,,,,,,,,,,,0.29,0.23,0.07,,,,,,,,,0.26,-0.08,,0.05,,0.26,,,,-0.22,,,0.3,0.26,,,,,,-0.39,0.46,,0.28,,,,,0.17,-0.22,,,0.3,,-0.22,,0.22,,,,0.61,-0.05,0.34,0.7,-0.06
1070,136377,,,,,,,,,,,0.49,0.07,0.6,,,,,,,,,,,,,0.0,,,,,-0.09,,,0.74,0.51,,,,,,0.47,0.63,,,,,,,0.48,0.47,,,0.17,,0.06,,-0.01,,,,0.39,0.24,0.78,0.9,0.54
1071,136379,,,,,,,0.03,,0.38,,0.14,-0.27,0.11,,,,0.12,,0.2,,0.02,0.2,-0.51,,,0.24,0.24,,0.26,,-0.18,,-0.38,-0.4,0.31,,,,,,-0.13,0.21,,0.3,,-0.67,,,0.26,-0.29,,,-0.22,,0.31,,0.02,-0.64,,,0.57,0.05,0.48,0.75,0.07
1072,136381,,,,0.12,,,,,,,0.42,-0.25,0.22,,,,-1.29,,,,,0.37,,,0.24,,0.21,,,,0.04,,-0.08,,-0.15,,,,,,-0.29,,,,,,,,,-0.15,,,-0.44,,0.06,,,0.41,,,0.46,0.41,0.88,0.76,0.5
1073,136382,,,,-0.02,,,,,,,-0.44,0.25,-0.06,,,,0.34,,,,,-0.4,0.05,,,,0.2,,0.16,-0.54,0.16,,,0.01,-0.14,,,,,,0.01,-0.54,,0.09,,,-0.07,,,0.07,,,-0.44,,0.07,,0.06,-0.61,,,0.16,0.45,0.44,0.19,0.32
1074,136383,,,,0.4,,,,-0.04,-0.36,,-0.19,,0.37,,,,,,,,,-0.32,,,,,-0.37,,,,,,,,-0.42,,,,,,-0.32,,,0.09,,,,,,,,,-0.15,,,,,,,,-0.52,-0.42,-0.35,-0.53,-0.05
1075,136386,,,,,,,,,,,0.08,-0.12,-0.25,,,,-0.24,,,,,,-0.39,,0.08,,-0.7,,,,-0.22,,,,0.21,,,,,,-0.22,0.33,,,,,,,-0.49,-0.48,,,-0.42,,0.01,,0.43,,,,-0.05,-0.44,-0.08,0.03,0.34
1076,136388,,,,,,,0.44,,0.12,,0.37,0.51,-0.13,,,,0.22,,-0.89,,,0.91,0.02,,0.34,,0.16,,,0.11,0.06,,,0.0,0.08,,,,,,0.0,,,,,,,,0.3,-0.58,,,0.4,,0.28,,0.27,-0.65,,,0.24,0.01,-0.3,0.49,0.54
1077,136390,,,,,,,-0.1,,,,0.16,0.41,0.18,,0.04,,-0.09,,0.27,,,-0.28,0.05,,-0.11,0.07,0.0,,,0.13,0.57,,,0.0,0.21,,,,,,-0.27,0.2,,,,,,,-0.55,-0.03,,,-0.01,,-0.36,,0.32,,,,0.25,0.84,0.62,0.49,-0.05
1078,136391,,,,,,,0.38,,,,-0.06,0.47,0.05,,0.61,,0.05,,0.57,,,-0.42,0.88,,0.14,,-0.31,-0.07,,,-0.05,,,-0.01,0.35,,,,,,0.33,0.82,,,,,,,,0.37,,,-0.23,,-0.4,,,,,,0.64,0.73,0.36,1.04,1.05
1079,136396,,,,,,,,,,,0.55,0.05,0.4,,,,0.73,,,,,,0.31,,-0.37,,0.03,,,-0.36,0.49,,,,0.15,,,,,,0.59,0.87,,,,,,,0.05,0.36,,,-0.25,,0.69,,0.35,,,,0.18,0.19,-0.08,0.44,-0.42
1080,136398,,,,,,,-0.23,,,,0.07,0.27,-0.01,,-0.28,,0.34,,,0.34,,0.27,-0.05,,,-0.17,0.06,,,-0.45,0.2,,,,-0.68,,,,,,-0.03,0.16,,,,0.29,,,0.41,0.36,,,-0.05,,0.13,,,,,,0.53,0.43,0.99,0.48,1.12
1081,136399,,,,,,,,,,-0.05,0.68,-0.45,0.28,,,,-0.62,,-0.09,,,-0.4,,,1.4,,0.2,,,,0.21,,,,0.65,,,,,,-0.03,,,,,,,,-0.46,0.31,,,0.44,,0.4,,0.12,,,,-0.34,-0.33,-0.06,0.25,-0.46
1082,136412,,,,0.09,,,,,,,0.1,,-0.29,,,,0.35,,,,,-0.42,-0.12,,,,-0.19,,,-0.38,0.2,,,-0.04,0.37,,,-0.13,,,0.08,0.63,,,,-0.12,,,0.95,0.1,,,0.33,,0.04,,,0.19,,,0.75,0.54,0.7,0.65,1.12
1083,136414,,,,,,,0.66,,-0.42,,0.16,0.04,0.0,,,,-0.56,,-0.07,,,,0.19,,0.36,,0.11,,,-0.12,0.2,,,-0.25,-0.29,,,,,,-0.91,-1.0,,,,,,,-0.09,-1.06,,,0.06,,,,0.44,,,,-0.16,0.44,-0.11,-0.03,0.78
1084,136415,,,,,,,-0.25,0.37,0.34,,-0.38,0.25,-0.57,,,,,,0.73,,,-0.31,,,,-0.65,-0.37,,-0.39,,-0.22,,,0.4,0.2,,,,,,-0.32,0.52,,,,0.2,,,-0.13,0.22,,,-0.63,,-0.16,,-0.16,,,,0.26,0.45,-0.01,1.3,1.27
1085,136418,0.44,,,,,,,,,,0.68,0.33,0.87,,,,0.74,,0.54,,,0.22,-0.35,,,,-0.24,,,,-0.26,,,-0.1,0.39,,,,,,0.28,,,,,,,,,0.02,,,0.38,,0.95,,0.8,,,,0.81,0.46,0.65,0.67,1.47
1086,136419,,,,,,,0.03,,,,0.09,-0.19,-0.13,,,,0.68,,,,,0.29,0.15,0.24,,,0.34,,,-0.49,0.13,,,0.06,0.03,,,,,,0.22,0.32,,,,,,,,0.16,,,,,-0.11,,,0.34,,,0.52,1.55,1.5,1.33,0.62
1087,136420,,,,,,,,,,,-0.1,0.26,-0.04,,,,0.13,,0.22,,,,0.1,,,,0.33,,,,-0.19,,,,0.39,,,,,,-0.15,-0.02,,,,,,,-0.68,0.12,,,-0.1,,,,,,,,0.8,0.8,0.91,0.91,0.11
1088,136443,,,,,,,0.31,,,,-0.12,-0.1,-0.07,,,,0.4,,0.26,,,-0.11,0.06,,,0.19,-0.51,,,0.24,-0.25,,,-0.24,-0.15,,,,,,0.08,-0.42,,,,,-0.57,,-0.3,-0.19,,,-0.21,,0.27,,,,,,0.57,0.79,0.93,0.26,-0.05
1089,136444,,,,,,,0.09,,,,0.18,-0.45,-0.18,,-0.02,,0.04,,0.43,,,-0.3,0.28,,0.39,,0.16,,,-0.18,-0.47,,,0.2,0.07,,,,,,-0.3,-0.91,,0.38,,,,,-0.24,-0.29,,,0.29,,-0.02,,0.5,0.03,,,0.81,0.35,0.6,1.09,0.48
1090,136448,,,,-0.75,,,,,,,-0.07,,-0.02,,-0.2,,-0.54,,,,,,-0.35,,,,0.09,,,0.58,0.19,,-0.01,,0.3,,,,,-0.32,-0.06,0.14,,,,,,,-0.77,-0.7,,,,,,,-0.53,,,,0.9,1.08,1.06,1.09,1.19
1091,136449,,,,,,,,,,,0.08,,-0.09,,0.21,,0.41,,,,,-0.15,0.08,,,,0.32,,,,-0.5,,-0.44,,0.29,,,,,0.63,0.07,0.18,,,,0.28,,,-0.59,0.11,,,,,,,,,,,0.51,0.99,1.06,0.88,0.66
1092,136450,,,,,,,-1.65,,,,,,,,,,,,,,,,,,,,-0.75,,,,,,,,,,,,-1.47,,,,,,,,,,,,,,-1.6,,,,,,,,0.05,-0.34,-0.06,-0.5,0.24
1093,136454,,,,-0.08,,,,,,,-0.55,-0.58,-0.72,,,,,,,,,,-0.3,,,,-0.47,,-0.98,,0.09,,,-0.06,-0.13,,,,,,-0.39,-0.02,,-0.29,,,,,,-0.32,,,-0.45,,-0.07,,0.03,,,,0.19,0.33,-0.07,0.15,0.16
1094,136455,,,,,,,-0.28,,,,0.05,0.38,0.38,,,,-0.02,,0.31,,,,0.33,,0.17,,0.25,,,0.19,-0.02,,,0.35,-0.18,,,,,0.05,-0.35,,,-0.05,,,,,0.26,0.5,,,0.09,,,,0.17,0.15,,,0.83,0.23,0.48,0.88,1.35
1095,136456,,,,,,,1.18,0.57,0.05,0.75,0.25,,-0.03,,,,,,,,,,,,,,-0.7,,,,-0.08,,,,-0.26,,,,1.14,,,,,-0.03,,,,,0.28,,,,0.15,,-0.47,,0.26,,,,0.25,-0.05,0.05,0.36,-0.26
1096,136458,,,,,,,,,,,-0.09,0.23,0.11,,,,-0.11,,0.82,,,,0.06,,-0.56,,0.59,,,0.22,-0.15,-0.13,,0.04,0.4,,,,,-0.4,0.04,-0.5,,,,0.1,,,0.1,-0.12,,,,,,,,0.28,,,0.91,1.29,1.6,1.28,1.12
1097,136459,,,,,,,,,,,-0.29,-0.12,0.08,,,,,,-0.59,,,,-0.65,,,,-0.38,,,,0.21,,,-0.37,-0.19,,,,0.34,,0.19,,,0.24,,,,,-0.27,0.12,,,-0.27,,,,-0.04,,,,-0.48,-0.48,-0.25,-0.58,-0.97
1098,136460,,,,,,,-0.86,,,,-0.12,0.55,-0.28,,,,0.26,,,,,,0.13,,,,-0.69,,,-0.31,0.0,,,-0.52,-0.33,,,,,,-0.83,-0.75,,,,,,,,-0.2,,,-0.31,,,,-0.17,-0.17,,,0.65,0.35,0.76,0.95,0.32
1099,136462,,,,,-0.36,,1.01,,1.03,,0.28,0.34,0.26,,,,-0.1,,,,,,-0.08,,-0.34,,,,,,-0.05,,,,-0.06,,,,-0.12,,0.43,,,,,,,,,-0.3,,,-0.31,,,,-0.53,,,,0.23,0.26,-0.11,0.18,-0.3
1100,136463,,,,0.65,,,,0.16,0.84,,0.23,0.21,0.28,,,,0.31,,,,,0.23,0.32,,0.09,,-0.53,,-0.06,,-0.1,,,-0.48,-0.11,,,,,,0.3,-1.02,,,,,,,0.07,0.54,,,0.14,,0.37,,0.26,-0.01,,,0.04,0.45,0.6,0.91,0.23
1101,136464,,,,,,,,,-0.82,,-0.48,,-0.68,,,,,,,,,,0.31,,,,0.33,,,,,,,,,,,,,,-0.17,,,-0.37,,,,,,,,,-0.18,,,,0.19,,,,-0.11,-0.41,-0.28,-0.85,-0.52
1102,136465,,,,,,,0.63,0.2,0.21,,,-0.14,,,,,,,,,,,,,,,0.33,,,,,,,,0.25,,,,0.7,,-1.34,,,0.36,,,,,,,,,0.8,,1.3,,0.34,,,,-1.27,-0.88,-1.31,-1.21,-1.48
1103,136466,,,,,,,,,,,-0.21,-0.24,,,,,,,,,,,-0.29,,,,-0.52,,,,-0.25,,,-0.76,-0.24,,,,,,0.81,,,-0.07,,,,,,,,,-0.36,,,,-0.1,,,,-0.41,-0.68,-0.88,0.16,-0.73
1104,136467,,,,,,,,,,,-0.85,-0.78,-0.51,,,,,,,,,,-0.95,,-0.14,,-0.34,,,,-0.07,,,-0.13,-0.44,,,,,,-1.23,,,,,,,,,,,,-0.51,,-0.4,,0.31,,,,0.37,0.12,0.22,0.25,-0.15
1105,136468,,,,,,,0.44,,,,0.35,-0.45,0.4,,,,0.22,,0.12,,,,-0.53,,,-0.27,-0.12,,,,0.23,,,,-0.14,,,,,,0.09,0.32,,-0.14,,,,,-0.43,0.31,,,-0.02,,0.42,,-0.07,,,,-0.01,0.6,0.66,0.27,-0.14
1106,136469,,,,,,,-0.05,,,,-0.41,-0.34,0.25,,0.07,,1.07,,1.1,,,-0.36,0.07,,0.21,,-0.06,,-0.11,,-0.09,,,-0.16,-0.1,,,,-0.53,,0.09,,,,,,,,-0.24,-0.31,,,0.16,,,,-0.45,,,,0.19,0.53,0.33,0.33,-0.24
1107,136470,1.15,,,,,,0.22,0.28,0.92,,0.05,0.28,-0.12,,,,0.57,,-0.12,,0.18,0.76,0.27,,0.24,,0.86,,0.24,,-0.04,,,0.12,-0.49,,,,-0.09,-0.38,-0.09,0.76,,,,,,,0.57,0.16,,,-0.06,,,,-0.09,,,,0.2,0.08,0.14,-0.21,0.18
1108,136474,,,,,,,0.45,,0.9,-0.16,0.25,0.28,0.3,,,,0.86,,0.55,,,-0.14,-0.15,,,,-0.24,-0.48,,0.01,0.31,,,-0.29,0.03,,,,,,0.12,0.52,,,,0.2,,,0.29,0.56,,,0.09,,0.07,-0.13,,-0.27,,,0.42,0.83,1.09,0.63,0.46
1109,136481,,,,-0.74,,,-4.46,,-0.98,-0.46,0.29,0.1,0.51,,,,-0.1,,0.59,,,,0.05,,,,0.43,,,,0.69,,,0.13,0.18,,,,0.12,,0.42,-0.64,,,,,,,0.57,0.24,,,0.28,,0.18,,-0.05,,,,0.42,0.31,0.11,0.83,-0.53
1110,136483,,,,,,,,,,,-0.06,0.21,0.48,,,,,,-0.33,,,,-0.04,,-0.4,,0.53,,0.35,,0.32,,,,-0.47,,,,,,0.03,,,,,,,,,-0.16,,,-0.84,,,,-0.17,,,,-0.1,0.07,0.3,-0.21,0.49
1111,136484,,,,,,,,,,,0.18,-0.31,-0.21,,,,0.16,,0.21,,,,0.02,,,,0.21,,,,0.09,,,0.11,0.18,,,,,,0.39,0.12,,,,0.9,,,,0.49,,,-0.81,,,,,0.64,,,0.75,1.59,1.25,1.2,0.57
1112,136488,,,,,,,-0.63,,-0.47,,0.03,-0.19,0.47,,,,,,0.35,,,0.27,0.28,,,0.4,,,,,-0.22,,,,0.14,,,,,-0.51,0.24,0.52,,-0.12,,,,,0.25,0.39,,,0.07,,,,-0.04,,,,0.06,0.29,0.69,0.22,0.23
1113,136489,,,,,,,-0.2,,,,0.31,-0.15,-0.86,,,,,,,,,,0.11,,,0.42,0.07,,,,0.11,,,,0.36,,,,,,0.35,,,0.16,,,,,-0.26,0.3,,,0.25,,,,0.27,,,,-0.19,-0.2,0.02,0.22,-0.17
1114,136490,,,,0.27,,,-0.2,,,,-0.2,-0.15,-0.7,,,,-0.47,-0.45,,,,0.06,-0.48,,,0.34,0.02,,,0.69,0.17,,,0.02,0.03,,,,0.62,,-0.4,-0.14,,,,,,,,-1.03,,,-0.05,,0.41,,0.29,-0.3,,,0.92,0.59,0.63,1.18,0.68
1115,136491,,,,,,,,,0.65,,,-0.27,,,,,,,,,,,,,,,-0.4,,,,0.28,,,,-0.24,,,,,,0.2,,,0.54,,,,,,,,,,,,,-0.35,,,,-0.09,-0.68,-0.61,-0.19,0.08
1116,136494,,,,,,,,,,,-0.05,,,,,,,,,,,,,,,-0.02,,,,,,,,-0.78,,,,,,,,,,,,,,,,,,,-0.19,,,,,,,,-0.44,-0.35,-0.25,-0.38,-1.22
1117,136495,,,,,,,,,,,,,,,,,-0.78,,,,,,,,,,,,,,,,,,,,,,,,0.48,,,,,,,,,,,,,,,,,,,,-0.19,-0.37,-0.62,-0.39,-0.63
1118,136496,,-0.38,,,,,,,,,0.1,-0.24,-0.26,,,,0.66,,,,,,-0.23,,,,-0.02,,,,-0.12,,,-0.64,-0.81,,,,,,-0.26,-0.29,,,,,,,0.3,0.31,,,-0.82,,-0.53,,,-0.95,,,0.02,0.52,0.42,0.09,0.61
1119,136497,,,,-0.18,,,,0.35,0.55,,-0.06,0.41,0.44,,,,0.75,,-0.43,,,0.03,0.58,,0.01,,0.11,,,0.33,0.26,,-0.14,-0.13,-0.01,,,,,,0.7,0.59,,0.22,,,,,,0.76,,,-0.04,,0.43,,0.3,-0.11,,,0.27,0.35,0.42,1.09,0.26
1120,136498,,,,,,,0.13,,,,0.0,1.01,-0.22,,,,,,0.23,,,,0.6,,0.39,,-0.1,,,,0.32,,,-0.11,0.49,,,,,,0.02,0.08,,,,,,,-0.08,-0.24,,,0.29,,0.34,,-0.17,-0.17,,,0.65,0.3,0.93,0.93,0.49
1121,136500,,,,,,,,,,,-0.27,0.21,0.26,,0.4,,,,,,,,-0.19,,,,0.13,,,-0.34,0.02,,-0.25,-0.11,-0.01,,,,,,0.22,0.28,,,,,,,0.03,0.47,,,0.47,,0.01,,,0.06,,,0.26,0.68,0.92,1.05,0.02
1122,136501,,,,,,,-0.16,,,,-0.02,0.46,-0.19,,,,0.67,,0.31,,,,0.23,,,,0.01,,-0.19,-0.22,0.02,,,-0.22,-0.44,,,,,,0.61,0.06,,,,,,,-0.17,0.18,,,-0.08,,-0.33,,0.12,,,,-0.17,0.12,0.35,0.51,0.36
1123,136505,,,,,,,0.84,,,0.42,0.48,0.39,0.28,,,,0.35,,,,,0.02,0.42,,,,0.7,,,-0.35,0.13,,,0.05,0.03,,,,,,0.28,-0.09,,,,,,,,0.32,,,0.35,,0.61,,0.06,-0.59,,,0.0,0.4,0.5,0.4,0.04
1124,136506,,,,,,,0.17,,,,0.03,0.22,-0.28,,,,,,,,,,0.53,,,,-0.53,,,,0.3,,0.24,0.19,-0.03,,,,,,-0.07,,,0.8,,,,,,-0.45,,,0.25,,0.62,,0.05,,,,0.39,0.04,0.41,0.54,0.36
1125,136509,,,,-0.53,-0.87,,,,,,-0.03,0.11,-0.06,,,,0.02,,,,,0.19,-0.06,,,,-0.3,,0.19,,-0.16,,,-0.41,0.27,,,,,0.19,0.02,0.07,,,,,,,,-0.59,,,-0.02,,,,0.13,,,,,,,,
1126,136515,,,,,,,-0.31,,-0.23,,0.3,-0.03,0.51,,,,-0.8,,,,,0.1,0.12,,,-0.41,0.05,,,,-0.12,,,-0.6,-0.33,,,,,,-0.19,0.04,,-0.47,,,0.62,,0.23,0.65,,,-0.26,,0.4,,-0.15,,,,-0.45,0.34,0.01,-0.21,-1.15
1127,136516,,,,,,,,,,,-0.1,,-0.56,,,,,,,,,,0.19,,,,0.01,,,-0.86,0.32,,0.5,0.5,0.19,,,,,,-0.28,,,,,,,,,-0.54,,,0.38,,-0.03,,,,,,0.47,0.69,0.37,0.77,0.67
1128,136517,,,,-0.24,,,,,,,0.2,-0.07,-0.38,,,,0.08,,-0.01,,,-0.01,-0.12,,,0.19,-0.24,,0.13,,0.54,,,-0.72,-0.11,,,,,,-0.16,0.49,,0.2,,,,,0.26,0.07,,,0.13,,-0.13,,0.2,,,,-0.33,-0.06,-0.17,-0.06,-0.85
1129,136519,,,,,,,,,-0.32,,-0.32,-0.26,0.67,,-0.37,,0.63,,,,,-1.26,-0.53,,0.15,,-0.11,,,,0.27,,,-0.13,0.24,,,,0.07,-0.52,0.19,,,0.46,,,,,-0.7,0.57,,,0.26,,,,0.46,-1.29,,,-0.11,-0.24,-0.01,-0.01,0.99
1130,136521,,,,,,,,,,,0.24,,0.4,,,,-0.92,,,,,,0.25,,0.59,,-0.08,,,,-0.25,,,,-0.42,,,,,,0.37,0.01,,,,,,,,0.41,,,0.05,,,,-0.13,,,,0.83,0.72,0.83,0.52,0.6
1131,136522,,,,,,,,,,,-0.42,0.13,-0.54,,,,-0.4,,,,,,0.12,,,0.74,0.62,,,,,,,,0.14,,,,,,-0.41,-0.77,,,,,,,,-0.55,,,-0.37,,0.1,,-0.33,,,,0.66,0.72,0.62,0.2,-0.5
1132,136524,,,,,,,,,,,0.19,,0.49,,,,-0.04,,-0.1,,,,,,,0.02,-0.11,,,,0.47,,,,-0.48,,,,,,0.38,0.5,,,,,,,,0.85,,,0.01,,,,-0.46,,,,-0.27,-0.41,-0.26,-0.05,1.4
1133,136526,,,,,,,0.33,,,,-0.29,,,,,,,,,,,,-0.77,,,0.2,,,,,-0.25,,,,-0.63,,,,,,-0.14,-0.02,,,,,,,,-0.51,,,-0.83,,-0.73,,-0.63,,,,-0.1,-0.05,0.05,0.04,-0.1
1134,136533,,,,,,,,,,,-0.03,,0.02,,,,0.48,,,,,,,,0.23,,0.33,,-0.45,,0.17,,,,,,,,,,-0.26,,,0.05,,,,,0.47,0.06,,,0.14,,,,-0.23,,,,0.3,0.03,0.13,-0.34,0.06
1135,136534,,,,,,,-0.22,,,,0.36,0.06,-0.12,,,,-0.27,,-1.12,,,0.03,-0.3,,,,0.6,,,,-0.29,,,-0.5,0.33,,,,0.23,,0.19,-0.16,,0.08,,,,,0.18,0.15,,,-0.03,,,,0.15,-0.71,,,0.27,0.79,0.85,0.13,-0.5
1136,136538,,,,,,,,,,,-0.42,,0.32,,,,,,,,,,,,,,0.01,,,,,,,,,,,,,,0.65,,,,,,,,,,,,-0.65,,0.59,,-0.52,,,,-0.41,-0.41,-0.69,-0.88,-0.36
1137,136540,,,,,,,-0.41,-0.46,,,0.22,0.31,0.71,,,,-0.61,,,,,,-0.02,,,,-0.19,,,,-0.06,,,-0.51,-0.57,,,,,,-0.27,,,,,,,,,-0.63,,,0.64,,,,0.26,,,,0.14,0.13,-0.06,-0.11,0.4
1138,136543,,,,,,,,,,,0.17,,-0.41,,,,,,0.06,,,,,,,-0.37,,,,,-0.18,,,,-0.27,,,,,,-1.06,,,,,,,,,-0.95,,,-0.15,,-0.39,,,,,,0.31,0.01,0.22,0.29,1.58
1139,136545,,,,-0.52,,,,,0.38,,-0.14,-0.6,-0.12,,,,0.18,,,,,0.11,,,,,0.4,,0.4,,-0.53,,,-0.52,0.05,,,,,,-0.53,,,,,,,,-0.02,,,,-0.47,,,,-0.19,,,,-0.45,-0.4,-0.42,-0.53,0.62
1140,136548,,,,,,,,,-0.45,-0.16,-0.19,-0.24,0.14,,,,0.39,,,,-0.82,-0.25,0.41,,-0.26,,0.07,,,,0.25,,,0.71,0.04,,,,,,-0.12,,,,,,,,0.13,0.47,,,-0.53,,,,-0.1,,,,0.41,0.19,-0.16,0.57,0.66
1141,136551,,,,,,,-0.3,,,,0.01,,-0.35,,0.23,,-0.22,,,,,,0.29,,,,0.32,,,0.46,0.24,,,0.47,0.06,,,,,,0.06,-0.62,,,,,,,,-0.27,,,0.3,,0.5,,,0.39,,,0.99,1.04,1.13,0.62,1.1
1142,136554,,,,-0.09,,,,,,,0.61,0.76,0.5,,,,0.13,,,,,0.05,0.23,,,0.17,0.43,,,0.28,0.53,,,0.67,0.61,,,,,,0.21,0.23,,,,1.17,,,0.61,0.01,,,0.42,,0.13,,0.24,0.83,,,0.65,0.77,1.04,1.29,1.19
1143,136555,,,,,,,,,,,-0.6,-0.22,-0.06,,,,-0.32,,,,,,-0.67,,,,0.31,,-0.37,,-0.43,,,0.05,0.04,,,,,,-0.22,,,,,,,,,0.46,,,0.22,,,,-0.12,,,,0.18,-0.07,-0.18,-0.07,-0.31
1144,136556,,,,,,,,,0.64,,,,,,,,,,,,,,,,,,,,,,-0.35,,,,-0.37,,,,,,,,,,,,,,,,,,-0.85,,-0.82,,-0.62,,,,-0.41,-0.45,-0.31,-0.09,-1.48
1145,136557,,,,-0.54,,,,,,,0.31,-0.08,0.73,,,,,,0.42,,,1.27,,,,,-0.34,,,,-0.55,,,,-0.22,,,,,,0.37,,,0.28,,,,,-0.27,-0.48,,,-0.2,,0.4,,0.27,-0.54,,,-0.28,-0.05,0.11,0.39,0.47
1146,136558,,,,-0.56,,,,,,,-0.06,,-0.9,,,,1.71,,,,,,,,,,-0.06,,,,0.08,,,,,,,,,,0.39,,,,,,,,,,,,0.53,,,,,,,,0.24,0.21,0.04,0.14,1.37
1147,136559,,,,,,,,-1.75,,,0.17,,0.08,,-0.85,,0.09,,0.0,,,0.45,0.01,,,-0.79,-0.37,,-0.06,-0.97,-0.28,,,0.25,-0.14,,,,-0.11,,0.05,0.82,,,,,,,-0.23,-0.08,,,-0.07,,-0.47,,-0.15,,,,-0.04,0.3,0.01,0.28,-0.14
1148,136568,,,,-0.68,,,,,,,-0.14,,0.17,,,,-0.04,,,,,0.48,,,,0.31,-0.15,,,,0.41,,,,-0.19,,,,,,-0.7,,,,,,,,,-0.03,,,0.72,,0.29,,0.19,,,,-0.07,-0.08,0.19,0.13,0.22
1149,136569,,,,,,,,0.06,0.53,,0.46,0.33,0.61,,,,,,-0.58,,,,,,,,,,,,-0.46,,,,,,,,,,0.72,0.24,,,,,,,,0.49,,,-0.41,,,,-0.79,,,,0.19,0.04,0.17,0.2,-0.33
1150,136570,,,,-0.1,,,,,,,0.72,,0.1,,,,0.34,,0.14,,,,0.42,,0.41,,0.33,0.17,0.26,,0.0,,,0.21,-0.12,,,,,,0.48,0.34,,,,,,,0.19,-0.07,,,0.66,,,,-0.28,,,,0.07,0.05,-0.11,0.63,0.03
1151,136574,,,,-0.24,,,,,,,-0.9,-0.18,,,,,-1.49,,,,,,,,-0.15,,-0.24,,,,-0.72,,,-0.03,-1.27,,,,,,-1.01,,,-0.36,,,,,,-1.67,,,-1.28,,-0.31,,-0.54,,,,0.0,0.12,0.09,0.06,-0.22
1152,136575,,,,,,,,,,,-0.64,,,,,,,,,,,,,,-0.1,,,,,,0.55,,,,-0.52,,,,,,-0.91,,,,,,,,,-0.88,,,-0.49,,,,-0.63,,,,-0.28,-0.45,-0.21,-0.29,-0.44
1153,136577,,,,,,,,,0.22,,-0.01,0.24,0.27,,,,,,0.09,,-0.49,0.44,0.02,,0.4,,0.03,,0.85,-0.54,0.36,,,,0.56,,,,0.66,,0.08,,,0.65,,,,,-0.45,0.81,,,-0.13,,0.2,,0.31,,,,0.03,0.1,0.11,0.0,-0.58
1154,136578,,,,,,,0.84,,,,0.07,-0.16,0.35,,,,0.28,,,,,,0.05,,,,-0.4,,,,0.12,,,-0.05,-0.4,,,,,,-0.01,0.16,,,,,,,-0.53,0.22,,,-0.08,,,,0.25,-0.06,,,0.0,0.43,1.33,1.03,1.2
1155,136579,,,,,,,,,,,-0.59,0.45,-0.5,,,,,,,,,,-0.26,,1.09,,,,,,,,,,-0.17,,,,,,0.3,-0.13,,,,,,,,0.21,,,0.29,,,,0.27,,,,-0.51,-0.42,-0.96,-0.74,-0.37
1156,136581,,,,-0.45,,,,0.39,-0.66,,,,,,,,-0.28,,,,,,,,,,-0.6,,,,-0.24,,,-0.46,-0.43,,,,,,,,,,,,,,,,,,-1.16,,-1.15,,,,,,-0.49,-0.55,-0.63,-0.7,-1.6
1157,136582,,,,0.39,,,,,1.05,,0.23,-0.19,0.06,,0.46,,0.79,,0.51,0.24,,,0.54,,,,0.15,,0.65,,0.59,,,0.0,0.19,,,,,,0.01,0.14,,,,,,,1.36,0.27,,,0.25,,0.28,,,,,,0.66,0.48,0.95,0.97,0.5
1158,136583,,,,,,,,,,,,,,,,,,,,,,,,,,,0.18,,,,,,,,,,,,,,,,,,,,,,,,,,-0.2,,,,0.43,,,,-0.05,-0.34,-0.39,-0.32,-0.72
1159,136586,,,,,,,-0.73,-1.02,0.02,,-0.12,-0.03,0.14,,,,-0.18,,-0.04,,,-0.08,0.06,,-0.88,,-0.17,,-0.42,-0.31,0.19,,,-0.51,-0.02,,,,,,-0.19,-0.09,,0.08,,0.48,0.53,,0.63,-0.22,,,-0.36,,0.65,,0.27,,,,0.14,0.58,0.3,0.26,0.84
1160,136587,,,,,,,-1.2,,-1.24,,-0.06,-0.2,0.46,,,,,,,,,,-0.03,,,-0.84,-1.07,,,0.09,-0.5,,,,-0.28,,,,-0.23,,-0.24,,,-0.19,,,,,-0.91,-0.2,,,0.17,,,,-0.63,,,,-0.07,-0.05,0.06,0.17,0.03
1161,136588,,,,,,,,,,,-0.43,0.01,-0.51,,,,,,,,,0.34,,,,,0.41,,,,-0.29,,,,0.4,,,,,,-0.64,,,,,,,,,-0.69,,,0.15,,-0.18,,,0.01,,,1.13,0.47,0.56,0.45,0.61
1162,136590,,,,,,,-0.55,,-0.46,-0.78,0.22,-0.51,0.19,,,,-0.34,,,,,,,,,0.46,0.37,,,-0.05,-0.07,,,-0.5,0.02,,,,,,-0.15,,,-0.21,,,,,0.38,0.01,,,0.1,,-0.04,,0.23,,,,0.85,0.24,0.6,0.56,0.63
1163,136592,,,,,,,,,-0.95,,-0.14,-0.25,-0.13,,,,0.06,,,,,,,,,,,,,,,,,0.59,0.49,,,,,,-0.13,,,-0.15,,,,,,,,,-0.49,,1.34,,0.83,,,,0.87,0.54,0.39,0.65,-0.04
1164,136594,,,,,,,,,,,0.1,0.26,0.15,,,,0.48,,-0.26,,,,0.41,,,-0.85,,,,,-0.16,,,-0.19,-0.35,,,,0.16,,0.46,,,0.02,,,,,0.21,0.3,,,0.1,,,,0.29,,,,0.23,0.6,0.2,-0.31,-1.49
1165,136595,,,,,,,-1.48,,,,0.04,-0.42,-0.31,,,,0.68,,,,,0.11,-0.98,,-0.28,,0.01,,,0.46,0.11,,,-0.19,-0.01,,,-1.11,,,-0.09,-0.33,,,,-0.8,,,,-0.18,,,-0.42,,-0.2,,0.06,,,,0.4,0.57,1.08,0.93,0.56
1166,136600,,,,,,,0.82,,,,-0.09,0.19,-0.61,,,,0.08,,-0.27,,,0.52,-0.03,,,,-0.14,,,0.38,-0.51,,-0.05,-0.66,-0.09,,,,,,-0.18,-0.18,,-0.31,,,,,0.37,-0.08,,,-0.07,,-0.05,,-0.19,0.1,,,0.26,0.31,0.36,0.66,-0.26
1167,136603,,,,,,,0.67,,0.8,,0.46,,0.29,,,,-0.21,,-0.15,,,,,,-0.04,,-0.17,,,0.07,0.18,,0.02,,0.51,,,,,0.59,0.22,-0.32,,0.62,,,,,0.91,0.47,,,0.68,,0.38,,,,,,0.42,0.69,0.78,0.73,0.18
1168,136604,,,,,,,-0.47,,,-0.61,-0.4,,-0.87,,,,,,,,,,,,-0.2,,,,,,-0.72,,,,0.62,,,,-0.43,,-0.26,,,-0.09,,,,,,,,,-0.88,,-0.06,,,,,,0.07,-0.49,-0.42,0.0,-0.01
1169,136605,,,,,,,0.07,,,,,,,,,,,,-0.5,,,0.07,,,,,-0.15,,,,0.21,,,,0.2,,,,0.55,,-0.63,,,0.63,,,,,,,,,-0.05,,,,,,,,-0.54,-0.16,-0.65,-0.24,-0.17
1170,136606,,,,,,,0.23,,0.95,,0.08,0.19,-0.37,,,,0.57,,,,,0.17,-0.04,,,,0.3,,,-0.35,0.24,,,-0.48,0.13,,,,,,0.07,-0.32,,,,,,,0.14,-0.07,,,-0.1,,-0.48,,0.32,,,,0.33,0.35,0.18,0.2,0.21
1171,136608,,,,,,,,,,,0.26,0.04,0.45,,,,-0.2,,,,,,-0.41,,,0.0,0.18,,0.04,,0.36,,,0.32,0.1,,,,-0.7,,0.25,,,0.37,,0.79,,,,0.6,,,-0.35,,-0.18,,0.38,-0.09,,,-0.36,-0.22,-0.01,-0.33,0.2
1172,136609,,,,,,,-0.63,,-0.25,,-0.25,-0.13,0.02,,,,0.31,,0.03,,,-0.28,0.29,,0.45,,0.37,,,,-0.19,,,0.75,0.74,,,,,,0.34,0.62,,0.43,,,-0.2,,0.54,0.5,,,0.51,,0.31,,0.88,0.15,,,0.92,1.07,1.11,1.66,0.71
1173,136611,,,,,,,-0.71,,,,0.22,0.67,-0.09,,,,,,,,,,0.49,,,,-0.58,,-0.43,,-0.66,,,0.02,-0.09,,,,,,-0.53,,,0.03,,,,,-0.23,-0.28,,,0.04,,,,-0.37,,,,0.02,-0.03,0.29,0.35,0.33
1174,136612,,,,,,,,,-0.47,,0.16,-0.06,0.12,,,,-0.65,,,,,,,,0.3,,0.35,,,,-0.19,,,,-0.32,,,,,0.58,-0.58,,,-0.06,,,,,-0.03,-0.24,,,0.22,,,,0.28,,,,-0.46,-0.47,-0.2,-0.46,-0.75
1175,136615,,,,,,,0.35,,,,0.09,,-0.04,,,,0.18,,,,,,-0.31,,,,-0.05,,,0.55,0.45,,,,-0.02,,,,,,-0.1,-0.51,,,,,,,,-0.07,,,-0.09,,-0.31,,,,,,1.14,0.85,1.03,0.81,1.46
1176,136616,0.07,,,,,,,,,,-0.2,0.07,0.64,,,,0.61,,-0.11,,,,,,-0.36,,-0.17,,,,-0.63,,,,-0.43,,,,,,0.22,,,0.2,,,,,,,,,0.27,,0.11,,0.07,,,,-0.26,0.05,0.09,-0.18,0.65
1177,136617,,,,,,,,,,,-0.32,,-0.2,,,,-0.05,,,,,,,,0.51,,-0.47,,,,0.5,,,0.41,0.44,,,,,,0.0,-0.35,,0.42,,,,,,0.04,,,0.26,,-0.25,,0.38,,,,0.13,0.24,0.13,0.64,-0.19
1178,136618,,,,,,,,0.45,,,-0.09,-0.17,-0.03,,,,,,,,,,0.3,,,,-0.08,,,,-0.11,,,,0.32,,,,-0.76,,-0.39,,,,,,,,-0.01,-1.23,,,0.14,,0.06,,0.25,,,,0.06,0.14,-0.03,0.09,0.0
1179,136620,,,,,,,,,0.23,,-0.45,,-0.37,,,,-0.49,,-1.32,,,,,,,,0.02,,,,-0.45,,,,-0.41,,,,,,-0.2,,,,,,,,,,,,-0.65,,,,-0.67,,,,-0.87,-0.84,-1.03,-1.04,-0.46
1180,136621,,,,,,,,,,,-0.01,,-0.01,,,,0.47,,,,,,0.01,,,,,,,-0.05,-0.08,,,-0.26,0.12,,,,,-0.64,0.17,-0.21,,,,,,,,0.21,,,,,,,,,,,0.9,1.26,1.36,1.34,1.52
1181,136622,,,,,,,0.08,,0.37,,0.25,0.3,0.23,,,,0.19,,-0.08,,,0.01,0.23,,-0.08,,0.25,,,-0.02,0.19,,,,0.1,,,,,,0.07,0.44,0.38,,,,,,-0.15,-0.23,,,-0.19,,-0.34,,,0.08,,,0.29,0.69,0.7,0.39,0.57
1182,136623,,,,,-0.8,,-1.02,,-0.21,,-0.44,-0.03,-0.32,,,,-0.02,,,,,,,,,,0.1,,-0.41,-1.17,-0.59,,,0.28,0.72,,,,,,-0.35,,,,,,,,-0.09,0.47,,,-0.11,,,,0.04,,,,-0.1,-0.14,-0.06,-0.12,-0.08
1183,136624,,,,,,,,,-0.97,,,,0.9,,,,,,,,,,,,,,-1.13,,,,-0.71,,,,-0.68,,,,,,-0.77,,,,,,,,,,,,-0.29,,-0.39,,-0.48,,,,-0.35,-0.16,0.42,-0.04,0.22
1184,136625,,,,-0.44,,,-0.54,,,,-0.34,0.25,-0.29,,,,0.81,,,,,,0.1,,,-0.03,-0.13,,,-0.68,-0.34,,,0.23,0.25,,,,,,0.17,-0.01,,-0.13,,,,,,0.11,,,-0.18,,0.62,,-0.42,,,,0.34,0.46,0.5,0.12,-0.58
1185,136626,,,,,,,,,,,0.32,,,,,,,,,,,,,,,,-0.29,,,,,,,,-1.03,,,,,,-0.74,,,,,,,,,,,,0.09,,,,0.57,,,,-0.12,-0.22,-0.05,-0.35,0.57
1186,136628,,,,,,,0.73,0.32,1.15,,0.34,0.58,0.38,,,,0.55,,-0.29,,,,0.16,,0.85,,-0.15,,,0.0,0.02,,,0.25,0.0,,,,0.61,,0.42,0.69,,0.71,,,,,0.9,0.01,,,0.88,,0.11,,0.27,,,,0.36,0.8,1.02,0.25,-0.29
1187,136631,,,,,,,,,,,0.31,0.42,0.0,,,,,,,,,,0.3,,,-0.2,0.17,,,,,,,0.31,0.75,,,,,,0.08,,,-0.18,,,,,,,,,0.75,,0.27,,0.23,,,,0.91,0.26,0.44,0.32,0.73
1188,136632,,,,,,,-0.19,,,,0.09,0.91,1.02,,,,0.61,,0.51,-0.06,,-0.81,0.42,,0.18,,-0.24,,,,0.49,,,0.14,0.83,,,,,,0.39,,,0.86,,,-0.03,,-0.18,-0.01,,,0.09,,,,-0.14,,,,-0.11,0.12,-0.02,-0.11,-0.18
1189,136637,,,,-0.16,,,0.82,,0.29,,-0.04,0.16,0.09,,,,0.18,,0.19,,,-0.84,0.35,,-0.64,,-0.05,,0.06,,0.27,,,,-0.15,,,,-0.24,,0.16,0.16,,,,,,,-0.2,0.28,,,0.33,,,,0.31,-0.24,,,0.36,0.58,0.77,0.44,-0.01
1190,136638,,,,,,,,,,,0.35,,0.48,,,,,,,,,,,,,,,,,,,,,,,,,,,,,,,,,,,,,,,,,,,,,,,,0.06,-0.01,-0.01,0.15,-0.02
1191,136642,,,,,,,0.35,,,,0.14,,0.17,,,,-0.01,,-1.27,,,,-0.09,,,,-0.07,,,-0.04,-0.38,-0.01,-0.19,-0.15,0.25,,,,,-0.45,0.14,-0.02,,,,,,,0.72,-0.14,,,,,,,,,,,0.67,1.06,1.11,1.12,1.75
1192,136643,,,,,,,,,,,0.25,0.24,0.14,,,,0.5,,,,,,0.66,,0.56,,0.6,,,0.43,0.04,,,0.34,0.48,,,,0.74,,0.44,,,0.99,,,,,,0.37,,,0.67,,-0.12,,,,,,0.56,0.39,0.4,0.45,0.01
1193,136644,,,,0.73,,,,,,,0.44,0.23,0.16,,,,0.79,,,,,-0.01,0.02,,,0.33,0.09,,0.03,0.02,0.2,,0.75,-0.21,0.0,,,,,,0.49,1.0,,0.27,,,,,0.77,0.29,,,0.2,,0.56,,0.31,-0.03,,,-0.02,-0.07,-0.09,0.04,0.02
1194,136645,,,,,,,-0.71,,,,0.28,0.24,-0.61,,,,-0.25,,-0.29,,,-0.51,0.13,,0.2,,-0.13,,,-0.1,-0.04,,,0.41,0.35,,,,,,-0.2,-0.08,,0.61,,,,,,-0.4,,,-0.11,,0.61,,-0.11,,,,0.11,0.18,0.16,0.55,0.09
1195,136646,,,,,,,,,,,-0.36,,-1.04,,,,,,,,,0.62,,,,,,,,,-0.21,,,,,,,,-0.67,,-0.18,-1.38,,,,,,,-0.19,-0.37,,,-0.34,,-0.49,,-0.74,,,,0.11,0.37,0.15,0.25,0.74
1196,136647,,,,-0.07,,,,,0.27,,0.13,-0.04,0.19,,,,0.42,,,,,0.09,0.0,,0.12,,-0.71,,,,0.24,,,,-0.39,,,,-0.55,,0.3,0.36,,,,0.39,0.36,,0.29,0.37,,,-0.26,,,,-0.42,,,,0.03,0.17,0.26,0.21,-0.19
1197,136649,,,,,,,0.25,,-0.26,,-0.25,-0.13,-0.15,,,,-0.57,,0.16,,0.22,,0.16,,,-0.08,-0.2,,,,-0.16,,,-0.03,0.77,,,,,,0.19,0.28,,-0.27,,,,,0.02,0.04,,,0.39,,0.06,,0.26,-0.79,,,0.14,0.16,0.06,0.17,-0.46
1198,136652,,,,,,,,,,,,-0.4,-0.21,,,,,,,,,0.28,,,,,-0.61,,,,-0.04,,,,0.39,,,,0.2,,,,,,,,,,,,,,-0.29,,,,,,,,-0.85,-1.04,-0.75,-0.82,-0.36
1199,136655,,,,,,,,,0.46,,0.74,0.75,,,,,,0.52,,,,,0.11,,,,,,,,,,,,0.39,,,,0.14,,0.67,0.66,,,,,,,,0.56,,,0.05,,,,0.14,,,,-0.48,-0.22,-0.54,-0.12,-1.57
1200,136656,,,,0.0,,,,,,,0.01,-0.08,0.19,,,,0.3,,0.09,,,,-0.05,,,,-1.09,,,,0.36,,,,-0.5,,,,,,0.22,-0.02,,,,,,,,0.11,,,-0.37,,0.03,,0.2,,,,0.63,0.49,0.79,0.52,0.14
1201,136657,,,,-0.08,,,,,-0.12,,-0.01,0.08,0.03,,,,-0.35,,-0.41,,,,0.27,,-0.03,,-0.26,,,0.04,-0.37,-0.07,,,0.15,,,,,,0.25,,,,,,,,,0.45,,,0.34,,-0.55,,,-0.34,,,0.15,0.43,0.6,0.19,0.93
1202,136658,,,,,,,0.55,,-0.21,,0.17,-0.39,0.18,,,,0.39,,0.34,,,0.58,0.09,,0.04,,0.06,,,,0.37,,,-0.23,0.71,,,,,,0.41,0.21,,,,,,,,-0.03,,,0.02,,,,0.17,0.43,,,0.34,0.21,0.01,0.39,0.71
1203,136662,,,,,,,-0.03,,,,0.31,,0.27,,0.21,,0.17,,-0.26,,,,0.47,,,,0.01,,,,0.3,,,0.04,0.07,,,,,,-0.01,0.29,,,,,,,0.33,0.03,,,0.39,,,,,,,,0.79,0.97,0.94,0.57,0.98
1204,136664,,,,,,,0.25,,,,0.01,-0.05,-0.34,,,,0.0,,,,,,,,-0.29,,0.11,,,,0.03,,,-0.4,0.9,,,,,,-0.49,,,-0.14,,,,,,-0.56,,,-0.09,,0.29,,,-0.2,,,0.77,-0.3,-0.23,0.71,-0.04
1205,136666,,,,,,,1.11,,,,-0.06,-0.48,-0.19,,,,,,,,,,-0.62,,,,0.1,,,,0.12,,,-0.07,-0.12,,,,,,-0.6,0.02,,,,,,,,0.2,,,-0.05,,,,0.49,,,,0.71,0.61,1.08,0.92,1.04
1206,136667,,,,,,,,,,,0.4,0.26,0.27,,,,0.54,,-0.22,,,-0.72,0.21,,0.13,,-0.07,,-0.33,-0.29,0.13,,-0.55,0.07,-0.42,,,,,,0.55,0.65,,,,,,,-0.01,0.49,,,0.04,,-0.23,,-0.25,-0.45,,,0.31,0.49,0.29,-0.32,0.92
1207,136668,,,,,,,,,,,-0.45,,,,,,,,,,,,,,,,0.33,,,,,,,-0.75,-0.56,,,,,,0.1,,,,,,,,,,,,-0.12,,-0.11,,0.37,,,,0.53,0.22,-0.02,0.19,0.37
1208,136669,,,,,,,0.82,,,,0.27,,0.35,,,,-0.19,,,,,,0.25,,,,0.38,,,,0.25,,,-0.05,0.12,,,,,,0.5,0.36,,,,,,,,0.24,,,0.81,,0.34,,0.43,0.05,,,0.53,0.16,0.61,0.48,-0.07
1209,136671,,,,,,,,,,,0.0,-0.13,-0.09,,,,,,0.53,,,,,,-0.11,,-0.47,,,,0.0,,,-0.13,,,,,,,0.4,,,-0.1,,,,,,0.77,,,-0.13,,,,,,,,-0.05,0.29,0.19,0.07,-0.06
1210,136673,,,,,,,-0.27,,-0.69,,-0.54,-0.12,-0.4,,,,,,,,,0.01,,,-0.26,,0.37,,,,0.1,,,-0.61,0.44,,,,,,-0.07,,,0.29,,,,,-0.01,0.02,,,-0.28,,-0.28,,-0.17,,,,0.17,0.26,0.39,1.0,0.79
1211,136674,,,,,,,,,,,-0.35,-0.14,-1.1,,,,,,,,,,,,,,-0.33,,,,0.3,,,,0.06,,,,,,-1.03,,,0.17,,,,,,-1.27,,,0.49,,,,-0.4,,,,-0.21,-0.31,-0.52,-0.37,0.32
1212,136709,,,,0.24,,,,,-0.16,,-0.58,0.03,0.17,,-0.29,,-1.23,,0.28,,,-0.86,0.52,,0.07,,0.17,,,,0.18,,,-0.34,-0.54,,,,,-0.16,0.09,-0.54,,0.38,,,,,0.14,-0.14,,,0.19,,,,-0.18,0.28,,,0.45,0.02,0.02,0.26,0.17
1213,136711,,,,,,,,,,,0.22,0.19,0.42,,-0.09,,0.19,,0.44,,,,0.42,,,,-0.52,,,,,,,,0.08,,,,-0.4,,0.23,-0.15,,,,,,,0.16,0.27,,,-0.26,,,,-0.37,,,,0.33,0.65,0.78,0.4,1.99
1214,136716,,,,,,,,,,,,,,,,,-0.89,,,,,,,,-0.23,,,,,,,,,,-0.33,,,,,,-0.54,,,,,,,,,-0.67,,,-0.48,,,,,,,,-0.27,-0.2,-0.33,-0.11,-0.14
1215,136718,,,,0.04,,,,,,,0.27,,0.39,,,,,,,,,,,,0.15,,-0.62,,,,-0.29,,,0.47,0.23,,,,,,0.27,,,,,,,,,0.51,,,-0.33,,,,,,,,-0.17,0.02,-0.48,-0.6,-1.64
1216,136719,,,,,0.27,,0.39,,,0.61,0.79,0.36,-0.23,,,,,,,,,,-0.13,,-0.05,,-0.03,,,,0.51,,,-0.28,0.28,,,,,,0.35,1.02,,-0.49,,,,,,0.1,,,0.01,,-0.46,,0.22,,,,0.27,0.11,-0.02,0.21,1.44
1217,136720,,,,,,,,,,,,,,,,,,,,,,,,,,,-0.63,,,,,,,,-0.06,,,,,,-0.18,,,,,,,,,,,,-0.31,,,,-0.44,,,,-0.77,-0.38,-0.92,-0.78,0.35
1218,136722,,,,-0.41,,,,,-0.35,-0.2,0.23,,-0.63,,,,0.56,,-1.13,,,,0.31,,-0.21,,-0.02,,,0.72,-0.05,,,,-0.26,,,,,,0.19,0.69,,,,,,,0.13,0.11,,,-0.3,,0.3,,-0.45,,,,0.14,0.13,0.29,0.2,-0.21
1219,136723,,,,0.7,,,,,,,-0.02,0.03,-0.43,,0.2,,-0.07,,0.76,,,-0.39,-0.24,,,,0.42,,,-0.11,0.37,,,0.12,0.3,,,,,,-0.4,-0.32,,,,,,,0.75,-0.8,,,0.21,,-0.04,,,0.02,,,1.11,0.56,0.72,0.94,0.63
1220,136725,,,,,,,0.48,-0.1,0.48,,-0.09,0.63,-0.17,,,,0.05,,,,,-0.19,0.39,,,0.72,-0.41,,0.45,,-0.02,,,0.62,0.71,,,,,,-0.39,,,0.37,,,0.09,,0.19,-0.87,,,0.23,,-0.07,,-0.05,,,,0.38,0.08,0.37,0.79,1.21
1221,136727,,,,,,,,,,,0.38,,0.22,,,,0.68,,0.27,,,,-0.01,,0.11,,-0.63,,,,-0.02,,,0.58,-0.17,,,,,,0.2,0.48,,-0.11,,,,,0.36,0.2,,,-0.38,,-0.31,,0.17,,,,0.54,0.8,0.6,0.83,-0.9
1222,136730,,,,,,,-0.47,,,,-0.28,-0.32,0.25,,,,0.67,,-0.43,,,,-0.33,,,0.3,-0.51,,0.06,,-0.76,,,-0.37,-0.03,,,,,,-0.09,-0.32,,,,,,,,-0.26,,,0.0,,-0.68,,-0.25,,,,-0.5,0.04,-0.17,-0.04,0.8
1223,136731,,,,0.43,,,,,,,0.25,0.07,-0.03,,,,-0.3,,0.49,,,,,,0.06,,-0.13,,,-0.49,-0.02,,,,0.08,,,,,,0.63,0.87,,-0.07,,,,,0.22,0.02,,,0.29,,-0.27,,-0.3,,,,0.5,0.59,0.67,0.32,0.73
1224,136732,,,,,,,0.65,,,,0.43,,0.17,,,,,,,,,-0.25,0.15,,-0.13,,-0.65,0.68,,-0.28,-0.51,-0.09,,-0.46,-0.16,,,,,,0.53,0.92,,,,,,,0.13,-0.28,,,-0.28,,-0.13,,,,,,0.04,0.48,0.25,0.34,0.69
1225,136735,,,,,,,0.67,,,,-0.04,,-0.08,,,,,,,,,,,,,,0.09,-0.67,0.37,-0.14,0.17,,,-0.17,-0.2,,,,,,-0.09,,,,,1.27,,,,0.18,,,-0.42,,-0.23,,,-0.44,,,-0.1,-0.27,-0.16,0.01,-0.36
1226,136736,,,,,,,0.22,,0.69,,0.31,-0.05,0.35,,,,,,-0.24,,,,,,-0.03,,-0.38,,,,-0.66,,,-0.62,-0.57,,,,,,0.27,,,0.16,,,,,,0.0,,,0.08,,,,,,,,-0.05,0.15,0.32,-0.03,-0.18
1227,136742,,,,,,,-0.01,,,,0.19,0.06,0.14,,-0.22,,0.15,,0.17,,,-0.03,0.06,,,,0.21,,,-0.15,-0.35,,,0.42,0.26,,,,,,0.27,0.49,,,,,,,-0.85,0.14,,,,,0.04,,,,,,0.37,0.74,0.93,0.58,0.23
1228,136750,,,,,,,0.11,,,,0.65,,0.69,,0.58,,,,,,,,0.21,,,,0.46,,,1.18,0.13,,,-0.01,0.73,-0.13,,,,,0.3,0.59,,,,,,,,0.54,,,-0.33,,0.47,,,0.38,,,0.98,0.49,1.09,0.95,0.23
1229,136753,,,,0.03,,,,,,,0.27,,-0.97,,,,0.82,,,,,,,,,,,,,,0.22,,,-0.44,0.39,,,,,,0.21,,,,,,,,,0.62,,,0.48,,0.17,,0.4,,,,-0.18,0.11,-0.16,-0.43,-0.09
1230,136756,,,,,,,-0.16,,,,-0.62,0.04,-0.91,,,,,,,,,,-0.26,,,,0.32,,,,,,,,-0.64,,,,-0.74,,-0.39,,,0.02,,,,,,,,,0.02,,-0.32,,-0.01,,,,-0.28,-0.38,-0.4,-0.05,0.13
1231,136758,,,,0.67,,,,,,,-0.05,0.48,0.36,,,,0.17,,-0.12,,,0.48,0.08,,,-0.07,0.08,,,,0.57,,,0.58,0.42,,,,,,0.25,,,0.34,,,,,,-0.19,,,-0.4,,-0.09,,0.24,,,,0.28,0.37,0.18,0.32,0.21
1232,136763,,,,,-0.69,,0.48,-0.67,,,-0.43,0.33,-0.05,,,,0.37,,,,,,-0.06,,,-0.38,-0.49,,,,-0.19,,,0.32,-0.22,,,,,,0.52,,,-0.33,,,,,,0.03,,,-0.26,,-0.51,,0.54,0.13,,,-0.17,-0.11,0.12,0.38,-0.54
1233,136767,,,,,,,,,,,0.32,-0.11,0.12,,,,,,,,,,,,,,-0.27,,,,,,,-0.8,-0.13,,,,,,-0.67,,,,,,,,,,,,0.42,,,,0.19,,,,0.35,-0.24,0.46,0.19,0.73
1234,136768,,,,,,,,,,,0.29,-0.25,0.16,,,,,,,,,,0.24,,,,-0.53,,,,-0.5,,,,0.51,,,,0.08,,0.26,,,,,,,,,-0.04,,,-0.5,,,,-0.05,,,,0.43,0.23,-0.06,-0.2,0.08
1235,136770,,,,,,,0.02,,-0.55,,0.26,,0.57,,,,,,,,,,,,,,-1.67,,,,,,,,-0.28,,,,,,0.52,,,,,,,,,,,,,,,,-0.58,,,,-0.59,-0.38,-0.6,-0.14,-0.55
1236,136771,,,,,,,,,,,0.21,0.39,0.32,,,,-0.04,,-0.25,,,,0.37,,,,0.61,,,,0.08,,-0.67,0.23,0.57,,,,,,-0.01,0.22,,,,,0.03,,-0.23,0.26,,,-0.24,,,,,,,,0.72,0.77,0.86,1.37,0.07
1237,136772,,,,,,,0.21,0.31,0.37,,-0.23,0.53,-0.95,,,,-0.18,,-1.09,,,,-0.11,,,0.17,,,0.14,,-0.51,,,,0.31,,,,-0.02,,-0.43,,,,,,,,-0.1,-0.33,,,-0.38,,-1.22,,-0.05,-0.14,,,0.06,0.15,0.3,0.55,0.99
1238,136773,,,,0.03,,,,,,,-0.11,0.02,-0.21,,,,-0.06,,0.12,,,,-0.23,,,-0.22,-0.27,,,,0.02,,,,0.22,,,,,-0.33,-0.38,-0.4,,,,,,,,-0.31,,,-0.54,,,,,,,,-0.06,0.98,0.94,0.26,0.09
1239,136776,,,,0.35,-0.14,,,,-0.69,,0.04,0.55,0.4,,0.07,,-0.14,,-0.38,,,0.32,0.58,,0.18,,0.47,0.36,0.32,0.51,0.08,0.19,,0.16,0.19,,,,,-0.3,0.07,-0.25,,0.22,,0.32,0.07,,0.28,0.15,,,0.04,,,,0.47,0.41,,,0.28,0.1,0.45,0.25,0.44
1240,136777,,,,,,,,,,,-0.08,,-0.53,,,,0.18,,,,,,-0.32,,,,-0.06,,,,0.13,,,,-0.16,,,,,,-0.55,,,,,,,,,-0.54,,,-0.29,,0.27,,,,,,0.37,0.3,0.76,0.64,0.85
1241,136778,,,,,,,0.01,,,,-0.02,,-0.41,,,,-0.66,,,,,,0.25,,,,0.24,,,0.32,-0.11,,,,-0.29,,,,,,-0.25,-0.52,,0.27,,,,,,-0.43,,,-0.02,,0.52,,0.48,0.09,,,0.86,0.94,1.01,1.04,0.93
1242,136780,,,,,,,,,,,0.44,-0.21,0.45,,,,-0.04,,-0.3,,,,-0.54,,0.7,,0.58,,,,,,,0.92,0.89,,,,,,0.64,,,,,,,,-0.26,0.52,,,0.47,,0.15,,,,,,-0.22,0.32,0.03,0.46,-0.55
1243,136781,,,,,,,-0.36,,,,0.26,-0.24,-0.15,,,,0.44,,,,0.58,0.26,-0.3,,,,0.23,,,-0.22,0.21,,,-0.16,-0.1,,,,,,0.1,0.03,,,,0.43,,,0.99,0.3,,,-0.03,,,,,0.2,,,0.19,0.61,0.88,0.73,0.64
1244,136782,,,,0.38,,,,,0.22,,-0.35,-0.02,0.31,,0.05,,,,-0.48,,,,0.0,,0.1,,0.59,,,,-0.02,,,-0.61,0.15,,,,,,-0.31,,,,,,,,0.48,-0.09,,,-0.24,,0.07,,-0.7,,,,-0.18,0.0,0.06,0.08,0.01
1245,136783,,,,,,,,,-0.24,,0.31,0.27,0.1,,,,-0.13,,-0.24,,,,0.14,,0.78,,0.87,,0.0,,0.09,,,,0.46,,,,,,0.91,,,,,,,,,0.19,,,0.34,,0.35,,0.23,,,,0.14,0.39,0.08,0.62,-0.55
1246,136785,-0.28,,,,,,,-1.05,,0.5,0.18,-0.44,0.38,,,,-0.63,,0.17,,,0.26,,,,0.23,,,-0.12,0.23,0.03,,,0.24,0.51,,,,,,0.37,-0.08,,-0.65,,,,,0.25,0.75,,,-0.25,,,,0.24,,,,-0.01,0.18,0.07,-0.38,0.56
1247,136787,,,,,,,,,,,0.03,,0.28,,,,0.22,,,,,,-0.1,,,,0.71,,,,0.26,,,-0.15,0.34,,,,,0.07,0.45,0.27,,,,,,,-0.49,0.39,,,0.13,,,,,0.03,,,0.71,1.49,1.39,0.52,0.93
1248,136788,,,,,,,,,,,0.1,0.11,-0.04,,,,-0.49,,,,,,0.23,0.78,-0.19,,0.28,,,0.45,0.45,,,0.12,0.07,,,,,,0.16,0.45,,0.44,,,,,-0.45,0.15,,,0.32,,0.22,,0.35,0.0,,,0.39,-0.02,0.08,-0.06,-0.72
1249,136789,,,,,,,0.21,,,,-0.06,,0.07,,-0.2,,-0.31,,,,,,-0.54,,,,0.16,,0.35,0.14,0.16,,,0.07,0.17,,,,,0.2,-0.05,0.11,,,,,,,0.01,-0.35,,,0.59,,,,0.59,,,,1.01,0.85,0.79,0.65,0.8
1250,136791,,,,,,,0.57,,,,-0.82,0.24,,,,,,,,,,,0.35,,,,,,,,,,,,,,,,,,-0.48,,,-0.21,,,,,,,,,0.05,,,,0.3,,,,-0.4,-0.31,-0.55,-0.58,-1.28
1251,136795,,,,,,,0.03,,,,0.37,,0.21,,,,0.32,,,,,,0.29,,,,-0.06,,,,0.12,,,-0.14,0.08,,,,,,0.23,-0.03,,,,,,,,0.02,,,0.19,,-0.39,,,0.12,,,1.16,1.1,0.87,1.14,0.86
1252,136797,,,,,-0.85,,,,,,0.15,-0.1,-0.46,,,,,,,,,,,,,,0.03,,0.44,,,,,-0.33,0.59,,,,0.7,0.49,-1.14,,,,,,,,,,,,-0.16,,,,0.42,,,,0.41,0.33,0.31,0.49,0.13
1253,136798,,,,,,,,,,,0.14,,0.35,,0.59,,0.42,,,,,,0.45,,,,0.25,,,,-0.06,,,0.01,0.38,,,,,0.75,0.31,0.09,,,,,,,,0.27,,,,,,,,,,,0.58,1.11,1.02,0.67,0.4
1254,136799,,,,,,,0.08,,,,-0.15,,-1.14,,,,0.28,,,,,,-0.01,,,,0.48,,,,0.77,,,0.78,0.52,,,,,,0.21,-0.29,,,,,,,0.67,-0.16,,,0.37,,,,0.07,,,,-0.25,0.03,0.02,-0.23,-0.02
1255,136800,,,,,-0.1,,,-0.16,,-0.85,0.04,,0.5,,0.69,,-0.4,,,,,,0.1,,,,-0.05,,,,0.06,,,0.16,0.23,,,,,-0.02,-0.06,0.24,,,,,,,-0.82,-0.05,,,0.05,,,,0.22,,,,0.49,0.54,0.21,0.43,0.29
1256,136803,,,,,,,,,,,-0.19,-0.43,,,,,0.25,,,,,,,,,,0.34,,,,0.1,,,,,,,,,,0.24,,,,,,,,,-0.09,,,-0.28,,,,,,,,-0.41,-0.39,-0.35,-0.32,0.06
1257,136822,,,,,,,,,-1.48,,0.13,,0.47,,,,0.31,,-0.38,,,,-0.09,,,,-0.31,,,,0.05,,,0.56,-0.05,,,,,,0.33,0.6,,,,,,,0.1,0.03,,,0.52,,0.6,,0.53,,,,0.29,0.09,0.5,0.94,0.54
1258,136827,,,,,,,,0.51,,,-0.73,0.12,-0.66,,,,-0.58,,,,,,-0.31,,-0.15,,0.3,,,,0.08,,,-0.38,-0.11,,,,,,-0.76,-0.36,,-0.01,,,,,0.59,-0.5,,,-0.05,,-1.26,,0.0,,,,0.51,0.29,0.38,0.18,-0.05
1259,136828,,,,,,,,,-0.77,,-0.32,0.07,-0.3,,,,,,-0.24,,,-0.95,-0.48,,,-0.47,0.01,,0.2,,0.01,,,,0.39,,,,-0.6,,0.52,,,0.39,,,,,,0.56,,,-0.01,,,,-0.71,,,,-0.15,-0.08,-0.01,-0.03,-0.27
1260,136833,,,,,,,,,,,0.65,0.48,0.28,,,,-0.18,,0.0,,,,0.22,,-0.02,,0.28,0.6,,,-0.02,,,-0.58,0.27,,,,,,0.44,0.05,,0.5,,,,,0.76,0.11,,,-0.16,,-0.35,,0.67,,,,-0.03,0.41,0.35,0.25,0.29
1261,136834,,,,-0.43,,,,,,,0.11,,0.49,,,,0.85,,-0.13,,,-0.23,0.41,,-0.14,-0.12,0.22,,,-0.02,0.9,,-0.12,0.56,0.26,,,,,,0.31,-0.12,,,,,-0.71,,-0.08,0.35,,,0.08,,0.14,,-0.02,,,,-0.36,-0.02,-0.02,0.09,0.5
1262,136842,0.05,,,,,,,,,,-0.26,-0.66,-0.69,,,,0.23,,,,,,-0.7,,-0.24,,-0.39,0.34,,,-0.51,,,0.61,-0.55,,,,0.09,,-0.38,-0.29,,0.6,,,,,,-0.63,,,-0.14,,,,-0.19,,,,0.04,0.21,0.12,-0.11,0.2
1263,136844,,,,-1.26,,,,,,,-0.11,-0.1,0.04,,,,-0.28,,,,,,-0.17,,,,0.01,,,,-0.1,,,0.05,0.56,,,,,,0.06,-0.09,,-0.01,,,,,,-0.3,,,0.16,,0.26,,-0.06,-0.63,,,-0.08,0.38,0.04,0.01,-0.17
1264,136845,,,,,,,-0.66,,,,-0.1,0.0,-0.05,,,,0.11,,,,,-0.27,-0.22,,,,0.09,,,-0.29,0.05,,,-0.14,-0.23,,,,,,-0.05,0.07,,,,,,,0.38,-0.1,,,0.07,,0.25,,-0.28,0.15,,,0.29,0.61,1.17,0.48,1.07
1265,136846,,,,,,,0.04,,,,0.18,0.11,-0.16,,,,-0.76,,,,,-0.03,-0.18,,0.06,,0.08,,,0.02,0.11,,0.42,0.3,0.4,,,,,,-0.11,-0.22,,,,,,,,-0.64,,,0.11,,0.22,,-0.03,0.21,,,0.76,0.87,0.67,0.75,1.18
1266,136847,,,,,,,,-0.36,0.07,-0.03,-0.89,-0.01,,,,,,,0.29,,,,,,-0.33,,-0.32,,,,-0.2,,,-0.6,,,,,,,0.0,,,,,,,,-0.01,,,,-0.11,,,,-0.61,-1.11,,,-0.11,-0.13,-0.46,-0.5,0.45
1267,136850,,,,,0.77,,,,,,-0.17,-0.69,0.22,,,,0.14,,,,,-0.85,-0.06,-0.01,,,,,,,-0.35,,,0.38,0.4,,,,,-0.67,-0.01,-0.3,,,,,,,,0.06,,,-0.84,,,,,,,,0.03,0.71,0.87,0.74,-0.84
1268,136854,,,,,,,,,,,0.49,,0.8,,,,,,,,,,,,,-0.28,,,,,,,,,0.23,,,,0.31,,0.97,,,0.08,,,,,,,,,0.84,,,,0.45,,,,-0.37,-0.5,-0.66,-0.04,0.05
1269,136856,,,,,,,0.06,,,-0.89,0.13,-0.4,0.39,,,,0.14,,-0.42,,,,-0.09,,0.06,,-0.43,,,,-0.25,,,0.25,-0.19,,,,,,0.34,0.74,,-0.53,,0.29,,,,0.19,,,0.18,,,,-0.01,-0.9,,,-0.12,0.11,0.08,-0.52,-0.55
1270,136858,,,,,,,,,,,,,-0.49,,,,,,,,,,,,,,,,,,-0.16,,,,,,,,-0.26,,0.15,,,,,,,,,-0.24,,,0.35,,,,-0.05,,,,-0.21,-0.1,-0.56,-0.6,0.84
1271,136861,,,,0.23,,,,,,,0.52,0.02,-0.69,,,,-0.48,,0.37,,,,0.31,,,,0.68,,0.39,,,,,0.0,0.29,,,,,,0.54,0.24,,,,,,,,-0.52,,,0.29,,,,0.38,,,,0.04,0.06,-0.05,0.2,-0.12
1272,136863,,,,,,,0.21,,-0.09,,0.17,-0.08,0.48,,,,0.22,,,,,,-0.27,,,,-0.15,,0.52,,0.3,,,0.33,0.04,,,,,,-0.16,-0.55,,-0.01,,,,,0.32,-0.02,,,0.31,,,,0.31,-0.64,,,0.4,0.51,0.6,0.57,0.0
1273,136864,,,,,,,-1.55,,,,0.15,-0.09,-0.39,,,,-0.2,,0.3,,,,0.07,,,,0.16,,-0.23,-0.1,-0.26,,0.3,-0.33,-0.3,,,,,,-0.28,-0.3,,,,,,,,-0.16,,,-0.03,,-0.3,,-0.16,,,,0.33,0.48,0.11,0.06,-0.44
1274,136868,,,,,,,-0.46,,,,,0.44,,,,,,,,,,,-0.49,,,,-0.95,,,,-0.39,,,,,,,,,,-1.21,,,,,,,,,-0.73,,,-1.12,,,,0.33,,,,-0.71,-0.75,-0.79,-0.52,0.01
1275,136871,,,,,,,,,,,,,,,,,,,,,,,,,,,,,,,,,,,0.29,,,,,,,,,,,,,,,,,,,,,,-0.63,,,,-0.82,-0.87,-1.14,-0.73,-1.43
1276,136874,,,,,,,-0.04,,,,0.16,-0.32,0.03,,,,,,,,,0.16,-0.08,,,,0.41,,,0.49,-0.35,,,0.12,0.15,,,,,,-0.25,0.04,,,,0.08,,,-0.06,-0.12,,,-0.19,,-0.62,,-0.26,0.02,,,1.05,0.31,0.83,1.11,1.25
1277,136875,,,,,,,1.03,,1.0,,-0.19,0.17,-0.11,,,,0.06,,,-0.15,,0.12,,,-0.44,,0.17,,,,-0.22,,,-0.23,0.22,,,,,-0.04,0.11,,,0.32,,,,,0.12,0.1,,,0.48,,,,-0.37,,,,0.09,0.16,-0.19,-0.12,-0.24
1278,136876,,,,0.9,,,,,,,-0.02,0.5,,,,,,,,,,,-0.06,,,,-0.26,,,,,,,,,,,,,,0.0,,,0.28,,,,,,,,,-0.69,,,,-0.37,,,,-0.5,-0.17,-0.55,-0.74,-0.65
1279,136877,,,,,,,-0.6,,,,0.35,0.43,0.39,,0.01,,0.61,,-1.14,,,,0.56,,,1.15,-0.05,,,,0.27,,,0.23,-0.26,,,,,,0.51,0.4,,,,,,,0.44,0.33,,,0.47,,0.02,,0.7,,,,0.25,0.16,0.27,0.36,0.09
1280,136878,,,,-0.54,,,,,,,-0.14,0.16,0.07,,,,1.5,,-0.1,,,-0.03,0.38,,0.09,0.26,0.04,,,-0.36,-0.17,,,1.13,0.13,,,,0.02,,0.72,0.3,,0.39,,,,,-0.66,0.26,,,0.2,,,,0.3,-1.42,,,0.67,0.23,0.13,0.7,-0.03
1281,136880,,,,,,,0.26,,,,0.11,-0.23,0.28,,,,0.39,,0.85,,,,0.32,,,,0.45,,,,0.03,,,0.42,0.15,,,,,,0.04,-0.19,,,,,,,0.49,-0.14,,,0.46,,,,0.4,-0.43,,,0.87,0.69,1.17,1.29,0.11
1282,136882,,,,,,,,,,,0.62,,-0.29,,,,,,,,,,,,,,0.42,,,,,,,,,,,,,,0.63,,,,,,,,,,,,-0.17,,,,0.21,,,,0.49,0.25,-0.14,0.13,0.54
1283,136883,,,,,,,-0.77,,,,-0.43,,-0.26,,,,,,-0.09,,,,-0.03,,,,1.11,,0.26,0.83,0.1,,,0.29,0.3,,,,,,-0.19,-0.75,,-0.13,,,,,,-0.47,,,0.29,,0.15,,0.49,,,,0.71,0.07,0.04,0.58,0.68
1284,136884,,-0.11,,,,,,,,,0.03,-0.03,0.18,,,,0.04,,0.06,,,,0.33,,,0.02,0.51,,,,-0.33,,0.2,-0.19,-0.06,,,,,,0.31,0.01,,,,,,,-0.69,0.23,,,-0.94,,,,,0.05,,,0.3,0.78,0.99,0.71,0.32
1285,136885,,,,,,,,,,,-0.4,,-0.31,,,,0.2,,,,,,,,,0.31,,,,-1.25,0.21,,,,0.03,,,,,,-0.77,,-0.19,,,,,,,-0.69,,,0.7,,-0.03,,0.09,,,,0.43,0.33,0.13,0.23,-0.16
1286,136886,,,,,,,,,-1.19,,-0.59,-0.72,-0.74,,,,,,,,,,,,0.52,,-0.64,,,,-0.41,,,,0.22,,,,,,-0.57,,,,,0.27,,,-0.4,,,,-0.48,,-0.26,,-0.28,,,,0.2,0.13,0.24,0.44,1.58
1287,136887,,,,,,,,,,,0.48,,0.82,,,,0.46,,,,,,0.16,,,,,,,,0.0,,,,-0.04,,,,-0.33,,-0.16,,,,,,,,,0.49,,,0.37,,,,,,,,0.79,0.92,1.23,1.43,2.08
1288,136890,,,,,,,,-0.71,,,0.21,-0.34,,,0.31,,-0.52,,,,,,,,,-0.35,-0.08,0.43,0.31,,-0.03,,,-0.68,0.14,,,,,,0.63,,,,,,,,-0.25,,,,0.92,,0.26,,-0.16,,,,-0.38,-0.21,-0.32,-0.23,0.43
1289,136891,,,,,,,0.96,,-0.19,,-0.29,0.24,-0.29,,,,0.7,,,,,,-0.06,,0.43,,-0.27,,,-0.03,-0.1,,,,0.27,,,,,,0.23,0.29,,0.16,,,,,-0.53,-0.06,,,-0.28,,0.22,,-0.1,-0.5,,,0.43,0.73,0.74,0.78,0.41
1290,136895,,,,,,,,,,,,-0.58,,,,,,,,,,,,,,,,,,,,,,,,,,,,,,,,,,,,,,,,,,,,,,,,,-1.39,-1.05,-1.21,-1.26,-1.35
1291,136898,,,,0.15,,,,,,,-0.2,-0.21,-0.12,,,,,,-0.05,,,,-0.03,,,,0.31,,,,0.0,,,,-0.3,,,,,,0.01,0.45,,-0.46,,,-0.83,,0.51,0.2,,,-0.14,,,,-0.31,,,,0.19,0.55,0.38,0.26,-0.64
1292,136899,,,,0.4,,,,,,,-0.02,0.49,-0.01,,,,-0.19,,0.56,,,-0.14,-0.13,,,,-0.13,,,,-0.03,,0.06,-0.16,0.66,,,,,,0.18,-0.16,,,,,,,0.47,-0.44,,,-0.17,,-0.14,,0.25,0.26,,,0.43,0.69,1.0,0.66,0.37
1293,136900,,,,,,,,,,,-0.74,-0.62,-0.52,,,,-0.3,,,,,,,,0.74,,,,,,,,,,-0.18,,,,-0.28,,-0.89,,,-0.78,,,,,-1.02,-0.12,,,-0.53,,0.06,,-0.63,,,,0.46,0.12,0.0,-0.09,-0.13
1294,136901,,,,,,,0.69,,0.65,,-0.08,0.15,0.26,,,,0.61,,,0.3,,0.12,0.19,,0.52,,0.25,,,,0.35,,,0.23,0.5,,,,,-0.17,0.08,0.4,,,,0.28,,,-0.02,0.13,,,-0.11,,,,0.03,-0.34,,,0.48,0.68,0.91,0.84,0.3
1295,136902,,,,,,,,,,,0.16,0.29,0.4,,,,0.1,,0.23,,,,,,0.48,,-0.28,,,0.36,0.15,,0.02,-0.1,0.6,,,,,,-0.59,,,0.18,,,,,,0.03,,,0.08,,0.69,,-0.13,,,,0.07,0.45,0.51,0.52,1.2
1296,136904,,,,,,,0.15,,,,0.0,0.34,0.92,,,,-0.08,,0.49,,,,-0.37,,,,-0.23,,,,0.08,,,-0.63,0.21,,,,,,0.03,,,,,,,,-0.35,1.04,,,-0.19,,-0.25,,,,,,-0.31,0.01,0.25,0.33,0.46
1297,136905,,,,,,,-0.35,,0.37,,0.5,0.26,0.35,,,,0.44,,-0.46,0.16,,-0.23,0.63,,-0.37,,0.32,,,-0.74,0.32,,,-0.27,-0.06,,,,,-0.34,0.1,0.77,,,,-0.09,,,-0.05,-0.29,,,0.23,,,,0.16,0.06,,,0.57,0.31,0.68,0.79,0.51
1298,136906,,,,,,,,-0.13,,,0.55,0.24,0.1,,,,-0.25,-0.21,-0.89,,0.33,,0.55,,,0.18,-0.41,,,0.3,0.38,,,,-0.21,,,,0.06,,0.49,0.42,,0.03,,,,,-0.54,0.61,,,0.4,,,,0.48,,,,0.24,0.51,0.8,0.56,-0.45
1299,136907,,,,,,,0.35,,-0.73,,-0.06,0.31,0.16,,,,,,-0.89,,,,0.2,,,-0.41,1.08,0.27,,,-0.12,,,0.25,0.02,,,,,,0.0,-0.33,,0.57,,,,,,0.42,,,0.42,,0.02,,0.31,,,,0.25,0.04,-0.1,-0.26,-0.35
1300,136908,1.26,,,1.18,,,,,,,0.47,-0.12,0.97,,,,,,,,,,0.58,,0.16,,,,,,0.18,,,,0.31,,,,1.0,,-0.13,,,,,,,,,0.02,,,0.37,,,,0.38,,,,-0.05,-0.17,0.01,-0.04,-0.02
1301,136909,,,,,,,-0.14,,,,-0.57,0.02,,,,,,,,,,,0.28,,0.24,,-0.03,,,,0.68,,,,0.73,,,,0.58,,-0.04,,,,,,,,,,,,0.42,,,,,,,,0.17,-0.15,-0.22,0.11,-0.34
1302,136910,,,,0.16,,,,,,,0.01,,-0.01,,,,,,-0.18,,,-0.59,0.1,,,,-0.21,,,-0.2,0.31,,-0.59,-0.05,-0.12,,,-0.66,,,0.36,0.15,,,,0.44,,,0.23,0.26,,,-0.26,,0.37,,,-0.05,,,0.4,1.26,0.97,0.72,0.8
1303,136911,,,,,,,0.84,0.01,,,0.51,0.36,0.29,,,,,,,,,,-0.28,0.25,0.25,,-0.2,,,,-0.28,,,-0.33,0.18,,,,0.23,-0.72,-0.03,-0.03,,,,,,,-0.4,0.3,,,0.16,,,,-0.2,-0.8,,,-0.09,0.26,-0.12,0.17,-0.22
1304,136912,,,,,,,,,,,-0.13,,0.0,,,,,,,,,,,,,,0.6,,,,-0.6,,,,0.46,,,,,,-0.79,,,,,,,,,-0.04,,,-0.57,,,,-0.34,,,,-0.36,-0.22,0.14,0.62,-0.1
1305,136914,,,,,,,0.22,,0.13,,0.04,-0.06,0.07,,,,-0.47,,-0.71,,,0.82,,,,,0.36,,-0.6,,-0.01,,,0.36,0.37,,,,,,-0.32,0.27,,-0.07,,,,,-0.31,-0.08,,,-0.22,,,,-0.14,-0.94,,,0.87,0.73,0.86,0.58,0.53
1306,136921,,,,,,,,,,,,,-1.4,,,,,,,,,,,,,,,,,,,,,,,,,,,,,,,,,,,,,,,,,,,,,,,,0.23,-0.26,0.24,0.27,0.85
1307,136922,,,,0.16,,,,,,,0.32,,0.07,,,,,,,,,,-0.01,,,,,,,,0.42,,,0.19,0.62,,,,,,-0.18,,,,,,,,,,,,0.86,,0.41,,0.43,,,,1.09,0.73,0.99,1.19,1.86
1308,136924,,,,,,,,,,,-0.03,-0.11,0.76,,,,,,,,,,,,0.14,,-0.24,,0.01,,0.33,,,,-0.13,,,,,,0.09,,,,,,,,-0.34,0.64,,,-0.74,,,,-0.45,,,,-0.27,-0.45,-0.86,0.12,-1.16
1309,136925,,,,,,,-0.13,,,,0.21,,-0.12,,,,,,-0.5,,,0.76,0.45,,,-0.31,,,,,0.17,,,,,,,,,,0.19,,,,,,,,,0.63,,,0.24,,-0.97,,,,,,-0.29,0.06,0.62,0.01,0.01
1310,136927,,,,,,,,,,,0.28,-0.3,-0.64,,,,,,0.19,,,-1.0,-0.71,,,,-0.55,,,,-0.26,,,-0.64,-0.71,,,,,,0.14,,,,,,,,,-0.22,,,-0.1,,-0.25,,-0.5,,,,-0.25,-0.24,-0.03,-0.27,0.07
1311,136944,,,,,,,,,,,,,,,,,,,,,,,,,,,-0.35,,,,-0.82,,,,-0.92,,,,,,-0.15,,,-0.39,,,,,,,,,,,,,,,,,0.24,-0.25,-0.52,0.03,-0.41
1312,136948,,,,,,,,,,,-0.83,,-0.69,,,,,,,,,,,,0.14,,,,,,,,,,0.06,,,,,,-0.72,,,,,,,,,,,,-0.29,,,,0.15,,,,-0.24,0.17,-0.04,-0.55,0.42
1313,136960,,,,,,,0.1,,0.25,,-0.27,0.71,-0.08,,,,,,-0.27,,,-0.34,0.23,,,-0.01,0.16,,,,-0.23,,,-0.05,0.16,,,,,,0.67,,,-0.35,,-0.27,,,-0.33,0.84,,,0.07,,0.16,,-0.36,,,,-0.05,0.18,0.28,0.16,-0.08
1314,136962,,,,,,,,,,,0.4,,0.42,,,,,,,,,,,,,,,,,,,,,,,,,,,,,,,,,,,,,,,,-0.31,,,,-0.51,,,,0.72,0.01,0.55,0.4,-0.01
1315,136963,,,,,,,0.54,-0.02,-0.11,,0.59,0.42,0.03,,,,0.5,,-0.3,,,0.51,-0.38,,,-0.4,-0.4,,0.13,,-0.32,,,,-0.28,,,,-0.48,,0.56,0.88,,,,,,,-0.34,0.0,,,-0.2,,-0.01,,-0.06,-0.62,,,0.1,0.15,0.82,-0.39,-0.22
1316,136964,,-0.16,,,,,,,,,-0.06,0.29,0.11,,,,,,,0.6,,,,,,0.18,-0.6,,,,-0.12,,,0.27,-0.1,,,,-0.23,,-0.01,,-0.31,0.34,,,,,-0.39,-0.08,,,-0.53,,,,,,,,-0.27,-0.04,-0.22,0.2,0.25
1317,136966,,,,,,,0.13,,0.47,0.02,0.46,,1.09,,0.31,,,,0.49,,,,-0.04,,0.15,,-0.38,,,-0.06,-0.04,,,,-0.19,,,,,,-0.37,,,,,,,,-0.26,-0.16,,,0.27,,-0.42,,0.49,-0.2,,,0.56,0.48,0.88,0.7,0.12
1318,136969,0.31,0.0,,,,,,-0.84,-0.47,,-0.26,-0.01,-0.71,,,,0.0,,-0.44,,,,0.57,,-0.32,,0.09,-0.36,-0.06,,-0.42,,,,0.21,,,,-0.34,,0.27,-0.31,,,,,,,,-0.76,,,0.24,,,,0.71,,,,-0.05,0.29,-0.04,0.28,0.81
1319,136971,,,,,,,,,-0.75,,-0.32,,-0.26,,,,,,0.5,,,,,,-0.45,,0.19,,,,,,,,-0.04,,,,,,0.25,,,,,,,,,-0.02,,,-0.4,,,,0.07,,,,-0.35,-0.3,0.31,-0.63,-0.27
1320,136972,,,,-0.44,,,,,,,0.13,0.61,0.29,,,,-0.37,,,,,,0.04,,0.19,,-0.6,,,,-0.07,,,-0.22,0.35,,,,,,-0.28,,,,,,,,,-0.14,,,0.33,,,,0.41,,,,-0.32,-0.25,-0.02,-0.45,0.4
1321,136973,,,,,,,0.49,,,,-0.12,0.12,0.04,,,,-0.07,,0.66,,,,0.21,,,,0.01,,,,0.13,,,0.59,0.36,,,,,,0.03,0.24,,,,,,,0.25,0.18,,,0.0,,0.05,,0.09,-0.46,,,0.61,0.88,0.76,1.49,1.49
1322,136974,,,,,,,0.21,,-0.33,,-0.41,0.13,0.54,,,,,,,,,,,,,,-0.17,,,,0.04,,,,-1.28,,,,,,0.64,,,,,,,,,0.85,,,0.03,,,,,,,,0.23,0.56,0.37,0.82,-0.15
1323,136976,,,,,,,,,,,-0.4,,-0.67,,,,,,,,,,,,-0.25,,0.62,,,,,,,0.07,-0.23,,,,0.34,,-0.66,,,,,,,,-0.12,,,,-0.18,,,,-0.14,,,,-0.16,-0.3,0.08,-0.23,-0.59
1324,136979,,,,,,,,,,,0.03,-0.01,,,,,0.2,,,,,,,,-0.3,,-0.18,,,,0.1,,,0.29,-0.08,,,,0.34,,0.62,,,-0.16,,,,,,,,,-0.17,,,,,,,,-0.22,-0.4,-0.33,-0.34,-0.93
1325,136982,,,,,-1.33,,,,-1.13,,-0.14,,-0.32,,,,0.78,,,,,,-0.81,,,-0.19,-0.14,,,,-0.34,,,-0.36,0.16,,,,,,0.58,-0.56,,,,,,,,0.49,,,-0.28,,-0.82,,-0.51,,,,-0.03,-0.14,-0.11,0.2,0.66
1326,136986,,,,,,,-0.13,,-0.48,,,,-0.98,,,,,,,,,,,,-0.26,,-0.85,,,,-0.26,,,,-0.26,,,,,,-0.55,,,,,,,,,-0.79,,,-0.99,,,,-0.85,,,,-0.6,-0.61,-0.69,-0.47,0.07
1327,136992,,,,,,,,,,,-0.02,-0.41,0.03,,0.05,,-0.49,,,,,,,,,,-0.49,,,,-0.65,,,,0.04,,,,-0.11,,0.06,,,-0.2,,,,,-0.27,0.1,,,-0.51,,,,-0.36,,,,-0.14,0.35,0.54,0.32,0.02
1328,136994,,,,,,,-0.15,,0.11,,0.32,-0.01,0.32,,,,-0.14,,,,,,0.57,,0.23,,-0.22,,,,0.24,,,-0.04,0.26,,,,,,0.28,0.79,,0.39,,,,,,0.38,,,0.29,,,,0.39,,,,0.44,0.6,0.22,0.25,0.17
1329,136995,,,,,,,,,,,-0.07,-0.75,,,,,,,,,,,-0.94,,,,,,,,-0.53,,,-0.56,-0.73,,,,,,0.45,,,,,,,,,-0.91,,,-0.74,,,,,,,,-0.16,0.51,0.58,0.28,0.91
1330,136996,,,,,,,-0.2,,,,-0.15,-0.75,-0.77,,,,-0.6,,-0.4,0.81,,-0.6,-1.22,,-0.47,,0.11,,,0.59,0.46,,,0.05,-0.33,,,,,,-0.56,-1.19,,0.03,,-0.17,,,,-0.42,,,0.0,,0.3,,0.11,0.28,,,0.55,0.23,0.32,0.58,1.15
1331,136998,,,,,,,,,-0.07,,-0.57,,-0.62,,,,,,,,,,,,,,,,,,-0.6,,,,,,,,,,,,,,,,,,,0.35,,,,,-0.47,,-0.75,,,,0.02,0.07,0.04,0.1,0.67
1332,137000,,,,,,,0.39,,-0.03,,0.02,-0.06,-0.26,,,,,,-0.1,,,,0.73,,0.12,,-0.12,,,,0.08,,,-0.85,-0.2,,,,-0.06,,0.11,-0.38,,-0.12,,,0.94,,-0.65,0.31,,,0.56,,0.89,,-0.72,,,,-0.16,0.12,-0.04,-0.28,-0.65
1333,137002,,,,,,,0.7,,0.92,,0.07,0.21,0.04,,,,,,,,,,,,-0.65,,0.96,,,,-0.24,,,,-0.43,,,,,,0.67,,,0.04,,,,,0.82,0.74,,,0.28,,0.52,,0.28,,,,0.37,0.48,0.27,0.7,0.87
1334,137003,,,,,,,,,,,-0.31,0.29,-0.16,,,,0.47,,0.56,,,,-0.03,,,0.51,-0.65,,-0.6,,-0.57,,,,-0.6,,,,-0.19,,0.8,0.67,,,,,,,,1.03,,,0.18,,,,-0.41,,,,-0.08,0.24,-0.21,-0.35,-1.45
1335,137005,,,,,,,-0.08,,-0.41,,0.2,,0.09,,,,0.21,,-0.58,-0.61,,-0.48,0.33,,,,0.25,,-0.24,0.13,-0.59,,,0.35,0.05,,,,,0.45,0.13,0.27,,-0.09,,0.68,,,-1.0,0.19,-0.31,,0.2,,-0.48,,0.2,0.06,,,0.83,0.67,0.72,0.45,0.26
1336,137006,,,,,,,-0.5,,,,-0.39,-0.06,-0.29,,,,-0.21,,,,,,-0.54,,,0.47,-0.2,,,0.77,-0.08,,,-0.17,0.17,,,,0.81,,-0.55,,,,,,,,-0.17,-0.4,,,0.17,,0.11,,0.45,-0.14,,,0.39,0.34,0.32,0.63,0.54
1337,137009,,,,,,,,,,,-0.18,0.81,0.61,,,,,,,,,,-0.24,,,,,,,,,,,,,,,,0.14,,0.12,,,,,,,,,,,,-0.27,,,,,,,,0.22,0.65,0.7,-0.41,-1.29
1338,137011,,,,,,,,,-0.67,,,,,,,,,,,,,,,,,,-0.06,,,,,,,,,,,,,,,,,,,,,,,,,,-0.52,,,,,,,,0.45,0.02,0.17,0.2,1.79
1339,137013,,,,,,,,,,,-0.39,0.48,-0.76,,,,,,,,,,-0.12,,,0.15,0.46,,,,0.03,,,0.01,0.39,,,,-0.01,,-0.36,,,0.01,,,,,,-0.26,,,-0.03,,-0.13,,0.31,,,,0.08,-0.33,-0.36,-0.06,0.14
1340,137018,,,,,,,,,,,0.41,0.26,0.75,,,,,,,,,,1.11,,,,1.16,,,,1.29,,,0.62,,,,,,,0.6,0.18,,,,,,,,1.34,,,0.42,,,,0.78,,,,,,,,
1341,137028,,,,,,,0.84,0.72,0.8,,0.35,0.56,-0.07,,-0.18,,0.26,,,,,,0.38,,,0.28,0.29,,,,0.93,,,0.2,0.18,,,,0.42,,0.11,-0.32,,0.33,,,,,,0.31,,,-0.08,,0.35,,0.23,,,,0.57,0.51,0.55,0.44,0.37
1342,137033,,,,,,,,,-0.21,,-0.15,-0.31,0.24,,,,-0.35,,0.15,,,,-0.65,,,,0.07,,0.13,-0.1,0.02,,,,0.16,,,,,,0.36,0.73,,,,,,,0.49,0.55,,,-0.22,,,,0.54,0.35,,,-0.01,0.51,0.67,0.29,0.99
1343,137034,,,,,,,,,,,0.04,,0.11,,,,,,,,,,,,,-0.08,,,,,0.54,,,,,,,,,,-0.23,,,,,,,,,,,,0.75,,,,0.1,,,,0.3,-0.13,-0.28,-0.16,-0.44
1344,137038,,,,,,,,,,,-0.47,-0.13,-0.59,,,,0.3,,,,,,0.07,,,,0.51,,,,0.08,,,0.77,0.67,,,,-0.48,,0.18,0.22,,,,,,,0.59,-0.06,,,-0.22,,,,0.28,,,,0.55,0.44,-0.15,0.84,0.1
1345,137040,,,,,,,0.0,,,,-0.32,-0.03,-0.65,,,,-0.58,,-0.78,,,,-0.09,,,,-0.1,,,,-0.23,,,0.13,-0.45,,,,,,-0.12,0.27,,,,,,,-0.26,-0.12,,,-0.58,,-0.23,,,,,,0.34,0.56,0.46,0.58,0.94
1346,137043,,,,,,,,,,,0.33,,-0.24,,,,-0.4,,,,,,-0.61,,,,,,,,,,,-0.01,1.0,,,,,0.53,-0.22,0.54,,,,,,,,-0.59,,,0.0,,,,,,,,0.16,0.21,0.24,-0.27,-0.11
1347,137044,,,,,,,-0.02,,,,0.01,,-0.01,,,,-0.37,,,,,-0.28,0.0,,,,0.73,,,0.25,-0.14,,,-0.4,-0.21,,,-0.15,,,-0.32,0.14,,,,-0.26,,,,-0.49,,,0.12,,-0.07,,,,,,1.1,0.42,0.9,1.0,1.29
1348,137045,,,,,,,,,,,0.37,,0.12,,,,0.04,,0.08,,,,-0.25,,,,-0.6,,,,0.11,,,-0.06,-0.62,,,,,,-0.25,-0.24,,,,-0.73,,,,-0.37,,,-0.85,,0.0,,,,,,0.89,1.1,1.18,0.94,0.81
1349,137046,,,,,,,-0.08,,,,0.13,,0.09,,-0.31,,-0.91,-0.68,,,,,0.23,,,0.5,0.6,,,0.58,-0.13,,,0.1,-0.01,,,,,,-0.33,-0.64,,,,0.32,,,-0.37,-0.3,,,-0.05,,,,,,,,0.3,0.37,1.02,0.56,0.25
1350,137047,,,,,,,-0.72,,,,0.05,,-0.05,,,,0.13,,,,,,0.02,,,,0.12,,,,0.15,,,-0.14,-0.15,,,,,,-0.19,-0.64,,,,,,,,-0.34,,,-0.17,,-0.05,,,,,,0.97,0.63,0.85,0.87,-0.27
1351,137048,,,,,,,,,,,-0.52,0.66,0.47,,,,0.6,,,,,,-0.14,,,0.49,,,,,0.15,,,0.27,0.04,,,,0.37,,-0.21,,,,,,,,-0.19,-0.81,,,0.35,,-0.46,,-0.1,-0.37,,,-0.23,-0.37,-0.22,0.28,-0.17
1352,137049,,,,,,,,,-0.66,,0.58,-0.1,0.55,,,,,,-0.1,,,,,,,,-0.42,,,,,,,,-0.3,,,,,,0.16,,,,,,,,,,,,0.03,,,,-0.15,,,,-0.83,-0.3,-0.32,-0.72,0.23
1353,137052,,,,0.44,,,,,-0.39,,0.56,0.33,0.18,,,,-0.36,,,,,,0.2,,0.34,,0.42,,,,0.48,,,-0.23,0.02,,,,,,0.12,,,0.35,,,-0.09,,-0.3,-0.42,,,0.68,,,,0.47,,,,-0.04,0.1,-0.11,0.43,0.59
1354,137053,-0.71,,,,,,,,,,-0.62,-0.62,-0.71,,,,-0.08,,-0.16,,,,-0.53,,-0.16,,-0.52,,,0.78,-0.41,,,,-0.26,,,,,,0.07,,,0.03,,,,,,0.11,,,-0.77,,-0.37,,-0.26,,,,-0.27,0.21,0.19,-0.01,-0.83
1355,137055,,,,,,,,,-0.19,,-0.34,-0.04,-0.8,,,,,,0.0,,,,-0.47,,0.32,,-0.05,,,,-0.97,,,,-0.66,,,,,,-1.33,,,,,,,,-0.2,-0.51,,,0.06,,-0.38,,-0.47,,,,0.02,-0.31,-0.36,-0.63,-0.7
1356,137057,,,,,,,-0.2,0.37,0.45,,0.03,0.15,0.17,,,,,,,,,,,,,0.61,-0.75,,,,0.19,,,,0.31,,,,0.62,-0.37,0.05,0.25,,,,,,,,0.36,,,0.26,,,,0.69,,,,0.36,0.28,0.55,0.62,0.94
1357,137058,,,,,,,,,,,-0.21,-0.2,-0.4,,,,,,-0.05,,,,-0.83,,,,,,,,,,,-0.4,,,,,-0.14,,-0.36,,,-0.8,,,,,-0.05,-0.71,,,0.07,,-0.39,,0.0,,,,-0.03,-0.33,-0.11,-0.05,-0.31
1358,137060,,,,0.77,,,,,0.52,,-0.42,,-0.45,,,,,,-0.13,,,,,,,-0.01,-0.25,,,,,,,0.07,0.16,,,,,,-0.76,,,-0.05,,,,,,,,,-0.36,,,,0.48,,,,1.2,0.38,0.55,0.59,1.17
1359,137075,,,,,,,,,,,0.43,0.56,0.74,,,,0.22,,-0.48,,,,0.6,,,,0.75,,,,,,,-0.75,0.34,,,,,,0.0,,,0.6,,,,,,-0.64,,,0.48,,,,0.55,,,,0.21,0.47,0.13,-0.27,-0.74
1360,137077,,,,,,,,,,,-0.47,,-0.21,,,,-0.52,,,,,,,,,,,,,,,,,,-0.17,,,,,,0.13,,,,,,,,,-0.39,,,,,,,-0.54,,,,0.45,0.19,-0.06,0.27,-1.12
1361,137082,,,,0.79,,,,,1.25,,-0.27,0.07,0.21,,,,,,,,,,,,,-0.1,0.06,,0.26,,0.81,,,,-0.2,,,,,,-0.01,,,,,,,,-0.02,-0.3,,,-0.07,,,,-0.09,0.52,,,0.05,-0.2,-0.06,0.04,1.25
1362,137083,,,,0.31,,,,,,,-0.04,-0.44,-0.36,,,,0.77,,-0.65,,,-0.18,-0.5,,0.45,,0.51,,,,0.02,,,-0.41,-0.25,,,,0.13,,0.01,,,0.22,,,,,0.02,-0.19,,,-0.15,,0.21,,-0.56,,,,0.75,0.44,0.69,0.76,-0.69
1363,137085,,,,,,,0.43,,0.6,,-0.47,-0.52,0.58,,,,0.29,,-0.6,,,,,,,,,,,,0.03,,,0.07,0.47,,,,,,0.51,,,0.42,,,,,,0.51,,,0.1,,,,0.54,,,,0.03,-0.31,0.36,0.3,-0.16
1364,137086,,,,,,,-0.56,,,,-0.02,0.08,-0.02,,,,0.02,,,,,-0.34,-0.06,,,0.38,-0.23,,,,0.25,-0.03,,0.24,-0.06,,,,,,-0.01,0.5,,,,,,,0.5,0.14,,,-0.04,,-0.38,,0.18,,,,1.24,0.36,0.97,0.96,0.16
1365,137087,,,,,,,,,,,0.49,0.92,0.56,,,,,,,,,,-0.01,,,,-0.16,,,,0.11,,,0.98,0.32,,,,,-0.05,1.0,,,,,,,,0.8,0.95,,,0.51,,,,0.45,,,,0.08,0.2,0.06,0.1,-0.14
1366,137088,,,,,,,-1.22,,,,-0.34,-0.27,-0.5,,,,0.75,,,,,,-0.08,,,,-0.13,,,,1.0,,,0.17,0.27,,,,0.26,,0.34,0.16,,-0.38,,,,,,-1.35,,,0.43,,-1.38,,-0.31,,,,0.45,0.66,0.25,0.36,0.27
1367,137089,,,,,,,,,-0.12,,-0.06,0.22,0.47,,,,0.21,,0.45,,,0.49,0.07,,,,0.19,,0.27,,0.14,,,-0.26,-0.16,,,,-0.15,1.5,0.12,,,,,,,,0.18,-0.04,,,0.22,,,,0.21,,,,0.3,-0.03,-0.26,0.04,-0.02
1368,137090,,,,,,,0.23,,0.3,,-0.42,,-0.81,,,,,,,,,,-0.56,,-0.41,,0.24,,,,-0.25,,,,0.09,,,,,,-0.26,,,-0.02,,,,,0.52,-0.3,,,1.28,,-0.21,,1.09,,,,0.35,0.45,0.4,0.58,1.1
1369,137091,,,,,,,0.32,,,,0.56,,0.52,,,,0.0,,,,,0.15,0.27,,,,0.07,,,0.54,0.35,,0.18,0.37,0.08,,,,,,0.37,0.25,,,,,,,-0.04,0.7,,,0.11,,-0.5,,0.49,0.72,,,0.6,0.8,0.93,1.0,1.07
1370,137092,,,,,,,,,,,-0.53,,0.14,,,,,,,,,,,,,,0.27,,,,-0.11,,,,,,,,,,-0.27,,,0.36,,,,,-0.32,0.07,,,-0.01,,,,-0.06,,,,-0.11,0.13,-0.13,-0.22,-0.82
1371,137093,,,,,,,-0.2,0.1,,,-0.25,0.04,-0.56,,,,,,,,,,-0.09,,,,0.36,,,,0.59,,,-0.07,0.01,,,,,,-0.42,,,-0.16,,,,,,-0.9,,,0.23,,,,0.18,0.48,,,-0.14,-0.42,-0.24,-0.21,0.42
1372,137094,,,,,,,,,,,0.53,-0.04,0.74,,,,0.19,,,,,,0.44,,,,,,,,0.49,,,0.42,0.44,,,,,,1.35,,,-0.19,,,,,,,,,,,,,-0.12,,,,0.0,0.07,0.05,-0.12,-0.88
1373,137097,,,,,,,-0.27,,,,0.2,0.18,-0.17,,,,,,-0.42,,,,0.35,,,0.25,0.44,,,,-0.51,,,,0.23,,,,,,0.4,,,0.26,,,,,-0.57,0.26,,,-0.32,,,,0.36,,,,-0.07,-0.03,0.21,0.27,0.28
1374,137099,,,,,,,,,,,0.47,0.01,0.09,,,,0.03,,0.09,,,,0.29,,,,-0.13,,,,-0.36,,,-0.25,-0.17,,,,,,0.15,0.28,,,,,,,-0.02,0.45,,,0.1,,,,,,,,0.16,0.35,0.05,0.07,-0.32
1375,137100,,,,,,,0.09,,-0.41,,-0.22,,,,,,,,,,,-0.76,,,0.06,,,-0.39,,,,,,,-0.65,,,,-0.44,,-0.51,,,-0.63,,,,,,-1.27,,,0.31,,,,0.11,,,,-0.14,-0.37,-0.39,-0.71,-1.64
1376,137101,,,,,,,-0.81,,,,0.55,0.16,0.2,,,,0.13,,,,,,0.04,,0.42,,0.24,,0.3,,-0.3,,,-0.17,0.62,,,,,,0.58,,,,,,,,1.37,0.02,,,1.16,,,,,,,,0.24,0.06,0.45,-0.01,-0.45
1377,137104,,,,,,,0.11,0.49,0.77,0.48,0.13,0.38,-0.66,,0.19,,,,,,0.51,0.07,,,,0.32,0.36,,0.38,,-0.43,,,,0.11,,,,,,0.49,,,0.32,,,,,,,,,0.02,,0.14,,0.03,-0.74,,,0.7,0.03,0.55,0.15,0.36
1378,137107,,,,,,,,,,,0.5,,-0.22,,,,,,,,,,,,,,,,,,,,,,0.39,,,,,,0.3,,,-0.2,,,,,,,,,,,,,-0.53,,,,0.12,-0.19,-0.24,0.52,-0.83
1379,137110,,,,-0.34,,,,,,,-0.23,-0.24,-0.67,,,,-0.21,,,,,,-0.32,,,,-0.5,,,,0.12,,,-0.44,-0.19,,,,,,-0.93,,,,,,,,,,,,0.35,,,,0.12,,,,-0.35,-0.15,-0.46,-0.35,-0.56
1380,137112,,,,,,,0.61,,,,0.05,-0.01,,,,,,,,,,,,,0.08,,0.3,,,,0.12,,,,0.08,,,,,,-0.27,,,0.29,,,,,,,,,-0.57,,,,-0.22,,,,0.2,0.08,0.03,0.53,-0.85
1381,137117,,,,,,,,,,,-0.27,-0.7,0.02,,,,,,,,,,,,-0.93,,0.26,,,,,,,,0.35,,,,-0.75,,0.2,,,-0.34,,,,,,,,,-0.01,,,,-0.34,,,,-0.83,-0.42,-0.37,-0.45,1.08
1382,137119,,,,-0.05,-1.91,,,,-0.75,,,,,,,,,,,,,,,,,,0.57,,,,,,,,0.13,,,,,,,,,,,,,,,,,,-1.23,,,,-0.73,,,,-0.16,-0.08,-0.15,-0.08,-0.9
1383,137121,,,,,,,,,,,-0.83,-0.14,-0.25,,,,0.11,,,,,,,,,,-0.05,,,,0.06,,,0.35,0.2,,,,,,-0.08,-0.9,,-0.14,,,,,,0.34,,,-0.33,,,,-0.32,,,,0.67,0.44,0.31,0.19,0.4
1384,137123,,,,,,,0.86,,,,-0.06,-0.39,0.09,,,,0.37,,0.03,,,0.24,-0.34,,,,0.43,,,,0.14,,,-0.11,-0.18,,,,,,-0.25,-0.03,,,,,,,-0.52,-0.41,,,0.09,,,,-0.54,,,,0.48,0.63,0.78,0.69,0.56
1385,137124,,,,,,,,,,,-0.18,-0.51,-0.3,,,,,,,,,,,,,,0.36,,,,-0.3,,,0.21,,,,,,,0.09,,,-0.49,,,,,,,,,,,-0.44,,-0.32,,,,-0.18,-0.35,-0.16,0.33,-0.53
1386,137131,,,,,,,-1.19,,,,0.1,-0.78,-0.27,,,,,,-0.42,,,,-0.69,,,0.02,-0.13,,0.23,,0.42,,,-0.33,0.15,,,,,,-0.76,,,,,,,,,,,,0.19,,-0.14,,0.15,,,,0.89,0.39,0.82,0.66,0.73
1387,137133,,,,,-1.48,,0.31,,,,-0.1,-0.53,0.02,,,,-0.94,,,,,,-0.4,,-1.0,,0.25,,,,-0.31,,,-0.51,0.04,,,,,,0.0,-0.47,,-0.4,,,,,,-0.44,,,-0.06,,-0.39,,0.34,,,,0.37,0.26,0.17,0.4,-0.11
1388,137135,,,,,,,,,,,-0.55,,,,,,,,,,,,,,-0.02,,-0.79,,,,-0.01,,,,0.08,,,,,,-0.28,,,,,,,,,-0.23,,,0.0,,,,-0.01,-1.0,,,0.02,-0.06,-0.19,-0.57,-0.03
1389,137138,,,,,,,,,,,-0.18,,,,,,,,,,,,,,,,-0.26,,,,,,,,,,,,,,-0.2,,,-0.37,,,,,,,,,-0.47,,,,-0.84,,,,-0.28,-0.04,-0.32,-0.57,1.99
1390,137139,,0.01,,,,,0.13,,-0.26,,0.29,0.07,0.18,,,,0.36,,-0.28,0.07,0.08,,0.28,,-0.02,-0.25,0.13,,,0.24,0.48,,,0.45,0.06,,,,,,0.01,-0.1,,0.21,,,0.15,,0.05,-0.32,,,0.17,,0.34,,0.01,0.29,,,0.54,0.59,0.63,0.97,-0.02
1391,137140,,,,0.28,,,,,,,0.14,0.18,-0.06,,,,,,,,,,0.54,,0.31,,-0.14,,-0.36,,0.04,,,,0.07,,,,,,0.82,0.63,,,,,,,,0.33,,,0.18,,,,-0.21,-0.4,,,-0.13,0.18,0.03,-0.03,-0.65
1392,137152,,,,,,,,,,,0.32,,0.26,,,,,,,,,0.11,,,,,0.56,,,,,,,,0.15,,,,,,0.87,-1.33,,,,,,,,0.66,,,-0.85,,,,0.17,,,,-0.41,-0.64,-0.75,-1.06,-0.61
1393,137156,,,,-0.26,,,,,-0.61,,-0.35,0.24,-0.69,,,,0.35,,-0.33,1.02,,,-0.06,,-0.88,,0.04,,,,0.39,,,0.44,0.19,,,,,,-0.63,0.04,,-0.47,,-0.75,,,,0.04,,,-0.19,,,,-0.97,-0.61,,,-0.01,-0.01,-0.02,-0.23,0.34
1394,137157,,,,,,,0.22,,,,-0.08,0.42,-0.1,,,,0.24,,,,,,-0.06,,,,0.55,,,0.51,0.32,,,0.06,-0.01,,-0.01,1.19,,,-0.46,-0.43,,,,-0.23,,,-0.31,-0.04,0.04,,,,0.16,,,0.73,,,0.47,0.35,0.6,0.73,0.78
1395,137158,,,,,,,,,,,,,,,,,,,,,,,,,,,,,,,,,,,,,,,,,,,,,,,,,,,,,-0.46,,,,,,,,-0.51,-0.19,-0.63,-0.78,-1.55
1396,137159,,,,,,,,,,,,,-0.32,,,,0.28,,0.04,,,,,,,,-0.55,,,,-0.45,,,,-0.31,,,,,,-0.58,,,,,,,,,-0.03,,,-0.55,,,,,,,,-0.07,0.11,-0.14,0.2,0.33
1397,137160,,,,,,,,-0.05,-0.18,,0.23,-0.03,0.3,,,,0.29,,,,,-0.67,0.41,,,-0.58,,,,,0.02,,,,0.01,,,,0.51,,-0.07,0.33,,,,,,,,0.1,,,-0.61,,,,-0.51,,,,0.02,0.52,0.47,0.22,-0.15
1398,137161,,,,,,,0.35,,,,0.31,0.18,0.29,,,,0.46,,1.32,,,,0.41,,,-0.39,-0.53,,,,-0.45,,,-0.83,-0.36,,,,,,0.19,-0.97,,-0.12,,,,,0.01,0.12,,,0.24,,,,-0.11,,,,0.38,0.29,0.54,0.35,-0.49
1399,137162,,,,,,,,,,,-0.21,-1.26,-0.1,,,,,,,,,,,,,,0.37,,-0.07,,-0.18,,,,,,,,,-0.95,0.31,,,,,,,,-1.18,-1.5,,,0.06,,,,,,,,-0.79,-0.57,-0.83,-0.79,-0.49
1400,137163,,,,,,,0.24,,-0.12,,0.0,0.12,0.37,,-0.44,,0.21,,-0.53,0.47,,-0.47,0.26,0.44,-0.04,,0.17,,-0.5,0.8,-0.14,,,0.31,0.4,0.07,,,0.12,,-0.17,-0.77,,0.51,,,0.64,,-0.1,-0.15,,,0.42,,0.2,,0.15,-0.35,,,0.03,0.43,0.37,0.79,-0.26
1401,137164,,,,,,,,,,,,,,,,,,,,,,,,,,,,,,,,,,,,,,,,,,,,,,,,,,,,,-0.88,,,,,,,,-0.77,-1.17,-0.84,-0.69,-0.92
1402,137166,,,,,,,,,,,0.62,0.44,0.4,,,,0.27,,-0.65,,,,0.28,,,-0.18,0.28,,,,0.23,,,0.43,0.96,,,,,,0.75,0.25,,,,,,,0.62,0.11,,,-0.17,,,,,,,,0.99,1.29,1.15,1.01,1.26
1403,137167,0.06,,,,,,-0.77,,,,-0.29,-0.33,-0.35,,,,,,,,,,,,,,-0.69,,,,0.23,,,,-0.58,,,,-0.83,,-1.07,,,0.14,,,,,,-0.22,,,0.09,,-0.33,,,,,,-0.23,-0.39,-0.33,-0.68,0.12
1404,137169,,,,-0.02,-1.27,,,,-0.59,,-0.22,-0.17,0.25,,,,,,,,,,,,-0.06,0.06,-0.26,,,-0.85,-0.15,,,0.2,0.11,,,,0.46,,-0.31,,,0.22,,,,,0.58,0.2,,,-0.11,,,,,,,,0.17,0.12,0.01,0.04,0.28
1405,137171,,,,,,,0.65,,,,-0.03,0.33,-0.12,,,,-0.21,,0.39,,,-0.94,,,-0.1,,0.01,,,,-0.09,,,,-0.16,,,,0.47,,-0.36,-0.41,,,,,,,0.01,-0.82,,,-0.1,,0.13,,0.0,0.42,,,0.36,-0.16,0.32,0.25,0.26
1406,137176,,,,,,,,,,,,,,,,,,,,,,,,,,0.0,,,,,0.32,,,,,,,,,,-0.43,,,,,,,,,,,,-0.99,,,,,,,,-0.15,-0.15,-0.24,-0.52,-0.86
1407,137177,,,,,,,,,,,0.35,0.54,0.33,,,,,,,,,,,,,,,,,,,,,,,,,,,,0.71,,,,,,,,,,,,0.26,,,,-0.45,,,,1.13,0.42,0.46,0.22,0.45
1408,137178,,,,,,,-0.23,,,,0.26,-0.25,0.19,,0.0,,,,,,,,,,,,-0.44,,,,0.36,,,-0.28,-0.4,,,,,-0.2,0.52,-0.62,,,,,,,,,,,-0.07,,,,0.21,,,,0.92,0.54,0.9,0.7,0.13
1409,137181,,,,,,,,,,,0.12,,0.05,,,,-0.49,-1.34,,,,,-0.38,,,,0.09,,,,0.96,,,-0.3,-0.48,,,,,,-0.07,0.49,,,,,,,,0.46,,,0.06,,,,0.84,,,,0.16,-0.12,-0.19,-0.06,-0.22
1410,137184,,,,,,,,,,,-0.05,,-0.48,,,,,,,,,,,,,,,,,,,,,,,,,,,,,,,,,,,,,,,,0.23,,,,,,,,0.36,0.19,0.04,-0.02,0.87
1411,137188,,,,,,,,,0.1,,0.2,0.46,0.59,,,,0.56,,,,,,,,,,,,,,-0.38,,,,-0.24,,,,,,0.04,,,,,,,,,,,,-0.69,,,,,,,,-0.23,-0.09,-0.47,-0.19,-0.39
1412,137190,,,,,,,,-1.09,,,-0.3,-0.7,-0.02,,,,-0.17,,,,,,-0.92,,,,,,-0.4,,-0.21,,,-0.38,,,,,-0.42,,-0.17,,,0.21,,,,,-0.47,0.09,,,-0.01,,,,,,,,-0.14,-0.05,-0.13,-0.1,-0.03
1413,137198,,,,,,,,,,,0.8,0.65,0.12,,,,,,,,,,-0.15,,,,0.63,,,,,,,,-0.11,,,,,,-0.55,,,0.7,,,,,,,,,-0.34,,,,,,,,0.39,0.15,0.31,0.15,0.63
1414,137199,,,,,,,,,,,-0.47,0.16,-0.97,,,,-0.14,,,,,,-0.29,,,,0.39,,,,,,,0.73,1.53,,,,,,-0.73,,,0.53,,,,,,,,,0.21,,0.46,,0.15,,,,0.19,-0.41,-0.28,-0.39,0.52
1415,137204,,,,,,,,,,,0.33,0.38,0.63,,,,,,,,,,0.69,,,,-0.16,,,,,,,-0.27,,,,,,,0.21,,,-0.44,,,,,,,,,0.69,,,,,,,,0.14,-0.12,-0.29,-0.37,-0.97
1416,137205,,,,,,,,,,,0.04,0.08,,,,,,,0.17,,,,,,,,,,,,-0.78,,,,0.31,,,,,,,,,,,,,,,0.44,,,0.34,,,,-0.27,,,,-0.63,-0.48,-0.22,-0.3,0.06
1417,137206,,,,-0.16,,,,0.73,0.97,,-0.59,,,,,,,,,,,,,,,0.15,,,,,,,,,0.05,,,,0.21,,0.2,,,,,,,,,-0.28,,,-0.48,,,,0.0,,,,-0.09,-0.04,-0.02,-0.03,-0.6
1418,137209,,,,,,,,,,,-0.94,-0.15,-0.43,,,,0.53,,,,,,,,,0.75,,,,,,,,,-0.18,,,,,,-1.06,,,,,,,,,0.24,,,-0.46,,,,0.31,,,,-0.51,-0.4,-0.41,-0.38,-0.08
1419,137213,,,,,,,,,,,-0.16,0.07,0.38,,,,0.12,,0.4,,,,,,,,,,,,0.03,,,,-0.33,,,,,,0.76,,,,,,,,0.22,0.55,,,0.48,,0.08,,-0.66,,,,-0.5,0.27,0.18,0.5,-0.45
1420,137215,,,,,,,0.69,,,,-0.65,0.51,,,,,,,,,,,0.52,,,,0.3,,,,,,,,-0.92,,,,,,-0.28,,,0.33,,,,,,,,,0.14,,,,,,,,-0.32,-0.32,-0.63,-0.83,-1.24
1421,137219,,,,,,,0.06,,,,0.14,0.15,-0.12,,-0.11,,0.69,,,,,,-0.37,,-0.08,,0.2,,,,0.52,,0.46,0.4,-0.07,,,,,,-0.28,-0.25,,,,,,,,-0.08,,,0.31,,0.18,,,,,,1.01,1.09,1.05,0.96,0.98
1422,137221,,,,,,,,,,,0.54,,0.76,,,,0.58,,,,,,-0.06,,,,0.48,,,,-0.04,,,0.4,0.44,,,0.07,,,0.8,0.5,,-0.04,,,,,,0.6,,,0.64,,-0.13,,0.32,,,,0.7,0.71,0.89,0.27,0.24
1423,137224,,,,,,,,,,,,,0.67,,,,,,,,,,,,,,,,,,,,,,,,,,,,-0.79,,,,,,,,,-0.98,,,,,,,,,,,-0.34,-0.53,-0.67,-0.55,0.46
1424,137225,,,,,,,,,,,-0.12,,,,,,,,,,,,0.3,,,,,,,,,,,,,,,,,,-0.37,,,,,,,,,,,,0.02,,,,0.62,,,,-0.06,0.1,-0.04,-0.44,0.45
1425,137227,,,,,,,-0.83,,,,-0.41,-0.08,-0.54,,,,,,,,,,-0.23,,,,-0.16,,,,-0.55,,,-0.91,-0.78,,,,-1.17,,-0.3,-0.55,,-0.04,,,,,-1.8,-0.2,,,-0.37,,0.1,,-1.02,,,,0.52,0.96,0.49,0.33,0.69
1426,137230,,,,,,,0.57,,0.84,,0.38,-0.28,0.79,,,,,,0.04,,,,,,,0.4,0.44,,,,0.49,,,,,,,,,,0.25,,,,,,,,0.15,0.42,,,0.04,,-0.15,,0.1,,,,-0.02,0.06,0.34,0.54,0.57
1427,137233,,,,,,,-0.22,,,,-0.71,-0.43,-0.43,,,,,,,,,,-0.44,,,,-0.08,,0.01,,0.2,,,,0.31,,,,,,-0.73,,,,,,,,,0.0,,,-0.25,,-0.05,,,,,,0.63,0.39,0.75,0.94,0.11
1428,137235,,,,-0.09,,,,,,,0.19,,0.17,,,,0.17,,,,,-0.4,-0.7,,,,0.36,,,0.66,-0.02,,,0.18,-0.1,,,,,,-0.2,-0.43,,,,,,,,-0.18,,,-0.01,,-0.23,,,,,,1.13,0.78,1.15,1.21,1.0
1429,137236,,,,,,,,,-0.52,,0.28,-0.54,-0.16,,,,,,,,,0.27,-0.34,,0.22,,-0.13,,,,0.14,,,,-0.49,,,,,,0.32,,,-0.13,,,,,0.12,-0.12,,,-0.47,,,,0.26,,,,0.16,0.07,0.09,0.32,-0.17
1430,137240,,,,,,,-0.32,,0.06,,0.19,,-0.04,,,,,,,,,,0.18,,,,-0.48,,,,0.68,,,-0.38,0.12,,,,-0.16,,0.44,,,,,,,,0.64,0.45,,,-0.24,,,,,,,,0.01,-0.06,0.06,0.46,-0.14
1431,137241,,,,,,,,,,,-0.04,,-0.43,,,,,,,,,,,,,,-0.02,,,,-0.34,,,,-0.93,,,,,,0.22,,,-0.43,,,,,,,,,-0.04,,,,,,,,-0.17,0.05,-0.16,0.3,-0.44
1432,137243,,,,,,,-0.49,0.91,,,0.28,-0.06,0.04,,,,,,0.47,,,-0.17,-0.21,,0.24,,0.08,,0.32,,0.13,,-0.02,-0.01,0.29,,,,,,-0.22,0.57,,,,,,,,-0.17,,,0.44,,0.03,,,-0.39,,,0.66,0.19,0.36,0.25,-0.58
1433,137248,,,,,,,-0.28,,,,-0.5,,-0.72,,,,,,,,,,,,-0.13,,0.04,,,,,,,,-0.57,,,,,,-1.05,,,,,,,,,-0.4,,,-1.11,,,,-0.36,,,,-0.16,-0.13,-0.03,-0.42,0.61
1434,137250,,,,,,,,,,,-0.37,-0.23,-0.26,,,,-0.25,,,,,,-0.57,,,,-0.28,,,,-0.56,,,,-0.59,,,,-0.59,,-0.48,,,0.07,,,,,,-0.37,,,-0.33,,-0.6,,-0.38,,,,0.91,0.45,0.41,0.55,0.75
1435,137251,,,,,,,,,,,,-1.11,,,,,,,,,,,,,,,,,,,,,,,0.21,,,,,,,,,,,,,,,,,,,,,,,,,,0.05,-0.06,0.09,0.42,1.01
1436,137252,,,,,,,,,,,-0.15,0.34,-0.21,,,,,,-0.44,,,,,,,-0.68,,,,,-0.13,,,,-0.01,,,,,-0.6,1.26,,,,,,,,0.57,0.23,,,-0.15,,,,,,,,-0.28,-0.22,-0.19,-0.1,-0.61
1437,137254,,,,,,,,,,,0.6,-0.31,0.3,,,,,,,,,,,,-0.14,,-0.6,,,,,,,,-0.22,,,,,,-0.56,,,-0.28,,,,,,-0.19,,,0.17,,,,,,,,-0.3,-0.43,0.0,-0.06,-0.76
1438,137259,,,,,,,,,,,-0.18,,-0.96,,,,,,,,,,,,,0.0,,,,,,,,-0.43,-0.28,,,,-0.44,,,,,-0.48,,,,,,,,,0.17,,-0.11,,-0.07,,,,1.03,0.2,0.18,0.54,1.34
1439,137260,,,,,,,,,,,0.11,0.0,0.16,,,,,,-1.33,,,,0.02,,,,0.1,,,,0.07,,,,,,,,,-0.29,-0.02,,,0.11,,,,,,-0.21,,,0.53,,,,0.02,,,,0.11,0.17,0.3,0.27,0.44
1440,137261,,,,,,,,,,,0.72,-0.17,-0.82,,,,-0.43,,,,,,,,,,-0.83,,,,,,,-1.06,,,,,,,0.57,,,0.01,,,,,,,,,-0.53,,,,0.59,,,,0.02,-0.07,0.23,0.27,0.32
1441,137263,,,,,,,,,,,0.28,-0.12,0.03,,,,0.25,,,,,0.35,0.23,0.18,,,0.02,,,,0.11,,,0.67,0.22,,,,0.02,,-0.26,-0.83,,0.23,,,,,-0.48,0.34,,,0.1,,,,0.2,,,,0.03,0.24,0.67,0.53,0.85
1442,137264,,,,,,,,,,,,-0.16,,,,,0.78,,,,,,-0.12,,,-0.27,0.16,,,,,,,,0.16,,,,,,0.06,,,,,,,,-0.47,0.2,,,-0.19,,,,0.3,,,,0.26,-0.06,-0.1,0.2,0.2
1443,137267,,,,,,,0.68,,,,-0.08,0.54,-0.05,,,,0.38,,1.31,,,-0.07,0.81,,0.51,,,,,,-0.08,,,0.23,0.2,,,,,,0.19,,,,,,,,0.08,0.14,,,-0.02,,,,0.16,-0.57,,,0.52,0.48,0.4,1.19,0.78
1444,137270,,,,,,,,0.45,,,-0.12,,-0.17,,,,0.3,,0.29,,,0.08,0.38,,,,0.39,,,0.09,0.16,,,0.56,0.7,,,,,,-0.07,-0.2,,0.2,,0.31,,,0.5,-0.22,,,-0.26,,0.76,,0.98,,,,0.74,0.43,0.76,1.11,0.85
1445,137272,,,,,,,-0.2,0.67,,0.66,-0.59,-0.32,-0.09,,,,-0.61,,,,,,-0.74,,,0.39,-0.79,,,,-0.09,,,-0.35,0.21,,,,,,-0.23,-0.61,,-0.4,,-0.58,,,,-0.41,,,-0.57,,-0.3,,-0.19,,,,0.13,0.21,0.45,0.18,-0.06
1446,137274,,,,,,,,,,,,,,,,,,,,,,,,,,,,,,,-0.82,,,,,,,,,,,,,,,,,,,,,,,,,,,,,,-0.62,-0.46,-0.54,-0.86,-0.81
1447,137280,,,,-0.67,,,,,,,-0.21,,,,,,,,,,,,,,,,0.49,,,,0.02,,,,,,,,,,,,,0.01,,,,,0.02,,,,0.19,,,,-0.77,,,,-0.47,-0.61,-0.43,-0.47,-0.38
1448,137282,,,,,,,,,,,-0.13,-0.71,-0.33,,,,,,,,,,,,,,,,,,,,,,,,,,,,,,,,,,,,,-0.06,,,,,,,,,,,-0.63,-0.29,-0.37,-0.75,-0.28
1449,137285,,,,,,,0.73,,,,-0.82,,-0.41,,,,,,0.3,0.42,,0.1,,,,,-0.19,,,-0.3,0.01,,,0.16,0.36,,,,,,-0.16,0.0,,,,,,,,0.12,,,-0.33,,0.06,,,-0.12,,,0.05,0.23,0.26,0.31,0.97
1450,137287,,,,,,,,,,,0.48,-0.8,-0.75,,,,-0.09,,0.53,,,,,,,,-0.15,,,,0.61,,,-0.29,-0.52,,,,0.49,,-0.92,,,,,,,,,-0.76,,,-0.14,,-0.08,,-0.9,,,,-0.13,-0.15,-0.24,-0.42,0.42
1451,137288,,,,,,,-0.1,,0.3,,0.34,-0.35,-0.07,,-0.88,,,,0.47,,,,0.03,,,,-0.24,,,,0.31,,,-0.1,0.66,,,,,,-0.34,,,0.31,,,,,0.78,-0.39,,,0.23,,0.32,,0.38,,,,0.51,0.33,0.65,0.74,0.97
1452,137289,,,,,,,,,,,0.01,,0.07,,,,-0.12,,,,,,0.24,,0.38,,0.13,,,,0.03,,,,-0.4,,,,,,-0.1,-0.46,,,,,,,,-0.03,,,0.11,,-0.03,,,-0.23,,,0.9,0.8,1.18,1.19,1.25
1453,137294,,,,,,,-0.09,,,,-0.41,0.43,0.0,,,,,,,,,,,,0.13,,0.14,,,,0.22,,,,0.11,,,,,,-0.24,,,-0.31,,,,,0.3,0.36,,,0.32,,,,0.36,,,,-0.13,-0.05,-0.14,-0.15,0.08
1454,137299,,,,,,,0.4,,,,-0.01,-0.23,0.46,,,,,,-0.31,,,,-0.36,,0.46,,-0.05,,,,-0.56,,,0.19,-0.05,,,,,,0.85,0.46,,,,,,,,-0.09,-0.28,,-0.38,,0.0,,0.08,-0.27,,,0.63,1.06,0.7,0.77,0.19
1455,137302,,,,,,,0.09,,,,0.01,,-0.14,,,,0.34,,0.11,,,,-0.26,,,,-0.15,,,,-0.64,,,,-0.17,,,,,-0.35,-0.31,-0.46,,,,,,,-0.24,-0.43,,,0.02,,,,,-0.24,,,0.78,1.27,1.41,1.27,0.74
1456,137305,,,,,-2.01,,-1.41,,-1.22,,0.32,0.07,0.19,,,,,,,,,,-0.53,,,,-0.29,,,,-0.51,,,-0.46,0.05,,,,-0.11,,-0.13,,,-0.46,,,,,,0.25,,,-0.59,,-0.54,,,,,,0.04,0.01,0.35,0.19,0.06
1457,137306,,,,,,,,,,,0.8,,1.32,,0.46,,,,,,,,,,-0.1,,-0.5,,,,-0.14,,,,0.25,,,,,,0.66,,,,,,,,,0.16,,,,,,,0.01,-1.07,,,-0.69,-0.53,-0.36,-0.53,-1.08
1458,137308,,,,,,,0.53,,,,0.3,,0.05,,,,0.63,,,,,,0.28,,-0.07,,-0.14,,,-0.26,0.59,,,0.19,0.08,,,,,,0.22,-0.11,,,,,,,0.57,0.21,,,0.06,,-0.15,,0.59,-0.38,,,0.15,0.3,0.73,0.73,0.33
1459,137309,,,,0.48,,,,,,,0.33,0.08,0.41,,,,,,,,,0.26,-0.02,,,,,,,,0.77,,,0.78,0.44,,,,,,0.36,0.58,,,-0.49,,,,,0.51,,,0.25,,-0.2,,0.32,,,,0.27,0.31,0.43,1.51,1.33
1460,137310,,,,,,,,,,,0.06,-0.33,-0.3,,,,0.5,,,,,,,,-0.73,,-0.08,,-0.18,,-0.21,,,-0.58,-0.45,,,,,,-0.22,,,-0.51,,,,,,0.31,,,-0.32,,-0.06,,0.04,,,,0.32,0.56,0.3,-0.09,1.02
1461,137312,,,,,,,,-0.19,,,0.03,-0.16,-0.29,,-0.91,,,,,,,,-0.84,,,,,,,,0.03,,,-0.08,0.38,,,,,,-0.78,,,,,,,,,,,,-0.08,,0.11,,,,,,0.88,0.21,0.29,0.68,-0.37
1462,137313,,,,,,,-0.08,,-0.69,,-0.1,-1.05,-0.52,,,,,,,,,,,,,,0.44,,,,-0.62,,,-0.11,-0.5,,,,,,0.01,-1.07,,,,,,,,-0.69,,,-0.88,,,,-1.49,,,,0.33,0.65,0.51,0.59,-0.82
1463,137319,,,,,,,-0.12,,-0.02,,-0.24,0.33,-0.77,,,,,,,,,-0.15,,,0.24,,0.16,,,,0.41,,,0.86,0.19,,,,,,-0.69,,,,,,,,,-0.51,,,0.42,,,,-0.05,,,,-0.15,-0.21,-0.21,0.16,-0.23
1464,137321,,,,,,,,,,,,,,,,,,,,,,,,,,,,,,,0.26,,,,,,,,,,,,,,,,,,,,,,-0.97,,,,-0.12,,,,-0.73,-0.2,-0.35,-0.32,0.23
1465,137339,,,,0.37,,,,,0.52,,0.06,-0.04,-0.42,,-0.22,,,,,-0.25,,,-0.28,,,,0.21,,0.02,0.18,0.27,,,0.52,-0.12,,,,,,-0.51,,,,,,,,0.21,-0.37,,,-0.08,,,,0.43,0.98,,,0.68,0.1,0.48,0.72,0.96
1466,137343,,,,,,,,,,,,,,,,,,,,,,-0.1,,,,,0.5,,,,-0.09,,,,0.32,,,,0.25,,0.71,,,0.34,,,,,,-0.12,,,0.04,,,,0.04,,,,0.25,0.35,0.15,0.91,0.81
1467,137344,,,,,,,0.62,,,,0.12,0.48,0.59,,,,0.53,,,,,,0.18,,,,0.59,,,0.46,-0.01,,,0.63,0.47,,,,,0.34,0.29,0.3,,0.25,,,,,0.89,0.29,,,0.19,,,,,0.59,,,0.47,0.44,0.72,0.53,0.2
1468,137345,,,,,,,,,,,-0.25,-0.06,-0.14,,,,,,,,,-1.09,-0.04,,,,0.88,,,,-0.02,,,,-0.55,,,,0.04,,-0.73,,,,,,,,,,,,-0.1,,0.35,,0.21,-0.44,,,0.33,0.0,-0.07,0.11,1.23
1469,137346,,,,,,,,,,,-0.37,,-0.23,,,,,,,,,,,,,,,,,,,,,,,,,,,,,,,,,,,,,,,,0.21,,0.34,,,,,,1.01,-0.02,0.16,0.3,0.51
1470,137349,,,,0.07,,,,,,,0.42,0.38,0.23,,,,,,1.15,-0.14,,0.15,0.38,,0.18,,-0.38,,,,0.12,,,-0.22,-0.05,,,,,,0.88,,,,,,,,-0.38,0.66,,,0.04,,0.47,,0.05,,,,0.06,0.27,0.13,0.29,1.37
1471,137352,,,,-0.56,,,,,,-0.56,-0.48,,,,,,-0.44,,-0.03,,,-0.57,-0.33,,0.11,,-0.82,,,,-0.2,,,,-0.02,,,,,,-0.15,,,-0.16,,,,,,-0.89,,,-0.54,,-0.65,,-0.05,,,,0.43,0.75,0.68,0.6,0.05
1472,137353,,,,,,,-0.29,,,,-0.27,,0.07,,0.3,,,,,,0.53,0.41,-0.34,,,,-0.15,,,-0.03,0.02,,,0.43,-0.13,,,,,,-0.5,-0.46,,-0.02,,0.75,-0.15,,,-0.38,,,0.03,,0.6,,0.06,-0.35,,,0.57,0.18,0.25,0.66,1.28
1473,137355,,,,0.84,,,,0.72,0.43,,-0.11,0.3,0.56,,,,,,0.06,,,0.42,0.1,,,,-0.26,,,,0.16,,,,0.42,,,,,,0.21,,,0.55,,,,,-0.78,-0.13,,,-0.14,,0.36,,0.01,,,,0.25,0.4,0.68,0.7,0.18
1474,137356,,,,,,,,,,,-0.16,-0.38,,,,,-0.09,,,,,,,,,,0.26,,,,-0.3,,,,0.2,,,,,,-0.06,,,,,,,,,,,,,,,,,,,,-0.77,-0.58,-0.78,-1.16,-0.91
1475,137357,,,,,,,0.56,,,,0.36,,0.42,,,,,,0.96,,,,,,,,-0.38,,,-0.65,-0.11,,,,0.13,,,,,,0.62,0.87,,-0.29,,,,,0.12,0.59,,,0.0,,,,-0.46,,,,-0.09,0.37,0.61,0.66,0.81
1476,137360,,,,,,,0.14,,,-1.57,0.28,0.49,0.26,,,,0.49,,-0.45,,,,,,0.36,,-0.3,,,,0.29,,,,0.28,,,,,,0.22,0.29,,0.03,,,,,-0.35,0.37,,,-0.27,,-0.48,,0.05,,,,0.14,0.31,0.02,0.46,-0.23
1477,137361,,,,,,,,,,,0.31,,-0.08,,,,,,,,,,,,,,0.06,,0.91,,,,,,,,,,,,,,,,,,,,,,,,-0.22,,,,0.26,,,,0.61,0.14,0.06,0.45,0.78
1478,137369,,,,0.1,,,,,,,0.25,,-0.16,,,,,,0.69,,,0.3,,,0.18,,-0.51,,,,-0.42,,,,-0.11,,,,-0.33,,-1.01,,,-0.18,,,,,,-0.7,,,-0.4,,,,-0.29,,,,-0.2,-0.19,-0.05,0.25,0.15
1479,137375,,,,,,,0.42,,,,-0.05,,-0.03,,,,0.02,,,,,,0.13,,,,-0.04,0.37,0.41,,0.46,,,0.89,-0.62,,,,,,0.06,,,,,,,,,0.1,,,0.13,,-0.03,,0.23,,,,0.13,0.09,0.64,0.41,1.98
1480,137376,,,,,,,0.19,,0.31,0.17,0.02,,-1.7,,,,,,,,,,,,,0.1,,,,,0.34,,,-0.52,-0.84,,,,0.18,,-1.04,,,0.11,,,,,,,,,-0.57,,,,-0.85,,,,-0.1,0.12,0.08,0.26,0.48
1481,137377,,,,,,,,,,,,,,,,,,,,,,,0.25,,,,-0.38,,,,,,,,,,,,,,0.2,,,,,,,,,-0.33,,,-0.33,,-0.75,,-0.36,,,,0.27,0.16,-0.17,-0.54,-0.51
1482,137379,,,,,,,,,,,-0.27,-0.18,-0.94,,,,,,,,,,,,,,0.64,,,,,,,,,,,,,,-0.52,,,,,,,,,,,,-0.35,,,,0.02,0.42,,,0.98,0.77,0.78,0.85,1.4
1483,137382,,,,,,,-0.14,,,,-0.06,-0.19,-0.19,,,,,,0.11,,,,0.4,,,,-0.23,,,,0.44,,,0.21,0.32,,,,,,0.39,,,-0.26,,,,,,-0.21,,,0.25,,,,-0.05,,,,-0.31,-0.02,0.24,0.71,-0.24
1484,137383,,,,,,,,,,,0.47,0.49,0.52,,,,-0.18,,-0.44,,,,,,0.07,,-0.15,,,,-0.22,,,,-0.78,,,,0.13,,0.74,,,,,,,,,0.56,,,0.52,,,,0.66,,,,-0.02,0.58,0.25,-0.01,0.12
1485,137384,,,,,,,,,,,,-0.51,,,,,,,,,,,,,,,,,,,,,,,,,,,,,,,,,,,,,,,,,0.37,,,,0.11,,,,-0.15,-0.55,-0.61,-0.53,1.18
1486,137386,,,,-0.69,,,,,,,0.25,-0.11,0.17,,,,-0.24,,,,,,-0.1,,,,0.21,,1.07,0.41,0.89,,,0.02,0.11,,,,,,-0.06,0.48,,0.6,,,,,0.21,0.1,,,0.11,,-0.79,,0.43,-0.28,,,0.18,0.27,0.44,-0.01,-0.09
1487,137387,,,,,,,,,,,0.08,-1.06,,,,,-0.18,,,,,,,,,,,-0.43,,,-0.65,,,-0.87,-0.26,,,,,,-0.39,,,,,,,,-1.1,-0.33,,,-0.57,,,,-0.23,,,,-0.05,0.06,0.15,-0.18,-0.2
1488,137388,,,,,,,,,,,0.57,-0.17,0.34,,,,,,,,,,-0.11,,,,,,,,,,,-0.06,,,,,,,0.4,0.04,,,,,,,0.61,0.13,,,0.01,,,,0.44,,,,0.93,0.8,0.61,0.69,0.45
1489,137389,,,,-0.52,,,,,,,0.07,-0.58,-0.13,,,,,,,,,,-0.2,,,,-0.69,,,,,,,-0.18,-0.02,,,,,,-0.65,,,,,,,,,,,,-0.2,,,,-0.28,,,,0.72,-0.07,0.3,0.75,-0.5
1490,137407,,,,,,,,,-0.67,,0.1,-0.86,-0.51,,,,-0.53,,,,,-0.85,0.1,,,,-0.71,,-0.11,,-0.01,,,-0.07,-0.16,,,,,,-0.33,,,,,,,,-0.18,-0.26,,,0.16,,0.15,,-0.04,-1.09,,,0.24,-0.14,0.29,0.34,0.46
1491,137409,,,,,,,,,,,-0.1,0.1,-0.14,,,,-0.23,,0.08,,,,0.57,,-0.26,,0.01,,,,0.12,,,-0.29,-0.17,,,,,,-0.19,0.17,,-0.4,,-1.21,,,0.22,-0.38,,,-0.16,,-0.41,,-0.61,,,,0.16,0.43,0.27,0.44,0.34
1492,137418,,,,,,,,,,,-1.24,,-1.49,,,,,,,,,,-0.24,,,,-0.48,,,,,,,-0.75,-0.39,,,,,,-1.15,,,,,,,,,,,,-0.62,,-0.13,,-0.2,,,,0.99,0.48,0.79,0.94,0.46
1493,137421,,,,,,,-0.48,,,0.02,-0.14,0.32,-0.9,,,,-0.75,,-1.41,,,,0.18,,-0.41,0.03,,,,,-0.36,,,-0.87,-0.29,,,,-0.05,,-0.6,,,,,,,,-0.72,-0.8,,,0.0,,-0.81,,-0.26,,,,-0.22,-0.27,-0.2,-0.19,-1.05
1494,137423,,,,,,,-0.5,,,,0.4,-0.18,0.44,,-0.17,,0.05,,0.56,,,-0.11,-0.21,,,,-0.04,,,,-0.21,,-0.43,-0.11,-0.33,,,-0.57,,,0.0,-0.17,,,,,-0.45,,0.45,-0.22,,,0.39,,0.68,,,,,,0.63,0.95,1.02,0.58,-0.11
1495,137424,,,,,,,-0.78,,-0.87,,-0.1,-0.43,-0.42,,,,,,,,,,,,,,-0.47,,,,,,,,-0.41,,,,,,,,,,,,,,,,,,0.15,,,,0.19,,,,0.25,-0.06,0.19,0.11,0.46
1496,137436,,,,,,,-0.13,,,,0.52,-0.03,0.69,,,,,,,,,-0.97,0.24,,,0.62,0.64,,0.13,,-0.12,,,0.51,0.38,,,,,,-0.21,,,,,,,,-0.04,0.8,,,,,,,,,,,0.51,0.13,0.27,0.39,-0.36
1497,137440,,,,,,,0.81,,-0.15,,0.82,-0.1,0.59,,,,-0.36,,-0.5,,,,-0.23,,0.12,,0.52,,-0.08,-0.12,-0.14,,,-0.55,0.13,,,,,,0.41,-0.23,,0.49,,,,,,0.32,,,0.01,,-0.54,,-0.24,0.16,,,0.05,0.37,0.33,-0.17,0.79
1498,137442,,,,,,,-0.4,,-0.6,,-0.17,0.29,-0.08,,,,,,,,,,-0.47,,,,0.29,,,,0.21,,,0.52,-0.11,,,,,,-0.73,,,,,,,,,,,,0.25,,0.4,,0.66,,,,1.03,0.34,0.73,1.01,1.56
1499,137446,,,,,,,,,,,0.02,0.37,-0.09,,,,-0.03,,-0.28,,,,0.39,,,,-0.14,,,,-0.69,,,0.2,0.14,,,,,,-0.06,-0.13,,,,,,,,-0.01,,,-0.42,,0.15,,-0.65,,,,0.08,0.6,0.92,0.38,0.24
1500,137447,,,,,,,0.17,,0.81,,0.77,,0.76,,,,,,0.21,,,,,,,,0.29,,,,-0.57,,,,0.88,,,,,,-0.08,,,-0.06,,,,,,-0.11,,,0.32,,0.52,,0.29,,,,-0.45,-0.08,-0.39,-0.54,-0.88
1501,137449,,,,0.02,,,,,0.24,,0.27,0.17,,,,,,,,,,,,,0.18,,0.64,,,,-0.07,,,0.01,-0.09,,,,,,-0.54,,,,,,,,,0.02,,,0.26,,,,0.37,,,,-0.15,-0.04,0.12,-0.01,-0.21
1502,137452,,,,-0.68,,,,,,,0.0,0.3,-0.1,,,,-0.02,,,,,,-0.24,,,,0.2,,,0.0,0.24,,,0.2,-0.38,,,,,,0.01,0.17,,,,,,,0.37,0.11,,,-0.12,,-0.42,,,,,,0.39,0.63,0.89,0.47,0.51
1503,137453,,,,,,,,,,,-0.76,,,,,,,,,,,,,,-0.21,,,,,,,,,,,,,,,,,,,-0.35,,,,,,,,,-0.15,,,,,,,,0.87,0.54,0.3,0.69,-0.53
1504,137456,-0.09,,,,,,,,,,-0.25,-0.73,-0.77,,,,-0.34,,,,,,-0.41,,,,-0.79,,,,,,,,-1.01,,,,-0.71,,-0.21,,,-0.45,,,,,,-0.94,,,-0.24,,,,-0.26,,,,-0.36,-0.33,-0.52,-0.5,-0.6
1505,137457,,,,,,,,,,,0.06,-0.09,0.51,,,,0.3,,0.38,,,,,,0.16,,-0.25,,,,0.17,,,,-0.11,,,,0.25,,-0.38,0.3,,,,,,,,0.03,,,-0.45,,,,-1.23,,,,-0.17,-0.2,-0.12,0.12,0.2
1506,137458,,,,,,,,,0.04,,-0.35,,-0.82,,,,,,,,,-0.11,,,,,-0.48,,-0.79,,-0.23,,,,,,,,,,-0.94,,,,,,,,,,,,,,,,-1.27,,,,-1.06,-1.04,-1.17,-1.27,-0.77
1507,137461,,,,,,,-0.25,-0.13,,,0.17,-0.38,0.51,,,,1.02,,0.26,,,,0.34,,,,-0.1,,-0.34,,-0.2,,,0.34,0.14,,,,,,0.57,,,,,,,,-0.46,1.08,,,-0.49,,,,0.14,,,,0.0,0.47,0.27,0.24,-0.66
1508,137462,,,,,,,0.92,,,,0.31,0.26,0.11,,,,-0.28,,,,,,-0.09,,,,0.09,,-0.12,,0.59,,,,0.45,,,,,,0.48,,,,,,,,,-0.04,,,-0.48,,-0.13,,0.11,,,,-0.16,0.2,-0.14,-0.09,-0.63
1509,137465,,,,,,,-0.52,-0.54,-0.82,,-0.24,0.05,0.11,,0.0,,0.17,,,,,-0.31,0.15,,-0.32,,-0.03,,0.06,,0.12,,-0.15,-0.48,-0.14,,,,-0.22,,-0.05,-0.61,,-0.14,,-0.07,-0.8,,0.15,0.03,,,0.04,,,,0.29,0.72,,,0.33,0.3,0.51,0.67,-0.06
1510,137474,,,,-0.12,,,,,-0.08,,0.42,,0.03,,,,0.31,,0.14,,,,,,,,-0.07,,0.11,,0.43,,,0.25,0.12,,,,,0.13,-0.19,0.29,,,,,,,,0.52,,,0.11,,,,-0.03,-0.42,,,0.24,0.07,0.42,0.66,-0.34
1511,137475,,,,-0.05,,,0.62,,0.59,,0.32,-0.65,-0.04,,,,,,,,,,,,0.61,,0.94,,0.37,,-0.12,,,0.15,-0.08,,,,,,-0.01,0.0,,-0.43,,0.11,0.74,,0.05,0.36,,,-0.14,,-0.4,,0.15,,,,0.02,0.33,0.39,0.23,-0.25
1512,137476,,,,,,,,,,,0.08,0.37,0.19,,,,,,0.16,,,,-0.1,,0.24,,0.38,,,,0.06,0.77,,0.14,0.41,,,,-0.66,,0.17,-0.43,,,,,,,,0.2,,,-0.4,,,,,-0.72,,,0.21,0.28,0.25,0.26,-0.63
1513,137484,,,,,,,,0.32,-0.07,,-0.7,0.31,-0.15,,,,,,,,,-0.41,,,,-0.16,-0.4,,0.34,,-0.46,,,,-0.12,,,,,,0.14,,,0.12,,,,,0.38,0.08,,,-1.36,,,,,,,,-0.36,-0.37,-0.51,-0.14,-0.53
1514,137491,,,,,,,,,,,-0.15,0.2,0.98,,,,0.34,,0.09,,,-1.09,-0.17,,0.2,,,,,,-0.26,,,-0.1,-0.2,,,,0.76,,0.48,0.28,,,,,,,-0.25,0.07,,,-0.28,,-0.43,,,,,,-0.14,0.51,0.31,0.55,0.08
1515,137514,,,,,,,,,,,-0.8,,,,,,,,,,,,,,,,0.81,,,,-0.28,,,,0.21,,,,,,-0.51,,,-1.27,,,,,,-0.87,,,-0.11,,,,0.41,,,,0.08,-0.13,-0.06,0.31,0.6
1516,137515,,,,,,,,,,,0.15,,-0.1,,,,-0.25,,,,,,-0.01,,-0.01,,0.12,,,,0.06,,,,0.39,,,,,,-0.06,0.34,,,,,,,,-0.14,,,0.16,,0.09,,,,,,0.94,0.52,1.09,1.19,1.03
1517,137520,,,,,,,,,,,-0.65,,,,,,,,,,,,,,,,-0.1,,,,,,,-0.62,,,,,,,,,,,,,,,,,,,-0.83,,,,,,,,-0.75,-0.64,-1.03,-1.45,-2.11
1518,137523,,,,,,,-0.11,,,,0.2,-0.25,0.08,,,,,,,,,,,,0.19,,-0.07,,,,-0.16,,,,0.12,,,,,-1.04,-0.06,-0.6,,,,,,,-0.22,-0.05,,,-0.62,,,,,,,,0.05,0.68,0.6,0.28,0.24
1519,137531,,,,,,,0.18,,0.17,,-0.15,-0.21,-0.07,,0.3,,-0.49,,-1.03,,,-0.13,0.19,,,,0.16,,,0.3,-0.3,,,-0.18,0.2,,,,,0.17,0.42,0.89,,0.08,,-0.18,,,,0.25,,,0.48,,0.66,,-0.13,0.19,-0.58,,0.69,0.93,0.76,0.93,0.99
1520,137532,,,,,,,1.06,,0.68,,-0.54,0.41,0.11,,,,0.11,,0.06,,,-0.5,-0.11,,,,-0.13,,,,-0.71,,,,-0.19,,,,,,-0.19,-0.29,,0.51,,,,,-0.42,-0.12,,,-0.28,,0.21,,-0.07,,,,0.25,0.36,0.1,-0.01,-0.47
1521,137533,,,,,,,,,,,-0.77,,-0.77,,,,,,,,,,,,,,,,,,-0.24,,,,0.0,,,,,,-0.65,,,,,,,,,-0.41,,,-0.25,,,,-0.69,,,,-0.64,-0.62,-0.79,-0.8,-1.54
1522,137539,,,,,,,,,,,0.62,0.09,0.22,,,,,,,,,,0.36,,,,,,,,,,,-0.18,0.4,,,,,,0.86,0.55,,,,,,-0.47,,0.98,,,0.57,,0.23,,,,,,0.45,1.2,1.24,0.59,1.86
1523,137546,,,,,,,0.46,0.47,0.23,,-0.1,-0.91,0.07,,,,-0.48,,,,,,-0.23,,,,0.03,,-0.02,0.4,0.11,,-0.06,-0.15,0.25,,,,,,0.01,-0.02,,,,-0.74,0.03,,,-0.06,,,0.02,,0.02,,-0.32,-0.07,,,1.14,0.73,0.93,1.17,1.18
1524,137548,,,,,,,0.55,,,,-0.63,-0.02,-0.53,,,,,,,,,,,,,,-0.47,,,,-0.36,,,,-0.79,,,,,,-1.04,,,,,,,,0.36,-1.03,,,-0.67,,,,0.38,,,,-0.13,-0.07,0.09,0.07,-0.01
1525,137549,,,,,,,-1.04,,,,-0.55,-0.18,,,,,-0.09,,,,,-0.68,-0.25,,,,-0.4,,,,-0.45,,,0.23,0.35,,,,1.13,,0.42,,,-0.14,,,,,,,,,0.45,,0.02,,-0.05,,,,1.14,1.08,0.7,1.02,0.39
1526,137553,,,,,,,,,,,0.43,0.21,0.59,,,,,,,,,,,,,,,,,,,,,,0.26,,,,,,0.09,,,,,,,,,,,,1.02,,,,,,,,-0.09,-0.26,0.0,0.27,0.53
1527,137558,,,,,,,0.37,,,,0.18,0.24,-0.34,,,,0.35,,,,,0.25,-0.14,,0.08,,0.38,,0.23,,0.37,,,-0.03,0.56,,,,,0.88,0.58,0.58,,0.4,,,,,,0.71,,,0.41,,,,0.21,,,,-0.09,0.21,0.36,-0.03,1.09
1528,137564,,,,,,,,,,,0.15,0.29,0.38,,,,-0.09,,-0.03,,,,0.31,,,,0.55,,,,-0.17,,,-0.05,0.42,,,,,,0.28,0.58,,0.1,,,,,0.27,0.32,,,-0.26,,,,-0.07,,,,0.54,0.79,0.87,0.43,0.14
1529,137567,,,,,,,,,,,-0.79,,-1.07,,,,,,,,,,,,,,,,,,,,,,,,,,,,-0.01,,,,,,,,,,,,,,,,,,,,,,,,
1530,137572,,,,,,,,,,,-0.05,,-0.67,,,,,,,,,,,,0.73,,-0.77,,,,-0.05,,,,0.17,,,,,,-0.45,,,,,,,,,-0.42,,,0.45,,,,0.11,,,,0.25,0.24,0.25,0.71,0.75
1531,137581,,,,,,,,,,,-0.69,-0.57,,,,,,,,,,,,,,,,,,,0.03,,,,,,,,0.14,,,,,,,,,,,,,,0.27,,,,0.46,,,,-0.14,-0.35,-0.3,-0.06,0.22
1532,137595,,,,,,,,,,,0.43,-0.64,0.0,,,,,,,,,,,,,,0.49,,,,0.54,,,-0.34,,,,,,,0.51,,,-0.75,,,,,,,,,-0.01,,-0.29,,,,,,-0.26,-0.48,-0.54,-0.39,0.91
1533,137598,,,,,,,,,,,-0.55,,,,,,,,,,,,,,,,,,,,,,,,-0.96,,,,,,-1.36,,,,,,,,,,,,-1.18,,,,-0.96,,,,-0.9,-0.6,-0.37,-0.97,-0.39
1534,137603,,,,-0.5,,,,,-0.87,,-0.15,,0.7,,,,-0.01,-0.36,,,,,-0.37,,-0.15,,-0.68,,,,-0.13,,,0.33,0.12,,,,,,-0.13,-0.26,,,,,,,,-0.36,,,-0.89,,,,-0.35,-0.99,,,-0.43,0.28,-0.68,-0.15,0.47
1535,137606,,,,,,,,,0.3,,0.65,,0.29,,,,0.45,,-0.39,,,,,,-0.02,,-0.29,,,,-0.69,,,,-0.38,,,,-0.57,,0.23,,,,,,,,0.07,0.01,,,-0.16,,,,-0.1,,,,-0.38,0.18,0.23,0.22,1.0
1536,137609,,,,,,,,,,,-0.18,-0.37,-0.15,,,,-0.01,,,,,,,,-0.31,,-0.07,,0.53,-1.09,-0.25,,,,-0.04,,,,,,-0.61,,,-0.48,,,,,,,,,-0.08,,,,0.23,,,,0.14,-0.21,-0.13,-0.33,1.17
1537,137612,,,,0.35,,,,,0.59,,,-0.26,-0.26,,,,0.9,,,,,,-0.19,,,,-0.45,,,,0.16,,,,0.0,,,,,,0.65,,,-0.09,,,,,,-0.02,,,,,,,,,,,-0.28,-0.13,-0.35,0.18,-0.94
1538,137613,,,,,,,,,,,0.44,0.58,,,,,,,,,,,,,-0.08,,-0.41,,,,,,,,-0.67,,,,,,-0.15,,,1.01,,,,,,0.3,,,0.0,,,,0.07,,,,-0.01,-0.52,-0.56,-0.03,0.17
1539,137614,,,,,,,,,,,0.18,0.06,0.88,,,,,,0.04,,,,-0.79,,0.32,,-0.11,,,,-0.33,,,-0.21,0.3,,,,,,-0.01,-1.13,,,,,,,,0.39,,,-0.05,,,,-0.48,,,,-0.09,-0.13,-0.26,-0.34,-0.16
1540,137621,,,,,,,,,-0.12,,,-0.59,,,,,,,,,,,,,,,0.04,,,,-0.13,,,,0.1,,,,,,-0.95,,,,,,,,,,,,-1.03,,,,-0.33,,,,-0.31,-0.1,-0.14,0.09,-1.23
1541,137622,,,,,,,0.37,,0.73,0.13,-0.73,-0.44,-0.53,,,,-0.19,,-0.43,,,,,,-0.23,,0.04,,,-0.24,0.06,,,,-0.15,,,,-0.8,,0.3,0.34,,0.24,,,,,-0.39,-0.6,,,0.39,,-0.75,,-0.13,-0.12,,,0.25,0.33,0.04,0.27,-0.15
1542,137625,,,,-0.38,,,,,,,-0.1,0.12,-0.32,,,,-0.63,,,,,,0.62,,0.51,,0.26,,-0.3,,0.4,,,0.15,0.22,,,,,,0.32,-0.61,,,,,,,,-0.2,,,0.2,,0.68,,0.55,,,,0.14,-0.25,0.18,0.52,-0.23
1543,137627,,,,,,,,,,,-0.31,-0.17,-0.35,,,,-0.46,,,,,,,,0.1,,-0.23,,,,-0.23,,,-0.54,-0.09,,,,0.22,,-0.29,-0.71,,,,,,,,-0.05,,,0.13,,-0.11,,-0.25,,,,-0.02,0.14,0.35,0.66,1.9
1544,137628,,,,,,,,,,,-0.02,,-0.64,,,,,,,,,,,,0.23,,-0.38,,,,0.39,,,,-0.26,,,,,,-0.77,,,0.41,,,,,0.02,,,,0.33,,0.01,,0.2,,,,0.07,-0.07,0.09,-0.1,-0.09
1545,137632,,,,,,,,,,,,-0.65,,,,,,,-0.58,,,,,,,,-0.49,,,,-0.71,,,,-0.36,,,,,,-0.07,,,,,,,,,,,,,,,,0.07,,,,0.0,0.29,-0.21,0.13,-0.38
1546,137633,,,,,,,0.88,,0.73,,-0.43,0.4,0.45,,,,0.61,,0.3,,,-1.01,0.26,,,,0.2,,,,,,,,-0.24,,,,,,0.31,0.34,,0.21,,,,,-0.3,-0.34,,,0.03,,,,0.06,,,,1.1,1.02,0.62,0.94,1.05
1547,137634,,,,,,,,,,,0.21,0.15,-0.38,,,,,,,,,-0.3,,,,,-0.63,,0.6,,0.63,,,,-0.26,,,,,,0.11,,,0.49,,,,,,0.26,,,-0.06,,0.19,,-0.35,,,,0.88,0.49,0.77,0.92,0.33
1548,137635,,,,,,,,,0.35,,0.3,0.22,-0.21,,,,0.46,,0.08,,,,0.0,,,,-0.37,,,,0.37,,,0.07,-0.18,,,,,,0.29,-0.03,,0.01,,,,,-0.18,-0.66,,,-0.22,,,,,,,,0.47,0.37,0.02,0.16,0.68
1549,137637,,,,,,,,,,,-0.38,,,,,,0.84,,-0.71,,,,0.32,,,,0.36,,0.64,,-0.26,,,,0.51,,,,,,0.48,,,,,,,,,0.41,,,0.14,,,,0.02,,,,-0.34,0.14,-0.18,-0.22,0.01
1550,137638,,,,,,,0.1,,,,-0.54,-1.15,-0.75,,,,,,,,,,,,,,,,,,-1.49,,,,-0.34,,,,,,-1.07,,,,,,,,,,,,-0.31,,,,-0.57,,,,-0.16,-0.34,-0.43,-0.49,1.37
1551,137640,,,,,,,-0.26,,-1.08,,-0.02,0.43,0.01,,,,0.55,,0.05,,,0.23,0.28,,,,-0.33,,0.42,-0.3,0.21,,,-0.49,0.14,,,,,,0.16,-0.45,,0.22,,,,,0.3,0.61,,,0.47,,,,0.48,,,,-0.28,0.0,0.28,0.18,0.03
1552,137645,,,,,,,,,,,-0.48,,0.08,,,,,,,,,,-0.47,,,,0.49,,,,,,,-0.95,0.11,,,,,,-0.36,,,,,,,,,0.96,,,-0.74,,0.32,,0.48,,,,-0.08,-0.15,-0.04,-0.55,-0.13
1553,137650,,,,,,,-0.32,,-1.79,,-0.98,0.08,,,,,,,,,,,,,-0.28,,-0.52,,,,-0.01,,,,-0.1,,,,,,-0.07,,,,,,,,,0.34,,,-0.44,,,,,,,,-0.41,-0.13,-0.21,-0.01,0.21
1554,137667,,,,,,,,,-0.5,,0.5,-0.53,-0.56,,,,,,,,,,,,,,0.04,,,,0.17,,,,0.05,,,,,,0.23,,,,,,,,,,,,0.14,,-0.49,,-0.37,,,,0.8,0.28,0.39,1.27,0.06
1555,137673,,,,,,,,,,,-0.31,0.67,-0.44,,-0.39,,0.04,,,,,,,,,,-0.37,,,,,,,,,,,,-0.2,,-0.63,,,,,,,,,,,,,,-0.01,,0.4,,,,-0.33,-0.57,-0.43,-0.04,0.9
1556,137678,,,,,,,-0.14,,0.17,,0.22,-0.08,0.44,,,,0.21,,,,,,-0.39,,,-0.42,,,,,-0.05,,,,,,,,,0.88,0.29,,,,,,,,-0.15,-0.05,,,-0.25,,,,0.24,,,,0.27,0.34,0.06,0.27,0.07
1557,137685,,,,,,,,,,,-0.14,-0.38,-0.07,,,,1.07,,,,,,-0.39,,0.22,,0.27,,,,0.1,,,0.21,0.13,,,,,,0.32,0.23,,-0.81,,,,,,0.22,,,-0.38,,-0.5,,-0.27,,,,0.23,0.39,0.33,0.11,-0.27
1558,137687,,,,,,,0.67,,,,0.08,,,,,,,,,,,,,,,,-0.38,,,,,,,,,,,,,,-0.87,,,,,,,,,-1.25,,,0.1,,,,-0.4,,,,-0.87,-0.52,-0.7,-1.11,-0.73
1559,137695,,,,,,,,,,,-0.37,-0.79,-0.06,,,,,,,,,,,,,,-0.01,,,,,,,,0.67,,,,,-0.04,0.3,,,-0.39,,,,,-0.24,-0.62,,,-0.3,,,,,-0.27,,,-0.09,-0.31,-0.32,-0.32,0.84
1560,137696,,,,0.15,,,,,,,-1.05,,-0.63,,,,,,0.03,,,,,,,,0.19,,,,0.0,,,0.37,0.31,,,,,,-1.03,,,,,,,,-0.07,-0.01,,,-0.06,,,,0.6,,,,0.27,-0.49,-0.21,0.01,-1.08
1561,137702,,,,,,,,,,,-0.41,,-0.74,,,,0.55,,,,,,-0.28,,,-0.3,,,,,,,,,0.27,,,,0.02,,-0.41,,,-0.04,,,,,,0.3,,,0.47,,,,-0.45,,,,0.38,-0.08,-0.02,0.17,0.17
1562,137704,,,,,,,0.32,,0.17,,0.45,0.21,0.81,,,,0.2,,,,,0.53,0.11,,0.02,,-0.06,,-0.14,,0.41,,,0.18,0.28,,,,,,0.58,0.62,,0.03,,0.02,,,0.27,0.56,,,0.64,,-0.39,,-0.31,0.16,,,0.15,0.44,0.31,0.38,-0.02
1563,137707,,,,,,,,,,,-0.32,-0.12,-0.18,,,,0.46,,0.18,,,,,,-0.39,,0.05,,,,0.61,,,,0.15,,,,,,0.37,,,-0.61,,,,,,-0.44,,,0.18,,,,-0.54,,,,-0.18,-0.06,-0.3,0.02,-0.97
1564,137708,,,,,1.03,,-0.31,,,,-0.22,0.0,-0.98,,,,-0.07,,,,,,0.31,,0.17,-0.47,0.16,,0.07,,0.12,,,-0.51,-0.17,,,,,,-0.66,,,,,,,,,,,,0.48,,-0.39,,0.01,-1.48,,,0.8,-0.22,0.11,0.19,0.15
1565,137726,,,,,,,,,,,0.1,0.38,-0.11,,,,-0.25,,,,,,-0.34,,,,-0.08,,,,0.39,,,-0.78,-0.13,,,,,,0.0,-0.26,,-0.16,,,,,,0.12,,,-0.59,,,,,,,,0.81,0.66,1.03,0.45,-0.02
1566,137727,,,,,,,,,,,0.52,0.17,0.79,,,,,,,,,0.18,0.46,,,0.38,0.03,,,0.06,0.29,,-0.09,0.16,0.02,,,,,,-0.05,,,,,-1.64,,,,0.12,,,-0.12,,0.25,,0.22,0.2,,,0.01,-0.35,0.11,0.44,0.87
1567,137729,,,,,,,,,,,0.84,-0.05,0.36,,,,0.43,,,,,,0.16,,,,0.06,,,,,,,0.74,0.18,,,,,,0.72,0.83,,,,,,,,0.15,,,0.08,,,,0.03,,,,0.8,0.65,0.64,0.23,0.15
1568,137730,,,,,,,-1.3,-0.14,,,-0.31,0.09,-0.44,,,,-0.32,,,,,,,,,-0.26,,,,,,,,,-0.38,,,,,,0.05,,,,,,,,,-1.05,,,-0.55,,,,-0.75,,,,0.34,0.52,0.39,0.73,-0.24
1569,137733,,,,,,,1.09,,,,-0.11,0.11,-0.43,,,,,,,,,,-0.56,,,-0.12,-0.54,,,,0.06,,,,0.14,,,,0.33,,-0.1,,,,,,-0.12,,-0.27,1.01,,,-0.78,,-0.25,,-0.41,,,,-0.83,-0.76,-1.03,-0.93,-1.82
1570,137734,,,,,-0.07,,,,,,0.19,0.2,-0.43,,,,,,,,,,,,0.16,,0.6,,,,0.4,,,,0.13,,,,,,-0.89,,,-0.79,,,,,0.22,0.27,,,0.09,,0.06,,,,,,0.1,0.02,-0.2,0.41,0.74
1571,137736,,,,,,,0.11,,,,0.42,0.41,-0.1,,,,,,,,,,-0.65,,,0.81,0.44,,,,0.19,,,0.24,0.39,,,,,,-0.18,,,0.26,,,,,-0.02,-0.1,,,0.37,,0.06,,0.59,,,,0.7,0.9,0.91,0.94,0.83
1572,137739,,,,,,,0.95,,,,0.66,0.07,0.83,,0.05,,,,,,,0.15,0.19,,,,0.61,,,,-0.07,,,0.54,0.38,,,,,,0.53,0.21,,,,,,,-0.62,0.9,,,0.43,,0.34,,,,,,,,,,
1573,137740,,,,0.53,,,,,,,0.5,0.16,0.95,,,,-0.67,,0.45,-0.59,,0.85,0.08,,,,0.21,,,,0.13,,,0.9,0.3,,,,,,0.09,,,,,,,,-0.17,0.15,,,-0.01,,,,,0.77,,,0.32,0.25,0.34,0.48,0.89
1574,137746,,,,0.44,,,,0.17,0.28,,0.32,0.19,0.32,,,,,,-0.76,,,-0.01,0.67,,0.32,,-0.26,,,0.08,0.02,,,,-0.16,,,,,,-0.05,0.34,,-0.49,,0.4,,,,0.08,,,-0.04,,0.48,,0.25,-0.89,,,-0.04,0.02,0.27,0.08,0.13
1575,137752,,,,,,,-0.32,,,,,-0.5,-0.48,,,,-0.14,,,,,,,,-0.21,,-0.6,,,,-0.52,,,,0.03,,,,,,0.93,,,-0.21,,,,,-0.64,-0.67,,,-0.87,,,,-0.43,,,,-0.14,-0.07,-0.11,0.5,2.06
1576,137753,,,,,,,-0.41,,-0.59,,0.08,-0.14,0.89,,,,0.35,,-0.27,,,,,,-0.33,,0.21,,,,-0.03,,,,-0.14,,,,,,0.42,0.43,,,,,,,,-0.1,,,0.0,,,,0.43,,,,0.22,0.26,0.33,0.02,0.4
1577,137754,,,,,,,,,,,-0.44,0.27,-0.35,,,,,,,,,,-0.55,,,,-0.27,,,,,,,0.28,-0.12,,,,-0.84,,0.27,,,-0.14,,,,,,,,,0.11,,-0.25,,0.27,,,,0.73,-0.15,-0.28,0.48,-0.22
1578,137755,,,,-0.05,,,,-1.49,0.29,,-1.16,-0.81,-1.58,,,,,,,,,,,,,,0.26,,,,-0.46,,,,,,,,,,-0.32,,,,,,,,,-1.46,,,-0.02,,,,0.39,,,,-0.88,-0.69,-0.7,-0.59,-0.96
1579,137757,,,,,,,,,,,0.25,0.28,-0.45,,,,,,,,,,-0.41,,,,0.18,,,,0.58,,,0.11,0.24,,,,1.55,,-0.82,-1.62,,,,,,,,-1.03,,,0.01,,,,0.7,,,,0.43,0.22,-0.1,1.2,1.14
1580,137763,,,,,,,,,,,0.66,-0.58,1.2,,,,0.68,,,,,,,,,-0.29,,,,,,,,-0.27,0.53,,,,,0.0,0.68,,,0.43,,,,,,0.49,,,0.04,,,,0.44,,,,-0.52,-0.27,-0.42,-0.78,-0.43
1581,137766,,,,,,,,,-0.38,,-0.66,-0.13,-1.22,,,,,,,,,,,,,,0.48,,0.23,,,,,,,,,,,,-0.46,,,,,,,,,,,,-0.59,,,,-0.37,,,,0.12,0.06,0.17,0.08,-0.26
1582,137767,,,,,,,,,,,-0.33,0.5,-0.07,,,,,,,,,,0.09,,0.78,,-0.8,,,,0.2,,,-0.89,-0.33,,,,0.99,,-0.46,0.23,,,,,,,0.28,0.68,,,0.14,,,,0.24,,,,0.8,0.6,0.35,0.1,0.35
1583,137769,,,,,,,,,,,-0.09,,-0.16,,-0.24,,-0.25,,0.29,,-0.42,,0.06,,,,-0.09,,0.34,-0.01,0.57,,,0.08,0.13,,,,,,-0.4,-1.07,,,,,,,,-0.46,,,-0.26,,0.0,,-0.11,,,,0.74,0.15,0.54,0.88,0.04
1584,137770,,,,,,,,,,,-0.18,,,,,,,,,,,,-0.76,,-0.14,,0.54,,,,,,,,0.31,,,,,,1.11,,,0.67,,,,,,,,,-0.15,,,,-0.28,,,,-0.05,-0.49,-0.21,-0.5,0.42
1585,137771,,,,,,,,,,,-0.36,0.53,-0.35,,,,,,,,,,0.26,,0.3,,,,,,-0.16,,,,0.2,,,,,,0.01,,,,,,,,,,,,0.78,,,,0.43,,,,0.05,0.25,0.17,0.09,-0.36
1586,137772,,,,,,,0.55,,,,-1.09,,,,,,,,,,,,,,,,-0.2,,,,,,,-1.13,0.21,,,,,,,,,-0.69,,,,,,,,,0.4,,,,-0.26,,,,-0.38,-0.64,-0.78,-0.53,0.29
1587,137775,,,,,,,0.25,,,,0.34,,0.26,,,,-0.57,,,,,,0.46,,0.04,,,,,,,,,0.32,0.18,,,,,,0.1,0.0,,0.14,,,,,-0.05,0.15,,,0.51,,0.63,,0.78,,,,0.3,0.44,0.29,0.2,-0.35
1588,137777,,,,,,,-0.57,,-0.64,,-0.35,-0.64,-0.29,,,,,,,,,,,,,,-0.04,,,,-0.5,,,,-0.26,,,,,,0.11,,,,,,,,,0.3,,,0.09,,,,0.9,,,,0.21,0.18,0.04,0.15,-0.1
1589,137781,,,,,,,,-0.45,,,-0.92,,,,,,-0.88,,,,,,,,,,-0.05,,,,,,,,-0.31,,,,,,-0.7,,,,,,,,,-0.45,,,-0.62,,,,-0.68,,,,-0.26,-0.41,-0.59,-0.36,-0.78
1590,137782,,,,,,,,,,,0.44,-0.81,,,,,,,,,,,,,,,0.17,,,,-0.08,,,,0.14,,,,,,-0.28,,,,,,,,,0.34,,,-0.77,,,,0.18,,,,0.19,0.85,0.13,0.03,0.83
1591,137789,,,,,,,,,,,0.17,-0.63,-0.02,,,,0.5,,,,,,-0.94,,,,-0.02,,,,,,,-0.27,0.28,,,,-0.57,,-0.89,,,,,,,,,-1.24,,,-0.08,,-0.46,,-0.47,,,,0.27,0.08,0.22,-0.7,-1.06
1592,137790,,,,,,,-0.16,-0.04,0.13,,-0.02,0.31,-0.27,,,,,,0.39,,,-0.22,,,0.24,,-0.27,,,,-0.02,,,,-0.03,,,,0.99,,0.17,-0.85,,0.4,,,,,1.78,-0.13,,,0.32,,,,0.55,,,,-0.48,-0.24,-0.45,-0.66,0.45
1593,137791,,0.7,,,-0.54,,,-0.42,,,0.13,0.21,0.5,,,,,,,,,,-0.02,,0.68,,0.37,,,,0.39,,,0.62,1.01,,,,,,0.51,0.6,,,,,,,,0.24,,,0.54,,,,0.13,,,,-0.22,0.07,0.11,0.27,-0.2
1594,137793,,,,,,,-0.03,,,,0.44,0.11,0.36,,,,-0.15,0.36,,,,0.23,-0.27,,0.24,,0.15,,,,-0.1,,,-0.5,-0.13,,,,-0.32,,-0.17,0.03,,0.17,,,,,-0.02,0.02,,,0.13,,0.43,,0.26,0.46,,,0.45,0.54,1.0,0.45,0.83
1595,137798,,,,,,,,,,,-0.43,0.57,-0.8,,,,-0.65,,-0.28,,,,0.04,,0.34,,,,,,-0.12,,,0.08,-0.08,,,,,,-0.49,,,,,,,,,-1.28,,,-0.01,,,,0.29,,,,-0.01,0.13,0.0,-0.28,-0.2
1596,137800,,,,,-0.43,,,,,,0.23,-0.04,-0.32,,,,,,,,,,-0.19,,,0.33,,,-0.45,,-0.16,,,0.5,-0.08,,,,,,-0.14,-0.65,,,,,,,0.0,-0.37,,,-0.39,,,,,,,,-0.02,0.39,0.13,0.03,0.1
1597,137801,,,,,,,,,,,-0.22,-0.27,-0.16,,,,0.07,,,,,,-0.08,,,,-0.16,,,,,,,,,,,,,,-0.03,-0.73,,,,,,,0.17,-0.05,,,-0.05,,0.11,,-0.23,,,,0.31,0.24,0.14,-0.15,1.22
1598,137815,,,,,,,1.2,,0.23,0.76,0.47,,0.18,,,,,,,,,,,,-0.16,,0.96,,,,-0.31,,,,-0.68,,,,,,-1.0,,,,,,,,,,,,-0.17,,,,0.36,,,,-0.2,-0.59,-0.38,-0.02,-0.32
1599,137829,,,,,,,-0.37,,,,-0.27,0.37,0.03,,,,-0.4,,,,,,0.41,,,,0.22,,,,-0.27,,,,0.27,,,,,,-0.08,-0.48,,,,,,,,-0.97,,,-0.46,,,,,,,,0.71,0.8,0.66,1.14,0.56
1600,137830,,,,,,,,,,,0.34,-0.68,0.15,,,,-0.47,,-0.45,,,,,,,,,,,,,,,0.35,-0.38,,,,,,0.33,,,,,,,,,,,,0.88,,,,-0.06,,,,0.04,0.07,0.01,0.24,-0.84
1601,137833,,,,0.16,,,,-1.14,-0.19,,-0.42,-0.16,-1.09,,,,,,,,,,,,,0.56,-0.5,,0.41,,-0.07,,,-0.31,-0.29,,,,,,,,,-0.45,,,,,-0.87,,,,-0.34,,-1.08,,-0.07,,,,-0.48,-0.73,-0.69,-0.43,0.96
1602,137834,,,,,,,-0.52,,,,-0.01,-0.36,-0.58,,,,-0.52,,-0.29,,,-0.21,-0.23,,,0.72,-0.45,,,-0.54,-0.21,,,-0.69,0.04,,,,-0.24,,-0.48,-1.05,,0.3,,,,,0.22,-1.27,,,0.03,,,,-0.11,,,,0.73,0.15,0.2,0.49,0.85
1603,137837,,,,,,,0.65,,0.64,,-0.19,0.24,-0.15,,,,-0.47,,,,0.11,,-0.78,,,-0.71,0.39,,0.46,-0.02,0.3,,,-0.54,-0.74,,,,,,-0.79,,,,,,,,,-0.69,,,0.16,,0.25,,-0.07,,,,0.34,-0.11,0.24,0.35,0.58
1604,137842,,,,,0.54,,,0.17,0.39,0.36,-0.25,-0.04,0.3,,,,-0.23,,,,-0.54,0.38,-0.46,,0.04,,-0.26,,-0.43,,0.26,,,-0.06,-0.72,,,,0.02,,-0.18,0.07,,,,,,,,-0.71,,,0.02,,,,0.26,0.28,,,0.53,0.68,0.14,0.34,1.77
1605,137843,,,,,,,,,,,-0.24,,0.13,,,,-0.33,,-0.18,,,0.66,-0.01,,-0.29,,0.02,,,0.07,-0.39,,,,0.35,,,,0.28,,-0.25,0.47,,0.25,,,,,0.04,0.05,,,0.39,,,,,-0.42,,,0.52,0.86,0.63,1.03,1.39
1606,137844,,,,,,,,,,,0.4,0.2,0.06,,,,,,,,,,-0.75,,,,0.45,,,,0.48,,,0.13,-0.15,,,,,,0.05,,,,,,,,,0.44,,,0.45,,0.56,,0.18,,,,0.71,0.83,0.66,0.56,-0.24
1607,137847,,,,,,,,,,,-0.02,-0.71,-0.4,,,,0.5,,,,,,-0.6,,,,-0.07,,,,-0.03,,,0.02,-0.11,,,,,,0.18,-0.15,,-0.09,,,,,,-0.27,,,-0.01,,,,0.29,,,,-0.12,0.56,0.18,0.08,-0.62
1608,137848,,,,,,,,,,,-0.23,0.17,-0.37,,0.49,,-0.55,,0.77,,,,-0.84,,,-0.04,0.17,,,,0.19,,,-0.15,-0.11,,,,,,-0.21,-0.3,,0.1,,,,,0.28,0.12,,,0.45,,-0.21,,-0.29,,,,0.6,0.68,0.72,1.37,0.99
1609,137849,,,,,,,,,,,-0.21,,,,,,,,,,,,0.02,,,,,,,,,,,,-0.19,,,,,,-0.05,-0.13,,,,,,,,-1.0,,,0.07,,0.68,,,,,,0.25,-0.17,0.13,0.33,1.15
1610,137851,,,,,,,-0.06,,,,-0.41,0.13,-0.4,,,,,,,,,0.42,,,-0.33,,-0.14,,,,-0.58,,,,0.1,,,,,,-0.39,,,,,,,,,0.13,,,0.08,,-0.36,,,,,,-0.03,0.13,-0.02,0.02,-0.74
1611,137852,,,,,,,,,,,-0.54,-0.23,-0.31,,,,-0.09,,,,,,,,0.28,,-0.07,,,-0.08,0.0,,,-1.21,-0.02,,,,,,-0.57,,,,,,,,,-0.25,,,-0.62,,-0.7,,-1.38,,,,0.54,0.68,0.57,0.42,0.68
1612,137855,,,,,,,,,,,0.33,0.21,0.34,,,,0.6,,,,,-0.06,0.13,,,,0.24,,,,-0.39,,,0.31,0.06,,,,,,0.51,0.44,,0.17,,,,,-0.09,0.54,,,0.23,,0.01,,0.37,,,,0.43,0.65,0.94,1.1,0.64
1613,137857,,,,,,,,,,,0.86,,0.81,,,,,,,,,,,,,,0.06,,,,,,,,,,,,,,0.08,,,,,,,,,,,,0.9,,,,,,,,-0.59,-0.28,-0.57,-0.97,-1.37
1614,137859,,,,,,,,,,,,,,,,,,,,,,,,,,,,,,,,,,,,,,,,,,,,,,,,,,,,,,,,,-0.69,,,,0.34,0.66,0.5,0.16,-0.5
1615,137867,,,,,,,,,,,0.33,,,,,,,,,,,,-0.93,,,,-1.41,,,,-0.67,,,,,,,,,,-0.08,,,,,,,,,-0.66,,,0.44,,,,,,,,-0.41,0.02,-0.23,-0.72,2.38
1616,137872,,,,,,,,0.74,-0.3,,-0.07,-0.05,-0.35,,,,0.45,,,,,0.27,-0.18,,,-0.25,-0.49,,,,0.15,,,0.47,-0.19,,,,-0.47,,-0.05,-0.26,,0.68,,,,,,-0.6,,,-0.27,,,,0.33,,,,-0.15,-0.23,-0.63,0.36,1.79
1617,137873,,,,,,,,,,,0.52,,0.22,,,,,,,,,,,,,,0.19,,,,,,,,,,,,,,0.19,,,,,,,,,,,,0.07,,,,0.64,,,,-0.43,0.08,-0.23,-0.83,0.34
1618,137874,,,,,,,,,,,-0.38,0.35,0.59,,,,,,,,-0.33,,-0.38,,-0.14,,,,,,,,,-0.19,-0.28,,,,0.52,,0.17,-0.27,,0.16,,,,,,0.58,,,0.39,,0.44,,0.42,,,,-0.35,-0.08,-0.01,0.22,0.9
1619,137877,,,,,,,,,,,-0.26,0.45,-0.01,,,,0.1,,,,,,0.62,,0.34,,0.01,,-0.04,,0.75,,,-0.14,0.46,,,,0.96,,-0.33,,,0.3,,,,,0.45,0.22,,,0.53,,,,0.9,,,,-0.24,-0.42,-0.45,-0.33,0.62
1620,137878,,,,,,,0.89,,,,0.07,-0.47,,,,,,,,,,,,,,0.43,,,,,0.07,,,-0.46,-0.33,,,,,,-0.83,,,0.0,,,,,,0.01,,,0.11,,-0.22,,0.21,,,,0.37,0.21,-0.3,0.44,-0.38
1621,137880,,,,,,,,,,,-0.01,,-1.08,,,,-0.17,,,,,,-1.12,,,-0.46,,,,,,,,,,,,,,,-0.77,-0.97,,,,,,,,-0.62,,,-0.26,,-0.45,,0.09,,,,0.17,0.39,0.16,0.41,1.58
1622,137884,,,,,,,0.72,,-0.46,,0.42,,-0.01,,,,0.27,,,,,0.73,,,-0.32,,-0.25,,,,0.11,,,0.75,0.19,,,,,,0.04,,,0.11,,,,,,0.17,,,0.26,,-0.01,,,,,,0.01,-0.06,0.23,0.42,1.13
1623,137886,,,,,,,0.11,,,,0.43,,0.76,,,,,,,,,,0.34,,,0.59,,,,,-0.64,,,,-0.04,,,,,,0.59,,,,,,,,,0.43,,,-0.17,,,,-0.62,,,,-0.44,0.04,-0.02,-0.18,-0.38
1624,137895,,,,0.36,,,,,0.33,,-0.1,0.31,-0.49,,,,0.72,,,,,-0.36,0.25,,,0.48,-0.03,,0.73,,-0.39,,,-0.01,0.3,,,,,,-0.23,0.58,,,,,,,,0.44,,,0.21,,0.41,,0.03,,,,0.58,0.52,0.78,0.6,1.36
1625,137900,,,,,,,,,,,-0.12,0.14,-0.08,,,,-0.2,,0.33,,,,0.92,,0.34,,0.16,,,,0.38,,,,-0.23,,,,,,-0.22,,,,,,,,,-0.56,,,,,-0.26,,,,,,0.09,-0.17,0.1,-0.06,-0.86
1626,137902,,,,,,,0.04,,,,-0.61,-0.04,-0.09,,,,0.37,0.44,0.56,,,,,,-0.82,,0.01,,,,-0.18,,,,0.19,,,,,,-0.47,,,0.35,,,,,0.0,0.14,,,-0.07,,,,-0.37,,,,-0.73,-0.88,-0.87,-0.63,-1.02
1627,137906,,,,,,,,0.03,,,0.09,-0.53,0.32,,,,,,-0.16,,,0.57,,,,-0.01,0.09,,,,0.29,,,,,,,,,,-0.59,,,0.22,,,,,-0.41,-0.16,,,-0.49,,-0.44,,-0.04,,,,0.3,-0.05,0.66,0.23,0.96
1628,137907,,,,,,,-1.04,,,0.18,-0.09,0.3,-0.03,,,,-0.47,,-0.04,,,,0.05,,,,0.28,,,,-0.25,,,0.15,0.32,,,,,0.76,0.06,0.34,,,,,,,-0.28,-0.15,,,0.22,,,,0.16,,,,0.21,0.22,0.66,0.5,0.92
1629,137911,,,,,,,,,,,-0.04,-0.25,0.18,,,,-0.68,,,,,,,,0.03,,-0.31,0.09,,,0.06,,,-0.77,-0.19,,,,,,-0.22,,,,,,,,0.67,-0.35,,,-0.26,,,,-0.46,,,,-0.37,-0.25,-0.06,-0.29,0.33
1630,137912,,,,,,,,,,,0.21,-0.46,-0.07,,,,0.22,,-0.32,,,-0.09,,,,,0.62,,,,,,,0.56,-0.45,,,,,,0.22,0.44,,,,,,,,-0.01,,,,,1.42,,0.0,,,,0.17,0.4,0.72,0.12,0.58
1631,137913,,,,,,,-0.01,,,,-0.05,0.07,-0.12,,,,-0.44,,0.22,-0.87,,-0.47,0.03,,,-0.18,0.81,,,0.97,-0.29,,,0.26,-0.01,,,,,,-0.22,0.96,,,,,,,0.22,0.04,,,-0.23,,0.13,,-0.05,0.02,,,0.46,0.25,0.91,1.13,1.0
1632,137914,,,,,,,,,,,0.31,-0.64,0.09,,,,,,,,,,-1.15,,,,0.18,,0.49,-0.3,0.33,,,-0.04,0.36,,,,,,0.13,,,,,,,,,0.11,,,0.13,,-0.46,,0.41,0.33,,,0.34,0.12,-0.1,0.59,0.58
1633,137916,,,,,,,,,,,0.24,,0.13,,,,0.68,,,,,,0.27,,,,0.7,,,0.8,0.56,,,0.48,0.52,,,0.41,,,0.02,0.26,,,,,,,,-0.17,,,-0.16,,,,,0.23,,,0.62,0.74,0.81,0.56,0.46
1634,137917,,,,,,,,,,,0.04,,0.21,,,,,,,,,,0.0,,,,-1.08,,,,,,,,-0.35,,,,,,0.09,,,,,,,,,-0.27,,,-0.79,,,,,,,,0.13,0.38,0.35,0.61,0.27
1635,137919,,,,,,,-0.16,,,,0.3,0.11,-0.4,,,,,,-0.45,,,,0.0,,,0.46,-0.03,,0.13,-0.07,0.07,,,-0.67,0.13,,,,,,0.51,0.14,,,,,,,-0.05,-0.08,,,0.21,,-1.25,,0.06,,,,1.14,0.44,0.57,1.34,1.4
1636,137922,,,,,,,,,,,-1.25,-0.32,-0.47,,,,-0.3,,,,,,,,,,-0.24,,,,0.34,,,,-0.68,,,,,,-0.43,,,0.08,,,,,-0.38,-0.12,,,-0.52,,-0.09,,-0.53,,,,0.02,0.01,0.04,0.24,0.96
1637,137923,,,,,,,,,,,0.13,-0.12,0.03,,,,,,,,,,,,,,0.53,,,,,,,,0.41,,,,,,0.11,0.12,,0.98,,,,,,-0.14,,,0.09,,,,,,,,-0.04,0.27,-0.02,0.24,0.83
1638,137925,,,,,,,-2.33,,,,0.08,-0.34,-0.17,,,,1.05,,,,,,-0.04,,,,-0.4,,,,0.39,,,,0.16,,,,,,0.1,,,-0.22,,,,,,0.03,,,-0.07,,-0.28,,0.04,,,,0.68,0.2,0.29,0.35,0.16
1639,137928,,,,,,,0.55,,,,-0.76,0.24,-0.49,,,,,,,,,0.03,-0.78,,,,-0.16,,,,,,,0.38,0.04,,,,,,0.03,,,-0.17,,,,,0.01,,,,-0.15,,0.83,,0.11,-0.62,,,0.54,0.47,0.6,0.64,2.23
1640,137929,,,,,,,,,,,-0.04,0.28,0.1,,,,,,,,,1.33,,,-0.4,,0.14,,,,-0.39,,,,0.36,,,,0.83,,-0.29,,,,,,,,0.0,,,,-0.33,,-0.69,,-0.12,-0.75,,,1.16,0.63,0.51,0.75,0.97
1641,137935,,,,,,,,,,,0.22,,0.12,,-0.66,,,,,,,,-0.92,,,,0.39,,,,,,,0.18,0.65,,,,,,0.1,,,,,,,,,0.34,,,-0.08,,0.6,,-0.16,,,,0.89,0.28,0.64,0.91,0.92
1642,137936,,,,,,,0.07,,,,-0.25,-0.15,-0.3,,,,,,,,,,,,,0.26,0.01,,,,0.2,,,,0.09,,,,,,-0.2,-0.34,,,,,,,-0.89,0.21,,,-0.13,,0.11,,-0.26,,,,0.38,0.47,0.3,0.34,0.94
1643,137938,,,,,-0.43,,0.13,,,,,0.37,0.26,,,,,,,,,,,,,,0.17,,,,0.56,,,0.05,0.59,,,,,,0.2,0.5,,,,,,,,0.13,,,0.01,,,,0.3,,,,0.64,0.59,0.64,0.62,0.31
1644,137940,,,,,,,,,,,0.43,0.65,-0.74,,,,,0.36,,,,,0.53,,,,,,,,,,,,0.63,,,,,,-0.02,,,,,,,,,0.3,,,-0.3,,,,,,,,-0.2,0.22,0.48,0.02,1.56
1645,137941,,,,,,,-0.73,,,,-0.08,-0.18,-0.12,,,,0.16,,-0.96,,,-0.21,-0.1,,-0.05,,0.66,,,,0.26,,,0.2,0.01,,,,,,0.04,0.58,,-1.03,,,,,-0.33,-0.18,,,-0.14,,-0.19,,0.0,,,,-0.26,0.0,-0.39,-0.45,-0.92
1646,137942,,,,,,,,,,,-0.45,-0.11,,,,,,,,,,,,,0.34,,-0.34,,,,-0.51,,,,-0.05,,,,,,0.44,,,,,,,,-0.9,-0.3,,,0.14,,,,0.67,,,,-0.27,-0.04,-0.25,-0.13,0.41
1647,137948,,,,,,,0.61,,,,-0.14,0.3,-0.03,,,,0.1,,-0.73,,,,,,,-0.91,-0.27,,-0.18,,0.24,,,,-0.11,,,,,,-0.1,0.12,,,,,,,-0.13,0.1,,,0.43,,-0.34,,0.28,,,,-0.35,0.04,-0.18,-0.26,-0.1
1648,137965,,,,,,,-1.03,,0.35,,0.07,0.49,-0.63,,,,,,,,,,-0.02,,,,0.34,,,,0.11,,,-0.03,-0.2,,,,1.06,,1.03,,,-0.12,,,,,,,,,0.11,,,,0.22,,,,0.09,-0.36,-0.6,0.09,1.26
1649,137969,,,,,,,,,,0.68,0.18,-0.45,0.89,,,,0.74,,,,,0.37,,,-0.53,,-0.08,,0.39,0.19,-0.26,,,,-0.33,,,,,,0.39,-0.02,,0.38,,,,,-0.4,0.0,,,0.34,,,,-0.2,,,,0.17,0.15,0.22,-0.37,-0.81
1650,137970,,,,,,,-0.09,,,-0.43,0.24,0.15,0.11,,,,0.67,,0.5,,,-0.23,-0.16,,,,0.36,,,0.72,0.2,,,,0.18,,,,,,0.23,0.23,,,,,,,0.29,0.46,,,0.26,,0.3,,-0.18,0.57,,,1.0,0.66,0.87,1.03,1.5
1651,137974,,,,,,,,-0.87,,,0.27,-0.13,-0.68,,,,,,,,,,,,0.26,,,,,,0.1,,,-0.62,-0.86,,,,,,-0.17,,,-0.28,,,,,0.18,-0.19,,,-0.27,,,,0.09,,,,-0.61,-0.16,-0.06,-0.43,-0.14
1652,137975,,,,,,,,,,,-0.67,-0.52,,,,,,,,,,-1.4,0.29,,,-0.6,,,,,,,,,,,,,-1.37,,,,,-0.76,,,,,-0.97,,,,-0.22,,,,-0.78,,,,0.01,-0.47,-0.65,-0.44,-0.3
1653,137981,0.37,,,,,,-0.54,,-0.22,,0.17,0.17,-0.03,,,,0.35,,,,,0.68,,,0.14,,-0.13,,,,0.19,,,,0.48,,,,0.22,,-0.21,,,,,,,,0.25,-0.01,,,-0.15,,,,-0.11,,,,-0.4,0.26,-0.11,0.08,0.18
1654,137982,,,,,,,,,,,-0.1,,-0.53,,,,-0.06,,,,,,,,,,,,,,0.13,,-0.3,-0.71,-0.1,,,,,,0.0,,,,,,,,,-0.14,,,0.34,,0.12,,-0.09,,,,0.18,0.76,0.63,0.54,1.0
1655,137983,,,,,,,,,,,-0.59,,-0.49,,,,,,,,,-0.76,0.0,,,,-0.34,,,,,,,,-0.6,,,,,,-0.19,-1.03,,0.05,,,,,,,,,-0.36,,,,-0.19,,,,-0.52,-0.41,-0.42,-0.37,
1656,137985,,,,,,,0.32,,-0.48,,0.46,0.17,-0.14,,,,,,0.68,,,,-0.13,,,-0.06,0.67,,,,0.32,,,-0.07,-0.19,,,,,,-0.38,0.04,,0.72,,,,,-0.04,-0.57,,,0.14,,0.63,,0.46,,,,0.71,0.23,0.54,0.69,0.01
1657,137988,,,,,,,-1.35,,,,0.01,,0.15,,,,0.56,,0.45,,,,0.09,,,,-0.35,,,-0.43,-0.03,,,,-0.07,,,,,,0.07,0.09,,,,,,,0.29,-0.07,,,-0.33,,0.09,,,0.3,,,0.47,0.84,0.97,0.6,0.11
1658,137993,,,,,,,0.14,,,,-0.16,-0.57,0.48,,,,0.61,,,,,,-0.59,,,,,,,,-0.17,,,-0.24,-0.6,,,,,,-0.14,,,,,,,,-0.69,-0.06,,,-0.28,,,,,,,,0.0,-0.3,0.16,0.12,0.31
1659,137994,,,,,,,,,-0.62,,-0.67,,-0.49,,,,,,,,,,,,,,0.11,,,,-0.4,,,-0.63,0.13,,,,,,-0.03,,,,,,,,,,,,0.45,,0.3,,-0.19,0.39,,,1.21,0.04,0.45,0.17,0.38
1660,137995,,,,,,,,,,,-0.61,-0.39,-0.53,,-0.27,,0.43,,-0.26,,,,-1.03,,,,0.28,,0.69,,0.13,,,-0.78,-0.25,,,,,,-0.27,-0.24,,0.34,,,,,,0.02,-0.08,,-0.01,,0.11,,-0.28,,,,1.72,1.01,1.11,0.99,0.69
1661,138002,,,,,,,,,,,0.04,,0.47,,,,,,,,,0.03,,,0.08,,-0.16,,,,0.04,,,,-0.22,,,,,,-0.02,,,-1.22,,,,,,0.44,,,-0.24,,-0.8,,0.31,,,,0.13,0.05,-0.1,-0.18,-0.49
1662,138012,,,,,,,,,,,-0.37,,-0.04,,,,,,,,,,,,,,-0.54,,,,,,,,0.04,,,,,,-0.77,,,-0.38,,,,,,,,,-0.74,,,,-0.32,,,,0.16,0.26,0.15,0.26,1.54
1663,138019,,,,,,,0.66,,,,-0.05,-0.05,0.43,,0.0,,0.13,,0.04,,,,-0.76,,,0.07,0.52,,,,-0.07,,,0.17,-0.1,,,,,,-0.18,0.09,,,,,,,0.24,-0.28,,,0.42,,,,-0.38,,,,0.09,0.42,0.59,0.16,-0.61
1664,138020,,,,,,,,,,,0.05,,0.38,,,,,,,,,,,,,,,,,,-0.05,,,,-0.04,,,,-0.3,,0.27,,,-0.12,,,,,,,,,-0.27,,,,-0.12,,,,-0.17,-0.15,-0.14,0.08,0.21
1665,138023,,,,,,,,,0.36,0.22,0.13,0.42,0.33,,,,0.21,,,,,,0.08,,,,-0.61,,,,-0.27,,,-0.05,0.16,,,,,,0.14,,,-0.01,,,,,,0.52,,,-0.24,,,,0.02,,,,-0.19,-0.21,-0.18,-0.14,-0.51
1666,138032,,,,,,,-0.36,,,,,,,,,,0.33,,,,,,,,,,,,,,,,,,-0.05,,,,-0.09,,-0.16,,,,,,,,,,,,-0.19,,,,,,,,-0.26,-0.3,-0.5,-0.61,-0.44
1667,138039,,,,,,,0.64,,0.88,,-0.07,0.68,-0.53,,,,0.07,,,,,,0.25,,,-0.13,0.28,,0.17,,0.19,,,,0.35,,,,,,-0.4,,,-0.37,,,,,,0.05,,,0.27,,,,0.6,,,,-0.7,-0.35,0.07,-0.7,-1.89
1668,138042,,,,,,,1.17,-0.03,-0.04,,-0.08,-0.28,-0.56,,-0.27,,0.72,,0.19,,,,,,,,-0.17,,-0.46,,-0.45,,,0.19,0.04,,,,,,0.7,,,0.03,,,,,,0.0,,,-0.33,,,,-0.37,,,,-0.17,0.13,0.04,-0.39,-0.52
1669,138051,,,,,,,0.07,,,,0.08,,-0.5,,,,,,,,,,-0.38,,,,-0.03,,,0.08,0.04,,0.56,-0.36,-0.35,,,0.06,,,-0.48,-1.02,,,,0.12,,,,-0.45,,,,,,,,0.55,,,1.05,0.97,1.2,1.06,1.36
1670,138053,,,,,,,,,,,-0.05,-0.22,,,,,,,-0.21,,,,,,,,-0.38,,,,0.11,,,,0.07,,,,,,-0.65,,,-0.09,,,,,,-0.65,,,0.44,,-0.02,,0.85,,,,-0.54,-0.61,-0.73,-0.55,-0.21
1671,138054,,,,,,,,,,-0.69,-0.48,-0.86,-1.28,,,,,,,,,,,,-0.27,,-0.14,,,,0.18,,,,-0.24,,,,,,-0.96,,,,,,,,,,,,-0.08,,-0.53,,-0.01,-0.69,,,0.3,-0.34,-0.21,-0.06,-0.61
1672,138058,,,,,,,,,,,0.16,-0.26,,,,,,,0.03,,,,-0.56,,,,-0.07,,,,0.86,,,,0.06,,,,,,0.38,,,,,,,,,0.6,,,0.28,,0.46,,0.12,,,,0.41,0.49,-0.18,0.27,0.14
1673,138069,,,,0.25,,,,,,,0.29,0.92,0.13,,,,0.32,,0.8,-0.49,,0.45,0.32,,0.56,,-0.06,,0.33,,0.16,,,0.43,0.17,,,,,,0.2,0.08,,,,,,,,0.3,,,0.55,,-0.43,,0.69,,,,0.68,0.56,0.17,0.54,1.22
1674,138073,,,,,,,,,,,,,,,,,,,,,,,,,,,,,,,-0.13,,,,,,,,,,,,,,,,,,,,,,-0.59,,,,-0.07,,,,-0.49,-0.07,-0.5,-0.62,1.67
1675,138076,,,,,,,0.0,,0.59,,-0.53,,,,,,,,,,,-0.64,,,-0.21,,-0.53,,,,,,,,-0.33,,,,,,,,,-0.54,,,,,,,,,-0.88,,,,-0.2,,,,-0.48,-0.32,-0.47,-0.66,-0.3
1676,138084,,,,,,,,,-1.69,,-0.86,,-0.75,,,,-0.25,,,,,0.14,,,0.42,,-0.06,,-0.06,,-0.31,,,,-0.21,,,,0.45,,-0.8,,,,,,,,,-0.33,,,-0.24,,,,-0.91,,,,-0.43,-0.46,-0.52,-0.34,-1.8
1677,138087,,,,-0.9,,,,,,,-0.55,-0.65,-1.49,,,,,,,,,,,,,,,,,,-0.92,,,,,,,,,,,,,,,,,,,,,,-0.51,,-0.64,,-0.1,,,,0.6,-0.07,0.15,0.22,-0.11
1678,138098,,,,,,,,,,,,-1.06,,,,,-0.3,,,,,,,,,,,,,,,,,,,,,,,,-1.0,,,,,,,,,,,,-1.18,,,,-0.74,,,,-0.22,0.03,-0.23,-0.39,1.08
1679,138103,,,,,,,-1.18,,,,0.38,-0.05,0.08,,,,,,,,,,,,0.15,,0.09,0.32,,,0.24,,,,0.03,,,,-0.36,,0.33,,,,,,,,,0.42,,,0.64,,,,-0.1,,,,-0.26,-0.26,-0.2,-0.48,-0.58
1680,138106,,,,,,,,,,,-0.34,-0.15,0.14,,,,,,,,,,-0.14,,,,0.17,,,,0.64,,,-0.41,-0.22,,,,,,-0.13,,,-0.32,,,,,,,,,0.31,,0.89,,0.28,,,,0.89,0.07,0.52,0.86,0.48
1681,138120,,,,,,,,,0.47,,-0.73,,-0.33,,,,-0.34,,,,,,,,0.15,,,,,,,,,,,,,,-0.86,,0.45,,,-0.49,,,,,,0.52,,,-0.68,,,,-0.78,,,,-0.77,-0.69,-1.0,-1.19,0.28
1682,138123,1.1,,,,,,,,,,-0.27,-0.06,-0.3,,,,,,,,,,,,0.69,,,,,,-0.22,,,,0.01,,,,-0.63,,-0.08,,,-0.16,,,,,-1.28,-0.97,,,-0.16,,,,-0.18,,,,0.0,0.2,0.01,0.3,-0.37
1683,138134,,,,,,,,,,,0.01,-0.2,0.36,,,,0.37,,,,,,-0.09,,0.06,,0.66,,,,0.42,,,0.39,0.71,,,,,,0.17,0.2,,,,,,,0.07,-0.07,,,-0.35,,,,,,,,0.75,0.99,1.05,0.93,0.65
1684,138136,,,,,,,-0.28,,,,0.02,0.05,0.07,,,,-0.34,,0.67,,,,,,0.15,0.16,-0.19,,,,0.18,,,-0.31,-0.15,,,,0.12,,0.21,-0.54,,,,,,,,0.19,,,0.18,,-0.08,,0.13,-0.4,,,-0.02,0.0,0.13,-0.04,0.01
1685,138147,,,,,,,,,,,-0.8,,-0.05,,,,,,,,,,,,,,,,,,,,,,,,,,,,0.07,,,,,,,,,0.24,,,,,,,,,,,,,,,
1686,138150,,,,,,,-0.19,,,,0.1,0.23,-0.09,,,,-0.11,,0.21,,,,-0.43,,0.59,,-0.01,,,,0.52,,,,0.08,,,,,,-0.4,,,0.49,,,,,0.14,-0.19,,,0.08,,0.14,,0.18,,,,-0.22,0.0,-0.32,-0.05,0.32
1687,138167,,,,,0.14,,,-0.75,-0.03,,,,,,,,,,,,,,,,,,,,,,,,,,,,,,,,,,,,,,,,,,,,-0.8,,,,-0.35,,,,-1.09,-1.05,-0.99,-1.26,-1.01
1688,138172,,,,,,,,,,,0.36,0.15,-0.53,,,,,,,,,,,,0.69,,-0.61,,,,-0.34,,,,-0.36,,,,,,0.08,-0.37,,,,,,,,0.28,,,-0.22,,-0.69,,0.16,,,,0.07,0.27,0.28,0.26,0.32
1689,138174,,,,,,,,,0.01,,-0.6,-0.58,-1.12,,,,,,,,,,-0.6,,,,-0.03,,,,-0.55,,,,,,,,,,-0.72,,,0.01,,,,,,-0.06,,,-0.45,,,,-0.8,,,,-0.09,-0.38,-0.45,-0.79,-0.2
1690,138177,,,,,,,,,,,0.34,0.18,,,,,,,0.32,,,,,,,,-0.07,,,,,,,,0.09,,,,0.23,,0.15,,,-0.4,,,,,,0.33,,,0.38,,0.06,,0.54,,,,-0.5,0.01,-0.15,-0.48,-0.52
1691,138178,,,,-0.45,,,,,,,0.29,0.03,0.16,,-0.11,,0.26,,-0.34,,,0.26,0.22,,,,-0.05,,,,0.07,,,-0.2,0.0,,,,,,0.1,0.55,,0.47,,,,,0.26,-0.21,,,0.25,,,,-0.01,,,,0.04,0.05,0.19,-0.07,0.35
1692,138183,,,,,,,,,,,-0.48,,-0.36,,,,,,,,,,,,-0.08,,-0.29,,,,,,,,,,,,,,,,,,,,,,,,,,-0.22,,0.24,,-0.28,,,,0.06,-0.68,-0.62,-0.02,0.07
1693,138187,,,,,,,,,,,-0.18,0.38,-0.21,,,,0.2,,-0.11,,,,0.51,,,,,,-0.09,,-0.21,,,0.05,0.09,,,,,,-0.19,,,,,,,,,-0.11,,,-0.15,,,,0.48,,,,0.0,-0.03,0.04,-0.18,0.11
1694,138191,,,,,,,,0.19,0.35,,0.5,0.21,-0.37,,,,,,,,,,0.0,,0.09,,-0.41,,,,,,,,,,,,,,-0.07,,,,,,,,-0.24,-0.42,,,0.14,,-0.42,,,,,,-0.1,0.19,0.52,0.34,0.79
1695,138193,,,,,,,0.12,,,,-1.16,-1.76,-0.95,,,,,,-0.69,,,,,,0.05,,-1.04,,,,-1.02,,,-0.64,-0.15,,,,,,-1.5,,,,,,,,,-0.25,,,-0.43,,,,,0.44,,,0.62,0.41,0.19,0.72,0.95
1696,138196,,,,,,,,,,,-0.16,-0.32,-0.2,,,,-0.23,,,,,,-0.75,,,,-0.21,,,,-0.33,,,-0.29,-0.54,,,,,,-0.63,-0.48,,,,,,,,-0.63,,,-0.81,,,,-0.37,,,,-0.03,0.39,0.12,-0.32,-0.24
1697,138202,,,,,,,,,,,-0.75,,-0.35,,,,,,,,,,,,,,,,,,,,,,,,,,,,-1.01,,,,,,,,,,,,,,,,,,,,0.16,0.2,-0.09,0.01,
1698,138210,,,,-0.31,,,,,,,-0.08,-0.42,-0.08,,,,0.46,,-0.04,,,,-1.21,,,,-0.67,,,,-0.01,,,,0.93,,,,,,-0.15,,,,,,,,,0.22,,,0.28,,,,-0.2,,,,-0.19,-0.31,-0.29,-0.07,1.11
1699,138214,,,,-0.46,,,,,,,0.11,,0.46,,,,0.55,,,,,,,,-0.36,,0.5,,,,,,,0.46,0.09,,,,,,0.83,0.67,,0.34,,,,,,0.55,,,0.44,,,,0.4,-0.25,,,0.21,0.22,0.04,0.13,-0.45
1700,138220,,,,,,,,,,,0.24,,-0.01,,,,,,,,,,0.13,,,,,,,,,,,,,,,,,,-0.12,,,,,,,,,,,,-0.7,,,,-0.38,,,,1.33,1.59,0.71,0.63,0.78
1701,138221,,,,,,,,,,,-0.71,,-0.35,,,,,,,,,,-1.06,,,,,,,,,,,,,,,,,,-1.05,,,,,,,,,0.13,,,,,-0.2,,,,,,-0.07,0.26,0.0,-0.71,-0.63
1702,138222,,,,,,,,,,,-0.82,-0.46,-0.42,,,,,,-1.1,,,,,,,,,,,,,,,,,,,,,,-0.44,-0.22,,,,,,,,-0.65,,,,,,,,,,,0.16,0.57,0.25,,
1703,138226,,,,,,,,,,,0.07,0.46,,,,,,,,,,,,,,,,,,,0.56,,,,,,,,,,-0.25,,,,,,,,,,,,0.47,,,,0.82,,,,0.92,0.35,0.41,0.92,-0.59
1704,138227,,,,,,,,,,,-0.12,-0.01,0.17,,,,0.45,,,,,,0.38,,,,-0.25,,,,0.93,,,,0.15,,,,,0.35,0.69,0.6,,,,,,,,0.18,,,0.23,,,,,,,,0.92,1.28,1.09,0.96,0.36
1705,138235,,,,,,,,,,,,-0.56,,,,,,,,,,-0.2,,,-0.79,,-0.96,,,,0.03,,,,-0.9,,,,,,-1.28,,,0.17,,,,,,-1.44,,,0.08,,,,-0.27,,,,-0.44,-0.19,-0.29,0.23,1.39
1706,138239,,,,,,,-0.42,,,,-0.32,-0.23,0.39,,,,0.29,,-0.15,,,-0.14,-0.4,,,,-0.61,,,,-0.29,,,0.03,-0.32,,,,,,0.03,0.0,,-0.21,,,,,0.01,0.31,,,0.1,,0.43,,0.3,,,,0.32,0.24,0.38,0.37,0.31
1707,138247,,,,,,,,,-3.13,,-0.33,-0.52,-0.59,,,,,,,,,,,,-0.33,,,,,,,,,-0.77,-0.65,,,,0.18,,-0.5,,,-0.15,,,,,-0.66,,,,-0.6,,,,-1.33,,,,0.42,0.16,0.08,-0.14,0.37
1708,138248,,,,,,,-1.27,,,,-0.15,-0.82,-0.28,,,,,,,,,,,,,,,,,,-0.68,,,-0.58,-0.42,,,,0.1,,-0.04,0.42,,-0.25,,,,,,-0.35,,,-0.43,,,,-0.49,,,,0.19,0.08,0.32,-0.27,1.1
1709,138254,,,,,,,0.76,,,,,,,,,,-0.66,,,,,,,,,,,,,,,,,,,,,,,,-0.19,,,,,,,,,0.01,,,,,,,,,,,-0.04,0.1,-0.45,-0.6,-1.07
1710,138266,,,,,,,,,,,-0.34,,0.39,,,,,,,,,,0.74,,,,,,,,,,,,,,,,,,0.16,,,,,,,,,-0.86,,,-0.21,,,,-0.35,,,,1.07,1.43,0.68,1.25,0.89
1711,138267,,,,0.28,,,,,,,0.15,,-0.32,,,,-0.15,,,,,,,,,,0.88,,,,0.43,,,,0.36,,,,,,0.15,-0.2,,,,,,,,-0.05,,,0.01,,0.85,,,,,,1.1,1.08,1.22,1.0,1.06
1712,138286,,,,-0.45,,,,,-0.07,,0.3,,0.22,,,,0.05,,,,,0.18,0.36,,,,0.08,,,0.47,0.09,,,-0.06,0.27,,,,-0.7,,0.38,0.55,,-0.24,,0.12,,,,-0.04,,,0.41,,0.12,,0.37,0.46,,,0.5,1.03,0.97,0.91,0.26
1713,138289,,,,,,,,,,,-0.17,0.31,0.53,,,,,,0.46,,,0.41,-0.11,,,,-0.22,,,,0.11,,,-0.13,0.2,,,,,,-0.34,,,,,-0.85,,,-0.22,-0.31,,,-0.26,,,,0.08,-0.29,,,0.1,0.15,0.29,0.45,0.13
1714,138298,,,,,,,,,,,-0.14,0.15,-0.19,,,,0.26,,,,,,-0.06,,,,0.52,,,-0.2,-0.09,,,0.31,0.17,,,,,,-0.11,-0.17,,,,,,,,-0.72,,,-0.26,,,,-0.13,,,,0.3,0.71,0.58,0.88,0.3
1715,138312,,,,,,,,,,,-0.23,0.69,-0.14,,,,-0.13,,,,,,0.51,,,,-0.46,,,,0.12,,,-0.41,-0.46,,,,,,-0.06,0.17,,,,,,,,0.31,,,-0.28,,0.67,,0.94,0.66,,,0.07,0.11,-0.29,0.13,-0.6
1716,138313,,,,,,,0.3,,,,-0.07,,-0.08,,,,,,-0.03,-0.37,,-0.07,-0.26,,,-0.05,0.22,,0.03,0.75,-0.16,,0.37,,0.05,,,,,,0.39,-0.09,,,,,,,,-0.27,,,0.27,,0.06,,-0.16,0.26,,,1.16,0.6,0.7,1.4,1.25
1717,138318,,,,,,,,0.33,,,-0.66,-0.61,-1.0,,,,,,,,,,,,0.43,,-0.47,,,,-0.25,,,,0.19,,,,,,-0.47,,,-0.29,,,,,,-0.56,,,-0.96,,,,0.45,-1.01,,,-0.06,0.45,0.03,0.24,0.09
1718,138323,,,,,,,,-0.06,0.43,,-0.05,0.99,-0.66,,,,-0.19,,,,,,,,-1.02,,,,,,-0.35,,,,-0.21,,,,,,-0.6,-0.09,,,,,,,,-0.21,,,-0.13,,,,0.0,,,,-0.16,0.13,-0.01,-0.43,-0.17
1719,138326,,,,,,,,,,,0.23,-0.28,-0.25,,,,,,,,,,,,-0.24,,-0.09,,,,,,,0.0,0.31,,,,-0.58,,-0.49,,,0.18,,,,,,,,,0.37,,-0.13,,0.24,,,,0.71,-0.08,0.13,0.13,0.18
1720,138336,,,,,,,,,,,0.73,0.15,-0.05,,,,,,,,,,,,,0.08,0.36,,,,,,,,0.58,,,,0.47,,0.26,,,,,,,,,,,,0.53,,,,-0.14,,,,0.31,0.16,0.47,0.13,-0.83
1721,138337,,,,,,,,,,,-0.13,0.31,-0.35,,,,1.06,,,,,-0.33,0.03,,0.23,,-0.15,,0.28,,0.25,,,0.36,0.16,,,,,,0.14,,,,,,,,,-0.16,,,-0.24,,0.32,,0.37,,,,0.07,-0.25,-0.03,-0.43,-0.21
1722,138341,,,,,,,,,,,-0.37,-0.04,-0.04,,,,,,0.25,,,,,,,,-0.8,,,-0.47,0.57,,,,,,,,,,0.22,0.33,,,,,,,,0.29,,,0.59,,0.07,,,,,,0.0,-0.06,0.12,-0.31,1.42
1723,138342,,,,,,,,,,,,,,,,,,,,,,,,,,,,,,,,,,,,,,,,,-0.51,,,,,,,,,,,,,,,,,,,,-0.03,0.06,0.41,0.41,1.72
1724,138352,,,,,,,0.14,,-0.12,,-0.3,-0.31,-0.01,,,,,,0.86,,,0.86,0.35,,,0.32,0.51,0.18,0.57,,0.6,,,-0.27,-0.03,,,,,,0.62,-0.31,,0.58,,,,,0.4,0.14,,,0.07,,-0.03,,0.41,,,,0.07,0.13,0.05,0.65,-0.36
1725,138355,,,,,,,,,,,0.21,-1.02,-0.17,,,,,,-0.04,,,,,,,-0.17,,,,,-0.53,,,,,,,,,,0.46,,,-0.09,,,,,,,,,-0.88,,,,,,,,-0.16,-0.63,-0.54,-0.53,-0.39
1726,138356,,,,,,,0.52,0.94,0.86,,0.4,-0.03,0.07,,,,-0.38,,0.95,,,0.12,0.11,,,,-0.01,,,0.19,0.37,,,0.27,0.5,,,,,,0.27,0.25,,,,0.45,,,-0.68,0.24,,,0.28,,0.13,,,,,,0.35,0.52,0.77,1.41,1.22
1727,138360,,,,,,,-0.38,,,,-0.76,,-0.9,,,,,,,,,,-0.55,,,,0.6,,,,-0.98,,,,0.46,,,,-0.71,,-0.44,,,-0.04,,,,,,,,,-0.73,,-0.69,,0.23,,,,-0.08,-0.13,-0.51,-0.02,0.45
1728,138361,,,,-0.87,,,,,-0.47,,0.3,-0.15,0.42,,,,0.08,,,,,-0.7,-0.18,,0.43,,0.31,,,,0.09,,,0.13,0.01,,,,,,0.11,0.56,,,,,,,0.82,0.22,,,0.21,,-0.21,,0.44,,,,0.39,0.57,0.78,1.03,0.34
1729,138370,,,,,,,,,,,-0.56,,-0.26,,,,,,,,,,-0.37,,,,0.1,,,,-0.32,,,,-0.17,,,,,,-0.7,-0.1,,0.26,,,,,,0.33,,,,,,,,,,,-0.03,0.35,0.19,-0.26,0.49
1730,138374,,,,,,,,,,,-0.53,,0.52,,,,,,,,,,-0.04,,,,-0.57,,,,,,,-0.42,,,,,,,-0.28,,,,,,,,,0.02,,,0.75,,,,0.42,,,,0.05,0.14,0.19,-0.19,0.42
1731,138403,,,,,,,,,,,0.37,,0.32,,,,,,,,,,0.25,,,,0.02,,,0.0,-0.04,,,0.15,0.03,,,,,-0.05,0.11,-0.21,,,,,,,,-0.17,,,0.2,,,,,0.25,,,,,,,
1732,138405,,,,,,,,,,,,,,,,,,,,,,,,,,,,,,,,,,,,,,,,,,,,,,,,,,,,,,,,0.25,,,,,,,,,
1733,138411,,,,,,,,,,,-0.24,,0.29,,,,,,,,,,,,,,,,,,0.13,,,,-0.12,,,,,,-0.41,,,,,,,,,-0.08,,,-0.2,,,,-0.12,,,,-0.21,0.16,0.28,-0.01,0.86
1734,138449,,,,,,,-0.81,,,,-0.16,0.01,0.4,,,,-0.54,,,,,-0.56,0.21,,,,-0.55,,,,0.51,,,0.04,0.3,,,,,,0.08,-0.5,,-0.79,,0.09,,,,-0.26,,,-0.23,,,,0.17,,,,0.29,0.29,0.54,0.68,0.9
1735,138457,,,,,,,,,,,-0.09,0.14,-0.33,,,,,,,,,,-0.17,,,,-0.94,,,,-0.3,,,,-0.12,,,,,,0.22,0.21,,,,,,,,-0.32,,,0.25,,,,0.34,,,,0.97,1.45,1.37,2.02,1.29
1736,138459,,,,,,,,,,,-0.62,,-0.65,,,,,,,,,,-0.57,,,-0.02,-0.07,,,,0.16,,,-0.14,-0.18,,,,0.0,,0.26,0.48,,,,,,,,-0.48,0.3,,-0.04,,-0.01,,-0.08,,,,0.92,0.84,0.3,0.99,0.47
1737,138460,,,,0.51,,,,,,,0.7,-0.19,0.09,,,,-0.02,,,,,,-0.29,,0.17,,-0.2,,,,0.25,,,0.27,-0.1,,,,,,0.24,0.05,,,,,,,,0.4,,,-0.32,,-0.52,,0.34,,,,0.0,0.46,0.53,0.09,0.34
1738,138461,,,,0.7,,,,,-0.63,0.05,0.01,,0.57,,,,,,,,,0.5,0.21,,,,0.42,,,,0.29,,,0.53,0.41,,,,,,0.17,-1.18,,0.24,,-0.42,,,-0.23,-0.26,,,0.82,,0.21,,0.95,-0.06,,,1.0,0.21,0.49,1.1,0.95
1739,138464,,,,0.11,,,,,,,-0.05,0.77,0.09,,,,-0.03,,,,,0.11,-0.23,,0.53,,-0.07,,,,0.31,,,,0.1,,,,,,-0.3,-0.11,,,,,,,,-0.53,,,0.6,,0.47,,0.77,,,,0.91,0.47,1.25,1.23,0.99
1740,138466,,,,,,,,,,,0.69,,-0.39,,,,,,,-0.18,,,,,0.03,,0.75,,0.36,,0.4,,,,0.05,,,,,,0.39,,,0.98,,,,,,-0.03,,,-0.12,,0.67,,,,,,0.27,0.03,0.37,0.73,0.42
1741,138470,,,,,,,0.18,,,,0.07,,0.56,,,,0.43,,0.43,,,0.38,-1.37,,-0.26,,0.11,,,,-0.49,,0.25,,0.02,,,,0.03,,0.45,-0.17,,,,,,,-0.59,-0.08,,,-0.21,,-0.09,,0.01,-0.15,,,0.23,0.36,0.42,0.61,1.36
1742,138471,,0.13,,,-1.11,,-0.19,,-0.01,,0.57,0.18,0.86,,,,,,,,,-0.14,0.05,,0.44,,-0.36,,0.41,,0.45,,,,0.19,,,,-0.28,,-0.11,-0.71,,,,,,,0.24,0.35,,,0.16,,0.5,,-0.25,,,,-0.13,-0.25,-0.01,0.07,0.04
1743,138472,,,,,,,,,,,-0.69,,,,,,,,,,,,,,0.52,,,,,,,,,-1.16,-0.64,,,,-0.08,,-0.12,,,,,,,,,,,,-0.33,,,,0.34,,,,-0.74,-0.64,-0.8,-1.03,-0.74
1744,138473,,,,-0.3,,,,,,,0.31,-0.4,0.34,,,,0.0,,,,,,,,-0.32,0.2,0.43,,,,-0.15,,,,0.53,,,,,,0.57,0.41,,,,,,,,0.49,,,-0.1,,,,0.6,,,,0.51,0.57,0.61,0.34,0.07
1745,138476,,,,,,,,,,,-0.66,-1.33,-0.98,,,,,,,,,,-0.32,,,,-0.48,,,,-0.28,,,,-0.14,,,,,,0.01,,,,,,,,,-0.21,,,-0.37,,0.02,,0.0,,,,0.88,0.41,0.72,0.57,1.38
1746,138478,,,,-0.21,,,,,,,0.38,,,,,,,,,,,,,,,,-0.79,,,,,,,,,,,,,,0.95,,,,,,,,,,,,-0.21,,,,0.15,,,,-0.36,-0.15,-0.35,-0.79,1.91
1747,138480,,,,,,,0.93,,,,0.17,,-0.23,,,,-0.11,,,,,,-0.97,,,-0.91,,,0.08,,0.11,,,0.69,-0.15,,,,,,0.21,,,,,,,,,0.0,,,-0.61,,-0.93,,-0.47,-0.94,,,-0.03,0.64,0.25,0.27,-0.21
1748,138482,,,,,,,-0.13,,,,0.02,0.25,0.26,,,,-0.17,,,,,,0.1,,0.76,,0.42,,,,-0.07,,,-0.19,-0.19,,,,,,-0.05,0.51,,-0.08,,,,,-0.02,0.26,,,0.36,,,,-0.08,0.59,,,0.64,0.66,0.84,0.92,0.57
1749,138483,,,,1.11,,,,,0.11,,0.58,0.23,-0.31,,,,,,,,,,-0.03,,0.82,,0.15,,,,-0.25,,,,0.17,,,,,,-0.16,,,-0.22,,,,,0.24,-0.3,,,0.45,,0.09,,,,,,0.56,-0.02,0.08,0.32,0.36
1750,138490,,,,,,,-0.71,,,,-0.03,-0.16,-0.69,,,,0.45,,0.33,,-0.01,,-0.44,,,-0.17,0.38,,,,-0.14,,,,-0.09,,,,,,-0.06,0.02,,0.01,,,,,,-0.51,,,0.17,,-0.31,,-0.05,,,,0.92,0.71,1.13,0.51,0.99
1751,138491,,,,,,,,,,,0.57,-0.5,-0.24,,,,,,,,,,,,,-0.21,-0.46,,,,-1.17,,,-0.17,-0.37,,,,,,0.16,,,-0.38,,,,,0.14,-0.04,,,-0.75,,-0.22,,-0.26,,,,0.43,0.19,0.33,0.04,0.45
1752,138499,,,,,,,,,,,,,,,,,,,,,,,0.86,,,,,,,,,,,,,,,,0.21,,,,,,,,,,,,,,-0.47,,,,0.28,,,,-0.54,-0.56,-0.52,-0.62,-0.49
1753,138505,,,,,-0.38,,,,,,-0.43,,0.03,,,,,,,,,,,,,,-0.61,,-0.07,,-0.58,,,,-0.53,,,,,,0.03,0.26,,,,,,,,0.36,,,-0.52,,,,,,,,-0.42,-0.37,-0.45,-0.76,-0.79
1754,138511,,,,,,,,,,,0.06,,,,,,,,,,,,,,,,,,,,,,,,,,,,,,,,,,,,,,,,,,-0.61,,-0.93,,-0.06,,,,-1.19,-0.89,-0.7,-1.26,-0.8
1755,138518,,,,,,,,,,,0.07,,0.39,,,,0.59,,,,,,0.67,,,,0.49,,,,,,,0.59,0.53,,,,,,0.59,0.03,,,,0.55,,,,0.46,,,0.91,,,,0.37,,,,1.1,1.25,0.7,0.68,0.06
1756,138522,,,,,,,-1.0,,,,0.3,0.41,-0.07,,,,-0.3,,,,,,,,0.37,,0.05,,,-0.11,-0.2,,,,0.12,,,,,,0.16,0.13,,,,,,,-0.37,0.44,,,0.64,,-0.54,,0.31,-0.59,,,0.42,0.14,0.68,0.74,1.44
1757,138525,,,,,,,,,,,0.16,-0.09,0.03,,,,0.85,,,,,-0.26,,,,,0.03,,,,-0.35,,,,0.06,,,,,,-0.2,,,,,,,,,-0.63,,,-0.46,,,,0.05,,,,-0.07,-0.14,0.41,0.48,0.49
1758,138545,,,,-0.84,,,,,-0.64,,0.19,,0.08,,,,0.64,,-0.43,,,,-0.13,,0.41,,0.08,,,,-0.12,,,,-0.01,,,,,0.13,0.25,0.13,,,,,,,,0.45,,,0.21,,,,0.03,-0.14,,,-0.11,-0.06,-0.07,0.11,0.78
1759,138571,,,,0.19,,,,,,0.67,-0.18,0.54,,,,,0.71,,,,,,,,,,0.31,,-0.36,,-0.21,,,-0.6,-0.47,,,,0.76,,-0.36,,,0.76,,,,,-0.49,-0.05,,,-0.34,,,,,,,,-0.61,-0.24,-0.63,-0.74,-0.35
1760,138582,,,,,,,,,,,,0.38,,,,,0.41,,0.24,,,,-0.88,,0.43,,-0.68,,,,0.19,,,0.12,0.41,,,,,,-0.15,,,-0.35,,,,,-0.08,-0.17,,,0.3,,-0.04,,-0.11,,,,0.32,0.23,0.21,0.31,0.62
1761,138586,,,,,,,,,,,0.56,0.35,-0.49,,,,,,,,,,0.17,,,,0.24,,,,,,,,,,,,,,-0.68,,,,,,,,,-1.03,,,0.38,-0.04,0.38,,,,,,0.68,0.57,0.48,0.44,0.84
1762,138606,,,,,,,,,,,-0.02,,,,,,,,,,,,,,,,-0.37,,,,-0.81,,,,-0.12,,,,,,-0.28,,,,,,,,,,,,-0.33,,0.41,,-0.54,,,,0.39,-0.15,-0.16,0.05,0.82
1763,138607,,,,,,,-0.57,,,,0.4,,0.71,,,,,,,-0.13,,,-0.05,,,,0.39,,,,-0.26,,,0.87,,,,,,,0.24,-0.05,,,,,,,,0.55,,,0.53,,,,-0.27,,,,1.03,0.31,0.67,0.43,0.33
1764,138609,,,,0.24,,,,,,,0.06,0.53,0.5,,,,0.0,,,,,,0.27,,,,0.25,,,,0.81,,,-0.02,0.14,,,,,,0.05,-0.15,,0.07,,,,,,0.16,,,0.92,,,,0.31,0.78,,,0.16,-0.1,0.1,-0.48,1.26
1765,138610,,,,0.32,,,,,0.52,0.23,-0.21,0.21,0.05,,,,,,,,,,0.24,,,,1.01,,,,-0.25,,,0.02,0.62,,,,,,0.25,0.89,,0.53,,,,,,0.05,,,0.51,,1.15,,0.55,,,,0.61,0.92,0.7,0.57,1.54
1766,138614,,,,,,,,,,,0.68,0.09,0.39,,,,,,,,,,,,0.34,,,,,,,,,,-0.44,,,,0.41,,-0.04,,,,,,,,,,,,0.42,,,,-0.3,,,,-0.06,0.03,-0.08,0.08,-0.64
1767,138620,,,,,,,,,,,,,,,,,,,,,,,,,,,,,,,,,,,-0.56,,,,,,0.27,,,0.03,,,,,,,,,,,,,,,,,-0.7,-0.84,-0.64,-0.69,0.29
1768,138622,,,,,,,,,,,-0.07,,0.47,,,,,-0.49,,,,,,,,-0.25,-0.12,,,,-0.08,,,-0.3,-0.14,,,,,,0.21,,,,,,,,,0.54,,,0.04,,-0.27,,-0.1,,,,0.21,0.16,0.33,0.27,0.58
1769,138623,,,,-0.45,,,,,,,0.23,0.35,0.64,,0.24,,0.16,,0.32,-0.6,,,0.0,,0.28,,0.36,0.01,,-0.45,0.02,,,0.1,0.12,,,,,,0.01,,,,,,,,,-0.29,,,0.45,,0.47,,-0.01,,,,0.35,0.21,0.24,0.57,0.1
1770,138630,,,,,,,,,,,-0.06,,0.31,,,,,,,,,,,,0.8,,0.24,,,,0.62,,,,0.14,,,,,,0.3,,,0.19,,,,,,0.97,,,0.14,,,,0.27,,,,0.14,0.41,0.51,0.51,0.38
1771,138632,,,,,,,0.14,,-0.53,,0.58,-0.29,0.08,,,,,,-0.29,,,0.32,-0.31,,,,-0.37,,,,-0.18,,,,-0.33,,,,1.72,,-0.09,0.11,,0.25,,,,,-0.09,0.41,,,0.02,,,,0.34,,,,0.11,0.25,0.51,0.63,0.64
1772,138638,,,,,,,0.51,,0.63,,0.06,0.27,0.04,,,,,,-0.51,,,-0.09,0.03,,0.1,,-0.07,,,-0.6,0.09,,,0.0,0.27,,,,,,-0.14,0.45,,,,,,,0.16,-0.69,,,0.28,,0.44,,0.0,,,,0.99,0.43,0.7,1.34,1.31
1773,138641,,,,,,,,,,,-0.03,-0.64,-0.27,,,,,,-0.41,,,,,,,,-0.05,,,,-0.14,,,,-0.18,,,,,,-0.21,,,,,,,,,0.37,,,-0.1,,,,-0.17,,,,-0.11,0.5,0.0,0.16,0.35
1774,138651,,,,,,,-0.42,,,,0.03,0.15,0.1,,,,-0.58,,,,,,-0.32,,,,-0.14,,0.21,0.23,0.18,,,-0.18,-0.36,,,,,,0.08,0.24,,,,,,,0.55,0.35,,,-0.22,,,,-0.19,0.11,,,0.77,0.59,0.94,0.93,1.51
1775,138662,,,,,,,-0.13,,-0.14,,0.09,-0.41,-0.1,,,,1.05,,,,-0.27,0.11,-0.65,,0.62,,0.09,,,,-0.21,,,,-0.1,,,,,,-0.56,,,0.1,,,,,,,,,-0.96,,,,-0.02,,,,-0.03,-0.55,-0.07,-0.09,-0.6
1776,138664,,,,,,,,,,,0.07,0.62,,,,,,,,,,,,,,,,,,,,,,,,,,,,,-0.2,,,,,,,,,,,,,,,,,,,,-0.06,-0.2,-0.37,-0.2,0.72
1777,138665,,,,,,,,,,,-0.29,-0.54,-0.09,,,,,,-0.11,,,,-0.32,,-0.5,,0.02,,0.41,,-0.07,0.36,,,0.01,,,,,,0.32,-0.63,,,,,,,,-0.12,,,-0.17,,,,,,,,-0.24,0.29,0.47,0.64,-0.07
1778,138667,,,,-0.12,,,,,,-0.16,0.38,0.19,0.16,,,,0.39,,-0.04,,,0.08,0.07,,-0.11,,0.22,,,,-0.13,,-0.75,0.65,0.12,,,,,,0.43,0.8,,,,-0.34,,,-0.61,0.54,,,-0.34,,0.03,,-0.04,,,,0.1,-0.06,0.24,0.51,0.37
1779,138681,,,,,,,,,,,-0.28,,0.19,,,,,,,,,,,,,,0.82,,,,-0.48,,,,0.28,,,,,,-0.12,-1.34,,-0.86,,,,,,-0.29,,,-0.01,,,,0.2,,,,0.63,0.07,0.31,0.37,0.36
1780,138682,,,,,,,,,,,-0.32,,0.19,,,,0.34,,,,,,-0.11,,,,-0.56,,,,-0.12,,,0.29,0.04,,,,,,-0.1,,,,,,,,,,,,0.15,,,,0.09,0.11,,,0.06,0.63,0.83,0.91,2.22
1781,138685,,,,,,,,,,,0.66,-0.12,0.13,,,,,,,,,,,,,,0.3,,,,,,,-0.23,,,,,,,-0.75,,,0.45,,,,,,,,,0.31,,,,0.44,,,,0.81,0.29,0.41,-0.17,0.28
1782,138686,,,,,,,,,,,,-0.85,,,,,,,,,,,-0.82,,,-0.25,,,,,-0.28,,,,-0.45,,,,,,0.36,,,,,,,,,,,,-0.87,,-0.13,,-0.46,,,,-0.31,-0.15,-0.33,-0.21,1.41
1783,138691,,,,,,,,,,,-0.12,0.24,-0.37,,,,0.3,,,,,,0.46,0.79,0.16,,-0.12,,,,0.42,,,0.56,-0.02,,,,,,-0.09,,,0.72,,,,,,0.18,,,-0.17,,-0.59,,0.22,,,,0.04,-0.31,-0.37,-0.41,0.91
1784,138695,,,,,,,,,,,-0.05,-0.62,-0.87,,,,,,,,,,,,,,-0.8,,,,,,,,,,,,0.54,,-0.54,,,,,,,,,,,,,,,,0.02,,,,-0.17,-0.46,-0.17,0.17,1.4
1785,138696,,,,,,,,0.39,-0.06,,-0.5,,0.04,,,,,,-0.23,,,,,,,0.42,,,,,,,,,,,,,,,0.2,,,,,,,,,0.47,,,,,,,,,,,-0.86,-0.21,-0.19,-0.96,-1.26
1786,138729,,,,,,,,,,,-0.23,-0.22,-0.3,,,,0.61,,,,,,0.31,,,,-0.11,,,,-0.13,,,,0.05,,,,,,-0.1,,,,,,,,,-0.42,,,-0.27,,-0.08,,-0.27,,,,0.59,0.07,0.16,0.49,-0.72
1787,138732,,,,,0.52,,0.1,,0.15,,0.21,-0.1,0.31,,,,,,,,,0.13,-0.11,,-0.47,,0.16,,,,-0.43,,,,-0.46,,,,,,-0.05,-0.2,,-0.35,,,,,-0.12,0.08,,,-0.35,,-0.58,,-0.23,,,,0.77,0.69,0.7,0.63,0.8
1788,138734,,,,,,,,,-1.16,,-0.47,,,,,,,,,,,,-0.88,,,,,,,,,,,,,,,,,,,,,-0.68,,,,,,,,,-1.36,,,,,,,,0.03,-0.35,-0.29,-0.06,-0.22
1789,138746,,,,,,,,,,,-0.35,0.43,,,,,,,,,,,,,,,,,,,-0.38,,,,,,,,,,,,,,,,,,,,,,-0.68,,,,0.05,,,,-0.78,-0.52,-0.52,-0.43,-0.92
1790,138747,,,,-0.13,,,,,0.63,,0.3,0.02,,,,,,,,,,,,,,-0.65,,,,,,,,0.52,0.58,,,,,,0.05,-0.23,,,,,,,,-0.89,,,1.3,,,,0.26,,,,-0.33,0.13,-0.05,-0.23,-1.52
1791,138757,,,,,,,,,,,0.35,-0.09,0.15,,,,,,,,,,,,,,,,,,0.52,,,,0.29,,,,,,,,,-0.24,,,,,0.26,-0.15,,,-0.47,,,,0.03,,,,-0.21,0.23,0.28,0.33,0.4
1792,138762,,,,,,,,,,,-0.48,0.26,-0.35,,,,0.47,,0.25,,,,0.06,,,,,,,,,,,,,,,,,,0.21,,,0.47,,,,,,0.04,,,,,,,0.2,,,,0.01,0.52,0.88,0.11,0.01
1793,138787,,,,-0.78,,,,,,,,,,,,,,,,,,,,,,,,,,,,,,,,,,,,,,,,,,,,,,,,,,,,,,,,,-1.04,-0.72,-1.15,-1.04,-0.96
1794,138810,,,,,,,,,,,-0.61,,,,,,,,,,,,,,,,,,,,,,,,,,,,,,,,,,,,,,,,,,-0.14,,-0.04,,0.38,,,,0.17,-0.03,-0.07,0.36,0.36
1795,138817,,,,0.21,,,,,,,-0.13,0.09,0.45,,,,0.32,,-0.37,,,,-0.58,,,,0.44,,,,-0.15,,-0.9,,0.2,,,,,,-0.1,,,-0.23,,-0.57,,,-0.48,0.5,,,0.01,,,,0.5,,,,0.17,0.2,0.72,0.75,0.8
1796,138823,,,,,,,,,0.46,,-0.17,0.37,-0.28,,,,0.0,,0.26,,,0.06,0.18,,-0.41,,0.51,,,-0.02,0.16,,,,-0.57,,,,,,0.01,,,-0.32,,,,,-1.03,0.11,,,-0.34,,-0.39,,-0.18,-0.62,,,-0.05,0.24,0.92,0.41,0.98
1797,138825,,,,-0.18,,,,,-0.79,,0.0,,-0.24,,,,-0.09,,,,,0.15,-0.33,,,,-0.29,,,,0.09,,,0.01,0.18,,,,,,0.02,0.14,,,,,,,,0.05,,,-0.55,,,,0.25,0.65,,,0.94,0.76,0.6,0.75,0.8
1798,138829,,,,0.39,,,,0.05,,,0.38,0.43,0.49,,,,,,,,,,0.51,,0.99,,0.04,,,0.2,0.41,,,0.89,0.09,,,,0.11,,0.87,,,-0.11,,,,,0.38,0.58,,,0.69,,,,0.87,,,,-0.22,0.12,-0.37,0.22,-0.23
1799,138834,,,,0.64,,,,,,,0.09,,-0.37,,,,,,,,,,-0.33,,,-0.58,-0.13,,,,-0.14,,,,0.3,,,,,,0.14,,,,,,,,,,,,0.1,,0.58,,,,,,0.9,1.01,1.19,0.72,1.01
1800,138837,,,,,,,,,,,0.22,,-0.23,,,,,,,,,,,,-0.02,,,,,,,,,,,,,,,,0.84,0.57,,,,,,,,0.37,,,-0.46,,,,0.42,,,,-0.08,0.18,0.13,0.24,0.39
1801,138839,,,,,,,,,,,0.0,,-0.39,,,,,,,,,-0.36,,,,,,,,,0.13,,,,-0.64,,,,,,0.53,,,,,,,,,,,,0.12,,,,,,,,0.03,-0.2,-0.09,-0.21,0.55
1802,138841,,,,0.33,,,,,,,0.34,,0.07,,,,,,,,,,-0.36,,0.28,,0.4,,,,-0.14,,,,0.23,,,,,,0.28,0.26,,,,,,,0.05,0.2,,,0.07,,,,0.0,,,,0.76,0.74,0.89,0.74,1.63
1803,138845,,,,,,,,,,,-0.45,0.49,-0.7,,,,,,,,,-0.85,,,-0.1,,0.17,,,,,,-1.84,,0.04,,,,-0.62,,-0.39,,,0.29,,,,,-0.43,-0.48,,,-1.19,,,,,,,,0.08,-0.61,-0.77,-0.63,-0.94
1804,138850,,,,,,,,,,,0.17,-0.38,0.48,,,,,,-0.09,,,,,,,,,,,,,,,-0.74,0.46,,,,,,-0.5,,,,,,,,-0.22,-0.02,,,-0.52,,,,,,,,0.17,-0.04,-0.22,-0.12,0.18
1805,138852,,,,-0.88,,,,,,,0.53,-0.41,-0.2,,,,,,,,,,,,,-0.51,0.35,,,,-0.55,,,-0.22,-0.97,,,,,,-0.1,,,,,,,,0.13,-0.52,,,-0.07,,,,0.04,0.1,,,-0.17,-0.27,0.03,-0.63,0.67
1806,138855,,,,,,,-0.3,,,,0.58,0.19,0.35,,,,0.06,,-0.83,,,,0.25,,-0.16,0.7,0.24,,0.07,0.17,0.0,,,0.19,-0.15,,,,,,0.45,0.25,,0.11,,,,,,0.78,,,0.16,,0.47,,0.01,0.11,,,0.22,0.56,1.36,0.69,0.52
1807,138858,,,,,,,,,,,0.09,,-0.44,,,,-0.87,,,,,,,,-0.29,,-0.12,,,,,,,,,,,,,,-0.39,,,0.36,,,,,,-0.75,,,,,,,-0.76,,,,0.17,0.12,0.18,0.01,0.76
1808,138879,,,,,,,,,,,,-0.24,1.29,,,,,,,,,,-0.55,,,,,,,,,,,0.34,,,,,,,0.62,,,,,,,,,0.85,,,-0.91,,,,,,,,-0.13,0.3,-0.2,-0.38,0.04
1809,138885,,,,,,,,,,,-0.21,,-0.14,,,,,,,,,,,,,,0.2,,,,,,,,-0.13,,,,,,0.22,,,,,,,,,-0.54,,,0.04,,,,-0.39,,,,-0.13,-0.2,-0.12,0.07,-0.1
1810,138894,,,,,,,,,,,-0.06,-0.52,0.12,,,,-0.52,,,,,0.08,,,0.37,,-0.21,,,,0.23,,,,-0.55,,,,0.38,,0.27,0.92,,-0.38,,,,,0.32,0.16,,,-0.05,,,,0.55,,,,,,,,
1811,138897,,,,,,,0.54,,,,-0.37,-0.19,-0.68,,,,-0.49,,,,,,,,,,0.06,,,,-0.78,,,,-0.58,,,,,,-0.51,,,,,,,,0.07,-0.39,,,-0.16,,,,-0.24,,,,-0.27,-0.2,-0.36,-0.67,0.73
1812,138924,,,,,,,,-0.69,,,0.92,0.06,-0.15,,,,,,,,,,0.71,,,,-0.22,,,,,,,-0.01,0.81,,,,,,-0.01,,,,,,,,,0.57,,,-0.07,,,,-0.26,,,,0.75,0.11,-0.01,0.28,-0.58
1813,138928,0.05,,,0.16,,,,,-0.24,-0.14,-0.45,-0.41,-0.48,,,,,,-0.37,,,,-0.33,,,,-0.18,,0.17,,-0.34,,,-0.42,-0.07,,,,-0.32,,-0.92,,,,,,,,-0.54,-0.31,,,-0.42,,-0.88,,-0.26,,,,-0.08,-0.17,-0.39,0.01,0.34
1814,138932,,,,,,,,,,,-0.44,,-0.7,,,,,,,,,,,,0.71,,-0.34,,,,-0.57,,,,0.36,,,,,,-0.56,,,,,,,,,-0.15,,,0.22,,,,0.82,,,,0.01,-0.33,-0.32,-0.25,0.78
1815,138937,,,,,,,,,,,-0.69,-0.25,-0.88,,,,,,,,,,,,,,0.09,,,,,,,,-1.13,,,,0.24,,-1.37,,,,,,,,,-0.56,,,-0.38,,-1.38,,0.08,,,,0.79,0.04,0.33,0.41,0.4
1816,138951,,,,,,,,,,,0.09,,0.18,,,,,,,,,,,,-0.47,,,,,,-0.38,,,,-0.1,,,,,,-0.14,-1.4,,,,,,,,-0.61,,,0.17,,-1.02,,0.24,,,,-0.05,-0.02,-0.2,0.18,0.85
1817,138960,,,,,,,,-0.72,-0.28,,0.24,-0.82,0.47,,,,-0.42,,,,,,-0.63,,,,,,,,0.05,,,-0.28,0.24,,,,,,0.19,,,,,,,,,,,,-0.03,,0.64,,-0.18,,,,1.06,1.3,1.22,1.15,1.36
1818,138964,,,,,,,0.05,,,,-0.04,-0.39,0.3,,,,,,,,,,-0.15,,,,-0.41,,,,,,,,-0.09,,,,,,-0.15,,,,,,,,0.67,-0.31,,,-0.34,,,,0.34,,,,-0.11,-0.08,-0.01,-0.37,0.0
1819,138966,,,,-1.69,,,,,,,-0.62,-0.39,-0.74,,,,-0.02,,,,,,-0.99,,,0.56,,,,,,,,-1.52,-0.45,,,,,,-0.81,,,,,,,,,,,,-0.96,,,,-0.35,,,,,,,,
1820,139031,,,,,,,,,,,-0.17,,-0.89,,,,,,0.76,,,,,,,-0.23,0.02,,,,1.4,,,,0.43,,,,,,0.25,,,,,,,,,,,,-0.06,,-0.24,,0.34,,,,-0.32,-0.58,-0.7,-0.5,-0.78
1821,139036,,,,,,,,,,,-0.22,-0.37,-0.69,,,,0.49,,-0.83,,,,-0.44,,,,0.38,,,,-0.54,,,0.17,-0.48,,,,,,-0.02,,,,,,,,,0.21,,,-0.22,,,,-0.33,,,,0.0,-0.05,0.25,-0.14,0.3
1822,139044,,,,,,,,,,,-1.3,,-1.3,,,,,,,,,,,,,,,,,,,,,,,,,,,,-0.69,,,,,,,,,,,,,,,,,,,,,,,,
1823,139048,,,,,,,,,,,-0.83,,-0.94,,,,,,,,,,,,0.19,,,,,,,,,,,,,,,,-1.22,,,,,,,,,-0.76,,,-0.71,,,,-0.59,,,,-0.62,-0.78,-0.99,-2.0,-1.81
1824,139060,,,,,,,,,,,-0.1,,-0.46,,,,,,,,,,,,,,,,,,,,,,,,,,,,0.19,,,,,,,,,,,,,,,,,,,,-0.6,-0.37,-0.26,-0.9,0.94
1825,139062,,,,,,,,,,,,,,,,,,,,,,,,,,,-0.42,,,,,,,,0.34,,,,,,0.28,,,,,,,,,,,,-0.98,,,,-0.2,,,,-0.28,-0.29,-0.39,-0.31,-1.29
1826,139063,,,,1.08,,,,,0.69,,-0.33,,-0.35,,,,,,,,,,,,,,,,,,,,,,,,,,,,-0.9,,,-0.37,,,,,,-1.26,,,-1.0,,,,0.42,,,,-0.66,-0.72,-0.7,-0.78,0.05
1827,139067,,,,,,,,,0.23,,-0.08,-0.63,-0.03,,,,,,0.21,,,,,,,,,,,,,,,,,,,,,,-0.02,,,,,,,,,0.25,,,-0.29,,,,0.18,,,,0.07,0.06,0.16,-0.25,0.48
1828,139075,,,,,,,,,,,-0.56,,,,,,,,,,,,,,,,-0.45,,,,,,,,-1.19,,,,,,,,,,,,,,,,,,-0.54,,,,0.3,,,,-0.2,-0.01,-0.36,-0.91,-1.35
1829,139095,,,,,,,-0.72,,-0.91,-0.99,-1.34,,-1.36,,,,,,,,,,,,,,0.49,,,,,,,,0.06,,,,,,-2.17,,,,,,,,,,,,-0.59,,,,0.03,,,,0.51,-0.17,-0.27,0.83,0.91
1830,139138,,,,,,,,,,,-0.18,,-0.14,,,,,-0.64,,,,,,,,0.09,,,,,,,,,-0.39,,,,1.13,,-0.73,,,,,,,,,-0.89,,,-0.26,,,,-0.32,,,,-0.03,-0.42,-0.37,-0.21,-0.84
1831,139139,,,,,,,-0.26,,,,0.39,,0.59,,,,,,,,,,0.04,,0.0,,0.19,,,,1.17,,,,0.43,,,,,,1.12,,,,,,,,,0.51,,,0.4,,0.49,,-0.09,,,,0.16,-0.16,-0.3,0.01,0.57
1832,139140,,,,,,,-0.38,,,,0.23,-0.24,-0.07,,,,,,,,,,,,0.33,,0.24,,,,-0.75,,,-0.01,-0.23,,,,,,-0.41,,,-0.11,,,,,-0.34,-0.15,,,-0.29,,-0.12,,-0.07,,,,-0.06,-0.01,0.61,0.59,1.36
1833,139144,,,,,,,0.27,,,,0.16,-0.28,0.56,,,,,,0.37,,,-0.08,-0.18,,0.22,,-0.25,,,,-0.61,,,-0.18,0.03,,,,-1.14,,0.37,0.35,,,,,,,-0.32,0.4,,,0.0,,-0.29,-0.75,,-1.08,,,0.13,0.59,0.38,0.26,-0.45
1834,139146,,,,,,,0.83,,,,0.54,,0.25,,,,0.49,,,,,,-0.23,,,,0.19,,,0.64,0.14,,,-0.02,-0.33,,,,,,-0.03,-0.34,,0.19,,,,,,0.8,,,0.66,,,,-0.35,0.34,,,0.02,0.31,0.5,0.43,0.75
1835,139151,,,,,,,,,,,-0.03,0.07,-0.25,,,,0.14,,0.23,,,1.6,0.23,,,,0.19,,,,0.67,,,,0.44,,,,,,-0.08,0.2,,0.06,,,,,0.0,0.0,,,-0.01,,,,0.54,-0.5,,,0.7,0.71,1.29,1.75,0.68
1836,139152,,,,-0.4,,,,,-0.62,,0.48,-0.15,0.36,,,,0.48,,,,,,-0.82,,,,,,,,0.47,,,,0.01,,,,,,-0.1,0.66,,,,,,,,0.76,,,0.14,,,,0.02,,,,0.02,-0.39,-0.44,-0.46,-1.24
1837,139153,,,,,,,0.12,,,,0.12,-0.85,-0.79,,,,,,,,,,,,,,0.27,,,,-0.72,,,,,,,,,,0.09,,,-0.47,,,,,,0.46,,,-0.59,,,,-0.29,,,,-0.24,-0.16,-0.21,-0.24,-0.41
1838,139154,,,,,,,,,,,0.36,-0.21,0.42,,,,0.31,,-0.1,,,,0.0,,,,-0.14,,,-0.49,0.64,,,-0.6,0.4,,,,,,0.3,0.35,,-0.33,,,,,0.51,0.79,,,-0.05,,,,-0.27,,,,0.1,0.81,0.95,0.61,0.35
1839,139155,,,,,,,,,0.76,,1.15,,0.74,,,,,,,,,,,,,,,,,,0.46,,,,0.31,,,,,,1.02,,,,,,,,,0.66,,,1.18,,,,,,,,-0.01,0.52,0.58,0.42,-0.45
1840,139158,,,,,,,,,,,0.25,0.12,-0.55,,,,,,,,,,,,,-0.15,-0.4,,,,-0.1,,,,-0.4,,,,,,0.17,,,,,,,,-0.08,0.14,,,-0.25,,-0.1,,-0.28,,,,-0.54,-0.23,-0.41,-0.11,0.19
1841,139160,,,,,,,0.0,,,,0.62,-0.25,-0.8,,,,,,,,,,,,-0.04,,,,,,0.37,,,,0.23,,,,,,-0.44,,,-0.73,,,,,,0.14,,,-1.01,,,,,,,,-0.26,0.07,-0.06,0.25,0.69
1842,139167,,,,,,,-0.12,,,,0.4,,0.45,,,,-0.65,,,,,0.17,-0.24,,0.38,,0.04,,,,-0.34,,,,0.04,,,,,,0.11,0.65,,0.7,,,,,0.17,0.52,,,0.5,,0.75,,0.43,0.4,,,0.25,0.68,0.74,0.54,0.85
1843,139179,,,,,,,,,,,,0.45,,,,,,,,,,,,,,,0.44,,,,-0.03,,,,,,,,,,,,,,,,,,,,,,-0.21,,,,-0.11,,,,-0.17,-0.39,-0.47,-0.42,0.67
1844,139180,,,,,,,-0.18,,,,-0.48,0.2,-0.38,,,,,,0.68,,,,-0.12,,0.47,,-0.49,,,,0.2,,-0.95,,0.27,,,,,,0.05,,,,,,,,,-0.13,,,-0.41,,-1.35,,,,,,-0.62,-0.16,-0.44,-0.51,-0.35
1845,139181,,,,,,,,,,,-0.14,,,,,,,,,,,,,,,,-0.45,,,,,,,,0.34,,,,,,0.62,,,,,,,,,,,,0.49,,,,0.43,,,,-0.6,-0.24,-0.51,-0.56,-0.62
1846,139182,,,,,,,,,,,0.15,0.07,-0.18,,,,-0.26,,0.5,,,,0.03,,0.14,,-0.02,,,,-0.3,,,,0.37,,,,,,-0.48,-1.29,,,,,,,,-0.48,,,0.37,,0.52,,0.16,,,,0.33,0.59,0.47,0.45,0.39
1847,139193,,,,,,,,,,,0.15,,0.21,,,,0.21,,0.62,,,,-0.19,,-0.22,,-0.4,,,,-0.42,,,-0.39,-0.08,,,,,0.31,0.7,0.38,,0.11,,,,,1.09,0.46,,,-0.39,,,,-0.08,,,,0.35,0.76,0.93,0.84,1.06
1848,139234,,,,,,,,,,,,,0.49,,,,,,-0.09,,,,,,,,,,,,,,,,,,,,,,0.14,,,,,,,,,-0.08,,,,,,,,,,,-0.5,0.34,-0.28,,-0.08
1849,139238,,,,,,,,,,,-0.35,-0.5,-0.32,,,,,,,,,,0.0,,0.23,,-0.66,,,,-0.46,,,-0.75,-0.48,,,,-0.84,,0.15,0.41,,-0.34,,,,,-0.72,-0.03,,,-0.27,,-0.22,,-0.31,,,,-3.2,-2.2,-0.08,-1.32,
1850,139268,,,,,,,,,,,-0.38,-0.74,-0.64,,,,0.12,,,,,,,,,,,,,,,,,,,,,,,,-0.41,0.33,,,,,,,,-0.1,,,-0.39,,,,,,,,-0.57,0.07,-0.14,,
1851,139272,,,,,,,,,,,0.88,,,,,,,,,,,,,,,,,,,,,,,,,,,,,,,,,,,,,,,,,,0.21,,,,-0.13,-1.09,,,-0.82,-0.33,-0.73,-1.08,-1.33
1852,139276,,,,,,,-1.13,,,,-0.01,,-0.29,,,,,,,,,,-0.79,,,,-0.78,,,,,,,,,,,,,,-0.68,,,,,,,,,-0.95,,,0.43,,,,0.12,,,,0.45,0.91,0.19,0.0,0.17
1853,139292,,,,,,,-0.05,,-1.17,,0.22,,0.17,,,,,,-1.07,,,-0.73,0.07,,-0.26,-0.37,0.06,,,,0.0,,,,0.18,,,,,,-0.37,,,,,,,,,0.07,,,-0.31,,-0.24,,0.1,,,,0.15,0.29,-0.23,0.18,0.35
1854,139304,,,,-1.22,,,,,,,0.51,0.12,0.44,,,,-0.17,,0.22,,,,0.08,,,,,,,,-0.05,,,,-0.1,,,,0.18,,0.0,-0.24,,,,,,,0.1,-0.67,,,-0.03,,-0.63,,0.31,,,,-0.26,0.61,0.9,0.33,-1.62
1855,139318,,,,,,,,,,,0.1,0.22,0.38,,,,,,,,,,-0.01,,0.23,,-0.29,,,,-0.14,,,0.0,-0.31,,,,,,0.15,0.12,,,,,,,,-0.01,,,-0.45,,,,-0.04,,,,-0.03,-0.23,-0.26,0.12,-0.91
1856,139319,,,,,,,,,,,0.06,0.31,-0.54,,,,,,,,,,-0.45,,,,0.25,,,,,,,0.36,-0.14,,,,,,-0.32,,,0.26,,,,,,-0.65,,,-0.33,,-0.25,,-0.09,,,,0.26,0.19,0.12,-0.06,0.42
1857,139343,,,,,,,,,,,-0.21,,-0.65,,,,,,,,,,-0.64,,-0.38,,-0.32,,,,-0.1,,,,-0.02,,,,,,-0.71,,,-0.49,,,,,0.46,0.08,,,-0.4,,,,,,,,-0.15,-0.2,0.11,0.68,
1858,139345,,,,,,,,,,,-0.44,,0.06,,,,,,,,,,,,-0.5,,-0.24,,,,-0.54,,,,-0.23,,,,,,-0.14,,,,,,,,,-0.11,,,-0.15,,,,-0.05,,,,-0.12,0.2,0.3,0.12,0.35
1859,139348,,,,,,,-0.56,0.22,,,0.15,-0.16,0.15,,,,,,-0.54,,,,-0.14,,-0.37,,-0.14,,,0.07,-0.16,,,,-0.06,,,,,,-0.21,0.54,,,,,,,,0.44,,,-0.05,,-0.61,,0.11,,,,0.04,0.28,0.51,0.48,0.2
1860,139351,,,,,,,,,,,0.35,,0.1,,,,,,,,,,-0.38,,-0.04,,0.37,,,,0.2,,,-0.44,0.13,,,,,,-0.06,,,,,-0.63,,,-0.4,0.01,,,0.4,,0.36,,-0.03,,,,0.47,0.3,0.19,0.43,-0.09
1861,139362,,,,,,,-0.56,,,,0.06,-0.19,-0.27,,,,,,,,,0.38,0.04,,,,0.0,,,,,,,0.9,,,,,,,0.25,0.53,,0.42,,,,,,0.18,,,0.54,,1.05,,0.58,,,,0.48,0.34,-0.01,0.06,-0.13
1862,139363,,,,,,,0.36,,,,-0.75,-1.05,-0.8,,,,,,,,,,,,,0.41,,,,,,,,,-0.92,,,,-0.07,,-1.25,,,0.14,,,,,,,,,-0.16,,,,-0.33,,,,,,,,
1863,139364,,,,,,,,,,,0.54,,-0.14,,,,,,,,,,,,,,0.56,,,,,,,,,,,,,,-0.58,,,,,,,,,-0.91,,,-0.27,,,,0.03,,,,0.12,-0.33,-0.04,0.29,-0.57
1864,139367,,,,,,,,,,,,,,,,,,,,,,,,,,,-0.87,,,,,,,,-0.08,,,,,,,,,,,,,,,,,,-0.35,,,,0.03,,,,-0.07,0.06,0.34,0.28,-0.67
1865,139369,,,,,,,0.27,,,,-0.08,-0.88,-0.73,,,,,,,,,,0.28,,,,0.12,,,,,,,0.12,0.1,,,,,,-0.24,,,,,,,,,-0.36,-0.14,,-0.38,,,,0.05,-0.31,,,0.77,0.34,0.43,0.5,0.43
1866,139409,,,,,,,,,,,-0.39,,,,,,,,,,,,,,,,,,,,,,,,,,,,,,0.08,,,,,,,,,,,,,,,,,,,,0.8,0.75,0.71,1.21,1.44
1867,139410,,,,,,,,,,,-0.52,,,,,,,,,,,,,,,,-0.07,,,,,,,,0.33,,,,,,0.18,,,0.26,,,,,,,,,-0.14,,,,,,,,0.53,0.24,0.1,0.37,0.13
1868,139416,,,,0.07,,,,,-1.55,,,,,,,,,,,,,-0.13,,,,,-0.56,,-0.18,,,,,,,,,,,,,,,,,,,,,,,,,,,,-1.28,,,,-0.37,-0.6,-0.5,,
1869,139433,,,,0.38,-0.18,,,,0.05,,0.05,-0.14,0.04,,0.66,,0.11,,,,,,-0.31,,0.05,,0.52,,,,0.04,,,0.17,0.13,,,,0.65,,-0.19,-0.02,,,,,,,1.37,0.32,,,0.08,,-0.16,,0.15,,,,,,,,
1870,139487,,,,,,,,,,,-0.39,0.45,0.28,,,,,,,,,,0.45,,0.46,,0.94,,,,0.15,,,,0.05,,,,,,-0.15,,,,,,,,-0.45,,,,0.07,,-0.43,,0.29,,,,-0.05,0.26,0.23,-0.14,-0.1
1871,139517,,,,-0.94,,,,,,,0.25,-0.5,-0.11,,,,,,-0.68,,,,,,-0.44,,,,,,,,,,,,,,,,-0.52,,,0.3,,,,,,,,,0.08,,0.12,,0.07,,,,0.26,0.41,0.09,0.05,0.25
1872,139534,,,,,,,-0.35,,,,0.49,-0.09,0.47,,,,,,-0.01,,,,,,,,0.36,,,,,,,-0.72,-0.5,,,,,,-0.01,-0.51,,-0.24,,,,,,-0.49,,,0.6,,-0.42,,,,,,-0.28,-0.24,-0.21,-0.18,-0.32
1873,139538,,,,,,,,,,,-0.47,-0.24,-0.57,,,,,,,,,,-0.53,,,,,,,,-0.25,,,,-0.63,,,,,,-0.37,,,,,,,,,-0.37,,,,,-0.93,,0.08,,,,0.46,0.18,0.24,0.69,-0.23
1874,139542,,,,,,,,,0.44,,,,,,,,,,,,,,,,,,-0.07,,0.24,,,,,0.3,0.97,,,,,,0.8,,,,,,,,,,,,-0.97,,,,-0.41,,,,0.02,-0.05,-0.33,-0.17,-0.78
1875,139553,,,,,,,-0.48,,-0.75,,0.05,,0.67,,,,,,,,,,,,,0.44,,,,,-0.19,,,,0.35,,,,,,0.28,,,,,,,,,0.95,,,0.1,,,,0.89,,,,0.62,0.46,0.65,0.66,-0.89
1876,139554,,,,,,,,-0.97,,,,-0.26,0.45,,,,,,,,,0.81,,,,,0.22,,0.24,,0.21,,,0.23,0.05,,,,,,0.34,,,,,,,,,1.27,,,0.32,,0.07,,0.34,,,,0.1,0.15,0.18,0.56,0.3
1877,139572,,,,,,,,,,,0.19,0.38,,,,,,,,,,,,,,,-0.34,,0.28,,0.17,,,,,,,,,,-0.05,,,-0.51,,,,,,,,,1.16,,,,,,,,-0.23,-0.02,0.3,-0.53,-1.5
1878,139588,,,,,,,,,,,0.3,-0.34,-0.22,,,,,,,,,,,,,,,,,,,,,,,,,,,,-0.43,,,,,,,,,-0.05,,,-0.27,,,,-0.69,,,,-0.26,-0.11,-0.22,-0.06,0.42
1879,139589,,,,1.11,,,,0.88,1.29,,,-0.89,,,,,0.35,,,,,,,,,,,,,,,,,,,,,,,,0.57,,,,,,,,,0.97,,,,,,,,,,,-0.62,-0.76,-0.91,-0.59,1.62
1880,139599,,,,,,,,,,,0.26,-0.68,0.47,,,,0.73,,,,,,,,,,,,,,,,,,,,,,,,-0.68,,,,,,,,,-0.2,,,,,,,,,-0.48,,0.43,0.15,-0.4,-0.07,0.77
1881,139623,,,,,,,,,,,-0.01,,-0.8,,,,,,,,,,,,,,,,,,,,,,-0.58,,,,,,,,,,,,,,,,,,,,,,-0.69,,,,-0.28,-0.66,-1.16,-0.32,-0.24
1882,139624,0.67,,,,,,-0.1,0.26,,,0.2,0.31,0.04,,,,-0.12,,0.56,,,,0.26,,,-0.14,0.09,,,,0.17,,,0.59,-0.21,,,,,,0.23,0.27,,-0.76,,,,,0.93,-0.24,,,0.77,,0.48,,0.48,-1.22,,,0.15,0.56,0.4,0.22,-0.59
1883,139658,,,,,,,-0.73,,,,-0.23,0.19,0.0,,,,,,,,,,0.3,,0.28,,-0.03,,,,0.14,,,1.0,0.41,,,,,,0.07,,,,,,,,,0.28,,,0.18,,,,0.14,,,,0.61,0.9,1.1,1.15,0.21
1884,139659,,,,,,,,,,,0.02,,0.18,,,,,,,,,,0.23,,,,0.23,,,,,,,,0.57,,,,,,0.44,1.29,,,,,,,,,,,0.55,,,,,,,,1.5,0.63,0.59,0.93,0.13
1885,139662,,,,,,,,,,,0.07,,0.07,,,,0.7,,,,,,,,,,-0.17,,,,,,,,-0.23,,,,,,0.04,,,,,,,,,,,,-0.15,,-0.54,,-0.13,-0.14,,,-0.22,-0.01,-0.2,-0.15,0.47
1886,139664,,,,,,,,,,,,,,,,,,,,,,,,,,,,,,,-0.55,,,,,,,,,,-0.14,,,,,,,,,,,,-0.53,,,,-0.03,,,,0.38,0.3,0.6,0.61,-0.28
1887,139686,,,,-0.06,,,,,,,-0.01,0.0,0.1,,-0.18,,,,0.3,,,,-0.1,,0.31,,-0.19,,,,0.29,,,-0.06,-0.42,,,,,,-0.37,0.13,,-0.17,,0.03,,,,0.44,,,,,,,,0.91,,,0.26,0.32,0.67,0.25,0.49
1888,139690,,,,,,,,,,,,,,,,,-0.06,,,,,,,,,-0.86,,,,,0.1,,,,,,,,,,-1.35,,,,,,,,,-0.59,,,,,,,,,,,-1.15,-0.78,-1.08,-0.71,
1889,139695,,,,-1.04,,,,,,,,,,,,,,,-0.13,,,,,,,,,,,,,,,,,,,,,,-0.3,,,,,,,,,-0.63,,,,,,,,,,,-0.85,-0.72,-0.84,-1.43,
1890,139703,,,,,,,,,,,-0.31,,-0.7,,,,,,,,,0.53,0.01,,,,-0.76,,-0.45,,-0.28,,,,0.41,,,,,,-0.47,,,,,,,,-1.0,-0.09,,,-0.07,,-0.51,,0.44,-0.54,,,0.11,0.11,0.12,-0.01,-0.11
1891,139711,,,,,,,,,,,0.4,,0.4,,,,,,,,,,,,,,-0.59,,,,,,,,0.37,,,,,,-0.19,,,,,,,,,,,,-0.27,,,,0.0,,,,-0.18,-0.08,0.12,0.17,-0.43
1892,139720,,,,,,,,,,,-0.02,-0.11,0.29,,,,,,,,,,-0.24,,,,0.22,,,,0.59,,,,0.07,,,,,,0.05,0.42,,,,,,,,-0.29,,,0.15,,,,-0.27,,,,0.83,0.87,1.04,0.74,-0.68
1893,139725,,,,,,,,,,,0.19,-0.24,-0.12,,,,-0.41,,,,,,-0.59,,0.12,,0.11,,,,-0.29,,,,0.06,,,,,,-0.42,-0.67,,,,,,,-0.09,-0.25,,,-0.03,,0.15,,-0.1,,,,0.99,0.52,0.79,1.0,0.97
1894,139730,,,,,,,,,,,-0.15,-0.57,-0.42,,,,,,,,,,-0.5,,-0.23,,0.15,,,,,,,,-0.25,,,,-0.13,,-0.08,,-1.28,-0.64,,,,,,-0.03,,,-0.26,,,,0.13,,,,,,,,
1895,139746,,,,,,,,,,,-0.15,0.25,-0.09,,,,,,,,,,-0.02,,,,-0.73,,,,,,,,-0.49,,,,0.82,,-0.1,,,,,,,,,-0.28,,,-0.32,,,,-0.15,,,,0.08,0.29,-0.08,0.01,-0.39
1896,139765,,,,,,,-1.28,,,,-0.33,-0.76,-0.27,,,,,,-1.27,,,,-0.94,,,,,,,,-0.27,,,,0.15,,,,-0.75,,-1.21,,,,,,,,-1.01,-0.92,,,-0.4,,,,0.57,,,,-0.36,-0.41,-0.25,-0.18,0.09
1897,139769,,,,,,,,,,,,,,,,,,,,,,,,,,,,,,,,,,,,,,,,,,,,,,,,,,,,,-0.93,,,,,,,,-0.68,-0.88,-0.96,-0.83,-1.49
1898,139779,,,,,,,-0.66,,,,,-0.61,,,,,,,,,,,,,,,,,,,,,,,,,,,,,-0.55,,,,,,,,,,,,,,,0.25,,,,,,,,,
1899,139791,,,,,,,,,,,0.24,0.31,-0.18,,,,-0.38,,,,,,0.26,,,,0.17,,,,-0.38,,,,0.17,,,,1.6,,-0.06,,,,,,,,,0.42,,,-0.15,,,,-0.12,,,,0.63,0.3,0.81,0.93,0.96
1900,139798,,,,,,,-0.31,,,,0.31,0.0,0.07,,,,0.0,,,,,,,,,0.5,0.05,,0.14,,-0.39,,,0.34,0.23,,,,-0.58,,0.03,-0.38,,,,,,,,0.23,,,0.16,,-0.09,,0.69,,,,,,,,
1901,139811,,,,,,,,,,,,,,,,,,,,,,,,,,,,,,,,,,,,,,,,,0.23,,,,,,,,,,,,,,,,,,,,,,,,
1902,139815,,,,,,,,,,,0.56,,0.31,,,,,,,,,,0.14,,,,0.18,,,,,,,0.74,0.32,,,,,,0.84,,,,,,,,,,,,0.17,,,,0.62,,,,0.66,0.03,-0.26,0.1,0.47
1903,139819,,,,0.42,,,,-0.02,0.45,,,,0.02,,,,,,,,,-0.18,,,,-0.13,,,,,,,,,-1.42,,,,,,0.39,,,,,,,,,,,,-0.44,,,,-0.99,,,,-0.46,-0.22,-0.08,-1.04,0.73
1904,139821,,,,,,,,,,,0.01,,0.64,,,,,,,,,,,,,,,,,,,,,0.96,-0.07,,,,,,0.69,,,,,,,,,1.25,,,0.2,,,,0.2,,,,-0.76,-0.59,-0.38,-0.19,0.22
1905,139841,,,,-0.98,,,,,,,-0.72,-1.19,-1.46,,,,,,,,,,,,,,-1.06,,,,-1.27,,,,,,,,-0.7,,-0.85,,,,,,,,,,,,0.08,,,,-0.07,,,,-0.02,0.05,-0.06,-0.51,0.23
1906,139842,,,,,,,0.18,-0.09,,,-0.63,-0.55,-0.24,,-0.22,,-0.23,,,,,,-0.55,,,,0.02,,,,-0.76,,,,-0.28,,,,,,-0.67,,,-0.19,,,,,,-0.59,,,-0.21,,0.28,,0.03,,,,0.55,0.3,0.1,0.1,0.32
1907,139853,,,,,,,,,,,-0.25,0.22,,,,,,,0.02,,,,-0.14,,,,,,,,-0.02,,,,-0.33,,,,,,-0.72,,,,,,,,0.38,-0.12,,,0.29,,,,,,,,-0.27,-0.15,-0.19,0.16,0.34
1908,139867,,,,,,,,,,,0.18,,0.9,,,,,,,,,,,,,,-0.56,,,,,,,,0.21,,,,,,0.92,,,,,,,,,,,,0.08,,,,,,,,-0.34,0.04,-0.44,-0.37,-1.05
1909,139873,,,,,,,-0.02,,,,-0.14,0.08,-0.55,,,,0.07,,,,,,-0.1,,,,-0.03,,,,0.0,,,-0.48,-0.8,,,,,,0.11,0.26,,-0.23,,,,,,-0.47,,,-0.21,,,,,,,,0.12,0.39,0.45,0.24,-0.09
1910,139878,,,,,,,0.2,,-0.11,,0.22,,0.42,,,,0.2,,,,,,,,0.01,,0.0,,,,,,,-0.62,-0.67,,,,0.21,,-0.74,,,,,,,,,-1.29,,,-0.35,,-0.39,,-0.39,,,,-0.43,-0.22,-0.52,-0.73,-0.34
1911,139891,,,,,-0.92,,,,,,0.15,0.29,0.34,,,,,,,,,,0.41,,,,,,-0.3,,,,,,-0.43,,,,,,0.37,-0.41,,,,,,,,-0.06,,,0.13,,,,-0.07,,,,0.18,0.16,-0.04,-0.07,0.49
1912,139896,,,,,,,0.5,,,,0.21,,0.07,,,,-0.19,,,,,,,,,,,0.62,,,-0.32,,,,-0.41,,,,,,0.14,0.32,,,,,,,,0.29,,,0.29,,,,-0.53,,,,,,,,
1913,139924,,,,,,,,0.55,-0.05,,,,,,,,,,,,,,,,,,,,,,,,,,,,,,,,,,,,,,,,,,,,,,,,,,,,-0.49,-0.69,-0.87,,
1914,139936,,,,,,,,,,,0.91,0.61,0.2,,,,,,,,,,,,,,,,,,0.09,,,,,,,,,,-0.33,,,,,,,,,,,,0.44,,,,1.02,,,,-0.56,-0.56,-0.34,-0.6,-1.38
1915,139956,,,,,,,,,,,,,,,,,,,,,,,,,,,,,,,-1.51,,,,,,,,,,,,,,,,,,,,,,0.41,,,,,,,,-0.82,-0.83,-0.86,-0.89,-0.25
1916,139957,,,,,,,,,,,-0.24,,,,,,,,,,,,,,,,-0.35,,,,,,,,0.01,,,,,,,,,,,,,,-1.22,,,,-0.15,,,,-0.41,,,,0.07,0.04,-0.08,0.38,0.9
1917,139961,,,,,,,,,,,0.29,,-0.4,,,,0.07,,,,,,,,,,-0.51,,,,-0.53,,,,,,,,0.49,,-0.21,,,,,,,,,-0.04,,,0.01,,,,-0.33,,,,0.04,-0.01,-0.2,0.1,1.08
1918,139971,,,,,,,0.56,,,,0.81,,-0.17,,,,-0.37,,,,,,-0.64,,,,1.02,,,,0.22,,,0.01,-0.3,,,,,,-0.52,-1.31,,,,,,,0.06,-0.17,,,0.07,,,,,0.57,,,0.78,0.06,0.8,1.3,0.12
1919,139975,,,,,,,,-0.12,,,-0.18,-0.14,0.37,,,,-0.49,,,,,,-0.21,,-0.4,,-0.17,,,,0.02,,,,-0.44,,,,,,-0.15,-0.2,,,,,,,,0.45,,,-0.61,,-0.32,,-0.59,,,,0.49,0.41,0.25,0.02,-0.41
1920,139988,,,,,,,0.94,,,,0.82,,0.39,,,,,,,,,,,,,-0.31,-0.14,,,,,,,,0.59,,,,,,0.14,,,0.04,,,,,-0.02,-0.52,,,-0.47,,,,,,,,-0.06,-0.4,-0.42,-0.58,-0.08
1921,139989,,,,,,,,,,,-0.18,,-0.44,,,,,,,,,,-0.33,,,,-0.63,,,,,,,-0.97,,,,,,,-0.26,,,,,,,,,,,,-0.48,,0.11,,0.09,,,,0.66,0.42,0.45,0.69,1.41
1922,140037,,,,,,,,,,,0.43,-0.34,0.23,,,,-0.47,,,,,,,,,-0.52,,-0.04,,,,,,,,,,,,,0.39,,,,,,,,,-0.39,,,,,,,-0.34,,,,-0.13,0.39,0.28,0.23,-1.36
1923,140049,,,,,,,,,,,,-0.15,,,,,,,,,,,,,,,,,,,,,,0.18,0.92,,,,,,,,,,,,,,,,,,0.68,,,,0.3,0.47,,,0.11,-0.27,0.17,-0.03,-0.84
1924,140066,,,,,,,,,,,,0.29,,,,,-0.07,,,,,,0.23,,,,-0.38,,,,0.55,,,,-0.48,,,,,,0.18,-0.34,,,,,,,0.51,0.42,,,0.26,,,,,,,,,,,,
1925,140081,,,,,,,,,,,-0.36,,-0.48,,,,-0.84,,,,,-0.06,-0.54,,-0.16,,0.31,,-0.01,,-0.15,,,,0.52,,,,,,-0.28,-0.83,,,,,,,-0.88,-0.08,,,-0.77,,0.05,,-0.52,,,,0.54,0.45,0.63,0.63,0.57
1926,140104,,,,,,,,,,,,,,,,,,,,,,,,,,,-0.75,-1.38,,,-1.2,,,,,,,,,,,,,,,,,,,,,,-0.21,,,,,,,,-0.24,0.08,0.39,-0.1,-1.37
1927,140105,,,,,,,,,-0.92,,-0.52,,,,,,,,,,,,,,,,0.08,,,,-0.22,,,,0.44,,,,,,-0.14,,,,,,,,,-0.92,,,0.56,,,,,,,,-0.4,-0.49,-0.47,-0.3,0.11
1928,140108,,,,,,,0.6,,0.59,,0.88,,0.61,,,,,,-0.25,,,,0.68,,,,0.44,,,,0.22,,,0.3,0.22,,,,,,0.7,,,,,,,,,0.9,,,0.3,,0.04,,,,,,0.02,0.17,0.28,-0.03,-0.65
1929,140123,,,,,,,,,,,0.14,0.04,0.04,,,,0.02,,,,,,,,,,0.36,,,,0.32,,,,0.36,,,,,,-0.51,,,,,,,,,-0.53,,,0.04,,,,-0.16,,,,-0.18,0.02,0.09,0.02,-0.95
1930,140126,,,,,,,,,,,0.75,,-0.56,,,,,,,,,,-0.39,,,,-0.58,,,,,,,,-0.21,,,,,,-0.85,,,,,,,,,,,,-0.76,,,,-0.87,,,,0.26,-0.15,-0.19,-0.18,0.49
1931,140149,,,,,,,-0.02,,,,-0.13,,-0.43,,,,,,,,,,,,,,,,,,,,,,-0.94,,,,,,-0.61,,,,,,,,,,,,-0.29,,,,-0.99,,,,-0.3,-0.36,-0.64,-0.57,-1.09
1932,140160,,,,,,,,,,,0.03,,-0.17,,,,,,,,,,,,,,,,,,,,,,,,,,,,-0.72,,,,,,,,,-1.62,,,,,,,-0.13,,,,0.41,0.63,0.47,-0.73,3.38
1933,140212,,,,,,,,,,,0.39,,-0.04,,,,0.22,,,,,,0.23,,,,0.67,,,,0.79,,,-0.17,0.48,,,,,,-0.03,-0.02,,,,,,,,1.2,,,0.29,,,,,,,,0.22,0.01,0.18,0.18,0.6
1934,140221,,,,,,,,,,,,,,,,,-1.12,,,,,,,,,,,,,,,,,,,,,,,,-0.08,,,,,,,,,-0.37,,,,,,,,,,,-0.23,-0.35,0.26,-0.05,2.35
1935,140248,,,,,,,,,,,0.07,,-0.29,,,,-0.46,,,,,,,,,,0.28,,,,-0.07,,,,-0.15,,,,,,-0.03,-0.22,,,,,,,,-0.43,,,-0.16,,0.12,,-0.14,,,,0.22,0.39,0.42,0.16,1.26
1936,140265,,,,,,,,,,,0.62,,0.1,,,,-0.54,,,,,,,,,,,0.13,,,,,,,,,,,,,-0.23,-0.22,,,,,,,,0.2,,,-0.21,,,,,,,,0.05,0.92,1.06,0.78,3.72
1937,140292,,,,,,,-0.49,,,,0.08,0.07,0.06,,,,0.9,0.59,,,,,0.34,,0.33,,0.08,,,,-0.25,,,,0.33,,,,-0.13,,-0.19,,,,,,,,-0.91,-0.19,,,-0.08,,0.3,,0.19,,,,-0.15,0.06,-0.02,-0.13,-1.06
1938,140294,,,,-0.42,0.59,,,,,,0.74,0.54,0.14,,,,,,,,,,0.09,,,,-0.12,,-0.83,,0.33,,,-0.13,0.44,,,,,,0.58,0.52,,,,-0.64,,,,0.93,,,0.86,,0.48,,0.53,,,,0.41,0.45,0.31,0.51,0.46
1939,140304,,,,,,,,,,,-0.26,-0.6,-0.12,,,,,,,,,,,,,,-0.53,,,,,,,,-0.89,,,,,,,,,,,,,,,,,,-0.19,,0.23,,-0.36,,,,-0.22,-0.14,-0.26,-0.32,0.14
1940,140366,,,,,,,,,,,-0.85,0.07,-0.45,,,,,,,,,,,,,,-0.49,,,,,,,,-0.05,,,,,,0.14,,,0.48,,,,,,-0.07,,,0.35,,,,0.16,,,,-0.44,-0.14,-0.37,-0.36,0.24
1941,140472,,,,-0.04,,,,,,,0.14,0.22,0.17,,0.0,,,,0.65,,,0.14,0.26,,-0.1,0.26,-0.43,,0.07,-0.65,-0.28,,,0.07,0.11,,,,-0.47,,0.19,0.04,,0.39,,-1.42,,,-0.05,0.02,,,-0.02,,0.32,,0.32,-0.18,,,-0.11,0.35,0.47,0.8,0.53
1942,140475,,,,,,,,,,,-0.42,0.35,-0.22,,,,-0.29,,-0.15,,,,0.3,,,-0.09,0.29,,,,,,,0.08,0.73,,,,-0.49,,-0.07,-0.19,,-0.16,,,,,,-0.94,,,-0.14,,-1.05,,-0.14,,,,0.95,1.32,0.91,0.62,0.28
1943,140492,,,,,,,,,,,,,,,,,,,,,,,0.36,,,,,,,,,,,,,,,,,,0.08,,,,,,,0.11,,,,,,,,,,,,,,,,,
1944,140510,,,,,,,0.47,,-0.35,0.39,-0.21,-0.56,-0.68,,,,-0.12,,-0.39,,-0.34,0.11,,,-0.39,,-0.54,,-0.05,,-0.4,,,-0.79,0.54,,,,,,-1.17,,,,,0.18,,,,-0.9,,,-0.51,,,,-0.25,,,,0.5,0.09,0.34,0.9,0.34
1945,140524,,,,,,,,,,,-0.09,0.1,-0.48,,,,,,,,,,-0.41,,,-0.25,-0.45,,,,0.09,,,0.15,-0.11,,,,,,-0.51,,,,,,,,0.35,-0.22,,,0.06,,-0.23,,,,,,0.38,0.16,0.45,0.48,0.39
1946,140534,,,,,,,,,,,,-0.02,0.17,,,,-0.83,,,,,,,,,,,,,,,,,,,,,,,,0.16,,,,,,,,,0.32,,,0.45,,,,-0.26,,,,0.41,0.25,0.18,-0.1,-0.79
1947,140537,,,,,,,,,0.36,,-0.24,0.84,-0.75,,,,,,0.22,,,,0.58,,,,0.01,,,,-0.31,,,,0.39,,,,,,-0.57,,,,,,,,,-0.45,,,-0.48,,0.06,,0.44,,,,0.2,-0.11,0.35,0.28,-0.06
1948,140547,,,,-0.69,,,,,,,0.14,-0.19,0.49,,,,,,0.19,,,,,,0.08,,0.04,,,,-0.08,,,,-0.48,,,,,,0.6,0.01,,0.13,,,,,,-0.04,,,0.27,,,,0.4,,,,0.03,-0.16,-0.21,-0.27,-0.03
1949,140549,,,,,,,,,,,,0.21,,,,,,,,,,,,,,0.36,,,,,,,,,,,,,,,,,,,,,,,,,,,0.41,,,,0.3,,,,-0.41,-0.36,-0.75,-0.68,-0.19
1950,140564,,,,,,,,,,,,,,,,,,,,,,,,,,,,,,,,,,,,,,,,,0.91,0.6,,,,,,,,0.65,,,,,,,,,,,,,,,
1951,140575,,,,,-0.64,,-0.1,,,,-0.2,-0.45,0.21,,,,0.41,,,,,,-0.31,,,,0.2,,,,0.32,,,-0.64,-0.61,,,,-0.37,,0.25,0.01,,0.34,,,,,,-0.41,,,-0.31,,0.56,,-0.2,,,,0.68,0.9,0.63,0.41,-1.24
1952,140580,,,,,,,0.22,,,,-0.15,-0.16,-0.43,,,,-0.53,,,,,,-0.96,,,,0.14,,,,-0.07,,,,0.13,,,,,0.2,-0.08,-0.11,,-0.49,,,,,-0.79,0.01,,,-0.08,,,,-0.4,,,,-0.65,-0.52,-0.38,-0.13,-0.72
1953,140595,,,,0.99,,,,,,,0.37,0.16,0.71,,0.32,,-0.88,,-0.09,,,0.61,0.13,,,,0.36,,,0.96,-0.25,,0.06,0.48,0.26,,,,,0.45,0.34,-0.08,,,,,,,,0.14,,,-0.53,,,,,,,,0.4,1.12,1.25,1.11,1.01
1954,140603,,,,,,,,,,,,,,,,,,,,,,,,,,,,,,,,,,,,,,,,,0.12,,,,,,,,,-0.24,,,,,,,,,,,,,,,
1955,140604,,,,,,,-1.11,-0.02,-1.11,-0.85,-0.52,-0.4,-0.54,,,,-0.13,,,,,,-1.11,,,-0.2,,,,,,,,,-0.69,,,,,,-0.52,0.62,,,,,,,,-1.43,,,-0.75,,,,-0.81,,,,,,,,
1956,140621,,,,,,,-1.08,,,,0.05,0.13,0.04,,,,,,,,,,,,0.14,,0.21,0.19,0.08,,0.13,,,,0.64,,,,,,0.28,,,,,,,,-0.56,-0.03,,,0.66,,-0.3,,0.15,,,,,,,,
1957,140640,,,,,,,-0.09,,,0.61,-0.2,-0.28,0.13,,,,0.1,,-0.56,,,,,,-0.37,,0.02,,-0.37,0.98,-0.3,,,,0.92,,,,,,-0.41,,-0.8,,,,,,0.06,0.38,,,-0.41,,0.11,,,,,,0.31,0.2,0.01,0.17,0.74
1958,140646,,,,,,,,,,,-0.1,-0.33,0.62,,,,1.06,,,,,-0.17,-0.36,,-0.11,,0.06,,,,-0.53,,,-0.05,-0.18,,,,,-0.1,-0.07,-0.03,,,,,,,0.51,0.73,,,0.32,,,,0.42,,,,-0.12,0.15,0.02,-0.08,-1.31
1959,140698,,,,,,,,,,,-0.52,0.37,-0.62,,,,,,,,,,,,0.02,,,,,,0.07,,,,,,,,-0.05,,-0.5,,,,,,,,-0.85,-0.34,,,-0.28,,,,0.11,,,,0.48,-0.03,0.24,0.06,0.58
1960,140737,,,,,,,0.13,,,,-0.13,,,,,,,,-0.27,,,0.49,,,,,,,,,,,,,,,,,,,-0.48,,,0.15,,,,,,,,,,,-0.01,,,,,,-0.19,-0.5,-0.47,-0.26,-0.71
1961,140748,,,,,,,,,,,0.04,,0.33,,,,0.11,,,,,,0.04,,,,-0.65,,,,0.68,,,0.07,0.05,,,,0.04,,-0.14,0.75,,0.27,,,,,,-0.05,,,-0.18,,,,0.16,-0.26,,,0.47,0.41,0.62,1.01,0.89
1962,140786,,,,,-0.6,,-0.4,,0.43,-0.1,0.31,0.04,0.67,,0.62,,-0.34,,,,,0.11,-0.01,,0.0,,0.11,0.15,0.31,,-0.26,,,-0.09,0.18,,,,,,-0.1,-0.26,,0.19,,,,,,0.16,,,0.47,,-0.12,,0.49,0.27,,,0.78,0.29,0.64,0.91,0.56
1963,140787,,,,,,,,,,,,,,,,,,,,,,,,,,,,,,,,,,,,,,,,,,,,,,,,,,,,,0.1,,,,,,,,-0.41,-0.29,-0.02,-0.72,-0.99
1964,140791,,,,,,,-0.06,,,,-0.68,,0.71,,,,1.18,,,,,,-0.15,,0.5,,0.36,,,,0.08,,,0.33,0.38,,,,,,0.55,,,,,,,,-1.01,0.25,,,0.61,,,,0.14,,,,0.03,0.26,0.1,0.28,0.31
1965,140798,,,,,,,-0.23,,,,0.15,0.3,-0.12,,0.09,,-0.37,,,,,,0.41,,,,0.18,,,0.35,-0.06,,,-0.17,-0.59,,,,,,-0.45,0.03,,,,,,,,0.0,,,0.3,,-0.37,,0.55,,,,0.6,0.42,0.56,0.61,0.79
1966,140802,,,,,,,,,,,0.19,,-0.17,,,,,,,,,,,,,,,,,,,,,,,,,,,,-0.14,-0.72,,,,,,,,-1.12,,,-0.79,,,,0.19,,,,-0.52,-0.25,-0.39,-0.48,0.13
1967,140813,,,,,,,,,,,,,,,,,,,,,,,,,,,,,,,,,,,,,,,,,,,,-1.18,,,,,,,,,,,,,,,,,-1.43,-0.77,-1.2,,
1968,140815,,,,,,,-0.62,-0.03,,,0.72,,,,-0.04,,,,,,,,,,0.08,,0.04,-0.22,,0.25,0.03,,,-0.1,-0.06,,,,-0.65,-0.47,-0.16,,,,,,,,,,,,0.75,,,,-0.05,0.5,,,0.36,0.37,0.74,0.43,0.35
1969,140845,,,,,,,-0.68,,,,0.16,0.28,-0.18,,,,,,,,,,,,,,0.11,,,,,,,,,,,,0.28,,0.05,-0.82,,,,,,,-0.22,-0.34,,,0.34,,,,0.48,,,,0.13,0.23,0.07,-0.55,-0.97
1970,140862,,,,,,,,,,,-0.01,,0.13,,,,,,,,,,-0.1,,,,,,,,,,,,-0.14,,,,,,0.11,-0.02,,,,,,,,-0.15,,,-0.3,,,,,,,,2.46,2.49,2.86,2.36,2.62
1971,140863,,,,,,,0.29,,,,0.0,-0.17,-0.22,,,,0.16,,,,,,,,,,0.21,,,,-0.19,,,-0.68,-0.3,,,,,,-0.53,-0.11,,,,,,,-0.29,-0.49,,,0.1,,-0.28,,0.35,,,,-0.08,-0.22,0.25,0.05,-1.05
1972,140865,,,,,,,-0.15,,-0.67,,-0.24,0.48,-0.61,,,,,,,,,-0.11,0.25,,-0.37,,-1.01,-1.53,,,-0.16,,,-0.32,-0.36,,,,,,-0.04,,,,,,,,,-0.35,,,-0.68,,-0.08,,-0.1,,,,-0.06,-0.18,-0.07,-0.17,2.16
1973,140867,,,,-0.38,,,,,0.86,,-0.08,,-0.13,,,,0.09,,,,,,,,,,-0.75,,,,,,,,-0.31,,,,1.04,,-0.02,-0.17,,,,,,,,,,,0.09,,0.92,,-0.37,,,,-0.61,-0.66,-0.83,-1.01,-0.97
1974,140874,,,,,,,-0.38,,0.04,,-0.88,0.56,-0.02,,,,,,0.29,,,,,,-0.4,,0.2,,0.57,,-0.39,,,0.74,0.54,,,,,,,,,,,,,,,,,,0.3,,,,0.16,,,,-0.12,-0.26,-0.05,0.36,0.56
1975,140875,,,,,,,,,0.22,,0.01,-0.09,-0.14,,,,,,,,,0.29,-0.47,,,-0.11,-0.21,,,,,,,,-0.29,,,,,-0.39,0.05,,,0.57,,,,,-0.7,0.13,,,-0.22,,,,-0.42,,,,0.6,0.45,0.71,1.07,0.07
1976,140884,,,,,,,,,,,-0.45,0.5,-0.56,,,,,,,,,,0.58,,,,-0.9,,,,,,,-0.2,,,,,,-0.23,-0.65,,,,,,,,,,,,-0.35,,,,0.24,,,,0.44,0.39,0.11,-0.15,-0.54
1977,140886,,,,,,,,,,,,,,,,,,,,,,,,,,,,,,,,,,,,,,,,,0.42,,,,,,,,,,,,,,,,,,,,-1.04,-0.05,0.14,-0.77,
1978,140893,,,,0.4,,,,,,,0.22,0.34,0.21,,-0.27,,-0.34,,,,,,0.28,,,,-0.01,,,-0.08,0.31,,,0.71,0.42,,,,,,-0.19,-0.13,,0.0,,,,,,0.16,,,-0.14,,-0.06,,0.85,,,,1.05,0.84,0.7,1.32,0.19
1979,140898,,,,,,,,-0.89,,,0.11,-0.3,-0.64,,-0.93,,,,,,,,,,,,-0.78,,,,,,,,-0.13,,,,,,-1.18,,,,,,,,,,,,0.25,,-0.64,,-0.2,,,,-0.4,-0.57,-0.45,-0.36,-0.2
1980,140922,,,,,,,,,,,0.37,-0.06,,,,,,,,,,,0.18,,0.02,,0.0,,,,-0.08,,,,0.04,,,,,,-1.36,,,,,,,,,,,,0.63,,,,0.22,,,,-0.96,-0.81,-0.83,-1.01,0.19
1981,140935,,,,,,,,,,,0.04,,-0.13,,,,0.86,,,,,,0.68,,,,0.75,,,,,,,,0.58,,,,,,0.43,,,,,,,,,-0.47,,,0.14,,-0.13,,-0.07,,,,0.78,0.81,0.49,0.59,0.56
1982,140939,,,,,,,-0.75,,,,-0.15,,-0.27,,,,,,,,,,-0.29,,,,-0.14,,,-0.24,,,,0.04,-0.07,-0.15,,,,0.13,-0.07,-0.31,,,,,,,,0.06,,,,,,,,0.39,,,,,,,
1983,140940,,,,,,,,,,,-0.64,-0.4,-0.68,,,,0.22,,,,,,-0.19,,,,-0.05,,0.11,,0.41,,,,0.17,,,,-0.17,,-0.5,-0.44,,,,,,,,0.4,,,0.08,,,,-0.06,,,,,,,,
1984,140950,,,,,,,,,,,-0.68,,-1.43,,,,,,,,,,,,,,-0.69,,,,,,,,,,,,,,-0.95,-0.98,,,,,,,,-0.47,,,-0.47,,,,,,,,0.15,0.66,-0.04,,
1985,140952,,,,,,,,,,,-1.05,-0.54,-0.87,,,,,,,,,,-0.7,,,,,,,,,,,-0.44,,,,,,,-0.03,,,,,,,,,,,,-0.33,,,,0.28,,,,0.4,0.14,-0.11,-0.33,-0.76
1986,140961,,,,,,,,,,,-0.84,,-0.27,,,,-0.49,,-0.02,,,,,-0.08,,,,,,,,,,,,,,,,,-0.72,,,,,,,,,-0.54,,,,,,,,,,,-0.56,-0.18,-0.26,-1.32,1.37
1987,140962,,,,,,,,,,,,,,,,,,,,,,,-0.23,,,,0.67,,,,,,,0.04,0.56,,,,,,-0.93,,,,,,,,,,,,0.73,,,,,,,,1.37,0.65,0.61,0.55,0.83
1988,140966,,,,,,,,,,,0.47,,0.14,,,,,,,,,,0.29,,,,1.07,,,,,,,0.68,,,,,,,1.11,,,,,,,,,-0.03,,,,,,,,,,,-0.32,0.06,-0.21,-0.52,-0.34
1989,140971,,,,,,,,,,,,,,,,,0.31,,,,,,,,,,,,,,,,,,,,,,,,0.72,-0.15,,,,,,,,0.1,,,,,,,,,,,,,,,
1990,140984,,,,,,,,,,,-0.18,-0.6,0.23,,,,-0.37,0.23,,,,,-0.93,,,,0.15,,,,,,,,,,,,-0.56,,0.39,-0.12,,,,,,,,0.02,,,-0.25,,,,0.21,,,,-0.26,0.33,-0.17,-0.92,-0.47
1991,140985,,,,,,,,,,,0.07,,0.14,,,,,,,,,,-0.54,,,,,,,,,,,0.8,,,,,,,1.12,,,,,,,,,0.32,,,,,,,0.61,,,,0.33,0.48,0.56,0.07,0.42
1992,140987,,,,,,,,,,,,,,,,,-0.21,,,,,,,,,,,,,,,,,,,,,,,,0.42,,,,,,,,,-1.43,,,,,,,,,,,-0.46,-0.01,-0.32,-0.58,-0.52
1993,140992,,,,,,,,,,,-0.18,0.6,0.33,,,,,,,,,,,,,,,,,,1.03,,,,0.36,,,,,,-0.84,,,,,,,,-0.03,-0.75,,,0.28,,,,,,,,-0.93,-0.73,-0.51,-0.5,-1.32
1994,141009,,,,,,,,,,,-0.22,-0.79,-0.39,,,,,,,,,-1.85,0.24,,,,-0.59,,,,-0.12,,,0.52,-0.37,,,,,,-0.03,,,0.41,,,,,,-0.03,,,-0.63,,,,,,,,0.06,-0.06,0.36,-0.33,-1.26
1995,141010,,,,,,,,,,,-0.54,-0.32,-0.07,,,,,,,,,,,,,,0.01,,,,,,,,,,,,,,-0.76,,,,,,,,,,,,-0.18,,0.73,,0.08,,,,0.31,0.2,0.64,0.32,0.83
1996,141063,-0.87,,,,,,,,,,-0.53,,-0.74,,,,,,,,,,-0.32,,,0.08,-0.45,,-0.14,,-0.26,,,,-0.3,,,,,,0.39,,,,,,,,,0.16,,,-0.46,,-0.09,,-0.28,,,,0.39,0.38,0.1,0.47,-0.61
1997,141069,,,,,,,-0.93,,,,0.24,0.55,0.19,,,,,,-0.13,,,,0.53,,,0.54,0.56,,,,-0.05,,,-0.12,-0.1,,,,,,-0.06,,,0.35,,,,,,-0.01,,,0.14,,0.21,,0.0,,,,-0.28,-0.28,0.09,-0.27,-0.04
1998,141071,,,,,,,,,,,-0.36,0.44,,,,,0.73,,,,,,,,,,,,,,,,,,,,,,,,0.68,,,,,,,,,,,,-0.41,,,,,,,,0.01,-0.19,0.01,0.16,-1.64
1999,141086,,,,,,,,,,,,,,,,,0.08,,,,,,,,,,,,,,,,,,,,,,,,0.25,,,,,,,,,-0.07,,,,,,,,,,,0.11,0.22,0.25,-0.4,1.66
2000,141095,,,,,,,,,,,,,,,,,,,,,,,,,,-0.44,,,,,,,,,,,,,,,,,,,,,,,,,,,,,,,,,,,,,,,
2001,141111,,,,,,,,,,,,,,,,,-0.65,,-2.01,,,,,,,,,,,,,,,,,,,,,,-0.05,,,,,,,,,-1.19,,,,,,,,,,,-0.98,-0.08,-0.32,-1.11,
2002,141135,,,,1.07,,,,,,,-0.2,0.16,-0.14,,,,-0.69,,,,,,0.48,,,,-0.06,,,,-0.41,,,-0.11,-0.2,,,,,,-0.34,-0.64,,,,,,,,-0.34,,,-0.59,,0.37,,,,,,0.98,0.8,0.53,1.18,1.05
2003,141146,,,,,,,,,,,0.03,0.22,-0.44,,,,,,,,,,,,0.05,,0.25,,,,,,,,0.33,,,,,,0.33,,,,,,,,,-0.06,0.18,,-0.23,,0.17,,,,,,-0.15,0.22,0.33,0.47,2.49
2004,141163,,,,,,,-0.28,,0.64,,-0.18,0.09,0.15,,,,-0.16,,-0.23,,,0.15,0.41,,0.03,,0.33,,,,-0.71,,,-0.38,0.15,,,,,,-0.11,-0.36,,,,,,,,,,,-0.17,,,,0.07,,,,0.09,0.26,-0.1,-0.4,1.47
2005,141165,,,,,,,,,,,0.04,0.79,-0.2,,,,0.31,,,,,,-0.02,,,,,,,,,,,,0.05,,,,,0.32,-0.43,,,,,,,,,,,,0.21,,,,0.2,,,,0.03,-0.55,-0.1,-0.89,-1.12
2006,141176,,,,,,,,,,,0.28,,,,,,,,,,,,,,,,,,,,,,,,-0.12,,,,,,0.23,,,,,,,,0.19,,,,-0.44,,-0.15,,,,,,0.11,-0.06,0.28,0.41,0.07
2007,141178,,,,,,,,,,,-0.27,0.13,-0.54,,,,,,,,,,0.2,,,,0.08,,0.26,,,,,0.07,0.13,,,,,,0.48,,,,,,,,,-0.3,,,-0.15,,-0.25,,0.78,,,,0.45,0.41,0.18,-0.38,0.66
2008,141185,,,,,,,-0.8,,,,-0.26,-0.22,-0.6,,,,,,,,,,,,-0.68,,,,,,,,,,-0.24,,,,-1.74,,0.13,,,,,,,,,,,,-0.71,,,,-0.93,,,,-0.15,0.15,0.12,0.01,-0.04
2009,141245,,,,,,,,,,,0.13,,0.17,,,,,,,,,,0.3,,,,-0.02,,,,,,,,0.07,,,,,,-0.04,,,,,,,,,-0.22,,,-0.27,,,,0.34,,,,-0.1,-0.15,-0.25,-0.22,-0.14
2010,141248,0.49,,,,,,,,,,0.41,0.23,-0.22,,,,,,,,,,-0.22,,0.59,,0.39,,,,-0.19,,,,,,,,,,-0.39,,,,,,,,,-0.52,,,0.23,,,,0.15,,,,0.03,-0.24,-0.25,-0.06,-0.39
2011,141250,,,,,,,,,,,,,,,,,,,,,,,,,,,,,,,,,,,0.87,,,,,,0.23,,,,,,,,,,,,,,,,,,,,,,,,
2012,141257,,,,,,,,,-0.77,,-0.28,,-0.43,,,,,,,,,,,,0.0,,-0.81,,,,-0.13,,,,,,,,,,-0.24,,,0.74,,,,,,0.17,,,-0.04,,-0.59,,0.13,,,,-0.7,-0.93,-0.65,-0.99,1.87
2013,141259,,,,,,,,,-1.26,,0.15,,-0.37,,,,-0.27,,,,,,,,,,,,,,,,,,,,,,,,-0.06,,,-0.12,,,,,,0.49,,,-0.44,,,,0.17,,,,-0.08,-0.1,-0.29,-0.28,-0.4
2014,141264,,,1.13,,,,,,,,-0.4,-0.29,-0.43,,,,,,,,,,,,-0.13,,0.35,,,,,,,,,,,,,,-0.64,,,0.12,,,,,,,,,-0.05,,,,0.5,,,,0.75,0.33,0.74,0.76,1.98
2015,141268,,,,,,,,,,,0.34,-0.26,,,,,0.38,,,,,,-0.12,,,-0.05,,,,,-0.25,,,,-0.35,,,,-0.44,,0.02,,,-0.25,,,,,,,,,0.03,,-0.62,,-0.15,,,,-0.48,0.18,-0.37,-0.42,-0.02
2016,141269,,,,,,,0.0,,0.17,,-0.03,0.43,0.11,,,,,,-0.55,,,-1.11,0.0,,,0.09,-0.23,0.23,0.29,,-0.21,,,0.44,0.17,,,,0.9,,-0.24,,,,,,,,-0.5,0.3,,,0.0,,0.06,,0.08,,,,0.18,-0.32,-0.1,0.33,0.63
2017,141277,,,,,,,,,,,-0.1,0.34,0.12,,,,0.08,,,,,,0.24,,-0.13,,0.55,,,-0.09,-0.02,,,-0.25,-0.32,,,,,,0.41,0.0,,,,,,,-0.44,0.29,,,0.19,,-0.31,,,,,,0.73,0.98,0.93,0.77,0.12
2018,141300,,,,,,,1.09,,,,0.71,0.39,0.63,,,,,,-0.03,,,-0.68,-0.08,,,0.0,,,,,-0.39,,,,,,,,,,0.47,,,,,,,,,0.92,,,0.09,,,,-0.21,,,,-0.49,-0.27,-0.27,-0.51,1.03
2019,141307,,,,-0.67,,,,,-0.37,,-0.13,,0.55,,,,-0.15,,,,,,,,-0.06,,0.77,,,,,,,,-0.29,,,,,,-0.18,,,,,,,,,-0.08,,,-0.57,,,,0.15,,,,0.25,0.48,0.23,-0.03,-0.38
2020,141309,,,,,,,0.96,,,,-0.62,-0.01,-0.52,,,,-0.45,,-1.27,,,,-0.26,,,,-0.09,,-0.29,,0.15,,,-0.6,-0.21,,,,-0.57,,-0.57,-1.06,,-0.08,,,,,,-1.27,,,-0.34,,,,0.05,,,,-0.16,-0.12,-0.23,-0.11,-1.09
2021,141343,,,,,,,,,,,-0.17,0.37,0.24,,,,,,,,,,,,,0.11,,,,,,,,,-0.45,,,,,,-0.19,,,,,,,,,,,,-0.79,,,,-0.24,,,,0.12,-0.03,-0.11,-0.38,-0.9
2022,141377,,,,,,,,,,,-0.07,,,,,,0.29,,-0.63,,,,,,-0.22,,-0.7,,,,,,,,-0.32,,,,-0.42,,0.0,,,,,,,,,-0.48,,,-0.32,,,,-0.09,,,,0.49,0.32,0.31,-0.06,0.48
2023,141414,,,,,,,,,,,-0.06,-0.49,-0.19,,,,0.22,,,,,,,,,,0.26,,,,,,,,-0.02,,,,,,0.02,,,,,,,,0.13,,,,-0.16,,0.22,,,,,,0.57,0.13,0.21,-0.08,-1.08
2024,141466,,,,,,,0.49,,0.16,,-0.38,-0.84,0.42,,,,,,,,,,,,-0.32,-0.2,,,,,-0.23,,,,0.26,,,,,,-1.23,,,,,,,,,-0.74,,,,,-0.83,,-0.12,,,,0.2,-0.02,-0.1,0.52,0.02
2025,141491,,,,,,,-0.1,,-0.44,,0.04,0.71,-0.12,,,,-0.72,,-0.6,,,-0.44,,,0.33,,0.3,,,,0.38,,,0.25,-0.47,,,,,,-0.06,-0.51,,,,-0.76,,,,0.65,,,0.57,,0.1,,0.21,,,,,,,,
2026,141499,,,,-0.59,,,,,,,-0.61,,-0.38,,,,,,-1.78,,,,,,-0.25,,-0.41,,,,,,,,0.02,,,,,,0.53,,,,,,,,,-0.21,,,,,0.41,,,,,,-0.21,-0.15,-0.09,-0.46,-0.43
2027,141526,,,,,,,-0.44,-0.26,,,-0.76,-0.14,0.0,,,,-0.69,,0.17,,,,-0.32,,,0.11,-0.81,,,-0.05,-0.15,,,-0.11,0.15,,,,,,-0.39,,,-1.09,,,,,0.16,-0.2,,,-0.4,,0.01,,0.11,,,,-0.05,-0.15,-0.5,0.32,0.7
2028,141565,,,,,,,,,,,-0.28,,-0.19,,,,-0.64,,,,,,,,0.55,,0.7,,,,,,,,,,,,,,-0.8,,,,,,,,,,,,-0.17,,-0.32,,-0.03,,,,2.06,1.73,2.29,1.15,2.61
2029,141570,,,,,,,,,,,-0.94,,,,,,,,,,,,,,,,,,,,,,,,,,,,,,,,,,,,,,,,,,-0.55,,,,0.24,,,,-0.18,-0.51,-0.91,-0.51,-1.83
2030,141628,,,,,,,,,,,0.16,,,,,,,,,,,,,,,,,,,,,,,,-0.43,,,,,,,,,-0.6,,,,,,,,,,,,,,,,,-0.07,-0.42,-0.36,-0.37,0.27
2031,141639,,,,0.47,,,,,-0.24,,0.2,,-0.1,,,,-0.69,,,,,,0.39,,,,-0.55,,-0.39,,-0.06,,,0.51,0.22,,,,0.28,,-0.09,,,,,,,,,-0.32,,,0.59,,0.33,,-0.02,,,,-0.04,0.24,0.33,0.56,-0.18
2032,141665,,,,,,,,,,,,,,,,,,,,,,,-1.7,,,,,,,,,,,,-0.77,,,,,,0.31,,,,,,,,,,,,-1.51,,,,,,,,-0.2,0.46,0.0,-0.07,0.44
2033,141683,,,,,,,,,,,0.06,0.03,0.02,,,,0.24,,,,,,-0.01,,,,0.6,,,,-0.13,,,0.38,0.21,,,,,,-0.31,-0.38,,0.11,,,,,,-0.23,,,0.05,,,,0.65,,,,0.71,0.5,0.79,0.99,0.21
2034,141735,,,,,,,,,,,-0.26,,,,,,,,,,,,,,,,,,,,,,,,,,,,,,-0.45,,,,,,,,,,,,-0.58,,,,-0.8,,,,-0.15,-0.18,0.28,0.17,0.76
2035,141741,,,,,,,,,-0.08,,,,,,,,,,,,,,,,,-0.15,,,,,-1.65,,,,,,,,,,,,,,,,,,,,,,-1.07,,,,-1.24,,,,-0.63,-0.81,-0.97,-1.11,-2.24
2036,141802,,,,,,,,,,,-1.33,,,,,,,,,,,,,,,,-0.51,,,,,,,,,,,,,,,,,,,,,,,,,,-0.49,,-0.08,,,,,,-0.23,-0.91,-0.62,-0.58,0.46
2037,141808,,,,-0.35,,,,,,,0.81,,0.24,,,,0.21,,,,,,,,,,0.58,,,,0.59,,,0.78,0.25,,,,,,0.39,0.31,,,,,,,0.38,0.4,,,0.12,,0.0,,,,,,0.33,0.22,0.28,0.3,2.17
2038,141813,,,,,,,,,,,0.27,,-0.39,,,,,,,,,,,,,,,,,,,,,,,,,,,,-1.09,,,,,,,,,,,,0.47,,,,-0.69,,,,,,,,
2039,141814,,,,,,,,,,,-0.34,,0.08,,,,,,,,,0.29,,,-0.28,,-0.3,,,,-0.43,,,,-0.35,,,,,,-0.7,,,0.01,,,,,,,,,-0.75,,-0.37,,,,,,-0.11,-0.31,-0.34,0.0,-0.43
2040,141835,,,,,0.18,,,,,,0.62,,0.14,,,,,,,,,,,,,-0.16,,,,,,,,,,,,,,,0.46,-0.08,,-0.32,,,,,,-0.1,,,-0.41,,-0.64,,,,,,0.68,0.45,0.35,0.13,0.45
2041,141836,,,,,,,0.41,,,,-0.21,-0.57,-0.06,,,,,,-0.11,,,,,,0.48,,-0.84,,,-0.47,-0.08,,,-0.45,-0.41,,,,-0.58,,-0.42,,,,,,,,,-0.63,,,0.14,,0.27,,0.36,,,,-0.13,-0.17,-0.07,-0.3,0.78
2042,141841,,,,,,,0.58,,,,0.4,0.14,0.33,,,,0.87,,-0.49,,,,0.76,,,,-0.17,,,,-0.18,,,0.44,0.3,,,,,,-0.05,0.27,,0.11,,,,,0.42,0.13,,,0.13,,,,0.39,,,,-0.22,-0.35,-0.34,-0.1,-0.68
2043,141844,,,,,,,,,,,0.91,-0.07,0.61,,,,,,0.76,,,,0.14,,,,-0.41,,,,0.1,,,,0.74,,,,0.01,,0.42,,,,,,,,-0.03,0.32,,,-0.52,,,,,,,,-0.13,0.43,0.4,0.13,0.32
2044,141852,,,,,,,,,,,-0.16,-0.38,0.57,,,,,,,,,0.34,,,,,0.21,,,,-0.01,,,,-0.22,,,,,,-0.57,,,0.29,,,,,,-0.58,,,-0.04,,-0.1,,0.27,,,,0.38,-0.37,-0.07,0.67,0.63
2045,141862,,,,,,,,,,,0.14,0.33,0.28,,,,0.13,,,,,,0.11,,,,0.11,,,,,,,-0.25,0.6,,,,,,0.31,0.82,,0.3,,,,,,0.4,,,0.03,,,,0.4,,,,1.26,1.28,1.17,1.6,0.68
2046,141874,,,,,,,,,,,-0.15,-0.58,-0.57,,,,,,,,,,-0.64,,,,,,,,,,,,,,,,,,-0.73,,,,,,,,0.66,,,,,,,,,,,,0.11,0.42,0.02,0.56,0.28
2047,141930,,,,,,,,,,,0.45,,0.53,,,,,,,,,,0.24,,-0.45,,-0.81,,,,-0.32,,,,0.49,,,,-0.41,,-0.07,,,,,,,,0.46,0.11,,,-0.06,,,,,,,,0.02,0.09,0.41,0.54,0.21
2048,141931,,,,,,,-0.04,,,,-0.12,0.06,-0.11,,-0.16,,-0.94,,0.14,,,,-0.02,,,,-0.05,,,0.0,0.36,,,-0.21,0.11,,,,,,-0.43,0.09,,,,0.27,,,,-0.28,-0.09,,-0.03,,,,0.13,0.56,,,1.02,0.65,1.14,1.33,1.87
2049,141939,,,,,,,,,,,-0.8,0.07,,,,,,,,,,,,,,,-0.27,,,,,,,,0.33,,,,,,0.45,,,,,,,,,0.56,,,-0.4,,,,-0.11,,,,-0.33,0.01,-0.28,-0.1,-0.76
2050,141940,,,,-0.1,,,-0.44,-0.38,,,-0.29,0.05,-0.2,,-0.58,,-0.23,,-0.34,,,0.61,-0.72,,0.39,,0.31,,-0.01,,-0.47,,,-0.05,-0.54,,,,0.47,,-0.59,0.0,,-0.23,,,,,-0.47,-0.32,,,0.36,,-0.39,,0.05,-0.21,,,,,,,
2051,141963,,,,-1.59,,,,,,,0.56,0.34,0.42,,,,,,,,,0.3,0.12,,,,-0.33,,,,0.56,,,0.22,0.14,,,,,,0.64,0.54,,-0.76,,,,,,0.47,,,0.67,,,,0.63,,,,0.49,0.71,1.04,0.99,0.56
2052,141965,,,,,,,,,,,0.06,0.01,0.17,,,,-0.2,,,,,,0.33,,,,0.16,,,,0.29,,,,0.31,,,,,,-0.35,-0.97,,,,,,,-0.39,0.35,,,0.2,,0.29,,,-0.17,,,,,,,
2053,141992,,,,,,,,,,,-0.7,,-0.37,,,,,,,,,,-0.38,,,,-0.53,,,,,,,,-0.13,,0.17,,,,0.02,-0.13,,,,,,,,0.43,,,-0.3,,-0.29,,-0.83,,,,0.19,0.1,-0.42,-0.17,0.35
2054,142009,,,,,,,,,,,,,,,,,,,,,,,,,,,,,,,,,,,,,,,,,-0.67,,,,,,,,,,,,,,,,,,,,0.3,0.17,0.24,0.36,0.19
2055,142024,,,,,,,0.46,,,,-0.5,,0.32,,,,,,,,,,-1.38,,,0.18,-0.23,,,,-0.5,,,,-0.36,,,,,,-0.27,,,,,,,,-1.17,-0.04,,,-1.08,,-0.33,,-0.38,,,,-0.08,-0.31,-0.04,-0.07,-0.19
2056,142035,,,,0.08,,,,,0.0,,-0.01,-0.11,-0.71,,,,,,,,,-0.28,-0.65,,,,,,0.33,,-0.38,,,-0.53,-0.39,,,,0.05,,-0.3,,,,,,,,-0.57,-1.07,,,-0.09,,,,0.01,,,,-0.23,0.27,0.37,0.36,1.48
2057,142051,0.36,,,,,,,,,,0.15,-0.29,,,,,,-0.47,,,,,-0.22,,,,,,,,-0.36,,,-0.13,-0.55,,,,,,-0.71,,,,,,,,,-0.9,,,,,,,,,,,-0.38,0.27,-0.39,-0.57,2.07
2058,142063,,,,,,,,,,,1.07,0.11,0.62,,,,,,-0.15,,,,0.2,,,0.62,-0.44,,,,0.38,,,,0.09,,,,,,-0.01,,,,,,,,0.21,-0.05,,,1.07,,0.56,,,,,,0.44,0.27,0.31,0.84,-0.27
2059,142080,,,,,,,,,,,0.27,-0.34,1.1,,,,,,-0.05,,,,,,,,,,,,,,,,,,,,-0.18,,0.53,,,,,,,,,,,,0.68,,,,0.22,,,,0.81,0.38,0.47,0.56,-0.44
2060,142104,,,,,,,0.34,,-0.18,,-0.35,-0.27,-0.13,,,,0.26,,,,,,0.18,,,,-0.11,,0.06,,0.33,,,-0.88,0.31,,,,,,0.26,0.52,,,,,,,-0.05,-0.07,,,-0.23,,,,0.04,-0.33,,,0.17,0.07,0.5,1.17,0.52
2061,142121,,,,,,,,-0.34,,,-0.03,-0.75,0.4,,,,,,-0.76,,,,,,,,,,,,-0.41,,,-0.1,-0.09,,,,,,-0.63,,,,,,,,,-0.39,,,0.74,,,,-0.11,,,,-0.02,-0.14,-0.06,-0.24,0.88
2062,142126,,,,,,,,,,,-0.05,,-1.23,,,,,,,,,,,,,,,,,,,,,,,,,,,,0.32,,,,,,,,,-0.35,,,-0.45,,,,,,,,-0.96,-0.79,-0.84,-1.07,
2063,142153,,,,,,,,,,,-0.71,-0.28,,,,,,,,,,,,,,,,,,,,,,,-0.06,,,,,,,,,,,,,,,,,,-0.33,,,,,,,,-0.57,-0.14,-0.69,-0.12,-0.3
2064,142166,,,,,,,,,-0.37,,-0.51,0.06,-0.1,,,,0.45,,,,,,-0.2,,0.11,,-0.58,,,,0.15,,,,-0.35,,,,,,0.01,,,0.07,,,,,,0.55,,,0.43,,0.17,,,,,,0.1,0.42,0.26,0.09,0.47
2065,142178,,,,,,,0.31,,0.4,,0.41,,0.44,,,,0.23,,-0.95,,,-0.31,0.16,,,,0.42,,0.09,,0.14,,,0.52,0.19,,,,,,0.47,0.28,,0.28,,,,,,0.73,,,0.61,,,,0.32,0.59,,,0.29,0.0,0.3,0.23,-0.31
2066,142193,,,,0.14,,,,,,,-0.9,,-0.85,,,,,,,,,,-0.37,,,-0.07,,,,,,,,,0.26,,,,,,-0.26,,,,,,,,,-0.67,,,-0.19,,-0.57,,,,,,0.37,0.05,0.07,0.19,0.03
2067,142202,,,,,,,,,,,-0.35,0.29,0.09,,,,0.04,,-0.14,,,,,,,-0.04,-0.31,,,,0.21,,,-0.23,0.01,,,,,,-0.08,,,0.09,,,,,0.25,-0.05,,,0.06,,-0.15,,-0.18,,,,0.39,0.23,0.29,0.4,0.3
2068,142218,,,,,,,,,,,-0.13,0.68,0.21,,,,,,,,,,,,0.28,,0.26,,,,0.81,,,,0.18,,,,,,0.41,-0.58,,,,,,,0.15,0.28,,,0.08,,,,0.5,,,,0.09,-0.05,0.18,0.12,-0.19
2069,142219,,,,,,,,,,,-1.1,-0.28,-1.32,,,,-0.95,,,,,,,,,,,,,,,,,,,,,,0.06,,-1.37,,,,,,,,,,,,-1.18,,,,,,,,0.34,0.07,-0.47,-1.0,-0.69
2070,142262,,,,,,,-0.06,,-2.05,,0.07,,-1.29,,,,,,,,,,-0.81,,,,-0.63,,,-1.88,0.35,,,,-0.05,,,,,,-0.33,-0.37,,-0.52,,,,,,-0.45,,,-0.49,,,,-0.98,,,,0.03,0.16,0.46,0.4,0.1
2071,142283,-0.45,-0.16,,-0.38,,-0.01,,-0.19,-0.29,-1.13,0.3,-0.23,0.2,,,,-0.29,,,,-0.68,-0.6,-0.26,-0.18,-0.15,-0.2,0.37,,-0.39,-0.32,-0.41,,,-0.32,-0.61,,,,-0.87,-0.46,0.04,0.27,,-0.57,,0.31,,,-0.43,-0.48,,,-0.05,,,,-0.25,-0.6,,,,,,,
2072,142306,,,,0.49,,,,,,,0.5,,0.46,,,,-0.46,,,,,,-0.13,,0.07,,0.55,,,,0.27,,,,-0.36,,,,,,0.19,0.89,,,,,,,0.26,0.26,,,0.15,,,,,0.15,,,-0.09,0.27,0.4,-0.05,0.08
2073,142310,0.46,,,-0.14,,,,,,,-0.25,0.29,-0.45,,,,0.72,,,,,0.28,0.19,,-0.13,,0.12,,,,,,,,0.27,,,,0.22,,0.05,0.61,,0.82,,,,,,-0.05,,,-0.37,,0.71,,0.11,,,,0.38,0.22,0.08,0.07,0.43
2074,142313,,,,,,,,,,,-0.5,,-0.2,,,,,,-0.51,,,,,,,,0.24,,0.23,,-0.04,,,,0.44,,,,,,-0.5,,,,,,,,,,,,-0.16,,-0.73,,,,,,0.32,0.08,0.6,0.0,0.09
2075,142314,,,,,,,,,,,0.7,0.47,0.37,,,,-0.02,,,,,,0.39,,,,-0.03,,,,0.61,,,0.36,0.1,,,,,,0.62,0.71,,0.4,,,,,-0.59,0.42,,,-0.08,,,,-0.36,,,,0.61,0.62,0.1,0.37,-0.08
2076,142315,,,,0.39,,,,,-0.69,,-0.25,-0.52,,,,,-0.38,,-0.95,,,,-0.14,,-0.34,,-0.18,,,-0.28,-0.22,,,-0.38,-0.24,,,,-0.1,,-0.38,,,0.17,,,,,-0.18,0.18,,,-0.85,,,,-0.7,,,,-0.07,-0.41,-0.17,0.16,-0.34
2077,142317,,,,,,,-0.41,,,,-0.37,-0.33,0.04,,,,0.66,,-0.02,,,,-0.77,,,,-0.06,,0.3,,,,,,-0.57,,,,-0.04,,-0.6,-0.37,,,,,,,-0.29,-0.3,,,-0.03,,-0.77,,-0.34,,,,0.25,0.52,0.31,0.16,0.52
2078,142336,,,,,,,,,,,,0.28,0.47,,,,,,,,,,-0.12,,,,0.06,,,,0.37,,,-0.04,-0.05,,,,,0.14,0.07,-0.97,,,,,,,,-0.38,,,,,,,,,,,,,,,
2079,142339,,,,,,,,,,,-1.04,,-1.52,,,,-0.78,,,,,,,,,-0.06,,,,,,,,,-0.27,,,,,,-0.93,,,,,,,,,-1.2,,,-0.82,,,,0.3,,,,0.45,0.73,0.68,0.59,1.53
2080,142357,,,,,,,0.13,,-1.26,,0.55,0.2,0.63,,,,,,,,,,-0.41,,-0.77,,0.07,,,-0.11,0.46,,,-0.36,0.21,,,,,,-0.16,,,-0.06,,,,,0.29,-0.58,,,-0.42,,0.03,,-0.02,0.03,,,0.55,0.45,0.75,0.86,0.18
2081,142382,,,,,,,,,,,,-1.28,-0.44,,,,,,,,,,,,0.03,,-0.1,,,,,,,,0.63,,,,-1.3,,-1.1,,,,,,,,,,,,-0.45,,,,-0.11,,,,-0.36,-0.94,-0.87,-0.98,-0.85
2082,142405,,,,,,,,,,,-0.68,,,,,,,,,,,,,,,-0.38,,,,,,,,,,,,,,,,,,,,,,,,,,,-0.53,,,,-0.34,,,,-0.46,-0.61,-0.66,-0.35,-1.29
2083,142540,,,,-0.73,,,,,,,1.1,,0.81,,,,,,,,,,,,,,0.18,,,,,,,,-0.71,,,,,,0.36,,,,,,,,,0.48,,,0.61,,,,,,,,-0.11,-0.03,0.04,-0.48,-0.8
2084,142560,,,,,,,-1.01,,-0.16,,-0.39,-0.15,-0.5,,,,-0.03,,,,,,,,,,0.71,,,,,,,,-0.15,,,,,,0.55,0.77,,0.05,,,,,,-0.06,,,0.11,,,,0.81,,,,0.38,0.95,0.46,0.79,0.38
2085,142577,,,,,,,0.26,,-0.64,,-0.59,-0.65,0.04,,,,,,,,,,,,,,-0.57,,,,-0.22,,,,-0.5,,,,,,-0.3,,,-0.64,,,,,,,,,-0.87,,-0.94,,-0.34,,,,-0.42,-0.05,-0.08,-0.42,0.31
2086,142590,,,,,,,0.11,,0.21,,0.11,,-0.08,,,,,,,,,,,,,,-0.55,,-0.34,,,,,,-0.16,,,,,,-0.06,,,-0.18,,,,,,-0.27,,,-0.54,,-0.14,,-0.23,,,,-0.76,-0.88,-0.72,-1.05,-0.76
2087,142594,,,,,,,,,,,-0.06,,,,,,,,,,,,,,,,-0.43,,,,,,,,,,,,,,-0.83,,,,,,,,,,,,,,,,-1.04,,,,-0.42,-0.47,-0.37,-0.56,-0.21
2088,142601,,,,,,,,,,,0.03,,-0.61,,,,,,,,,,,,0.23,,-0.08,,,,-0.15,,,,0.18,,,,,,-0.77,,,,,,,,,-0.28,,,1.05,,,,-0.1,,,,-0.15,-0.35,-0.41,-0.12,-1.27
2089,142604,,,,,,,,,,,,,0.09,,,,,,-0.32,,,,,,,,,,,,,,,,,,,,,,-0.59,,,,,,,,,-0.4,,,,,,,,,,,-0.43,0.44,0.68,0.91,
2090,142605,,,,,,,,,,,,,,,,,-0.16,,,,,,,,,,,,,,,,,,,,,,,,-0.95,,,,,,,,,,,,,,,,,,,,-0.63,-0.17,-0.37,-1.11,
2091,142627,,,,,,,,,,,-0.69,,-1.38,,,,,,,,,,-0.63,,,,-0.03,,,,,,,,0.52,,,,,,-0.41,,,,,,,,,,,,0.02,,,,,,,,1.17,1.39,1.66,2.18,2.94
2092,142727,,,,,,,0.76,,,,0.07,-0.32,-0.56,,,,,,,,,,0.08,,,,0.34,,,,,,,-0.03,-0.07,,,,,,-0.25,,,,,,,,0.07,-0.1,,,-0.83,,-0.36,,-0.01,,,,0.27,0.49,0.28,0.7,1.36
2093,142741,,,,,,,-0.49,,,,-0.63,,-0.51,,,,,,-1.61,,,,,,,0.53,,,,,-0.55,,,,-0.36,,,,,,-0.53,,,,,,,,,-0.5,,,-0.32,,0.18,,-0.88,,,,-0.53,-0.62,-0.66,-0.83,-1.3
2094,142747,,,,,,,,,,,,,,,,,,,,,,,,,,,,,,,,,,,,,,,,,1.12,,,,,,,,,0.58,,,,,,,0.7,,,,-0.39,0.38,-0.5,-0.56,0.73
2095,142755,,,,,,,0.3,,,,0.46,,0.45,,,,,,0.6,,,0.28,,,-0.29,,-0.46,,,,0.54,,,,-0.39,,,,,,-0.34,,,-0.23,,,,,0.11,0.23,,,0.04,,,,0.36,,,,-0.15,0.12,-0.32,0.05,-0.04
2096,142781,,,,,,,,,,,,-0.02,,,,,0.09,,,,,,0.35,,,,,,,,,,,,-0.43,,,,,,-0.55,,,,,,,,,-0.62,,,,,,,0.3,,,,0.17,0.57,,0.35,1.5
2097,142853,,,,,,,-0.56,,,,-0.15,,-0.51,,,,,,,,,,,,,,0.81,,,,-0.67,,,,-0.46,,,,,,,,,0.16,,,,,0.41,,,,0.04,,,,,,,,0.19,-0.07,-0.08,-0.3,-0.35
2098,142864,,,,,0.27,,,,,,-0.37,0.53,-0.52,,,,0.61,,,,,,0.55,,,,0.17,,,,0.55,,,0.32,0.62,,,,,,0.27,,,,,,,,,0.1,,,0.04,,,,0.15,,,,0.64,0.74,0.62,0.93,-0.68
2099,142869,,,,,,,0.86,,-0.03,,0.11,-0.12,0.05,,,,,,0.26,,,,,,,,0.16,,,,-0.02,,,-0.33,-0.21,,,,,,-0.34,0.09,,,,,,,,0.13,,,0.33,,,,0.19,-1.03,,,0.5,0.66,0.6,0.45,0.49
2100,142881,,,,,,,,,,,-0.28,,0.2,,,,-0.15,,-0.22,,,-0.33,,,,0.24,0.13,,,,-0.11,,,-0.18,0.19,,,,,,0.01,,,,,,,,,0.7,,,0.4,,,,0.3,,,,0.04,-0.01,0.07,0.31,0.8
2101,142884,,,,,,,,,,,,,,,,,,,,,,,,,,,,,,,,,,,,,,,,,-0.45,,,,,,,,,-0.67,,,,,,,,,,,-0.48,-0.03,-0.18,-0.93,
2102,142890,,,,,-0.52,,,,,,,,,,,,,,,,,,,,,,,,,,,,,,,,,,,,,,,,,,,,,,,,,,,,,,,,-0.85,-0.77,-0.19,,2.59
2103,142894,,,,,,,,,,,,,,,,,0.6,,,,,,,,,,,,,,,,,,,,,,,,1.07,,,,,,,,,-0.05,,,,,,,,,,,-1.08,-0.44,-0.62,-1.34,
2104,142900,,,,,,,,,,,-0.43,,-0.57,,,,,,-0.69,,,,,,,,,,,,,,,,,,,,,,-1.16,,,,,,,,,-0.86,,,,,,,,,,,-1.3,-0.9,-1.06,-1.9,
2105,142902,,,,0.1,,,,,,,-1.13,,,,,,,,-0.49,,,,,,,,,,,,,,,,,,,,,,-1.34,,,,,,,,,-1.04,,,,,,,,,,,-0.37,-0.29,-0.17,-0.89,
2106,142903,,,,,,,-0.7,-1.27,,,-0.25,,-0.07,,,,-0.73,,-0.59,,,,,,,,,,,,,,,,,,,,,,0.62,,,,,,,,,-0.29,,,-0.51,,,,,,,,-0.1,-0.2,-0.23,-0.7,0.42
2107,142908,,,,,,,,,,,0.09,-0.8,-0.61,,,,-0.58,,,,,,0.04,,,,0.1,,,,,,,,,,,,,,-0.6,,,,,,,,,,,,0.49,,,,0.06,,,,0.4,0.43,0.32,-0.18,-0.62
2108,142960,,,,,,,,,,,-0.23,,,,,,,,,,,,,,,,,,,,,,,,,,,,,,-1.9,,,,,,,,,,,,0.06,,,,,,,,-0.38,-0.9,-1.17,-0.84,-0.03
2109,142983,,,,,,,,,,,0.57,0.04,-0.39,,,,,,,,,,,,,,-0.6,,,,0.07,,,,0.13,,,,,,,,,,,,,,,,,,-0.22,,,,,,,,-0.45,-0.13,0.12,0.07,-0.45
2110,142987,,,,,,,,,,,0.26,0.12,-0.11,,,,-0.61,,-0.29,,,,-0.64,,,,0.6,,,,-0.1,,,,-0.15,,,,,,-0.28,,,,,,,,0.34,-0.44,,,0.01,,,,0.16,,,,-0.49,-0.25,-0.12,-0.24,0.42
2111,143063,,,,,,,0.06,,,,-0.56,-0.26,0.07,,,,-0.89,,0.36,,,,-0.13,,-0.04,,-0.47,,,,0.22,,,,-0.16,,,,-0.57,,-0.23,-0.41,,-0.83,,-0.83,,,-0.06,0.19,,,-0.53,,,,0.14,,,,0.23,-0.14,-0.07,-0.13,-0.51
2112,143082,,,,,,,-0.09,,,,0.22,0.16,-0.06,,,,,,,,,,0.56,,,,0.82,,,,0.38,,,0.13,0.24,,,,,,0.41,,,0.51,,,,,,,,,0.53,,0.63,,0.19,,,,0.5,0.41,0.2,0.05,-0.72
2113,143101,,,,,,,,,,,-0.11,-0.25,-0.38,,,,-0.09,,-0.52,,,,-0.59,,,,-0.22,,,,,,,-0.33,0.04,,,,,,0.22,-0.09,,,,,,,,0.54,,,-0.28,,,,-0.79,,,,0.18,0.25,0.79,0.17,0.07
2114,143105,,,,,,,,,,,,,,,,,,,,,,,,,,,,,,,,,,,,,,,,,0.75,0.67,,,,,,,,0.94,,,,,,,,,,,,,,,
2115,143112,,,,,,,,,,,-0.56,,-0.52,,,,,,,,,,,,,,-0.04,,,,-0.01,,,,-0.6,,,,,,0.21,,,,,,,,,,,,-0.29,,,,0.48,,,,-0.55,-0.53,-0.52,-0.67,-0.31
2116,143129,,,,,,,,,,,,,,,,,,,,,,,-0.18,,,,,,,,,,,,0.05,,,,,,-0.94,,,,,,,,,-0.68,,,0.02,,,,1.15,,,,0.97,0.35,1.04,1.39,1.07
2117,143131,,,,,,,,,0.04,,-0.79,,-1.27,,,,,,,,,,,,,,-0.51,,,,-1.25,,,,0.32,,,,,,-0.18,,,-0.1,,,,,,,,,,,,,,,,,0.25,-0.22,-0.23,0.01,0.15
2118,143141,,,,,,,,,,,0.43,,1.17,,,,,,,,,,,,,,,,,,,,,,,,,,,,0.67,,,,,,,,,0.76,,,-0.15,,,,,,,,-0.08,-0.15,-0.76,-0.56,-0.5
2119,143197,,,,,-0.15,,,,,,0.49,,0.71,,,,,,,,,,-0.8,,,,-0.29,,,,-0.11,,,,0.77,,,,,,-0.05,,,,,,,,,-0.34,,,-0.27,,,,0.59,,0.36,,0.22,0.08,0.17,-0.13,2.76
2120,143238,,,,,,,,,0.26,,-0.62,-0.76,,,,,,,,,,,,,-0.03,,-0.25,,,,,,,,0.54,,,,,,-0.43,,,0.93,,,,,,0.63,,,-0.45,,,,,,,,-0.1,0.09,0.34,0.11,-0.09
2121,143260,,,,,,,,,,,0.38,-0.26,-0.01,,,,-0.41,,,,,,-0.3,,0.01,,-0.17,,,,-0.6,,,0.32,-0.34,,,,0.21,,-0.56,,,0.0,,,-1.15,,,-0.24,,,0.12,,-0.36,,-0.01,0.47,,,-0.15,0.02,-0.1,0.4,0.36
2122,143278,,,,0.24,,,,,-0.05,,0.26,0.22,0.76,,,,,,-0.99,,,,-0.01,,0.48,,-0.21,0.47,,,0.43,,,-0.18,0.09,,,,,,0.53,,,-0.23,,,,,0.02,0.08,,,0.53,,,,,,,,0.13,0.08,0.28,-0.02,0.72
2123,143291,,,,,,,0.54,0.14,0.62,,-0.11,,0.12,,0.1,,,,0.58,,,-0.2,,,,,0.44,,,,0.08,,-0.02,0.13,0.39,,,,,,0.22,-0.02,,,,,,,-0.29,0.23,,,0.08,,,,0.14,-0.12,,,0.34,0.43,0.47,-0.14,-0.3
2124,143327,,,,,,,,,,,,,,,,,,,,,,,,,,,,,,,,,,,,,,,,,,,,-0.39,,,,,,,,,-0.22,,-0.6,,-0.09,,,,-0.49,-0.41,-0.96,-0.86,-1.9
2125,143367,,,,,-0.09,,-0.28,,-0.48,,-0.02,0.47,-0.09,,,,0.15,,-0.02,,,0.37,0.17,,,,0.19,,,,0.06,,,,0.23,,,,,,0.16,0.56,,0.4,,,,,1.04,0.2,,,0.07,,0.01,,0.04,,,,0.74,0.7,0.98,1.12,1.73
2126,143369,,,,,,,0.22,,0.04,,0.13,0.57,-0.05,,,,0.05,,0.8,,,,0.25,,0.01,,-0.12,,0.99,,0.59,,,-0.26,0.05,,,,,,0.55,0.52,,,,,,,0.47,0.34,,,0.34,,0.53,,-0.22,,,,0.49,0.7,0.67,0.65,0.41
2127,143379,,,,,,,,,,,-0.4,,-1.02,,,,0.14,,,,,,-0.55,,,,0.4,,,,,,,0.07,0.16,,,,,,0.01,0.24,,,,,,,,-0.11,,,-0.53,,0.4,,-0.05,,,,0.66,0.44,0.36,0.24,0.42
2128,143385,,,,,,,,,,,0.76,0.33,0.58,,,,-0.01,,,,,,-0.13,,,,,,,,,,,,,,,,,,0.26,0.37,,,,,,,,0.64,,,,,0.19,,,,,,-0.19,0.85,0.23,-0.19,0.34
2129,143404,0.29,,,,,,,,-0.06,,-0.27,0.03,-0.45,,,,,,,,,,,,,,,,,,0.71,,,,0.48,,,,,,-1.31,,,,,,,,,,,,-0.37,,,,0.19,,,,0.38,0.8,0.5,0.88,0.45
2130,143421,,,,,,,,,,,-1.21,,,,,,,,,,,,,,,,,,,,-0.98,,,,0.12,,,,,,,,,,,,,,,,,,-0.83,,0.31,,-0.56,,,,0.04,-0.13,-0.46,0.1,1.17
2131,143427,,,,,,,,,,,,,,,,,,,,,,,,,,,,,,,,,,,,,,,,,,,,,,,,,,,,,-0.28,,,,-0.3,,,,0.25,0.22,-0.03,0.32,-0.03
2132,143430,,,,,,,,,,,-0.82,,-0.76,,,,-0.44,,-0.49,,,,,,,0.0,,,,,-0.53,,,,,,,,,,-0.42,-1.01,,,,,,,,-0.25,,,-1.25,,,,,,,,-0.56,0.14,-0.49,-0.01,
2133,143435,,,,-1.47,,,,,,,-0.08,,-0.11,,,,,,,,,0.63,-0.58,,,0.82,-0.26,,,,,,,,-0.22,,,,0.29,,0.21,,-1.13,,,,,,,1.4,,,0.14,,,,0.59,,,,0.26,-0.64,-0.41,-0.24,1.66
2134,143438,,,,,,,,,,,-0.54,,-0.8,,,,,,,,,,,,,,,,,,,,,,,,,,,,0.02,,,,,,,,,-0.56,,,0.31,,,,0.03,,,,0.44,0.24,-0.14,0.5,0.26
2135,143540,,,,,,,,-0.68,,,,-1.06,,,,,,,,,,,,,,,,,,,,,,,,,,,,,0.68,,,,,,,,,,,,,,,,,,,,,,,,
2136,143554,,,,,,,,,,,,,,,,,,,,,,,,,,,,,,,,,,,,,,,,,,,,,,,,,,,,,-0.87,,,,,,,,-0.93,-1.23,-1.2,-1.01,-1.23
2137,143562,,,,,,,,,,,0.38,0.05,0.27,,,,-0.78,,,,,,0.16,,,,,,,,-0.02,,,,0.25,,,,0.4,,0.2,0.66,,,,,,,,-0.26,,,-0.1,,0.17,,,,,,0.38,0.82,0.95,0.84,1.55
2138,143583,,,,,,,-0.28,,-0.12,,-0.38,-0.46,0.12,,,,,,,,,,,,,,0.48,,,,-0.49,,,-1.12,-0.47,,,,,,-0.17,-0.3,,,,,,,0.39,0.32,,,-0.46,,-0.52,,-0.06,,,,0.42,0.36,0.54,0.58,0.88
2139,143588,,,,,,,,,,,-0.29,-0.08,-0.9,,,,,,,,,,,,-0.48,,-0.94,,,,0.5,,,,0.35,,,,,,-0.56,,,,,,,,-0.94,-1.24,,,0.5,,,,0.22,0.58,,,0.18,0.37,0.25,0.9,0.04
2140,143629,,,,,,,,0.01,,,0.09,,0.28,,,,,,,,,,0.38,,,,0.17,,,,0.33,,,0.64,-0.01,,,,,,-0.04,-0.71,,,,,,,,-0.45,,,0.04,,0.84,,0.4,,,,1.12,0.18,0.03,0.08,-0.44
2141,143634,,,,-2.5,,,,,,,,,,,,,,,,,,,,,,,,,,,,,,,0.03,,,,,,,,,,,,,,,,,,-0.87,,,,-0.48,,,,0.3,0.15,0.26,0.72,1.28
2142,143641,,,,0.6,,,,,,,-0.53,-0.71,-0.71,,,,0.59,,,,,0.03,0.23,,-0.29,,-0.06,,,,-0.01,,,,0.09,,,,,,-0.52,,,,,,,,,0.11,,,-0.22,,-0.25,,0.14,,,,0.04,0.11,-0.03,0.21,1.19
2143,143649,,,,,,,,,0.3,,0.05,,-0.06,,,,,,,,,,,,,,,,,,,,,,,,,,,,-0.86,,,-0.23,,,,,,,,,0.55,,,,,,,,-0.42,-0.18,-0.12,-0.1,-0.01
2144,143659,,,,,,,,,,,0.74,,0.14,,,,,,,,,,0.99,,,,,,,,,,,0.55,,,,,,,0.44,,,,,,,,,,,,1.19,,,,,,,,0.18,0.08,0.53,0.72,0.01
2145,143689,-0.1,,,,,,-0.34,0.33,-0.04,0.18,0.44,-0.07,0.02,,,,-0.34,,-0.2,,,,-0.06,,0.23,-0.08,0.49,,0.14,,-0.6,,,0.29,-0.1,,,,0.16,,-0.01,0.3,,0.11,,,,,0.54,0.13,,,0.08,,0.15,,0.1,,,,,,,,
2146,143704,,,-0.9,,,,,,,,-0.25,-0.32,-0.09,,-0.47,,-1.38,,,,,,0.17,,0.57,,-0.05,,,,-0.16,,,-0.06,0.15,,,,0.91,,-0.4,0.61,,,,,,,,-0.49,,,0.18,,0.31,,0.28,0.53,,,,,,,
2147,143706,,,,,,,,,,,0.07,0.23,0.71,,,,0.21,,-1.08,,,,0.16,,,,-0.1,,,,-0.38,,,-0.1,0.4,,,,,0.02,0.05,,,,,,,,,-0.07,,,-0.38,,,,0.13,,,,0.43,1.22,0.99,1.15,0.68
2148,143729,,,,,,,,,,,-0.17,,-0.67,,,,0.84,,,,,,,,,,,,,,,,,,,,,,,,-0.11,,,,,,,,,-0.28,,,0.14,,,,,,,,0.6,0.31,0.46,0.72,1.43
2149,143734,,,,,,,0.56,,,,-0.28,,-0.69,,,,0.19,,,,,,,,,0.55,-0.2,,,,,,,0.44,-0.32,,,,,,-0.07,,,,,,,,,-0.52,,,0.19,,,,0.66,-0.2,,,-0.77,-0.52,-0.48,-0.7,-0.21
2150,143749,,,,,,,,,,,,0.42,,,,,,,,,,,,,-0.16,,,,,,,,,,,,,,,,,,,,,,,,-0.57,,,,-0.29,,,,,,,,-0.42,-0.47,-0.33,-0.12,0.23
2151,143756,,,,,,,,,,,0.51,,-0.29,,,,,,,,,,0.23,,,,,,,,0.54,,,,-0.43,,,,,,0.39,-0.1,,,,,,,,-0.82,,,0.06,,,,0.23,,,,0.91,0.54,0.25,1.02,1.24
2152,143759,,,,0.9,,,,,,,0.55,0.47,0.7,,,,0.62,,-0.09,,,,0.18,,,,1.17,,,,,,,0.04,0.75,,,,0.18,,0.59,-0.24,,,,,,,,0.4,,,0.11,,0.61,,0.84,,,,,,,,
2153,143773,,,,-0.71,,,,,-0.3,,-0.23,0.29,0.26,,,,,,,,,,,,,,,,,,,,,,0.04,,,,,,-0.45,,,,,,,,,-0.41,,,-0.02,,,,,,,,0.12,0.08,-0.09,-0.17,0.01
2154,143803,,,,,,,,,,,-0.29,-0.01,-0.08,,,,,,,,,,-0.37,,,,0.2,,,,-0.06,,,,,,,,0.15,,-0.43,,,-0.81,,,,,,-0.68,,,-0.02,,0.03,,-0.07,,,,0.47,0.27,0.24,-0.13,-0.12
2155,143817,,,,,,,,,0.67,,-0.28,-0.66,0.35,,,,,,,,,,,,,,-0.36,,,,,,,,,,,,,,0.85,,,,,,,,,0.82,,,-1.31,,-1.01,,,,,,0.21,-0.56,-0.02,0.31,-0.9
2156,143854,,,,,,,,,,,-0.21,0.29,1.18,,,,0.25,,,,,-0.15,,,-0.18,,0.31,,-0.05,,0.04,,,-0.47,0.48,,,,,,1.1,,,-0.18,,,,,,0.57,,,-0.3,,,,-0.25,,,,-0.46,0.04,-0.01,0.09,-1.23
2157,143890,,,,,,,,,,,-0.86,-0.09,-0.01,,,,,,,,,,-0.14,,0.0,,0.55,,,,,,,,-0.07,,,,,,-0.06,-0.81,,0.0,,,,,,0.01,,,-0.31,,0.25,,-0.47,,,,0.22,-0.1,-0.16,0.26,0.3
2158,143899,,,,,,,0.04,,-0.04,,-0.22,,-0.22,,,,-0.11,,,,,,,,,,0.1,,,,-0.57,,,,-0.01,,,,,,-0.91,,,,,,,,,-1.75,,,0.48,,0.0,,-0.09,,,,-0.14,-0.48,-0.63,-0.79,-0.81
2159,143901,,,,,,,0.09,,-0.74,,-0.11,0.36,0.3,,-0.53,,,,,,,,0.53,,,,0.33,,,,0.21,,,-0.19,0.1,,,,,,0.63,0.27,,0.85,,,,,0.58,0.31,,,-0.24,,,,0.32,,,,0.21,0.23,0.5,0.76,-0.16
2160,143902,,,,,,,,,,,0.03,-0.05,-0.36,,,,-0.41,,-0.63,,,,-0.81,,,,-0.07,,,,-0.45,,,0.64,0.44,,,,,,-0.25,,,-0.38,,,,,-0.15,-0.61,,,-0.17,,,,-0.01,,,,0.35,0.01,0.11,0.28,-0.01
2161,143905,,,,,,,,,0.44,,0.56,0.02,-0.09,,,,,,,,,,-0.08,,-0.21,,-0.14,,,,0.33,,,0.06,-0.16,,,,,,0.41,,,0.11,,,,,0.14,0.11,,,0.73,,,,0.45,,,,-0.11,-0.13,0.29,0.41,-0.88
2162,143929,,,,0.08,,,-0.21,,0.35,,-0.07,-0.23,0.1,,-0.11,,0.08,,,,,-0.29,0.27,,0.09,,-0.01,-0.1,,-0.88,-0.21,-0.82,,-0.12,0.13,-1.38,,,-0.06,,-0.14,0.14,0.39,-0.18,,0.37,,,-0.02,0.11,,,0.19,,-0.17,,0.16,-0.61,,,,,,,
2163,143938,,,,,,,,-0.71,,,,,,,,,,,,,,,,,,,,,,,,,,,,,,,,,-0.49,,,,,,,,,,,,-0.21,,,,,,,,0.19,-0.24,-0.18,0.3,1.2
2164,143981,,,,,,,,,,,0.08,,0.29,,,,,0.04,,,,,,,,0.15,,,,,-0.15,-0.41,,,-0.86,,,,,,0.66,,,,,,,,,0.66,,,,,,,,,,,-0.4,-0.54,-0.57,-0.49,-0.7
2165,144002,,,,0.06,,,,,0.51,,0.25,0.07,-0.52,,,,,,-0.23,,,,,,,,-0.46,,,,0.01,,,,-0.07,,,,,,-0.3,,,,,,,,,0.03,,,0.04,,-1.0,,,,,,-0.68,-0.41,-0.37,-0.14,-1.3
2166,144008,,,,,,,-1.28,,,,-0.29,-0.35,-0.97,,,,,,,,,,-0.43,,,,-0.24,,,-0.77,-0.09,,,,-0.22,,,,,-0.31,-0.24,0.09,,,,,,,,-0.1,,,-0.22,,,,-0.18,,,,-0.33,-0.23,-0.12,-0.16,0.58
2167,144044,,,,-0.04,,,,,,,0.41,0.5,-0.32,,,,,,0.6,,,,,,0.35,,0.0,,0.08,,0.28,0.59,,,0.06,,,,,,-0.18,-0.43,,,,,,,0.66,0.1,,,-0.02,,0.28,,0.64,,,,0.46,0.05,0.11,0.58,0.21
2168,144069,,,,,,,-0.74,,,,-0.47,-0.63,-1.35,,,,,,,,,,,,0.48,,0.14,,,,-0.77,,,-0.32,-0.66,,,,-0.57,,-0.41,,,,,,,,,0.21,,,-0.53,,,,-0.06,,,,0.02,0.31,-0.2,0.08,0.4
2169,144084,,,,,,,,,,,-0.45,,,,,,,,,,,,-0.01,,,,-0.7,,,,,,,,,,,,,,,,,,,,,,,,,,0.12,,,,0.17,,,,-0.45,-0.49,-0.81,-1.2,1.42
2170,144100,,,,,,,-0.48,,,,0.03,-0.35,-0.5,,,,-0.1,,0.19,,,,-0.25,,,,0.02,,,,,,,0.24,0.39,,,,,,-0.3,-0.19,,-0.39,,,,,,-0.53,,,0.05,,0.08,,0.03,,,,0.99,0.46,0.78,0.7,0.71
2171,144104,,,,-0.12,,,,0.16,-0.19,,-0.44,-0.12,-0.25,,,,-0.5,,,,,,-1.41,,0.15,0.84,0.35,,0.0,,0.31,,-0.13,,0.44,,,,0.81,,-0.24,0.24,,,,,,,0.48,-0.28,0.45,,-0.58,,-0.16,,0.01,,,,0.46,0.43,0.35,0.79,0.67
2172,144182,,,,,,,,,,,-0.22,,,,,,,,,,,,,,0.04,,,,,,-0.07,,,,,,,,,,-0.13,,,0.43,,,,,,-0.94,,,-0.1,,-0.03,,0.01,,,,0.14,0.0,0.27,0.32,-0.24
2173,144204,,,,,,,,,,,-0.06,0.3,-0.27,,,,-0.49,,,,,,0.53,,0.11,,-0.29,,,,0.0,,,0.44,-0.23,,,,-0.02,,-0.57,,,-0.16,,,,,-1.29,-0.13,,,-0.16,,-0.07,,-0.58,,,,-0.69,-0.3,-0.32,-0.31,-0.82
2174,144243,,,,,,,,,,,-0.2,0.57,0.15,,,,0.19,,0.01,,,-0.18,,,-0.08,,-0.27,,,,-0.07,,,0.06,-0.05,,,,,,0.23,-0.43,,0.55,,,,,-0.22,0.68,,,0.19,,0.42,,0.45,,,,0.44,0.46,0.78,0.96,1.09
2175,144278,,,,,,,,,,,,,,,,,,-0.33,,,,,,,,,,,,,,,,,,,,,,,-0.6,,,,,,,,,,,,-0.14,,,,0.32,,,,-0.6,-0.49,-0.6,-0.71,-0.95
2176,144291,,,,-0.94,,,,,0.87,-1.62,-0.09,0.25,-1.05,,,,,,,,,,,,0.21,,,,,,-0.61,,,,0.03,,,,,,-0.89,,,-0.33,,,,,,,,,-0.19,,,,,,,,0.05,-0.08,-0.06,-0.01,0.09
2177,144309,,,,-0.41,,,,,,,-0.49,,0.04,,,,-0.82,,-0.91,,,,-0.27,,,,0.32,,,-0.09,0.49,,,,-0.22,,,,,,-0.01,-0.02,,-0.31,,,,,,-0.25,,,-0.27,,,,-0.18,0.77,,,-0.26,-0.36,-0.44,0.04,-0.22
2178,144326,,,,,,,,-0.08,-0.98,,,,,,,,,,,,,,,,0.32,,,,,,,,,,,,,,,,-0.75,,,,,,,,,,,,0.4,,,,,,,,-0.1,-0.22,-0.34,-0.36,-0.28
2179,144327,,,,,,,,,0.4,,-0.58,,,,,,-0.37,,,,,,,,0.56,,0.05,,,,-0.92,,,,-0.04,,,,0.44,,-0.4,,,,,,,,-0.51,,,,-0.83,,-0.22,,,,,,0.05,0.02,-0.28,0.09,0.25
2180,144342,,,,,,,,,,,0.58,0.14,,,,,-1.27,,,,,,0.11,,,,,,,,-1.04,,,,-0.26,,,,-0.19,,0.0,,,,,,,,,-1.47,,,-0.16,,-0.23,,-0.43,,,,-0.64,-0.42,-0.43,-0.59,1.02
2181,144359,,,,,,,,,,,-0.46,-1.29,,,,,0.1,,0.5,,,,-0.91,,,,-0.29,,,,0.01,,,,,,,,-0.81,,0.24,,,-0.53,,,,,,-0.52,,,-0.58,,,,0.67,,,,-0.47,-0.13,-0.32,-0.34,0.6
2182,144364,,,,,,,-0.54,,,,-0.37,,-1.37,,,,-1.25,,,,,,,,-0.57,,,,,,-0.87,,,,-0.76,,,,,,-1.11,,,,,,,,,,,,,,,,-0.16,,,,0.2,-0.26,-0.33,0.0,-0.11
2183,144367,,,,,,,,,,,,,,,,,,,,,,,,,,,,-0.91,,,-1.43,,,,-0.15,,,,,,,,,,,,,,,,,,,,,,,,,,-1.08,-0.66,-0.51,-0.94,0.29
2184,144402,,,,,,,-0.29,,,,0.22,0.17,-0.45,,,,-0.11,,,,,-0.36,-0.41,,0.05,,0.21,,,,0.1,,,,-0.09,,,,,,-0.26,,,,,,,,1.07,-0.16,,,0.41,,,,0.21,,,,0.05,0.0,0.29,0.01,-0.75
2185,144463,,,,0.67,,,,,,,0.51,0.69,0.51,,,,0.26,,,,,0.7,0.08,,0.32,,0.42,,0.75,0.03,0.06,,,0.55,0.27,,,,0.88,,0.27,1.02,0.1,0.44,,,,,0.06,0.53,,,0.64,,0.8,,0.51,0.32,,,,,,,
2186,144465,,,,,,,,,0.41,,,-0.67,,,,,,,,,,,,,,,-0.42,,0.3,,0.15,,,,0.12,,,,,,,,,,,,,,,,,,0.12,,,,0.35,,,,-0.52,-0.23,-0.29,-0.53,-0.58
2187,144489,,,,,,,,,,,-0.32,,0.07,,,,,,,,,,,,,,,,,,-0.42,,,,-0.37,,,,,,-0.07,,,,,,,,,,,,-0.7,,,,-0.47,,,,0.25,0.6,0.28,0.34,0.85
2188,144496,,,,,,,,,,,-1.01,,,,,,,,,,,,,,0.16,,0.29,,,,,,,,0.0,,,,,,0.39,,,,,,,,,,,,,,,,0.93,,,,0.44,0.1,0.09,0.46,-0.07
2189,144502,,,,,,,,,,,,,,,,,-0.45,,,,,,0.21,,,,0.69,,,,,,,1.56,,,,,,,0.01,,,,,,,,,0.49,,,-0.62,,0.51,,-0.26,,,,1.59,1.53,1.11,1.16,1.0
2190,144503,,,,,,,,,,,-0.01,0.22,,,-0.13,,,,,,,-0.3,0.28,,,0.11,,,,,,,,0.05,0.06,,,,,,0.23,,,,,,,,0.01,,,,0.46,,,,0.42,,,,-0.61,-0.59,-0.76,-0.9,0.3
2191,144511,,,,,,,,,,,0.33,,0.19,,,,,,,,,,0.08,,,,-0.23,,,,-0.07,,,0.08,0.05,,,,,,0.21,0.47,,,,,,,,0.17,,,0.15,,0.21,,,,,,,,,,
2192,144515,,,,,,,,,,,-0.62,,-0.84,,,,,,,,,,-0.6,,,,,,,,,,,,,,,,,,-0.07,,,,,,,,,-0.41,,,-1.26,,,,,,,,0.11,0.24,0.37,0.06,0.74
2193,144561,,,,,,,,,,,0.12,,0.24,,,,,,,,,,,,,,-0.02,,,,0.36,,,,-0.37,,,,,,0.18,,,,,,,,,,,,-0.25,,,,,,,,-0.12,-0.35,-0.31,-0.27,-0.49
2194,144595,,,,,,,,,,,,0.3,,,,,,,,,,,-0.84,,,,,,,,,,,,,,,,,,-0.39,,,,,,,,,,,,0.44,,,,-0.35,,,,0.36,0.31,-0.11,0.2,0.19
2195,144601,,,,,,,,,0.77,,0.7,,0.42,,,,,,,,,,,,-0.32,,-0.26,,,,,,,,,,,,,,-0.34,,,,,,,,,,,,,,,,,,,,0.38,0.51,0.38,0.03,-0.77
2196,144623,,,,,,,0.17,,,,0.55,-0.01,-0.21,,,,0.56,,,,,,,,,,0.43,,,,-0.39,,,0.55,,,,,,,-0.26,,,0.75,,,,,,,,,0.23,,,,0.2,,,,0.29,0.19,0.19,0.31,-0.32
2197,144687,,,,,,,,,,,-0.28,,,,,,,,,,,,,,,,0.28,,,,0.65,,,,0.67,,,,,,-0.21,,,,,,,,,,,,0.16,,,,0.06,,,,-0.18,-0.11,-0.61,-0.54,-1.57
2198,144700,,,,,,,,0.58,,,-0.69,,-0.83,,,,0.12,,,,,,-0.05,,,,0.31,,,,,,,,,,,,,,-0.36,-0.04,,,,,,,,-0.23,,,-0.48,,,,-0.44,,,,0.33,0.17,-0.32,-0.59,-0.13
2199,144711,,,,,,,0.05,,,,0.72,0.47,0.58,,,,-0.06,,-0.52,,,,0.35,,0.33,,0.18,,,,0.37,,,-0.01,0.64,,,,,,0.26,-0.03,,0.81,,,,,,0.16,,,0.45,,-0.09,,0.22,0.07,,,0.34,0.47,0.68,0.6,0.5
2200,144714,-0.29,,,,,,0.24,0.09,0.85,0.5,-0.02,-0.14,-0.38,,,,0.18,,,,,,-0.1,,0.3,0.35,-0.02,,,,-0.26,,,-0.24,0.09,,,,-0.38,,0.38,0.84,,0.25,,,,,-0.41,0.07,,,-0.23,,-0.81,,0.11,0.92,,,,,,,
2201,144732,0.04,,,,,,-0.72,0.31,0.24,-0.74,0.35,-0.16,0.4,,,,-0.43,,,,0.31,0.78,-0.33,,0.1,0.02,-0.08,,0.18,0.44,-0.35,-0.9,,-0.33,0.2,,,,0.3,,0.23,0.41,,0.03,,0.25,,,-0.43,-0.12,,,-0.27,,-0.08,,-0.1,0.68,,,,,,,
2202,144739,,,,,,,,,,,-0.73,,-1.31,,,,-0.11,,,,,,-0.81,,,,0.07,,,,,,,-0.23,,,,,-0.9,,-1.14,,,,,,,,,-1.56,,,-0.54,,-0.88,,,,,,-0.3,-0.29,-0.28,-0.54,-0.18
2203,144740,,,,,,,-0.29,0.43,-0.36,-0.4,-0.14,0.15,0.05,,-0.65,,-0.11,,,,,0.29,-0.37,,-0.19,-0.25,0.04,0.2,0.21,-1.16,0.45,0.02,,0.23,-0.04,,,,0.3,,0.06,0.0,,0.49,,,,,-0.21,-0.24,,,-0.45,,-0.07,,-0.44,0.06,,,,,,,
2204,144750,,,,,,,,,,,0.26,,0.27,,,,,,,,,,0.09,,,,,,,,,,,,,,,,,,-0.21,0.05,,,,,,,,-0.21,,,0.37,,,,,,,,0.43,0.01,0.3,0.08,0.38
2205,144753,,,,-0.96,,,,,,,0.17,,0.22,,,,0.23,,,,,,0.2,,,,0.27,,,0.01,-0.16,,,0.53,0.12,,,,,,0.15,0.25,,,,,,,,0.42,,,0.35,,0.17,,,0.54,0.44,,,,,,
2206,144756,,,,,,,,,,,-0.84,,-0.47,,,,,,,,,,,,,,-0.66,,-0.96,,,,,,,,,,,,-1.28,,,,,,,,,,,,-0.09,,,,-0.46,,,,-0.68,-0.91,-0.76,-0.52,
2207,144760,,,,,,,,,,,,,,,,,,,,,,,,,,,,,,,,,,,,,,,,,-0.85,,,,,,,,,,,,0.21,,,,,,,,1.3,0.4,0.38,-0.33,2.22
2208,144761,,,,,,,,,,,,,,,,,0.25,,,,,,,,,,,,,,,,,,,,,,,,-0.05,0.39,,,,,,,,-0.28,,,,,,,,,,,-0.31,-0.08,0.06,-0.47,
2209,144766,,,,,0.42,,0.49,-0.16,0.13,,0.38,,0.27,,,,,,,,,,,,0.61,0.38,,,,,,,,,,,,,,,-0.21,,,,,,,,,0.19,,,,,,,,,,,0.15,0.34,0.51,,
2210,144782,,,,,0.41,,0.82,0.32,0.0,0.02,-0.47,-0.24,0.38,,-0.18,,-0.29,,-0.27,,0.05,0.09,-0.15,-0.91,-0.22,-0.01,-0.16,-0.03,0.13,-0.45,-0.33,-0.03,0.03,0.14,0.06,,,,-0.02,0.13,-0.15,0.41,,-0.1,,-0.19,,,-0.13,-0.02,,,-0.14,,-0.24,,0.15,,,,,,,,
2211,144795,,,,,,,,,,,,,,,,,,,,,,,0.73,,,,,,,,,,,,,,,,,,,,,,,,,,,,,,,,,,,,,,,,,,
2212,144829,,,,,,,0.2,0.51,,0.55,0.38,-0.04,0.43,,,,1.02,,,,,0.08,0.41,,0.73,,0.39,0.61,0.23,,0.19,,,0.53,0.46,,,,0.51,,0.16,0.33,0.71,0.44,,,,,0.03,0.51,,,0.5,,0.49,,0.41,0.38,,,,,,,
2213,144886,,,-3.12,,0.04,,-0.9,,-0.68,,0.21,0.26,0.25,,,,,,,,,,,,0.47,,-0.29,,,,,,,,-0.74,,,,0.28,,0.54,,,,,,,,,0.46,,,0.47,,-0.04,,0.12,,,,,,,,
2214,144887,-0.32,,,-0.23,,,,,,,0.07,-0.03,0.0,,,,-0.26,,,,,0.51,0.08,,-0.18,,0.27,,-0.18,0.56,0.03,-0.21,,0.41,0.22,,,,0.47,0.26,-0.17,0.26,-0.06,-0.18,,0.01,,,,-0.04,,,0.18,,-0.13,,0.07,0.82,,,,,,,
2215,144888,0.33,,,,,,0.41,-0.01,0.22,,-0.32,0.11,0.38,,-0.13,,0.07,,,,0.05,-0.86,-0.38,,-0.02,,-0.02,0.04,0.18,0.32,0.09,0.33,-0.19,0.0,-0.17,,,,-0.34,,0.24,0.22,,0.24,,,-0.37,,0.16,0.31,,,0.08,,0.07,,-0.26,-0.16,,,,,,,
2216,144962,,,,,,,,,,,0.06,0.57,0.49,,,,,,,,,,,,,,0.26,,,,-0.2,,,,0.31,,,,,,-0.02,,,,,,,,,0.72,,,-0.23,,,,,,,,0.09,0.09,0.04,0.29,0.9
2217,144976,,,,,,,,,,,-0.5,,,,,,,,,,,,0.42,,0.28,,,,,,0.04,,,,-0.15,,,,,,0.04,,,,,,,,,,,,-0.2,,,,0.39,,,,0.75,0.53,0.42,1.15,1.25
2218,144977,,,,,,,,,,,-0.34,,-1.24,,,,,,,,,,,,,,,,,,,,,,,,,,0.83,,-0.62,,,,,,,,,,,,0.07,,,,,,,,-0.14,-0.38,-0.48,-0.59,-0.65
2219,145002,,0.23,,,0.52,,0.37,-0.18,0.15,0.51,-0.02,0.12,0.08,,,,-0.35,,,,-0.32,-0.17,-0.23,-0.16,0.06,0.26,0.52,,-0.3,-0.82,-0.15,,,-0.32,0.1,,0.55,,0.5,-0.14,0.18,0.29,0.34,-0.16,,,,,0.59,0.19,,,0.01,,0.35,,0.08,1.41,,,,,,,
2220,145003,,,1.26,-0.74,-0.63,,,-0.41,-0.49,-1.03,-0.18,0.14,0.39,,0.12,,0.12,,,,,,-0.28,,-0.26,,-0.17,0.42,,-0.1,0.14,0.55,-0.09,0.08,0.23,,,,-0.27,-0.15,0.26,0.15,-0.21,-0.08,,-0.04,,,-0.33,0.54,,,-0.34,,-0.54,,0.01,,,,,,,,
2221,145004,,0.21,,0.33,0.76,,,0.1,0.17,0.24,0.02,0.16,0.01,,,,0.46,,,,,0.19,0.4,,0.2,0.26,-0.06,0.58,0.11,0.13,0.04,,0.65,0.06,0.1,0.12,,,0.55,0.1,0.25,0.22,,0.42,,-0.24,-0.01,,0.04,0.34,,,0.47,,,,-0.13,0.47,,,,,,,
2222,145005,,,,,-0.25,,0.12,0.26,0.11,0.34,0.31,0.34,-0.14,,0.02,,0.06,,,,,,0.09,,,0.12,0.04,,-0.04,-0.09,0.32,,0.49,0.4,-0.28,,,,0.78,0.53,0.04,0.3,,-0.14,,-0.25,0.42,,-0.06,0.27,,,0.26,,,,0.05,0.37,,,,,,,
2223,145006,,,,,0.73,,0.07,0.45,0.47,0.1,0.17,0.32,0.24,,-0.04,,-0.46,,,,-1.16,-0.14,-0.05,,-0.02,-0.07,-0.1,,0.14,0.03,0.02,,0.76,0.7,0.22,,,,,-0.05,0.06,0.39,,0.3,,0.13,,,-0.4,0.28,,,0.28,,,,0.13,0.04,,,,,,,
2224,145007,,,,,0.1,,-0.16,-0.02,0.3,0.37,0.04,0.03,0.05,,-0.74,,0.26,,,,0.23,0.23,-0.37,,0.37,0.26,-0.07,,-0.16,,-0.06,,,-0.34,-0.19,,,,0.76,-0.36,0.51,0.26,0.2,0.14,,,,,-0.22,0.09,,,-0.13,,0.42,,0.23,0.21,,,,,,,
2225,145008,,,,,,,,,,,0.49,-1.23,-0.12,,,,,,,,,,,,,,-0.73,,,,-0.11,,,,,,,,,,-1.2,,,,,,,,,,,,-0.12,,0.32,,0.14,,,,-0.62,-0.63,-0.29,-0.61,-1.08
2226,145050,,,,,,,,,,,0.31,0.12,0.39,,,,0.39,,,,,,0.9,,,,0.63,,,,0.78,,,0.48,0.64,,,,,,0.86,,,0.19,,,,,,1.58,,,0.81,,0.58,,0.87,,,,0.1,0.07,0.06,0.47,0.54
2227,145051,,,,,,,,,,,0.98,-0.09,-0.26,,,,,,,,,,-0.17,,-0.69,,,,,,,,,,,,,,,,0.21,,,,,,,,,,,-0.8,-0.2,,,,0.28,-0.23,,,-0.51,-0.51,-0.48,-0.88,0.02
2228,145057,0.42,,,,,,0.5,0.29,0.28,0.4,0.26,0.14,0.3,,,,0.44,,,,,0.54,0.29,,0.24,0.11,-0.11,,0.25,0.25,-0.22,,-0.43,-0.04,0.24,,,,0.24,0.08,0.72,0.53,,0.25,,-0.23,0.45,,0.22,0.19,,,0.52,,,,0.27,-0.12,,,,,,,
2229,145061,,,,-1.09,,,,,,,,,,,,,,,,,,,,,,,-0.89,,,,,,,,,,,,,,,,,,,,,,,,,,-1.05,,,,,,,,-0.57,-0.6,-0.91,-0.69,0.08
2230,145090,,,,-0.44,,,,,,,0.61,-0.24,-0.04,,0.08,,,,,,,,-0.15,,0.16,,0.03,,,-0.15,0.15,,,,0.5,,,,,,-0.19,,,-0.36,,,,,,0.44,,,0.0,,,,,,,,0.03,0.31,0.29,0.68,-0.07
2231,145114,,,,,,,,,,,-0.97,,-0.67,,,,0.42,,,,,,-1.15,,,,,,,,,,,,,,,,,,-0.68,,,,,,,,,-1.4,,,,,,,-1.0,,,,-0.68,-0.65,-0.98,-0.87,-1.18
2232,145121,,,,,,,,,,,,,,,,,,,,,,,,,,,,,,,,,,,,,,,,,,,,,,,,,,,,,0.4,,,,,,,,-0.27,-0.34,-0.36,-0.8,-0.52
2233,145126,,,,,-0.66,,0.79,,0.02,,-0.49,0.2,-0.67,,,,-0.17,,,,,,0.03,,,,0.12,,,,-0.44,,,0.64,0.03,,,,,0.08,-0.16,-0.44,,,,,,,,0.17,,,-0.45,,,,0.4,-0.41,,,0.6,0.77,0.63,0.24,0.06
2234,145134,,,,,,,,,,,,,,,-0.23,,0.23,,,,,,,,,,,,,,,,,,-0.04,,,,,,,,,,,,,,,,,,,,,,-0.07,,,,-0.15,-0.47,-0.75,-0.66,0.21
2235,145135,,,,,,,,,,,-0.45,,-0.95,,,,,,,,,,,,,,0.22,,,,,,,,-0.39,,,,,,-0.65,,,,,,,,,,,,-0.69,,,,-1.0,,,,-0.32,-0.2,0.06,0.21,-0.02
2236,145140,,,,,,,,,,,-0.12,,-0.54,,,,0.78,,,,,,-0.07,,,,0.07,,,,,,,-0.22,-0.11,,,,,,-0.53,,,,,,,,,-0.45,,,-0.3,,,,0.28,-1.08,,,0.47,0.29,0.41,0.77,-0.18
2237,145155,,,,,,,,,,,,,,,,,,,,,,,,,,-0.36,,,,,,,,,,,,,,,-1.69,,,,,,,,,,,,,,,,,,,,-0.96,-0.85,-0.86,,
2238,145158,,,,0.03,,,,0.65,0.68,0.63,0.2,-0.11,-0.51,,,,-0.06,,-0.18,,,,0.27,,,-0.19,-0.75,,,-0.67,0.08,,,-0.03,0.04,,,,,,-0.08,,,0.34,,,,,-0.72,-0.17,,,-0.57,,,,-0.16,,,,,,,,
2239,145174,,-0.74,,,,,-0.42,,-0.83,,-0.59,-0.94,-0.25,,,,-0.05,,,,,-1.05,-1.17,-1.17,-0.57,,-0.48,,-1.06,-0.66,-0.49,,,-0.5,-0.78,,,,-0.97,,-0.41,-0.46,,-0.67,,,0.05,,,-0.44,,,-0.53,,-0.87,,-0.43,,,,,,,,
2240,145175,,0.65,,-0.99,,,-0.04,-0.47,-0.59,0.36,0.19,-0.04,0.16,,,,0.26,,,,-1.34,-0.13,-0.15,0.94,0.07,,0.24,,-0.48,-0.17,-0.09,,,-0.12,-0.14,,,,-0.22,,0.35,0.45,,-0.2,,,0.05,,-0.14,0.11,,,-0.09,,-0.48,,-0.14,-0.75,,,,,,,
2241,145179,,,,,,,,,,,-0.19,,-0.05,,,,-0.1,,,,,,,,,,-0.18,,,,,,,,0.28,,,,,,-0.38,,,0.06,,,,,,0.33,,,-0.35,,,,0.13,,,,0.39,0.42,0.19,0.15,0.6
2242,145196,,,,,,,,,,,,,-0.97,,,,,,,,,,,,,,,,,,0.23,,,0.95,0.34,,,,,,0.31,,,,,,,,,,,,0.02,,,,-0.29,,,,-0.21,0.01,0.08,-0.16,0.29
2243,145227,-0.21,,,,-0.73,,-0.47,-1.31,-0.14,,-0.39,-0.37,0.4,,-0.54,,-0.2,,,,,,-0.52,,-0.57,-0.53,-0.38,,-0.27,-0.65,-0.46,-0.56,,0.17,-0.57,,,,-0.83,,-0.33,0.15,,-0.46,,-0.74,,,-1.09,-0.01,,,-0.42,,-0.41,,-0.46,0.23,,,,,,,
2244,145228,-0.77,,,,,,,,-1.04,,-0.8,,-0.02,,,,-0.81,,,,,,-1.11,,,-0.74,,,,,,,,,,,,,,,-0.74,,,,,,,,,,,,-0.68,,,,0.34,,,,,,,,
2245,145229,,,,,,,,0.32,0.88,,-1.08,,,,,,,,,,,,,,,,,,,,,,,,,,,,,,,,,,,,,,,,,,-0.65,,,,-0.56,,,,,,,,
2246,145230,,-0.79,,,,,0.56,-0.17,0.99,,-0.6,0.14,-0.7,,,,-0.97,,,,,0.5,0.11,,0.15,,-0.51,-0.36,-0.38,0.38,0.03,-0.47,,-1.0,-0.53,,,,0.4,-0.42,0.06,-0.39,-0.16,-0.42,,-0.53,-0.75,,-0.24,-0.11,,,-0.27,,0.6,,-0.43,0.66,,,,,,,
2247,145244,,,,,,,,,-0.24,,-0.5,0.01,-0.81,,,,0.53,,0.22,,,,0.46,,0.19,,,,-0.43,,-0.04,,,-0.31,0.25,,,,0.55,,0.69,-0.07,,,,,,,0.57,-0.01,,,0.0,,0.71,,0.2,-0.56,,,0.13,0.32,0.28,0.65,0.83
2248,145271,,,,,,,,,,,0.45,0.3,-0.05,,,,,,,,,,0.0,,,0.57,-0.24,,,,,,,,-0.17,,,,,,0.47,,,,,,,,0.48,0.47,,,-0.01,,0.06,,0.37,,,,-0.07,0.04,-0.01,-0.27,0.61
2249,145286,,,,,0.6,,,,0.26,,0.19,0.77,-0.37,,,,0.45,,,,,,1.08,,,-0.33,-0.29,,,,-0.04,,,,-0.16,,,,,,0.24,,,-0.48,,,,,-0.71,0.14,,,-0.14,,-0.03,,-0.17,,,,0.25,0.68,0.6,0.73,0.05
2250,145313,,,,0.79,,,,-0.35,,,0.05,,-0.13,,,,0.42,,,,,,-0.09,,,,-0.84,,,,-1.15,,,,-1.32,,,,,,0.1,,,,,,,,,0.21,,,0.77,,,,0.61,,,,0.38,0.37,0.47,0.35,0.87
2251,145322,,,,,,,,,,,0.0,0.33,0.29,,,,,,,,,,-0.35,,,,0.48,,,,-0.31,,,0.73,-0.19,,,,,,-0.59,,,-0.23,,,,,,0.23,,,-0.2,,,,-0.1,,,,0.49,0.23,0.27,0.66,-0.22
2252,145327,,,,,,,,,,,0.32,0.23,0.26,,,,,,-0.51,,,,,,0.17,,,,,,0.04,,,,0.33,,,,,,-0.24,,,,,,,,,-0.58,,,0.36,,,,0.46,,,,-0.21,0.16,-0.13,0.0,0.77
2253,145336,,,,,,,0.6,,-0.15,,0.19,0.56,0.22,,,,0.41,,-0.64,,,,,,0.03,,-0.15,,0.36,,-0.09,,,,0.31,,,,,,0.25,-0.65,,,,,,,,0.94,,,0.3,,,,,0.18,,,-0.32,-0.27,0.08,-0.09,-1.42
2254,145337,,,,,,,,,,,0.25,0.57,,,,,,,,,,,,,,,,,,,-0.17,,,,,,,,,,0.14,,,,,,,,,0.18,,,0.49,,,,-0.17,,,,-0.27,-0.04,-0.12,0.13,-0.21
2255,145348,,,,,,,,,,,0.09,-0.2,-0.06,,,,0.47,,,,,,-0.32,,,,0.21,,,,,,,,0.17,,,,,,0.1,0.63,,,,,,,,0.06,,,0.17,,-0.14,,0.23,-0.76,,,0.66,0.94,0.58,0.88,0.16
2256,145381,,,,,,,0.03,,,,-0.4,,0.13,,,,,,,,,,,,,,0.23,,,,,,,0.39,0.3,,,,,,0.23,,,0.43,,,,,,-0.45,,,0.0,,,,0.63,,,,0.6,0.24,-0.05,0.86,-0.37
2257,145398,,,,,,,,,0.06,,,0.17,,,,,,,,,,,,,,,,,,,,,,,,,,,,,,,,,,,,,,,,,-0.92,,,,-1.39,,,,0.24,0.26,0.27,0.58,0.23
2258,145420,,,,,,,,-1.24,,,,,,,,,,,,,,,,,,,,,,,,,,,,,,,,,,,,,,,,,,,,,0.68,,,,,,,,-0.9,-1.45,-1.15,-1.48,-0.25
2259,145430,,,,,,,,,,,-1.38,,,,,,,,,,,,,,,,,,,,-0.2,,,,,,,,,,,,,,,,,,-0.64,,,,-0.08,,,,-0.36,,,,-1.03,-0.69,-0.82,-0.89,-1.51
2260,145455,,,,,,,-0.51,,,,0.48,,0.56,,-0.11,,0.14,,-0.04,,-0.21,-0.31,0.25,,0.31,,-0.09,,0.19,-0.4,0.28,,,0.17,-0.08,,,,,,0.18,0.02,,,,,0.52,,,0.33,,,-0.33,,-0.21,,0.08,-0.53,,,0.59,0.78,1.19,0.97,0.47
2261,145474,-0.43,,,0.36,,,,,,,-0.95,0.34,-0.94,,,,-0.38,,,,,,-0.15,,,0.08,,,,,0.2,,,0.56,-0.11,,,,,,-0.25,,,0.03,,,,,,0.11,,,0.26,,,,0.87,,,,-0.22,-0.08,-0.6,-0.07,-1.26
2262,145482,,,,-0.03,,,,,,,-0.25,,-0.25,,,,,,0.29,,,,,,,-0.61,-0.85,,,,-0.3,,,,-0.33,,,,,,-0.09,,,0.17,,,,,-0.99,-0.56,,,0.26,,,,0.17,,,,-0.22,-0.13,-0.1,-0.13,0.03
2263,145500,,,,,,,0.54,,,,0.11,-0.23,-0.44,,,,0.3,,0.12,,,-0.43,0.38,,0.16,,0.37,,,,-0.23,,,,-0.38,,,,,,-0.12,-0.5,,0.0,,,,,-0.03,-0.28,,,-0.21,,,,-0.07,0.11,,,0.14,0.24,-0.14,0.34,1.28
2264,145502,,,,,,,,,-0.39,,-0.18,0.34,-0.28,,,,-0.37,,,,,,-0.27,,-0.13,,0.92,,,,-0.58,,,,-0.04,,,,-0.61,,0.39,-0.22,,,,,,,,0.32,,,0.34,,,,0.13,-0.49,,,-0.16,-0.14,-0.09,-0.63,0.23
2265,145575,,,,-0.83,,,,,,,-0.81,,,,,,-0.56,,,,,,,,-0.41,,0.01,,,,,,,,,,,,,,-0.23,,,,,,,,,,,,-0.27,,,,,,,,-0.16,-0.36,-0.39,-0.93,-0.46
2266,145597,,,,,,,,,,,0.45,0.07,0.22,,,,,,,,,,0.12,,,,-0.06,,,,0.79,,,0.18,0.29,,,,,,0.51,0.03,,0.22,,,,,,-0.28,,,0.63,,,,-0.19,,,,-0.03,-0.14,-0.46,-0.31,0.16
2267,145609,,,,,,,,,,,,,,,,,,,,,,,,,,,,,,,,,,,,,,,,,,,,,,,,,,,,,0.14,,,,,,,,0.54,0.04,1.15,,2.27
2268,145643,,,,,,,-0.5,,-0.77,,0.41,0.37,0.72,,,,,,-0.01,,,0.03,0.24,,0.0,,0.07,,,,0.35,,,-0.55,-0.6,,,,,,0.49,0.52,,-0.17,,,,,-0.02,0.71,,,-0.05,,-0.47,,,0.03,,,0.25,0.22,0.38,0.51,-0.43
2269,145708,,,,,,,,,,,,,,,,,,,,,,,,,,,,,,,,,,,,,,,,,,,,,,,,,,,,,-0.29,,,,,,,,-0.62,-0.6,-0.88,-1.49,0.7
2270,145722,,,,,,,,,,,,,,,,,,,,,,,,,,,,,,,,,,,-0.83,,,,,,-0.66,,,,,,,,,,,,,,,,0.13,,,,-0.02,-0.26,-0.23,-0.47,-1.25
2271,145736,,,,,,,,,,,0.07,,-0.27,,,,,,,,,,,,-0.52,,-0.18,,,,-0.32,,,,-0.27,,,,,,-0.25,,,,,,,,,-0.66,,,,,,,,,,,-0.22,0.34,-0.09,-0.39,-0.27
2272,145748,,,,,0.53,,0.48,,0.93,0.86,0.71,0.51,0.58,,,,0.68,,,,,0.43,0.66,1.04,0.74,,0.33,,,0.04,0.11,,,0.26,-0.05,,,,0.09,,0.37,0.36,1.13,0.27,,-0.74,0.65,,0.56,0.52,,,0.63,,,,0.19,0.64,,,,,,,
2273,145749,,,,,-1.21,,-0.37,-0.22,-0.22,-0.38,0.21,-0.41,0.25,,,,0.03,,,,,-1.17,-0.17,,-0.18,,-0.27,-0.61,-0.76,-0.47,-0.02,-0.57,,-0.83,-0.53,,,,1.08,,0.12,-0.47,,-0.29,,,-0.86,,-0.76,-0.1,,,-0.08,,-0.24,,-0.14,-0.39,,,,,,,
2274,145777,,,,,,,0.47,0.86,,,-0.01,0.34,-0.39,,,,0.21,,,,,,-0.33,,,,0.06,,,-1.02,0.2,,,,0.06,,,,0.5,,-0.08,,,,,,,,,0.16,,,-0.43,,0.18,,,,,,0.09,0.39,0.22,0.47,0.4
2275,145783,,,,,,,-0.71,,,,0.06,0.76,-0.38,,,,,,-0.53,,,,0.24,,0.55,,0.05,,,,-0.39,,,,,,,,,,0.29,0.29,,0.07,,,,,,0.21,,,0.06,,0.37,,,,,,-0.04,-0.02,0.09,0.2,0.1
2276,145819,,,,,,,,,,,,-0.43,,,,,,,,,,,,,,,,,,,-0.12,,,,,,,,,,-0.85,,,,,,,,,,,,,,,,,,,,0.18,0.78,0.5,1.06,0.18
2277,145843,,,,,,,,,,,,,,,,,,,,,,,,,,,,,,,-1.16,,,,,,,,,,-1.35,,,,,,,,,,,,,,,,,,,,0.04,-0.15,-0.1,0.02,0.25
2278,145848,,,,-2.11,,,,,0.14,,-0.2,-0.31,-0.79,,,,-0.33,,,,,-0.05,-0.15,,0.51,,,,,,0.4,,,,-0.13,,,,0.09,,-0.21,,,1.01,,,,,-0.09,-0.27,,,0.09,,,,-0.08,,,,0.01,0.05,-0.06,0.17,0.81
2279,145860,,,,-0.11,,,,,,,-0.39,,-0.27,,,,0.21,,,,,0.19,-0.09,,,,-0.48,,,,0.44,,,-0.2,0.04,,,,,,-0.15,,,,,,,,,1.37,,,1.13,,,,,,,,0.58,0.44,0.62,0.98,0.65
2280,145864,,,,,,,,,,,-0.04,,-0.69,,,,,,,,,,,,,,-0.01,,,,,,,,,,,,,,,,,,,,,,,,,,,,,,0.85,,,,0.29,-0.02,-0.05,-0.3,0.81
2281,145866,,,,,,,,,,,0.07,,0.15,,,,0.42,,-0.4,,,,,,,,0.02,,,,-0.16,,,,-0.43,,,,,,0.0,,,,,,,,,0.33,,,,,,,,,,,0.35,-0.08,0.53,0.83,1.17
2282,145869,,,,,,,,,,,,,,,,,,,,,0.73,0.23,,,,,,,,,,,,,,,,,,,,,,,,,,,,,,,,,,,,,,,,,,,
2283,145875,,,,,,,,,,,-0.03,-0.25,-0.08,,,,-1.43,,,,,,0.25,,,,0.3,,,,,,,,0.05,,,,,,-0.13,,,,,,,,0.0,-1.38,,,0.16,,,,0.29,,,,0.69,0.38,0.14,-0.09,0.55
2284,145883,,,,,,,-0.15,,,,-0.49,0.12,-0.13,,,,-0.61,,,,,-0.89,-0.46,,-0.22,,,,,,-0.44,,,-0.14,-0.18,,,,-0.35,,0.05,-0.21,,,,,,,,0.41,,,-0.41,,,,-0.11,,,,0.0,0.23,0.16,0.31,0.35
2285,145889,,,,,,,,,,,-0.48,0.39,-0.56,,,,,,,,,,0.17,,0.29,,0.02,-0.14,-0.31,-1.09,0.02,,,0.39,0.23,,,,-0.1,,-0.13,,,,,,,,-0.79,-0.13,,,0.13,,,,0.54,,,,-0.27,-0.24,-0.28,-0.17,-1.18
2286,145892,,,,,,,,,,,-0.85,-0.31,,,,,0.16,,,,,,-0.57,,-0.26,,,,,,-0.37,,,,-0.17,,,,,-0.04,-0.62,,,0.03,,,,,-1.11,-0.5,,,0.1,,,,0.18,,,,0.17,0.13,-0.03,0.16,-1.06
2287,145894,,,,,,,,,,,-0.45,,-0.27,,,,,,,,,,,,,,-0.5,,,,,,,,-0.4,,,,,-0.57,-1.04,,,,,,,,,,,,0.26,,,,,,,,0.34,0.73,0.45,1.01,1.54
2288,145897,,,,,,,,,,,-0.29,,-0.53,,,,,,,,,,0.26,,,,0.6,,,-1.0,0.1,,,0.33,,,,,,,-0.59,-0.77,,,,,,,,-0.01,,,0.07,,,,,,,,1.98,1.84,1.91,2.31,2.52
2289,145900,,,,,,,,,,,0.66,,,,,,,,,,,,,,,,,,,,,,,,,,,,,,-0.3,,,,,,,,,,,,,,,,,,,,-1.04,-0.94,0.01,-0.2,2.97
2290,145921,,,,-0.23,,,,,,,-0.43,0.08,0.0,,,,,,,,,,0.42,,,,,,,,,,,-0.84,-0.21,,,,,,-0.71,,,,,,,,,,,,,,,,-0.11,,,,0.4,0.3,0.41,0.47,1.16
2291,145923,,,,,,,,,,,-0.94,,-0.16,,,,,,,,,,,,,,-0.06,,-0.73,-0.93,,,,,,,,,,,-0.42,,,,,,,,,,,,0.17,,,,-0.24,,,,-0.66,-0.61,-0.47,-0.75,-0.38
2292,145931,,,,,,,,,,,0.21,,,,,,-0.32,,,,,,,,,,,,,,,,,,,,,,,,-0.41,,-0.33,,,,,,,,,,,,,,,,,,-1.77,-0.98,-0.93,,
2293,145938,,,,,,,,,,,,,,,,,,,,,,,,,-0.66,,,,,,,,,,,,,,,,,,,,,,,,,,,,-1.42,,,,,,,,0.14,-0.11,0.12,-0.09,0.91
2294,145944,,,,,,,,,,,-1.52,-0.72,-1.01,,,,,,,,,,-0.79,,,,,,,,-0.55,,,-0.61,,,,,,,-0.74,,,,,,,,,,,,-0.66,,,,-0.27,,,,0.24,0.08,-0.15,-0.2,-0.7
2295,145945,,,,,,,,,,,0.38,-0.12,,,,,,,,,,,0.09,,,,-0.24,,,,1.17,,,,,,,,,,0.07,,,,,,,,,,,,0.62,,,,,,,,-0.2,-0.22,-0.59,0.21,-0.09
2296,145966,,,,,,,,,-0.42,,-0.65,-0.3,0.32,,,,,,,,,,,,,0.19,-0.44,,,,-0.39,,,,-0.04,,,,,,-0.42,,,,,,,,-0.49,,,,-0.6,,,,-0.38,,,,0.03,0.09,0.23,0.54,0.12
2297,146031,,,,,,,,,,,,,,,,,,,,,,,,,,-0.09,,,,,,,,,,,,,,,,,,,,,,,,,,,,,,,,,,,,,,,
2298,146099,,,,,,,0.35,,0.28,,-0.77,-0.27,-0.17,,,,-0.76,,,,,,,,-0.26,,-0.83,-0.56,,,0.4,,,,-0.02,,,,0.64,,-0.16,0.32,,-0.35,,,,,-0.95,0.1,,,0.54,,-0.51,,0.2,,,,-0.7,-0.31,-0.75,-0.44,-1.26
2299,146124,,,,,,,,,,,-1.1,,-0.87,,,,,,1.12,,,,,,,,-0.02,,,,0.73,,,0.02,0.33,,,,,,0.1,,,-0.1,,,,,,-0.91,,,-0.66,,-0.04,,-0.33,,,,-0.21,-0.26,-0.48,0.15,-0.8
2300,146196,,,,,,,,,-1.48,,0.35,0.48,0.33,,,,,,,,,-0.86,,,,,-0.05,,-0.07,,,,,,0.24,,,,,,0.13,,,,,,,,,0.03,,,0.28,,0.29,,0.57,,,,0.03,0.05,0.35,-0.01,1.1
2301,146209,,,,,,,,,0.58,,-1.48,-0.13,,,,,,,-1.53,,,,,,,,,,,,,,,,,,,,,,-1.11,,,,,,,,,-0.83,,,-1.31,,,,-0.92,,,,-0.57,-0.44,-0.55,-0.45,0.72
2302,146217,,,,0.15,,,,,,,-0.59,-0.06,0.19,,,,,,,,,,0.23,,0.01,,-1.02,,,,0.17,,,,-0.39,,,,0.13,,-0.33,,,-0.21,,,,,-0.36,,,,0.08,,,,0.12,,,,0.26,1.05,0.44,0.69,0.24
2303,146232,,,,,,,-0.78,,,,-0.17,0.62,0.28,,,,,,,,,-0.3,,,1.12,,-0.58,,,,-0.15,,,,,,,,,,0.03,,,0.4,,,,,,0.67,,,0.3,,-0.1,,0.23,,,,0.14,0.23,0.64,0.24,0.72
2304,146247,,,,,,,,,,,-0.18,,0.31,,,,,,0.2,,,,,,,,-0.01,,,,0.05,,,,0.33,,,,0.31,,0.88,,,,,,,,,,,,0.09,,,,,,,,0.34,0.13,0.57,0.68,0.05
2305,146303,,,,,,,,0.21,,,,,,,,,,,,,,,,,,,,,,,,,,,,,,,,,,,,,,,,,,,,,,,,,,,,,-0.76,-0.84,-0.64,,
2306,146305,,,,,,,,,-0.01,,,-0.51,,,,,,,,,,,,,,,-0.66,,,,,,,,-1.06,,,,,,,,,0.24,,,,,,,,,,,,,0.08,,,,-0.18,-0.48,-0.19,-0.12,-0.07
2307,146315,,,,,,,,,,,,,,,,,,,,,,,,,,-0.28,,,-0.18,,,,,,,,,,,,,,,0.23,,,,,,,,,,,,,,,,,-0.39,-0.34,-0.35,-0.79,-0.94
2308,146318,,,-0.04,,,,,,,,-0.33,,-0.24,,,,,,,,,,-0.36,,,,0.13,,,,,,,-0.42,,,,,,,-0.19,,,,,,,,,-0.19,,,-0.53,,,,,,,,0.34,0.19,0.1,-0.18,0.81
2309,146344,,,,,,,,,,,-0.2,,-0.41,,,,,,,,,,-0.66,,,,-0.34,,,,,,,,,,,,,,-0.25,,,-0.38,,,,,,-0.37,,,0.53,,,,-0.15,,,,-0.17,-0.06,-0.5,-0.42,-0.97
2310,146374,,,,0.33,,,,,,,-0.48,,0.03,,,,,,,,,,-0.78,,,,,,,,-0.56,,,,-0.4,,,,,,-0.89,,,,,,,,,0.59,,,0.13,,,,0.1,,,,-0.74,-0.68,-0.77,-0.67,
2311,146375,,,,,,,,,,,,,,,,,,,,,,,,,,,,,,,,,,,,,,,,,0.7,,,,,,,,,,,,,,,,,,,,-1.42,-0.93,-1.33,,
2312,146377,,,,,,,,,-1.36,,-0.33,-0.5,-0.69,,,,,,,,,,,,-0.37,,-0.86,,0.33,,-0.38,,,,0.21,,,,,,-0.03,,,,,,,,,-0.2,,,-0.35,,,,0.12,,,,-0.03,-0.05,-0.14,0.15,1.28
2313,146379,,,,,,,,,,,0.39,,,,,,,,,,,,,,,,0.39,,,,,,,,-0.9,,,,,,,,,,,,,,,,,,0.29,,,,,,,,-0.89,-1.36,-1.28,-1.45,-1.22
2314,146383,,,,,,,,,,,-0.8,,-0.46,,,,,,,,,,,,,,-0.89,,0.08,,,,,-0.51,-0.06,,,,,,-1.24,,,,,,,,,,,,-0.64,,-0.4,,,,,,-0.99,-1.23,-0.98,-1.35,1.76
2315,146387,,,,,,,0.26,,0.53,,0.17,0.19,-0.23,,,,0.85,,-0.13,,,0.54,0.19,,-0.35,,0.03,,,,0.08,,,,0.16,,,,,,0.15,,,0.13,,,,,-0.78,0.34,,,-0.73,,-0.84,,-0.47,0.1,,,0.14,0.09,0.35,0.91,0.59
2316,146392,,,,,,,,,,,0.0,-0.25,0.96,,,,,,,,,,,,,,-0.3,,,,,,,,-0.44,,,,,0.47,0.31,,,0.06,,,,,-0.53,0.14,,,-0.39,,,,-0.17,,,,-0.16,0.28,0.68,0.29,0.46
2317,146436,,,,,,,-0.24,,,,-0.76,,,,,,,,,,,,,,,,-0.11,,,,,,,,-0.35,,,,,,0.0,,,,,,,,,,,,-0.61,,,,0.35,,,,-0.11,-0.12,-0.62,-0.56,0.93
2318,146439,,,,,,,,,-0.58,,0.16,-0.47,-0.77,,,,0.34,,,,,-0.26,-0.83,,-0.33,,-0.28,,,,-0.54,,,,-0.52,,,,,,0.13,,,,,,,,,0.0,,,-0.48,,-0.39,,-0.72,,,,-0.61,-0.52,-0.51,-0.66,-0.89
2319,146440,,,,,,,,,,,0.22,-0.74,0.41,,,,,,,,,,,,,,-0.59,,,,,,,,-0.23,,,,,,0.44,,,,,,,,,1.54,,,0.12,,,,,,,,-0.32,-0.07,0.21,0.22,0.29
2320,146443,,,,,,,,,,,-0.55,,-0.17,,,,0.4,,,,,,1.03,,,,-0.06,,,,,,,0.4,0.06,,,,,,-0.7,,,-0.13,,,,,,-0.85,,,-0.11,,,,0.24,,,,-0.31,-0.28,-0.5,-0.29,0.0
2321,146451,,,,,,,-0.87,,,,0.03,,0.09,,,,,,,,,,-0.21,,,,-0.36,,,,-1.17,,,,-0.05,,,,,,0.25,,,,,,,,,0.17,,,0.55,,,,-0.54,,,,0.18,0.55,-0.02,0.48,0.97
2322,146489,,,,-0.47,,,,,,,0.1,,0.46,,,,,,,,,-0.32,0.21,,,,-0.62,,,,0.45,,,,0.42,,,,,0.0,-0.09,,,-0.24,,,,,0.21,0.13,,,0.44,,,,0.47,,,,-0.06,0.12,0.07,0.21,0.36
2323,146493,,,,,,,,,,,-0.78,,-0.74,,,,,,,,,,,,,,,,,,-0.13,,,,,,,,,,,,,,,,,,,,,,-0.33,,,,-0.22,,,,-0.86,-0.66,-0.62,-0.56,0.04
2324,146516,,,,,,,,,,,0.02,,0.7,0.76,,,,,,,,,0.15,,,,,,,,,,,,,,,,,,0.38,0.05,,,,,,,,0.18,,,,,,,,,,,,,,,
2325,146518,,,,,,,,,,,,,,,,,,,,,,,-1.0,,,,,,,,,,,-1.18,-0.78,,,,,,-0.2,,,,,,,,,,,,,,,,,,,,-0.19,-0.1,-0.14,-0.64,-0.39
2326,146555,,,,,,,,,,,-0.07,-0.03,0.38,,,,,,,,,,-0.45,,,,0.2,0.66,,,0.05,,,,0.66,,,,,,0.14,,,,,,,,0.21,1.27,,,-0.12,,,,-0.11,,,,,,,,
2327,146562,,,,,,,,,,,-0.58,-0.13,-0.44,,,,-0.26,,,,,,0.03,,,,-0.45,,,,-0.03,,,,-0.41,,,,,,-0.43,,,,,,,,-0.05,-0.16,,,0.15,,0.59,,-0.8,-0.52,,,0.09,0.01,0.1,0.7,0.39
2328,146580,,,,,,,,,-0.05,,,-0.29,,,,,,,,,,,0.4,,,,,,,,,,,,,,,,,,-1.44,,,,,,,,,,,,0.16,,,,-0.03,,,,-0.32,-0.56,-0.47,-0.38,-1.5
2329,146624,,,,,,,,,,,,,,,,,,,,,,,,,,,,,,,,,,,-0.46,,,,,,,,,,,,,,,,,,,,,,,,,,-0.64,-0.7,-0.89,-1.09,-0.4
2330,146648,,,,,,,,,,,,,,,,,-0.69,,,,,,,,,,,,,,,,,,,,,,,,,,,,,,,,,-0.68,,,,,,,,,,,-1.21,-0.14,-0.57,,
2331,146697,,,,,,,-0.41,-0.23,,-0.08,0.07,0.35,0.38,,,,0.24,,-0.2,,,0.07,0.6,,-0.26,0.24,0.12,,,0.62,-0.04,,,-0.61,-0.14,,,,,,0.47,0.03,,,,,,,0.12,0.21,,,0.49,,0.36,,-0.01,-0.02,,,0.28,0.29,0.6,0.55,0.66
2332,146752,,,,,,,0.12,,,,0.13,-0.65,-0.17,,,,-0.43,,,,,,-0.87,,0.06,,-0.44,,,-1.05,-0.3,,,,0.17,,,,,,-0.49,-0.38,,0.27,,,,,,-0.34,,,-0.32,,,,0.29,-0.19,,,0.19,0.46,0.43,0.04,-0.04
2333,146794,,,,,,,,,,,,-0.04,,,,,,,,,,,,,,,,,,,,,,,,,,,,,,,,,,,,,-0.13,,,,0.1,,,,,,,,-0.04,-0.04,-0.12,-0.24,-0.43
2334,146800,,,,,,,,,,,-0.92,-0.76,-1.18,,,,-1.2,,,,,,,,,,,,,,,,,,,,,,,,-1.13,,,,,,,,,-0.25,,,-0.54,,,,-0.16,,,,-0.07,0.17,0.34,0.25,
2335,146816,0.07,,,,0.59,,0.38,-0.12,0.49,0.56,-0.07,-0.05,-0.14,,,,-0.48,,,,,-0.16,-0.41,,-0.13,-0.09,-0.21,,0.26,,-0.32,-0.54,,-0.38,0.18,,,,0.31,,-0.14,-0.15,,-0.01,,,,,,-0.36,,,-0.2,,0.56,,-0.12,-0.61,,,,,,,
2336,146907,,,,,,,,,,,-0.55,,-0.13,,,,,,,,,,,,,-0.06,0.15,,,,0.19,,,,-0.17,,,,,,-0.27,-0.53,,,,,,,,,,,0.19,,-0.27,,-0.13,,,,0.78,0.36,0.33,1.06,0.35
2337,146926,,,,,,,,,,,-0.03,,0.42,,,,0.05,,,,,,,,-0.16,,,,,,0.24,,,,-0.13,,,,,,-0.04,,,,,,,,0.12,-0.15,,,0.14,,-0.11,,0.12,,,,-0.13,-0.01,0.03,0.14,-0.31
2338,146969,,,,-0.68,,,,,,,0.4,,-0.45,,,,,,0.03,,,,,,-0.61,,,,,,,,,,,,,,-0.83,,0.4,,,,,,,,0.75,0.27,,,-0.08,,,,,,,,-0.81,-0.56,-0.48,-0.94,-2.06
2339,146972,,,,0.54,,,,,-0.36,,0.17,0.17,0.33,,0.02,,,,,,,,0.05,,,,0.31,,,0.3,-0.04,,,0.31,0.06,,,,-0.05,,0.57,0.14,,,,,,,-0.19,0.69,,,-0.09,,0.2,,,-0.61,,,0.09,0.67,0.88,0.31,0.34
2340,146999,,,,,,,,,,,-1.24,-1.65,-0.86,,,,,,,,,,,,,,,,,,,,,,,,,,-2.28,,-1.7,,,,,,,,,,,,-1.99,,,,-1.31,,,,,,,,
2341,147063,,,,,,,-0.3,0.55,-0.23,-1.07,0.29,-0.13,-0.16,,,,-0.08,,,,-0.3,-0.26,-0.59,,0.38,,-0.42,,-0.08,-0.65,-0.19,,,-0.4,0.19,,,,0.3,,-0.13,0.17,,0.19,,-0.04,0.0,,0.51,-0.11,,,-0.15,,-0.06,,-0.06,-1.14,,,,,,,
2342,147113,,,,,,,,,,,-0.41,,-0.47,,,,,,,,,,,,,,,,,,-0.15,,,,,,,,,,-0.97,,,,,,,,,,,,-0.25,,,,-0.56,,,,-0.53,-0.35,-0.64,-0.55,-0.21
2343,147115,,,,,,,,,,,,0.04,,,,,,,,,,,,,-0.22,,,,,,,,,,,,,,,,,,,,,,,,,,,,-0.68,,,,,,,,-0.8,-0.95,-0.78,-1.34,1.55
2344,147142,,,,,,,-0.01,,-0.65,,-0.51,-0.03,-0.21,,,,-0.28,,,,,,-0.69,,0.0,,0.26,,,,0.26,,,0.11,0.07,,,,-0.12,,-0.36,,,-0.54,,,,,-0.48,0.05,,,0.47,,-0.37,,-0.38,,,,0.3,0.16,-0.37,0.12,-0.37
2345,147157,,,,,,,,,-0.26,,,,,,,,,,-0.83,,,,,,,,,,,,,,,,,,,,,,-1.39,,,,,,,,,-0.51,,,-0.42,,,,,,,,0.29,-0.09,0.28,0.39,1.0
2346,147178,,,,,,,,,,,-0.26,,,,,,,,,,,,,,,,-0.73,,,,-0.03,,,,-0.34,,,,,,,,,,,,,,,,,,,,,,,,,,-1.0,-0.98,-0.87,-0.96,-0.64
2347,147185,,,,,,,,,,,-0.09,0.66,0.59,,,,-0.1,,,,,,-0.28,,,,,,,,-0.47,,,,,,,,,,0.0,,,,,,,,,,,,0.09,,,,0.71,,,,-0.8,-1.02,-0.65,-0.96,-1.2
2348,147203,,,,,,,,,,,0.01,1.12,-0.44,,,,,,,,,,,,,,0.47,,,,,,,,,,,,,,-0.02,,,,,,,,,,,,0.13,,,,0.54,,,,0.51,0.53,1.04,0.87,0.82
2349,147238,,,,,,,,,,-0.55,0.14,-0.13,-0.24,,,,,,,,,,0.63,,,,-0.25,,,,-0.3,,,,0.22,,,,,,0.39,,,,-0.15,,,,,,,,0.1,,-0.55,,-0.01,,,,1.23,1.09,1.37,1.49,1.94
2350,147246,,,,,,,,,0.42,1.28,-0.14,-0.15,-0.19,,,,0.6,,0.19,,,,-0.29,,,,0.1,,0.1,,-0.03,,,,-0.18,,,,,,0.01,0.41,,,,,,,,-0.47,,,0.06,,,,0.39,,,,0.37,0.08,0.06,0.57,0.35
2351,147285,,,,,,,-0.34,,0.28,,0.03,-0.14,0.22,0.2,,,0.28,,-0.21,,-0.59,0.0,-0.37,-0.34,-0.24,,-0.2,,0.2,0.23,0.1,,0.55,-0.25,-0.28,,,,-0.85,,0.17,0.46,,-0.49,,-0.62,,,-0.27,-0.26,0.04,,0.02,,-0.59,,-0.18,-0.24,,,,,,,
2352,147300,,,,,,,,,-0.31,,-0.21,,1.37,,,,,,,,,,,,,,-0.66,,,,,,,,,,,,,,1.4,,,-0.64,,,,,-1.51,0.26,,,0.58,,,,,,,,-0.08,0.28,0.35,0.17,0.6
2353,147345,,,,,,,,,,,-0.06,0.85,-0.34,,,,,,,,,,,,,,0.02,,,,,,,,0.4,,,,,,-0.4,,,,,,,,,,,,-0.39,,0.48,,0.19,,,,0.7,0.19,0.07,0.64,0.72
2354,147346,,,,,,,,,0.55,,0.15,-0.17,-0.31,,,,-0.33,,-0.55,,,,,,,0.85,0.98,,,,,,,,0.13,,,,0.08,,-0.14,,,0.04,,,,,,-0.3,,,0.07,,-0.06,,,,,,0.66,0.24,-0.42,-0.23,2.09
2355,147350,,,,,,,,,,,-0.9,,-1.01,,,,,,,,,,,,,,-0.67,-0.35,,,-0.77,,,,,,,,,,-1.51,,,,,,,,,-0.16,,,-0.74,,,,,,,,,,,,
2356,147430,,,,,,,0.67,,,,0.51,-0.29,0.23,,-0.1,,-0.75,,-0.06,,,0.56,0.16,,-0.44,,-0.33,,,-0.69,-0.92,,,,-0.31,,,,,,0.34,0.14,,0.65,,,,,0.3,0.11,,,-0.01,,0.11,,-0.56,,,,0.82,0.84,1.15,1.82,1.9
2357,147432,,,,,,,,,,,0.8,-0.42,,,,,,,,,,,,,-0.18,,-0.8,,,,0.46,,,,0.02,,,,,,-0.65,,,,,,,,,,,,-0.16,,,,-0.61,,,,-0.13,0.3,0.2,0.63,0.84
2358,147439,,,,-0.59,,,,,,,0.75,-0.09,0.65,,,,,,,,,,-0.13,,,,0.41,,,,-0.51,,,0.14,-0.2,,,,,,0.42,0.04,,,,,,,,0.47,,,0.06,,,,-0.21,,,,-0.35,-0.24,0.02,0.0,0.07
2359,147443,,,,,,,,,,,-0.18,-0.68,-0.83,,,,-1.3,,0.03,,,,0.01,,-0.5,,-0.08,,-0.25,,-0.18,,,,-0.97,,,,0.33,,-0.25,,,,,,,,,,,,-0.21,,-0.75,,0.32,,,,-0.61,-0.8,-0.28,-0.55,-1.25
2360,147477,,,,,,,,,,,,,,,,,0.32,,,,,,,,,,,,,,,,,,,,,,,,0.63,-0.04,,,,,,,,0.45,,,,,,,,,,,,,,,
2361,147508,,,,,,,,0.65,,,0.18,-0.44,0.37,,,,,,,,,-1.9,,,,-0.27,0.62,,0.44,,,,,,-0.14,,,,-0.62,,-0.38,,,,,,,,,0.3,,,0.51,,0.17,,,,,,-0.17,-0.96,-0.73,-0.54,-0.51
2362,147531,,,,,,,,,-0.61,,,0.08,,,,,,,0.38,,,,,,-0.35,,-0.31,,,,,,,,0.16,,,,-0.17,,0.22,,,,,,,,,,,,-0.38,,,,0.24,,,,0.36,-0.13,0.15,-0.06,-1.12
2363,147535,,,,,,,,,,,,0.22,,,,,,,,,,,,,,,-0.7,,,,,,,,,,,,,,,,,,,,,,,,,,,,,,,,,,-0.35,-0.36,-0.29,-0.32,-0.08
2364,147537,,,,,,,,,,,0.74,0.25,-0.22,,,,,,0.18,,,,0.09,,,,0.23,,,,0.24,,,-0.92,-0.15,,,,0.57,,0.34,,,0.73,,,,,,-0.18,,,0.17,,-0.19,,-0.03,,,,0.41,0.55,0.48,0.58,-0.2
2365,147538,,,,,,,,,,,0.05,,,,,,,,,,,,,,,,,,,,0.79,,,,,,,,,,-0.7,,,,,,,,,-0.24,,,0.62,,,,1.32,,,,-0.43,-0.34,-0.39,-0.63,-0.22
2366,147574,,,,,,,-1.56,,,,,,,,,,,,-0.4,,,,,,,,-0.39,,,,-0.85,,,,-0.44,,,,,,0.0,,,,,,,,,,,,-0.42,,,,-0.47,-1.33,,,-0.56,-0.87,-0.81,-0.64,-0.62
2367,147681,,,,,,,,,,,-0.61,,-0.81,,,,,,,,,,,,,,,,,,,,,,,,,,,,-0.56,,,,,,,,,-0.85,,,-0.86,,,,,,,,,,,,
2368,147685,,,,,,,,,,,,,,,,,,,,,,,,,,,,,,,,,,,,,,,,,-0.63,,,,,,,,,,,,,,,,,,,,-0.54,-0.13,-0.01,-0.61,
2369,147707,,,,,,,,,,,-0.02,,-0.15,,,,,,,,,,,,,,-0.79,,,,,,,-0.25,-1.11,,,,,,-0.07,,,,,,,,,,,,-0.15,,-0.26,,-0.21,,,,0.12,0.27,0.49,0.02,2.35
2370,147756,-0.16,,,0.06,,,,,-0.26,0.03,-1.12,-0.15,-0.92,,,,,,,,,,-1.06,,0.52,,0.18,,,,,,,,,,,,0.01,,-0.88,,,0.35,,,,,,,,,-0.52,,,,0.38,,,,,,,,
2371,147785,,,,,,,,,,,,0.16,0.9,,,,,,,,,,,,,,0.38,,,,,,,0.32,-0.32,,,,0.41,,0.33,,,,,,,,1.13,1.07,,,0.52,,,,0.36,,,,-0.01,-0.25,-0.43,-0.05,-0.04
2372,147837,,,,,,,,,,,0.07,0.05,0.27,,,,-0.3,,,,,,0.29,,,,0.58,,,0.34,0.02,,,,-0.57,,,,,,-0.11,0.79,,,,,,,,0.25,,,-0.06,,0.23,,0.53,,,,,,,,
2373,147838,,,,,,,,,,,,,,,,,,,-0.59,,,,,,,,0.29,,-0.4,,-0.11,,,,,,,,,,-0.22,,,,,,,,,-0.25,,,-0.43,,,,-0.16,,,,-0.48,0.2,0.17,0.04,-1.04
2374,147881,,,,,,,,,,,-0.84,,-0.52,,,,,,,,,,,,,,,,,,,,,,-1.17,,,,,,0.02,-0.33,,,,,,,,-0.21,,,0.29,,-0.08,,-0.27,,,,-0.11,-0.09,-0.33,-0.44,0.08
2375,147897,,,,,,,,,,,-1.22,,,,,,,,,,,,,,,,,,,,,,,,,,,,,,,,,,,,,,,,,,,,,,,,,,-0.57,-0.44,0.02,-0.84,-1.01
2376,147902,,,,,,,-0.48,,,,0.15,-0.31,0.06,,,,,,-1.07,,,-0.8,,,,,0.45,,,,0.4,,,,-0.5,,,,,,-0.38,,,0.02,,,,,,-0.54,,,0.2,,0.33,,-0.09,,,,-0.74,-0.15,-0.88,-0.57,0.27
2377,147967,,,,,,,,,,,,,,,,,,,,,,,,,,,0.3,,,,,,,,,,,,,,0.11,,,,,,,,,,,,0.63,,,,,,,,-0.26,-0.42,-0.33,-0.81,-0.51
2378,148003,,,,,,,,,,,,-0.77,,,,,,,,,,,,,,,,,,,,,,,,,,,,,0.28,,,,,,,,,,,,,,-0.09,,0.0,,,,0.29,0.32,-0.06,0.53,0.42
2379,148094,,,,,,,,,,,0.18,-0.27,0.41,,,,0.18,,,,,,,,,,-0.22,,-0.06,,-0.34,,,0.25,-0.28,,,,,,0.07,0.45,,,,,,,-0.77,0.21,,,0.16,,-0.38,,0.18,,,,0.27,0.45,0.0,0.17,-0.79
2380,148135,,,,,,,,,,,-0.47,-0.71,-0.58,,,,,,,,,,,,-0.15,,-0.67,,,,-1.16,,,,-0.42,,,,0.2,,-1.26,,,,,,,,-2.51,,,,-0.32,,,,0.07,,,,-0.26,-0.54,-0.24,-0.44,-0.68
2381,148142,,,,,,,-0.26,-0.45,,-0.05,-0.27,0.0,-0.17,,0.32,,-0.06,,,,0.81,0.2,-0.13,,,0.15,-0.02,,-0.18,0.78,-0.42,0.0,,-0.23,0.06,-0.32,,,0.08,-0.15,-0.06,-0.31,-0.06,-0.1,,0.53,-0.33,,-0.32,-0.19,,,-0.17,,-0.46,,-0.24,-0.31,,,,,,,
2382,148221,,,,-0.12,,,,,,,0.23,0.3,0.5,,,,,,-0.07,,,,-0.45,,,0.11,0.04,-0.29,,,,,,,-0.36,,,,,,0.29,,,,,,,,0.55,0.15,,,-0.43,,,,,,,,-0.05,0.03,0.12,-0.34,-0.95
2383,148226,,,,,,,-0.59,,-1.06,,-0.75,,,,,,,,,,,,,,,,-0.37,,0.2,,,,,,,,,,,,-0.88,,,,,,,,,,,,,,,,0.04,,,,-1.82,-1.52,-1.38,-1.78,-1.97
2384,148244,,,,,,,,,,,-0.36,,-0.44,,,,-0.84,,,,,,-0.34,,,,,,,,,,,,,,,,,,-0.75,-1.24,,,,,,,,-0.82,,,,,,,,,,,,,,,
2385,148254,,,,,,,,,,,-0.55,,0.54,,,,-1.12,,,,,,-0.76,,,,,,,,,,,,-0.87,,,,,,-0.68,,,,,,,,,,,,-0.65,,-0.37,,-0.66,,,,-0.15,0.2,-0.2,-0.01,0.24
2386,148295,,,,,,,,,-1.03,,,,,,,,,,,,,,,,,,,,-0.04,,,,,,0.16,,,,,,,,,,,,,,,,,,,,-0.74,,,,,,-0.51,-0.52,-0.22,-0.36,-0.7
2387,148299,,,,,,,0.09,,,,0.57,,-0.35,,,,,0.4,,,,,,,-0.09,,-0.02,,-0.06,,,-0.04,,,-0.43,,,,,,0.06,-0.46,,,,-0.16,,,,-0.07,,,0.11,,,,0.2,-1.36,,,0.22,0.18,-0.03,-0.12,-0.16
2388,148304,,,,,,,,,,,-0.31,,,,,,,,,,,,,,,,-0.45,,,,-0.04,,,,,,,,,,-0.67,,,,,,,,,,,,0.01,,,,,,,,-0.52,0.11,-0.42,-0.09,-0.01
2389,148338,,,,,,,,,,,-0.33,-0.02,,,,,,,,,,,,,,-0.03,,,-0.32,,,,,,,,,,,,-1.14,,,,,,,,,,,,-0.88,,,,,,,,0.18,0.3,0.11,-0.41,1.83
2390,148354,,,,,,,,,,,-0.63,,,,,,,,,,,,,,,,0.14,,,,,,,,,,,,,,,,,,,,,,,,,,-0.79,,,,0.2,,,,-0.56,-0.51,-0.61,-0.19,-0.04
2391,148369,,,,,,,0.06,,,,-0.23,-0.32,0.06,,,,,,,,,,-0.83,,,,-0.34,,,-0.23,-0.61,,,-0.51,-0.28,,,,-0.22,,-0.49,,,0.08,,,,,-0.23,-0.55,,,-0.75,,-0.6,,,,,,0.37,0.0,0.07,0.4,0.38
2392,148417,,,,,,,,,,,-0.61,-0.24,0.05,,,,0.13,,,,,,,,-0.53,,0.2,,,,-0.09,,,,-0.35,,,,,,-0.12,,,-0.23,,,,,0.41,-0.15,,,-0.93,,,,-0.97,,,,-0.47,-0.26,-0.15,-0.72,1.53
2393,148421,,,,0.09,,,,,,,0.16,0.25,0.3,,0.43,,-0.13,,,,,0.01,0.24,,0.05,,0.1,,,0.18,0.16,,0.81,0.28,0.09,,,,0.1,0.22,0.04,0.33,,,,-0.41,-0.28,,,0.35,,,0.07,,0.45,,0.65,-0.04,,,,,,,
2394,148429,,,,,,,,,,,,,,,,,,,,,,,,,,,,,,,,,,,,,,,,,,,,,,,,,,,,,,,,,-0.41,,,,-0.61,-0.43,-0.55,-0.89,-0.53
2395,148453,,,,,,,,,,,0.39,0.04,0.52,,,,0.84,,,,,,-0.03,,,,,,,,0.22,,,,-0.26,,,,,,0.88,0.98,,0.01,,,,,,0.42,,,0.54,,,,-0.11,,,,-0.1,0.21,0.2,-0.23,-0.23
2396,148499,,,,,,,,,,,-0.95,0.46,-0.79,,,,,,,,,,-0.39,,0.59,,,,-0.4,,-0.28,,,0.41,0.29,,,,,,-0.67,,,,,,,,,-1.14,,,-0.12,,,,0.6,,,,0.38,0.22,0.26,0.25,-0.12
2397,148520,,,,,,,,,,,0.42,,0.35,,,,,,,,,,,,,,0.28,,,,-0.42,,,0.7,-0.21,,,,-0.32,,0.65,,,,,,,,,-0.47,,,0.15,,0.21,,0.28,,,,-0.16,-0.39,-0.07,-0.34,-0.43
2398,148549,,,,-0.17,,,,,0.45,-0.03,-0.09,0.15,-0.22,,,,-0.29,-0.29,0.04,,,-0.71,,,-0.22,,-0.29,,0.12,0.26,-0.18,,,,0.06,,,,,,0.04,,,0.22,,,,,-0.28,-0.16,,,0.1,,-0.44,,,,,,-0.01,-0.22,-0.12,-0.43,-0.49
2399,148555,,,,-1.26,,,,,,,0.28,-0.56,-0.07,,,,-0.9,,,,,,-0.23,,,,0.17,,,,,,,0.54,0.82,,,,,,-0.14,,,,,,,,,-0.05,,,0.38,,,,0.19,1.44,,,,,,,
2400,148602,,,,,,,0.1,,,,-0.61,0.21,,,,,,,,,,,,,,,0.31,,,,0.19,,,,-0.15,,,,,,0.26,,,,,,,,,-0.39,,,-0.25,,0.56,,0.22,,,,0.13,0.46,0.36,0.3,0.08
2401,148639,,,,,,,0.79,,,,-0.08,0.1,0.35,,,,-0.62,,,,,,0.03,,-0.06,,-0.8,,,,-0.25,,,,0.1,,,,,,0.1,-0.44,,,,,,,-0.28,0.29,,,0.24,,,,0.42,,,,-0.05,-0.03,0.05,0.13,0.69
2402,148712,,,,,,,,,,,-0.41,-0.55,-0.67,,,,,,,,,,,,,,-0.5,,,,,,,,-0.88,,,,,,-0.44,,,,,,,,,,,,0.26,,,,-0.37,,,,-0.39,0.17,-0.03,-0.9,-0.79
2403,148737,,,,,,,,,,,-0.02,,-0.11,,,,,,-0.31,,,,,,-0.07,,-0.56,,,,-0.87,,,,0.15,,,,,,-0.03,,,0.02,,,,,,-0.49,,,-0.92,,,,-0.18,,,,0.53,0.41,0.45,0.64,0.96
2404,148753,,,,,,,,,0.2,,-0.08,0.28,0.18,,,,-0.14,,,,,,-0.25,,,,-0.13,,-0.3,,-0.12,,,,,,,,0.18,,0.48,,,,,,,,0.78,-0.07,,,-0.09,,,,-0.15,,,,0.08,0.37,0.66,0.67,-0.01
2405,148791,,,,,,,0.35,0.5,0.73,,0.11,0.72,0.06,,-0.22,,-0.3,,,,,,0.34,,0.3,,0.06,0.54,,-0.29,0.53,-0.09,0.39,0.25,0.21,,,,0.94,,0.47,-0.19,,,,0.71,,,0.24,0.13,,,0.22,,-0.09,,0.23,-0.02,,,,,,,
2406,148792,,,,,,,,,,,-0.98,,-0.82,,,,,,,,,,,,,0.39,,,,,,,,,,,,,,,-0.67,,,,,,,,,,,,-0.56,,,,-0.18,,,,-0.37,-0.53,-0.29,-1.04,-1.41
2407,148826,,,,,,,,,,,0.45,-0.66,-0.3,,,,0.58,,,,,,-0.72,,,-0.2,,,,,-0.19,,,,0.7,,,,,,0.18,,,,,,,,,-0.03,,,0.07,,,,-0.48,,,,-0.2,-0.02,-0.32,-0.42,-1.53
2408,148835,,,,,,,,,,,,-0.32,,,,,,,,,,,0.1,,,,,,,,,,,,,,,,,,,,,,,,,,,,,,0.29,,,,-0.21,,,,-0.78,-0.63,-0.95,-0.73,-0.43
2409,148855,,0.51,,,,,0.11,,,,0.33,-0.01,0.23,,,,0.06,,0.63,,,,-0.37,,0.46,-0.47,-0.33,,,,-0.23,,,-0.38,-0.14,,,,,,0.16,-0.58,,0.13,,,,,0.21,-0.56,,,-0.06,,0.32,,-0.5,,,,0.55,0.46,0.53,0.7,1.27
2410,148878,0.8,,,,,,-0.66,,,,0.46,-0.01,0.22,,,,0.56,,,,,,0.68,,,,-0.12,,,,0.03,,,,,,,,,,-0.04,0.37,,,,,,,,0.37,,,-0.12,,,,0.57,,,,-0.02,0.42,0.51,0.53,0.84
2411,148932,,,,,,,,,,,,,,,,,-0.69,,,,,,,,,,,,,,,,,,,,,,,,-0.08,,,,,,,,,,,,,,,,,,,,-0.79,-0.25,-0.57,,
2412,148945,,,,,,,,,,,-0.38,,,,,,,,,,,,,,,,,,,,-0.22,,,,,,,,,,0.59,,,-0.01,,,,,,,,,0.14,,,,,,,,0.05,-0.23,-0.47,-0.13,-0.97
2413,149011,,,,,,,,,,,-0.73,,-0.44,,,,,,,,,,,,,,,,,,,,,,,,,,,,-1.26,,,,,,,,,,,,-0.61,,,,-0.39,,,,-0.54,-0.44,-0.46,-1.17,0.71
2414,149027,,,,,,,,,,,,,,,,,,,,,,,,,,,,,,,,,,,,,,,,,1.08,,,,,,,,,,,,,,,,,,,,,,,,
2415,149099,,,,,,,,,,,,,-0.77,,,,0.04,,,,,,,,,,,,,,,,,,,,,,,,0.99,-0.02,,,,,,,,-0.28,,,,,,,,,,,,,,,
2416,149204,,,,,,,,,,,-1.36,,-1.68,,,,,,,,,,,,,,,,,,,,,,,,,,,,-0.17,,,,,,,,,,,,0.01,0.79,,,,,,,0.04,0.41,0.11,-0.26,0.76
2417,149236,,,,,,,-0.38,,,,,0.18,,,,,,,,,,,,,0.04,,-1.15,,,,,,,,0.75,,,,,,,,,,,,,,,,,,,,,,-0.39,,,,-0.35,0.07,-0.27,0.29,0.04
2418,149247,,,,,,,-0.12,,,,-0.42,,,,,,,,-0.27,,,,,,,,-0.43,,0.23,,0.27,,,,0.01,,,,,,0.19,,,,,,,,,,,,,,,,-0.47,-0.6,,,-0.21,-0.14,0.03,0.25,0.48
2419,149271,,,,,,,,,,,-0.4,0.41,,,,,,,,,,,,,,,-0.06,-0.75,,,0.28,,,,-0.31,,,,,,-0.62,,,-0.23,,,,,,-0.82,,,-0.21,,,,,,,,-0.52,-0.06,-0.26,-0.1,-1.18
2420,149285,,,,,,,0.64,,,,-0.23,,-0.38,,0.11,,0.6,,-0.12,,,,-0.24,,,,0.38,,,-1.69,-0.2,,,,0.24,,,,,,0.41,-0.44,,,,,,,,0.28,,,0.67,,0.14,,0.51,0.47,,,0.11,0.1,0.36,-0.03,0.31
2421,149290,,,,,,,-1.67,,,,-0.24,0.33,-0.3,,,,0.53,,0.38,,,-0.14,,,,,,,,,0.07,,,,0.24,,,,,,0.52,0.72,,0.42,,,,,,-0.11,,,-0.18,,,,-0.14,-0.28,,,0.56,0.83,0.64,1.01,1.89
2422,149297,,,,-0.29,,,,,,,-0.39,0.03,0.4,,,,-0.35,,-0.19,,,,0.11,,,,-0.38,,,-0.34,-0.49,,,,0.09,,,,,,0.09,,,0.45,,,,,,0.05,,,-0.29,,0.02,,-0.27,0.88,,,0.62,0.53,0.72,0.44,1.08
2423,149299,,,,,,,,,,,,,,,,,,,,,,,,,,,-0.52,,,,,,,,-0.72,,,,,,,,,,,,,,,,,,-0.09,,,,-0.2,,,,-0.44,-0.64,-0.64,-0.65,0.43
2424,149328,,,,,,,,,,,,,-1.01,,,,,,,,,,,,,,,,,,,,,,,,,,,,,,,,,,,,,,,,,,,,-0.92,,,,-0.32,-0.51,-0.53,-0.01,0.01
2425,149337,,,,,,,,,,,1.28,,1.15,,,,,,,,,,,,,,,,,,,,,,,,,,,,0.17,-0.43,,,,,,,,-0.34,,,,,,,,,,,,,,,
2426,149347,,,,,,,,,,,-0.4,0.1,-0.56,,,,-0.25,,,,,,0.47,,,,0.34,,,,,,,0.08,-0.1,,,,0.23,,-0.55,,,,,,,,,,,,0.48,,,,0.18,,,,0.62,0.29,0.53,0.37,0.48
2427,149364,,,,,,,,,,,,-1.46,,,,,,,,,,,,,,0.05,,,,,,,,,,,,,,,,,,,,,,,,,,,-1.06,,,,,,,,-0.52,-0.12,-0.49,-0.66,0.06
2428,149365,,,,,,,1.66,,0.2,,0.58,,0.11,,,,,,,,,,,,0.62,,,,,,,,,,,,,,,,0.02,,,0.06,,,,,,,,,0.44,,,,-0.25,,,,-0.32,-0.12,-0.13,-0.22,0.01
2429,149376,,,,,,,,,,,-1.01,-0.14,0.14,,,,-0.22,,,,,,,,,,,,,,-0.18,,,,,,,,,,-0.19,,,,,,,,-0.56,-0.85,,,,,-0.14,,0.0,,,,-0.11,-0.1,-0.21,-0.03,-0.26
2430,149402,,,,,,,,,,,0.2,,0.39,,,,,,,,,,0.59,,,,,,,,,,,,,,,,,,0.37,,,,,,,,,0.57,,,-0.13,,,,,,,,,,,,
2431,149431,,,,,,,,,,,0.1,,-0.52,,,,,,,,,,0.1,,,,,,,,,,,,,,,,,,-0.54,,,,,,,,,,,,,,,,,,,,0.43,0.42,0.13,0.7,1.07
2432,149433,,,,,,,,,,,-0.75,,-0.69,,,,,,,,,,,,,,,,,,,,,,,,,,,,-0.01,,,,,,,,,,,,-0.15,,,,-0.73,,,,-0.88,-0.11,-0.59,-0.85,0.1
2433,149435,,,,,,,,,,,,,,,,,,,,,,,,,,,,,,,,,,,,,,,-1.28,,,,,,,,,,,,,,,,,,-0.94,,,,0.31,0.73,0.69,0.59,-0.1
2434,149500,,-0.35,,,,,0.42,-0.19,-0.54,-0.8,0.06,-0.29,0.53,,,,-0.96,,,,,,0.65,,,,0.48,,,,,,,0.34,0.13,,,,,0.36,0.35,,,,,,,,1.08,-0.55,,,-0.17,,,,0.45,,,,-0.17,-0.14,0.06,-0.11,0.65
2435,149517,,,,,,,0.28,,0.44,0.12,0.44,-0.01,0.2,,,,0.16,,0.68,,,0.83,,,0.5,,-0.08,,,0.43,-0.24,,,0.13,0.32,,,,,0.23,-0.04,-0.12,,0.47,,0.29,-0.34,,-0.3,-0.21,,,0.58,,0.18,,0.28,,,,0.58,0.22,0.32,0.7,1.06
2436,149531,,,,,,,,,,,,,,,,,,,,,,,,,,,,,,,,,,,0.12,,,,,,,,,,,,,,,,,,,,,,,,,,0.25,0.13,-0.19,-0.12,-0.57
2437,149543,,,,,,,,,,,-0.27,,-0.74,,,,,,-1.46,,,,-0.24,,,,,,,,,,,,,,,,,,0.3,,,,,,,,,0.09,,,-0.78,,,,,,,,0.46,1.17,0.98,0.16,-0.01
2438,149596,,,,,,,,,,,,,0.66,,,,0.74,,,,,,,,,,,,,,,,,,,,,,,,0.97,0.45,,,,,,,,0.51,,,,,,,,,,,,,,,
2439,149602,,,,,,,0.47,,,,0.2,-0.47,,,,,,,-0.15,,,,,,,,,,,,-0.15,,,,,,,,,,-0.11,,,0.39,,,,,,,,,-0.56,,,,0.15,,,,-0.44,0.03,-0.06,-0.34,-0.69
2440,149611,,,,-0.25,,,,,,,0.19,0.03,0.52,,,,0.49,,,,,0.05,-0.78,,,-0.07,0.47,,,,-0.14,,,,0.25,,,,,,0.08,0.14,,-0.09,,,,,,0.22,,,-0.1,,,,,,,,,,,,
2441,149612,,,,,,,,,,,-0.63,-0.66,0.43,,,,,,,,,,,,,,-1.01,,,,-1.07,,,,,,,,-0.49,,-1.1,,,-0.8,,,,,-1.1,-1.45,,,-0.19,,,,0.03,,,,0.42,0.16,0.35,0.12,0.44
2442,149631,,,,,,,,,,,-0.35,0.22,0.52,,,,-0.38,,,,,,,,,,0.14,,,,,,,,-0.19,,,,,,-0.26,,,,,,,,,0.94,,,0.19,,,,0.35,,,,-0.53,-0.47,-0.53,-0.35,-0.28
2443,149632,,,,,,,,,,,-0.06,0.1,0.22,,,,,,,,,,0.1,,,,-0.02,,,,0.61,,,0.16,0.41,,,,,,0.78,,,,,,,,,0.72,,,-0.2,,0.05,,,,,,0.03,-0.21,0.16,-0.44,-0.18
2444,149644,,,,,,,,,,,,,,,,,0.62,,0.33,,,,,,,,0.43,,,,0.42,,,0.06,0.25,,,,,,0.32,,,,,,,,,,,,-0.58,,-0.46,,-0.24,,,,0.16,0.13,0.11,0.58,0.31
2445,149645,,,,,,,-0.32,,,,-0.13,0.2,0.23,,,,,,,,,,,,0.12,,0.07,,0.42,,0.39,,,,0.04,,,,,,0.19,,,,,,,,,-0.36,,,-0.07,,0.05,,0.29,,,,-0.73,-0.35,-0.27,-0.5,0.03
2446,149657,,,,,,,,,,,-0.56,0.69,0.01,,,,,,,,,,,,-0.48,,,,,,0.52,,,,,,,,,,0.54,,,,,,,,,0.82,,,-0.62,,,,,,,,-0.39,-0.08,-0.41,-0.53,-0.9
2447,149682,,,,,,,,,,,,-0.55,,,,,0.01,,,,,,,,-0.37,,0.06,,-0.05,,0.03,,,,-0.17,,,,,,-1.2,,,,,,,,,-1.01,,,-0.03,,,,,,,,,,,,
2448,149733,,,,,,,,,,,,,0.61,,,,,,,,,,,,,,,,,,,,,,,,,,,,1.03,0.71,,,,,,,,1.29,,,,,,,,,,,,,,,
2449,149743,,,,,,,,,,,-0.22,-0.17,-0.77,,,,0.9,,0.29,,,,0.28,,,,-0.42,,,,0.02,,,,0.3,,,,,,0.36,,,,,,,,,-0.04,,,0.41,,,,-0.2,-0.94,,,0.15,0.4,-0.16,-0.35,0.76
2450,149755,,,,,,,,,,,,,0.01,,,,0.48,,,,,,,,,,,,,,,,,,,,,,,,0.71,-0.22,,,,,,,,0.47,,,,,,,,,,,,,,,
2451,149825,,,,0.99,,,,,1.2,,0.76,0.32,,,,,,,,,,,,,,,,,,,,,,,,,,,,,-0.7,,,,,,,,,,,,-0.19,,,,-0.68,,,,-0.38,-0.25,-0.16,-0.82,-1.15
2452,149893,,,,,,,,,,,,-0.32,,,,,,,,,,,,,,,,,,-2.34,-0.69,,,,0.43,,,,,,,,,,,,,,,,,,-0.37,,,,,,,,-0.71,-0.5,-0.67,-0.45,-0.36
2453,149898,,,,,,,,,,,,,,,,,,,,,,,,,,,,,,,,,,,,,,,,,,,,,,,,,,,,,-0.57,,,,,,,,-0.74,-0.67,-0.92,-1.27,0.19
2454,149899,,,,,,,0.46,,,,0.25,,0.22,,0.49,,0.24,,,,,,-0.02,,,,-0.11,,,0.44,0.25,,0.24,,0.04,,,,,,0.38,0.2,,,,0.67,,,-0.61,0.01,,,,,-0.06,,,,,,0.88,1.14,1.05,1.07,1.39
2455,149901,,,,,,,,,,,-0.55,,0.15,,,,0.42,,,,,,0.17,,,,0.8,,,,,,,,,,,,,,-0.41,,,,,,,,-0.47,-1.03,,,0.07,,0.09,,0.5,0.31,,,0.33,-0.19,0.19,0.17,0.61
2456,149989,,,,,,,,,,,-0.1,-0.56,,,,,-0.52,,,,,,,,,,-0.78,,,,-0.02,,,,0.01,,,,,,-0.88,,,,,,,,,-0.54,,,-0.37,,-0.44,,,,,,-0.3,-0.17,-0.67,-0.3,1.55
2457,150001,,,,,,,,,,,-0.47,,-0.89,,,,,,,,,,,,,-0.12,,,,,,,,,0.02,,,,-0.73,,-0.28,,,,,,,,,-0.37,,,-0.08,,,,-0.2,,,,-0.94,-0.81,-0.65,-1.13,-2.17
2458,150012,0.28,,,0.13,,,0.39,0.16,-0.01,-0.08,0.06,-0.1,0.22,,0.38,,-0.26,,,,,0.58,0.22,,0.13,,0.14,,-0.08,0.79,-0.35,,,-0.41,-0.18,,,,-0.19,-0.89,0.09,0.64,,-0.11,,,,,0.02,0.0,,,0.05,,-0.72,,0.35,,,,,,,,
2459,150038,,,,,,,-0.29,,,,0.07,-0.69,0.13,,,,,,,,,,-0.53,,,,,,,,-0.24,,,,-1.02,,,,,-0.84,-0.13,-1.22,,,,,,,-0.47,-0.42,,,0.38,,,,,,,,-0.49,0.38,-0.14,-0.32,-0.06
2460,150099,,,,0.09,,,,-0.38,0.16,,-0.46,-0.69,-0.82,,-0.45,,0.03,,,,,-0.14,,,-0.07,,-0.03,,-0.34,,-0.34,,,-0.77,-0.4,,,,-0.21,-1.0,0.12,-0.44,,-0.29,,,,,,0.12,,,0.18,,,,-0.76,,,,,,,,
2461,150196,,,,,,,,,-0.63,,0.05,-0.49,0.16,,0.11,,-0.86,,,,,,,,-0.37,,-0.03,,,,-0.04,,,-0.68,-0.34,,,,,,-0.11,-0.14,,,,,,,-0.04,0.13,,,-0.49,,0.17,,-0.66,,,,,,,,
2462,150214,,,,,,,0.05,-1.07,,,-0.09,-0.19,0.0,,,,-0.3,,,,,,-0.94,,,,-0.13,,,,-0.21,,,,-0.18,,,,,0.33,0.05,0.2,,-0.28,,,,,-0.69,0.05,,,-0.27,,,,-0.27,0.26,,,,,,,
2463,150217,,,,,,,,,,,-0.72,-0.13,,,,,0.68,,,,,,0.01,,0.13,,,,,,0.38,,,-0.94,-0.03,,,,-0.68,,0.43,0.16,,,,,,,1.01,-0.2,,,0.21,,,,1.2,,,,,,,,
2464,150261,,,,,,,,,,,0.1,,-0.12,,,,-0.55,,,,,,-0.24,,0.63,,0.56,,,,0.26,,,,-0.02,,,,-0.01,,0.12,-0.37,,,,,,,,0.25,,,0.84,,,,-0.16,-0.6,,,0.45,0.66,0.08,0.15,0.43
2465,150319,,,,-0.67,-0.62,,,,0.34,0.93,0.15,,0.05,,,,-0.3,,,,,-0.69,0.01,,,,0.45,,,0.14,0.11,,,-0.14,0.41,,,,,,-0.34,-1.16,,,,-0.76,,,,-0.71,,,0.23,,0.91,,0.27,0.96,,,,,,,
2466,150373,,,,0.53,-0.28,,,,,,,,,,,,,,,,,,,,,,0.22,,,,,,,,-0.03,,,,,,,,,,,,,,,,,,,,,,0.13,,,,,,,,
2467,150514,,,,,,,0.2,-0.19,0.21,0.59,-0.3,-0.09,0.24,,,,0.53,,,,,,-0.55,,0.15,,0.05,,0.08,0.24,-0.17,0.66,0.48,0.08,0.11,,,,-0.25,,-0.27,-0.09,,0.19,,,,,0.25,-0.13,,,0.36,,-0.38,,-0.33,-0.53,,,,,,,
2468,150524,,,,,,,0.09,,-0.4,,-0.3,-0.44,-0.41,,,,,,,,,,-0.74,,,-0.06,-0.29,,,,-0.23,,,-0.69,-0.57,,,,-1.28,,-0.09,0.43,,0.24,,,,,,-0.25,,,0.38,,,,,,,,,,,,
2469,150604,,,,,,,,,,,-0.51,,-0.51,,,,,,,,,-0.25,-0.03,,,,0.2,,,,,,,-0.5,0.52,,,,,,0.13,,,-0.58,,,,,,-0.13,,,-0.1,,-0.25,,-0.09,,,,,,,,
2470,150606,,,,,,,,,,,,0.12,,,,,-0.31,,,,,,-0.85,,,,,,,,,,,,0.04,,,,,,0.24,,,,,,,,,,,,0.59,,0.67,,0.87,,,,,,,,
2471,150611,,,,,,,,,,,-0.28,,,,,,,,-0.39,,,,,,,,,,,,-0.05,,,,,,,,,,,,,,,,,,,,,,,,,,,,,,,,,,
2472,150644,,,,,,,-0.09,,,,-0.17,,-0.4,,,,-0.34,,-0.69,,,,-0.8,,,,0.26,,,,0.12,,,0.34,-0.05,,,,,,-0.21,,,,,,,,0.39,-0.69,,,-0.66,,,,-0.57,,,,,,,,
2473,150656,,,,,,,,,,,,0.36,,,,,,,,,,,0.18,,,,-0.44,,,,,,,,0.65,,,,,-0.03,-0.3,,,,,,,,,,,,0.54,,,,-0.02,,,,,,,,
2474,150667,,,,,,,0.2,-0.15,0.06,-0.03,-0.15,,0.36,,,,-0.15,,0.27,,,,0.17,,,0.25,0.33,0.54,0.17,,0.19,,,-0.48,0.48,,,,,,1.14,0.14,,0.05,,-0.23,0.84,,,1.07,,,,,-0.04,,,,,,,,,,
2475,150713,,,,,,,,,,,,0.54,,,,,,,,,,,-0.17,,,,,,,,1.2,,,-0.26,0.32,,,,,,0.27,,,,,,,,,,,,,,,,,,,,,,,,
2476,150743,,,,,,,,,-0.4,,-0.71,,0.12,,,,,,,,,,,,,,,,,,,,,,0.56,,,,,,0.69,,,-0.6,,,,,,0.59,,,,,,,0.22,,,,,,,,
2477,150869,,,,,,,0.39,,-1.14,,,,,,,,,,,,,,,,,,,,,,,,,,,,,,,,,,,,,,,,,,,,-0.08,,,,,,,,,,,,
2478,150870,,,,,,,,,,,,,,,,,,,,,,,,,,,,,,,,,,,-0.51,,,,,,,,,,,,,,,,,,,,,,,,,,,,,,
2479,150883,,,,,,,,,,,0.2,-0.05,-0.2,,,,0.59,,0.29,,,,,,-0.25,,-0.66,,,,0.14,,,0.16,-0.4,,,,,,0.35,0.38,,-0.16,,,,,,-1.21,,,0.22,,-0.25,,-0.18,,,,,,,,
2480,150935,,,,-0.73,,,,,,,,,,,,,,,,,,,,,,,,,,,,,,,-0.69,,,,,,,,,,,,,,,,,,,,,,,,,,,,,,
2481,150937,,,,,,,-1.2,,,,-0.44,-0.33,-0.37,,,,-0.36,,,,,,-0.35,,-0.01,,0.18,,,,0.02,,,0.16,-0.37,,,,,,-0.53,,,0.29,,,,,,-1.22,,,0.37,,-0.14,,0.1,0.04,,,,,,,
2482,150938,,,,,,,,-0.28,0.14,,0.75,,0.1,,,,,,,,,,,,-0.67,,,,,,,,,,,,,,,,,,,,,,,,,,,,,,,,,,,,,,,,
2483,151132,,,,0.32,,,,,-0.86,,0.45,-0.07,0.01,,,,,,-0.62,,,0.34,-0.21,,,-0.78,-0.24,-0.04,-0.33,-1.21,-0.29,,,-0.41,-0.21,,,,,,-0.31,-0.69,,-0.16,,,,,0.77,-0.32,,,-0.03,,0.41,,-0.47,-0.65,,,,,,,
2484,151134,0.06,0.12,,,-0.15,-0.93,0.13,0.07,0.29,-0.29,0.15,-0.06,0.11,,-0.09,,0.01,,-0.62,,0.36,-0.45,-0.44,-0.08,-0.34,-0.05,-0.3,0.1,-0.29,0.25,-0.22,-0.32,-0.22,-0.15,-0.07,,,,-0.18,0.16,-0.39,-0.25,-0.03,-0.38,,-0.4,-0.08,,0.23,-0.16,,,0.24,,-0.31,,-0.02,0.2,,,,,,,
2485,151303,,,,,,,,,,,-0.47,-0.14,-0.75,,,,,,,,,,,,0.19,,0.41,,,,-0.18,,,-0.16,0.11,,,,,,-0.71,-1.15,,,,,,,,-0.54,,,0.07,,,,-0.24,,,,,,,,
2486,151384,,,,,,,,,,,,,,,,,,,,,,,,,,,,,,,-1.0,,,,-1.48,,,,,,-0.53,,,,,,,,,-0.93,,,,,,,,,,,,,,,
