URN,A-level Maths VA,A-level Maths VA lower,A-level Maths VA upper,A-level Maths entries,P8MEAMAT,P8MEAMAT lower,P8MEAMAT upper,P8 pupils,LA,RGN24CD,RGN24NM
100544,-0.95,-1.37,-0.53,33.0,,,,,201.0,E12000007,London
100001,0.26,-0.04,0.55,65.0,,,,,201.0,E12000007,London
100003,-0.05,-0.26,0.17,124.0,,,,,201.0,E12000007,London
137181,-0.07,-0.38,0.25,58.0,-0.12,-0.35,0.12,160.0,202.0,E12000007,London
100049,0.19,-0.3,0.69,24.0,0.03,-0.22,0.28,136.0,202.0,E12000007,London
100050,0.18,-0.31,0.67,24.0,0.4,0.17,0.63,162.0,202.0,E12000007,London
100051,0.84,0.33,1.35,22.0,-0.12,-0.35,0.11,161.0,202.0,E12000007,London
100052,-0.07,-0.51,0.36,30.0,-0.31,-0.52,-0.1,187.0,202.0,E12000007,London
100053,-0.14,-0.64,0.36,23.0,0.01,-0.21,0.24,169.0,202.0,E12000007,London
100054,0.02,-0.21,0.24,117.0,0.4,0.12,0.67,109.0,202.0,E12000007,London
100055,-0.14,-0.77,0.48,15.0,-0.45,-0.71,-0.19,124.0,202.0,E12000007,London
100056,-0.64,-1.13,-0.15,24.0,0.24,-0.03,0.51,116.0,202.0,E12000007,London
132838,-0.36,-0.62,-0.1,86.0,,,,,202.0,E12000007,London
100059,-1.09,-1.72,-0.47,15.0,-0.3,-0.55,-0.05,135.0,202.0,E12000007,London
137333,,,,,,,,,202.0,E12000007,London
146553,,,,,,,,,202.0,E12000007,London
100065,0.03,-0.21,0.28,99.0,,,,,202.0,E12000007,London
100076,0.09,-0.26,0.43,49.0,,,,,202.0,E12000007,London
100084,,,,,,,,,202.0,E12000007,London
130421,-1.07,-1.28,-0.87,138.0,,,,,202.0,E12000007,London
100171,-0.09,-0.66,0.48,18.0,-0.26,-0.49,-0.03,165.0,203.0,E12000007,London
138449,0.08,-0.27,0.42,49.0,0.29,0.06,0.51,171.0,203.0,E12000007,London
143927,,,,,-0.44,-0.7,-0.18,127.0,203.0,E12000007,London
147439,0.42,0.03,0.81,38.0,-0.24,-0.49,0.01,139.0,203.0,E12000007,London
100182,-0.11,-0.59,0.37,25.0,0.17,-0.05,0.4,163.0,203.0,E12000007,London
100183,0.52,0.07,0.96,29.0,-0.48,-0.69,-0.27,196.0,203.0,E12000007,London
141163,-0.11,-0.48,0.26,42.0,0.26,0.06,0.46,215.0,203.0,E12000007,London
141309,-0.57,-1.05,-0.1,26.0,-0.12,-0.3,0.06,260.0,203.0,E12000007,London
100190,-0.03,-0.31,0.26,72.0,-0.2,-0.39,-0.01,242.0,203.0,E12000007,London
138966,-0.81,-1.41,-0.21,16.0,,,,,203.0,E12000007,London
147199,,,,,,,,,203.0,E12000007,London
147681,-0.56,-1.07,-0.05,22.0,,,,,,,
100202,0.63,0.3,0.96,53.0,,,,,203.0,E12000007,London
100756,-0.5,-1.19,0.2,12.0,,,,,203.0,E12000007,London
145609,,,,,0.04,-0.93,1.02,9.0,204.0,E12000007,London
143756,0.39,-0.09,0.87,25.0,0.54,0.22,0.86,84.0,204.0,E12000007,London
149901,-0.41,-0.92,0.11,22.0,-0.19,-0.39,0.01,213.0,204.0,E12000007,London
137442,-0.73,-1.23,-0.22,23.0,0.34,0.12,0.57,167.0,204.0,E12000007,London
100279,-0.01,-0.38,0.35,44.0,0.19,0.0,0.38,236.0,204.0,E12000007,London
100282,,,,,-0.01,-0.33,0.31,83.0,204.0,E12000007,London
100284,0.78,0.09,1.48,12.0,-0.49,-0.73,-0.25,145.0,204.0,E12000007,London
150604,0.13,-0.44,0.69,18.0,,,,,204.0,E12000007,London
139044,-0.69,-1.31,-0.07,15.0,,,,,,,
134693,-0.04,-0.28,0.2,103.0,1.08,0.87,1.29,196.0,204.0,E12000007,London
131062,0.48,-0.17,1.12,14.0,0.38,0.16,0.61,168.0,204.0,E12000007,London
131609,0.51,0.07,0.96,29.0,0.38,0.15,0.6,167.0,204.0,E12000007,London
135835,0.07,-0.32,0.46,39.0,0.41,0.19,0.63,181.0,204.0,E12000007,London
136137,-0.98,-1.78,-0.18,9.0,0.03,-0.21,0.28,146.0,204.0,E12000007,London
136750,0.3,0.0,0.61,61.0,0.49,0.22,0.76,116.0,205.0,E12000007,London
141135,-0.34,-0.74,0.06,36.0,0.8,0.52,1.09,102.0,205.0,E12000007,London
143129,-0.94,-1.64,-0.25,12.0,0.35,0.03,0.67,84.0,205.0,E12000007,London
139364,-0.58,-1.34,0.19,10.0,-0.33,-0.79,0.14,39.0,205.0,E12000007,London
133545,-0.32,-0.79,0.15,26.0,,,,,205.0,E12000007,London
137935,0.1,-0.55,0.74,14.0,0.28,0.07,0.49,191.0,205.0,E12000007,London
138607,0.24,-0.21,0.69,29.0,0.31,0.02,0.6,102.0,205.0,E12000007,London
137157,-0.46,-0.71,-0.21,94.0,0.35,0.13,0.57,176.0,205.0,E12000007,London
100366,-0.05,-0.34,0.25,66.0,,,,,205.0,E12000007,London
100369,0.22,-0.13,0.57,47.0,,,,,205.0,E12000007,London
100370,0.3,0.08,0.53,114.0,,,,,205.0,E12000007,London
131675,,,,,,,,,205.0,E12000007,London
100527,,,,,,,,,205.0,E12000007,London
131752,0.09,-0.38,0.57,26.0,0.02,-0.22,0.26,143.0,205.0,E12000007,London
136172,-0.15,-0.52,0.22,42.0,0.2,-0.06,0.46,128.0,205.0,E12000007,London
130408,,,,,,,,,205.0,E12000007,London
143659,0.44,-0.25,1.14,12.0,0.08,-0.2,0.37,104.0,206.0,E12000007,London
144962,-0.02,-0.57,0.54,19.0,0.09,-0.14,0.31,175.0,206.0,E12000007,London
146031,,,,,,,,,206.0,E12000007,London
100455,,,,,0.29,0.02,0.56,118.0,206.0,E12000007,London
100458,-0.02,-0.33,0.29,62.0,0.56,0.33,0.79,159.0,206.0,E12000007,London
100459,,,,,0.17,-0.13,0.48,91.0,206.0,E12000007,London
141250,0.23,-0.76,1.21,6.0,,,,,206.0,E12000007,London
134314,-0.18,-0.45,0.1,79.0,0.48,0.27,0.69,191.0,206.0,E12000007,London
135587,-0.96,-1.94,0.02,6.0,-0.24,-0.48,0.0,148.0,206.0,E12000007,London
140212,-0.03,-0.4,0.33,44.0,0.01,-0.2,0.23,180.0,207.0,E12000007,London
149632,0.78,0.31,1.25,26.0,-0.21,-0.42,0.01,183.0,207.0,E12000007,London
141931,-0.43,-0.66,-0.19,105.0,0.65,0.38,0.91,121.0,207.0,E12000007,London
140603,0.12,-0.55,0.78,13.0,,,,,,,
100511,,,,,,,,,207.0,E12000007,London
100521,0.48,-0.5,1.47,6.0,,,,,207.0,E12000007,London
100537,0.37,-0.06,0.8,31.0,,,,,207.0,E12000007,London
100539,-0.79,-1.55,-0.03,10.0,,,,,207.0,E12000007,London
100540,-0.03,-0.36,0.31,52.0,,,,,207.0,E12000007,London
100547,0.82,0.32,1.33,23.0,,,,,207.0,E12000007,London
135531,0.27,-0.1,0.64,42.0,0.42,0.19,0.65,157.0,207.0,E12000007,London
130411,-0.54,-1.05,-0.02,22.0,,,,,207.0,E12000007,London
100590,-0.42,-1.07,0.22,14.0,0.68,0.43,0.92,142.0,208.0,E12000007,London
139659,0.44,0.0,0.87,31.0,0.63,0.33,0.92,98.0,208.0,E12000007,London
140564,0.91,0.63,1.18,76.0,,,,,208.0,E12000007,London
140966,1.11,0.2,2.02,7.0,0.06,-0.22,0.34,110.0,208.0,E12000007,London
148555,-0.14,-0.53,0.24,39.0,,,,,208.0,E12000007,London
150380,,,,,,,,,208.0,E12000007,London
100624,-0.18,-0.87,0.52,12.0,-0.23,-0.46,0.0,162.0,208.0,E12000007,London
100625,0.27,-0.21,0.76,25.0,0.09,-0.18,0.36,115.0,208.0,E12000007,London
136450,,,,,-0.34,-0.55,-0.12,179.0,208.0,E12000007,London
144309,-0.01,-0.51,0.49,23.0,-0.36,-0.59,-0.14,169.0,208.0,E12000007,London
100637,-0.52,-0.95,-0.1,32.0,-0.08,-0.31,0.15,160.0,208.0,E12000007,London
100638,0.21,-0.16,0.57,43.0,0.44,0.22,0.66,178.0,208.0,E12000007,London
137093,-0.42,-0.77,-0.06,47.0,-0.42,-0.63,-0.21,200.0,208.0,E12000007,London
100642,-0.3,-0.88,0.29,17.0,0.11,-0.21,0.44,81.0,208.0,E12000007,London
100529,-0.26,-0.96,0.43,12.0,,,,,208.0,E12000007,London
100648,-0.79,-1.39,-0.19,16.0,,,,,208.0,E12000007,London
134815,-1.11,-1.57,-0.64,27.0,0.53,0.28,0.79,133.0,208.0,E12000007,London
148003,0.28,-0.63,1.18,7.0,0.32,0.03,0.62,96.0,209.0,E12000007,London
100741,0.37,-0.17,0.91,20.0,-0.35,-0.55,-0.15,214.0,209.0,E12000007,London
100745,-0.38,-0.85,0.09,26.0,0.4,0.18,0.62,169.0,209.0,E12000007,London
150319,-0.34,-0.63,-0.04,66.0,,,,,209.0,E12000007,London
132942,-0.05,-0.41,0.3,46.0,,,,,209.0,E12000007,London
100754,0.43,-0.01,0.86,31.0,,,,,209.0,E12000007,London
100757,0.25,-0.66,1.16,7.0,,,,,209.0,E12000007,London
135073,0.51,0.11,0.92,35.0,0.08,-0.12,0.28,206.0,209.0,E12000007,London
135070,-0.33,-1.24,0.58,7.0,0.33,0.11,0.55,176.0,209.0,E12000007,London
130416,-0.03,-0.33,0.27,64.0,,,,,209.0,E12000007,London
140221,-0.08,-0.77,0.62,12.0,-0.35,-0.62,-0.08,115.0,210.0,E12000007,London
142178,0.47,0.13,0.81,50.0,0.0,-0.22,0.22,170.0,210.0,E12000007,London
145313,0.1,-0.44,0.63,20.0,0.37,0.14,0.6,156.0,210.0,E12000007,London
150937,-0.53,-0.99,-0.08,28.0,,,,,210.0,E12000007,London
136309,0.24,-0.01,0.49,93.0,0.42,0.25,0.58,315.0,210.0,E12000007,London
136298,0.59,0.3,0.89,66.0,0.49,0.27,0.71,173.0,210.0,E12000007,London
100849,-0.85,-1.83,0.14,6.0,0.39,0.12,0.66,116.0,210.0,E12000007,London
100857,-0.02,-0.27,0.24,91.0,1.4,1.16,1.63,154.0,210.0,E12000007,London
138960,0.19,-0.24,0.63,31.0,1.3,1.03,1.56,121.0,210.0,E12000007,London
100861,-0.15,-0.34,0.05,152.0,,,,,210.0,E12000007,London
100863,0.07,-0.27,0.41,51.0,,,,,210.0,E12000007,London
100864,0.07,-0.16,0.31,106.0,,,,,210.0,E12000007,London
134222,0.13,-0.19,0.44,57.0,0.23,0.03,0.43,214.0,210.0,E12000007,London
131747,-1.14,-1.94,-0.34,9.0,-0.14,-0.38,0.1,148.0,210.0,E12000007,London
132711,-0.85,-1.83,0.13,6.0,0.33,0.09,0.57,147.0,210.0,E12000007,London
135315,-0.17,-0.81,0.47,14.0,0.3,0.06,0.54,148.0,210.0,E12000007,London
135584,0.15,-0.49,0.79,14.0,0.21,-0.02,0.45,158.0,210.0,E12000007,London
135816,-0.16,-0.66,0.34,23.0,0.54,0.29,0.79,137.0,210.0,E12000007,London
138202,-1.01,-1.68,-0.35,13.0,0.2,-0.17,0.58,60.0,211.0,E12000007,London
144756,-1.28,-1.85,-0.72,18.0,-0.91,-1.53,-0.29,22.0,211.0,E12000007,London
100965,0.49,0.08,0.9,34.0,-0.61,-0.81,-0.4,209.0,211.0,E12000007,London
100966,-1.11,-1.5,-0.71,37.0,-0.53,-0.76,-0.3,161.0,211.0,E12000007,London
100967,-1.49,-1.87,-1.12,41.0,-0.09,-0.28,0.11,223.0,211.0,E12000007,London
143629,-0.04,-0.34,0.27,62.0,0.18,-0.01,0.37,232.0,211.0,E12000007,London
144700,-0.36,-0.66,-0.06,65.0,0.17,-0.05,0.39,173.0,211.0,E12000007,London
143379,0.01,-0.29,0.32,62.0,0.44,0.25,0.63,226.0,211.0,E12000007,London
137789,-0.89,-1.28,-0.5,38.0,0.08,-0.14,0.29,183.0,211.0,E12000007,London
100972,-0.26,-0.78,0.27,21.0,0.77,0.5,1.04,116.0,211.0,E12000007,London
100973,-0.38,-0.74,-0.03,45.0,0.88,0.68,1.09,199.0,211.0,E12000007,London
100974,0.47,0.05,0.88,34.0,0.23,0.02,0.43,195.0,211.0,E12000007,London
100975,-0.83,-1.23,-0.43,36.0,0.06,-0.13,0.25,229.0,211.0,E12000007,London
100977,-0.32,-0.66,0.03,49.0,0.69,0.49,0.9,200.0,211.0,E12000007,London
150606,0.24,-0.33,0.81,18.0,,,,,211.0,E12000007,London
131745,,,,,,,,,211.0,E12000007,London
133307,,,,,,,,,211.0,E12000007,London
130418,-0.42,-0.6,-0.24,173.0,,,,54.0,211.0,E12000007,London
138267,0.15,-0.24,0.54,38.0,1.08,0.8,1.35,112.0,212.0,E12000007,London
140985,1.12,0.66,1.59,27.0,0.48,0.24,0.71,155.0,212.0,E12000007,London
135762,0.5,-0.1,1.1,16.0,-0.18,-0.46,0.09,111.0,212.0,E12000007,London
149543,0.3,-0.16,0.75,28.0,1.17,0.93,1.4,150.0,212.0,E12000007,London
136883,-0.19,-0.55,0.16,46.0,0.07,-0.16,0.29,168.0,212.0,E12000007,London
141808,0.39,0.0,0.79,37.0,0.22,-0.02,0.46,148.0,212.0,E12000007,London
137005,0.13,-0.06,0.32,165.0,0.67,0.49,0.85,261.0,212.0,E12000007,London
139842,-0.67,-0.96,-0.38,70.0,0.3,0.1,0.49,229.0,212.0,E12000007,London
138681,-0.12,-0.63,0.4,22.0,0.07,-0.19,0.32,129.0,212.0,E12000007,London
138682,-0.1,-0.69,0.48,17.0,0.63,0.39,0.87,147.0,212.0,E12000007,London
101064,0.35,0.03,0.67,58.0,,,,,212.0,E12000007,London
101071,0.31,0.02,0.6,69.0,,,,,212.0,E12000007,London
101072,0.08,-0.24,0.4,57.0,,,,,212.0,E12000007,London
132237,-0.41,-1.17,0.35,10.0,,,,,212.0,E12000007,London
135316,0.1,-0.16,0.36,85.0,1.38,1.18,1.57,214.0,212.0,E12000007,London
130422,-0.44,-0.91,0.02,27.0,,,,,212.0,E12000007,London
140884,-0.65,-1.12,-0.19,27.0,0.39,0.09,0.7,90.0,213.0,E12000007,London
140939,-0.07,-0.23,0.09,219.0,,,,,213.0,E12000007,London
145126,-0.16,-0.51,0.19,47.0,0.77,0.55,1.0,171.0,213.0,E12000007,London
138313,0.39,0.07,0.71,57.0,0.6,0.36,0.83,153.0,213.0,E12000007,London
137353,-0.5,-0.83,-0.17,53.0,0.18,-0.06,0.42,148.0,213.0,E12000007,London
138312,-0.06,-0.36,0.24,65.0,0.11,-0.17,0.38,112.0,213.0,E12000007,London
101154,-0.13,-0.63,0.37,23.0,0.13,-0.1,0.37,155.0,213.0,E12000007,London
139369,-0.24,-0.81,0.33,18.0,0.34,0.13,0.56,183.0,213.0,E12000007,London
142336,0.07,-0.32,0.46,38.0,,,,,213.0,E12000007,London
144795,,,,,,,,,213.0,E12000007,London
101157,-0.54,-1.12,0.05,17.0,,,,,213.0,E12000007,London
101158,-0.16,-0.76,0.45,16.0,,,,,213.0,E12000007,London
101161,0.41,-0.04,0.87,28.0,,,,,213.0,E12000007,London
101162,0.1,-0.1,0.3,142.0,,,,,213.0,E12000007,London
101181,-0.29,-1.09,0.51,9.0,,,,,213.0,E12000007,London
100536,0.34,-0.39,1.06,11.0,,,,,213.0,E12000007,London
130912,-0.17,-0.54,0.19,43.0,0.98,0.75,1.2,168.0,213.0,E12000007,London
135242,0.24,-0.23,0.71,26.0,1.16,0.85,1.47,87.0,213.0,E12000007,London
135676,-0.4,-0.9,0.11,23.0,0.09,-0.13,0.31,177.0,213.0,E12000007,London
143540,0.68,0.01,1.35,13.0,,,,,213.0,E12000007,London
130423,-1.89,-2.44,-1.34,19.0,,,,,213.0,E12000007,London
139791,-0.06,-0.52,0.4,27.0,0.3,0.11,0.5,226.0,301.0,E12000007,London
140962,-0.93,-1.59,-0.26,13.0,0.65,0.33,0.96,86.0,301.0,E12000007,London
141178,0.48,0.05,0.91,31.0,0.41,0.2,0.62,193.0,301.0,E12000007,London
142908,-0.6,-1.05,-0.14,28.0,0.43,0.21,0.66,167.0,301.0,E12000007,London
148932,-0.08,-1.06,0.9,6.0,-0.25,-0.97,0.48,16.0,301.0,E12000007,London
101241,0.66,0.36,0.95,66.0,-0.12,-0.28,0.04,335.0,301.0,E12000007,London
101243,,,,,-0.44,-0.66,-0.22,180.0,301.0,E12000007,London
101244,-0.66,-1.05,-0.26,37.0,0.19,0.01,0.37,252.0,301.0,E12000007,London
101245,-0.29,-0.64,0.06,48.0,0.08,-0.08,0.24,327.0,301.0,E12000007,London
141683,-0.31,-0.64,0.02,54.0,0.5,0.34,0.66,322.0,301.0,E12000007,London
133561,-0.68,-1.14,-0.21,27.0,0.08,-0.1,0.25,274.0,301.0,E12000007,London
101247,0.3,-0.14,0.74,30.0,0.53,0.33,0.72,226.0,301.0,E12000007,London
136028,-0.41,-0.87,0.06,27.0,-0.12,-0.32,0.07,224.0,301.0,E12000007,London
148244,-0.75,-1.16,-0.34,34.0,,,,,,,
103119,0.05,-0.43,0.54,25.0,0.23,0.0,0.47,155.0,302.0,E12000007,London
139410,0.18,-0.73,1.09,7.0,0.24,-0.03,0.5,121.0,302.0,E12000007,London
142627,-0.41,-1.05,0.24,14.0,1.39,1.01,1.77,60.0,302.0,E12000007,London
144502,0.01,-0.48,0.5,24.0,1.53,1.27,1.79,125.0,302.0,E12000007,London
145921,-0.71,-1.17,-0.26,28.0,0.3,0.05,0.55,132.0,302.0,E12000007,London
137361,,,,,0.14,-0.17,0.44,92.0,302.0,E12000007,London
147238,0.39,-0.06,0.85,28.0,1.09,0.74,1.43,71.0,302.0,E12000007,London
149733,1.03,0.66,1.4,43.0,,,,,302.0,E12000007,London
137131,-0.76,-1.27,-0.26,23.0,0.39,0.16,0.61,171.0,302.0,E12000007,London
138685,-0.75,-1.61,0.1,8.0,0.29,0.04,0.54,136.0,302.0,E12000007,London
137388,0.4,0.05,0.75,47.0,0.8,0.55,1.05,138.0,302.0,E12000007,London
136658,0.41,0.05,0.77,44.0,0.21,0.01,0.42,196.0,302.0,E12000007,London
136418,0.28,-0.07,0.62,48.0,0.46,0.25,0.68,186.0,302.0,E12000007,London
138051,-0.48,-0.7,-0.27,126.0,0.97,0.66,1.28,88.0,302.0,E12000007,London
137645,-0.36,-0.77,0.06,34.0,-0.15,-0.37,0.07,171.0,302.0,E12000007,London
136290,0.36,0.17,0.55,162.0,1.33,1.1,1.55,169.0,302.0,E12000007,London
137386,-0.06,-0.31,0.19,92.0,0.27,0.08,0.46,227.0,302.0,E12000007,London
101361,0.58,0.27,0.9,58.0,1.06,0.8,1.32,125.0,302.0,E12000007,London
101362,-0.26,-0.58,0.06,57.0,0.78,0.56,1.01,169.0,302.0,E12000007,London
136308,0.28,0.07,0.5,122.0,0.79,0.6,0.97,248.0,302.0,E12000007,London
101364,-0.51,-1.09,0.08,17.0,0.29,0.08,0.49,203.0,302.0,E12000007,London
143082,0.41,-0.14,0.96,19.0,0.41,0.12,0.69,104.0,302.0,E12000007,London
137539,0.86,0.46,1.27,35.0,1.2,0.89,1.51,89.0,302.0,E12000007,London
135747,0.71,0.39,1.04,55.0,0.94,0.71,1.16,168.0,302.0,E12000007,London
101367,0.42,0.1,0.74,57.0,,,,,302.0,E12000007,London
101369,0.53,-0.2,1.25,11.0,,,,,302.0,E12000007,London
140492,0.08,-0.91,1.06,6.0,,,,,302.0,E12000007,London
101374,,,,,,,,,302.0,E12000007,London
101387,0.61,-0.37,1.59,6.0,,,,,302.0,E12000007,London
101388,0.07,-0.92,1.05,6.0,,,,,302.0,E12000007,London
101393,0.12,-0.21,0.44,54.0,,,,,302.0,E12000007,London
131288,,,,,,,,,302.0,E12000007,London
131403,,,,,,,,,302.0,E12000007,London
134798,-0.82,-1.14,-0.51,59.0,0.85,0.62,1.07,169.0,302.0,E12000007,London
135507,-0.4,-0.69,-0.12,72.0,0.99,0.76,1.21,171.0,302.0,E12000007,London
130425,-0.76,-1.18,-0.35,34.0,,,,,302.0,E12000007,London
148421,0.04,-0.09,0.17,351.0,,,,,302.0,E12000007,London
137769,-0.4,-0.62,-0.18,121.0,0.15,-0.05,0.35,212.0,303.0,E12000007,London
137138,-0.2,-1.11,0.71,7.0,-0.04,-0.26,0.19,167.0,303.0,E12000007,London
145140,-0.53,-1.11,0.05,17.0,0.29,0.07,0.51,176.0,303.0,E12000007,London
137965,1.03,0.12,1.94,7.0,-0.36,-0.56,-0.16,211.0,303.0,E12000007,London
137423,0.0,-0.24,0.24,102.0,0.95,0.73,1.17,175.0,303.0,E12000007,London
136720,-0.18,-1.09,0.73,7.0,-0.38,-0.57,-0.19,232.0,303.0,E12000007,London
138686,0.36,-0.55,1.27,7.0,-0.15,-0.38,0.07,164.0,303.0,E12000007,London
136538,0.65,0.05,1.25,16.0,-0.41,-0.64,-0.18,162.0,303.0,E12000007,London
136334,-0.38,-0.55,-0.21,200.0,0.62,0.4,0.83,188.0,303.0,E12000007,London
135677,-0.22,-0.67,0.24,28.0,-0.06,-0.27,0.15,188.0,303.0,E12000007,London
135951,0.2,-0.45,0.84,14.0,0.0,-0.24,0.24,151.0,303.0,E12000007,London
140862,0.11,-0.23,0.45,49.0,2.49,2.2,2.77,103.0,304.0,E12000007,London
141019,,,,,0.44,0.21,0.68,151.0,304.0,E12000007,London
138457,0.22,-0.05,0.48,80.0,1.45,1.25,1.66,205.0,304.0,E12000007,London
133724,0.45,0.21,0.68,104.0,1.37,1.18,1.56,231.0,304.0,E12000007,London
136656,0.22,-0.1,0.53,59.0,0.49,0.31,0.68,246.0,304.0,E12000007,London
137685,0.32,0.01,0.64,59.0,0.39,0.22,0.56,307.0,304.0,E12000007,London
138609,0.05,-0.38,0.48,31.0,-0.1,-0.32,0.12,182.0,304.0,E12000007,London
137994,-0.03,-0.75,0.7,11.0,0.04,-0.25,0.33,99.0,304.0,E12000007,London
138610,0.25,-0.06,0.55,61.0,0.92,0.75,1.1,290.0,304.0,E12000007,London
142560,0.55,0.08,1.01,27.0,0.95,0.72,1.18,165.0,304.0,E12000007,London
139319,-0.32,-0.69,0.04,43.0,0.19,-0.01,0.38,226.0,304.0,E12000007,London
135373,,,,,,,,,304.0,E12000007,London
134226,0.62,0.15,1.09,26.0,0.33,0.08,0.58,138.0,304.0,E12000007,London
135600,-0.39,-0.75,-0.03,45.0,0.32,0.1,0.55,173.0,304.0,E12000007,London
135973,-0.01,-0.55,0.52,20.0,0.19,-0.03,0.41,177.0,304.0,E12000007,London
137121,-0.08,-0.5,0.34,33.0,0.44,0.22,0.66,182.0,305.0,E12000007,London
137379,-0.52,-1.28,0.25,10.0,0.77,0.53,1.0,158.0,305.0,E12000007,London
143427,,,,,0.22,-0.05,0.49,116.0,305.0,E12000007,London
144465,,,,,-0.23,-0.42,-0.03,218.0,305.0,E12000007,London
136466,0.81,0.14,1.48,13.0,-0.68,-0.88,-0.48,213.0,305.0,E12000007,London
136709,0.09,-0.24,0.42,52.0,0.02,-0.18,0.22,215.0,305.0,E12000007,London
136464,-0.17,-1.08,0.74,7.0,-0.41,-0.6,-0.22,230.0,305.0,E12000007,London
136586,-0.19,-0.42,0.04,107.0,0.58,0.38,0.78,210.0,305.0,E12000007,London
136517,-0.16,-0.48,0.15,59.0,-0.06,-0.25,0.13,231.0,305.0,E12000007,London
136551,0.06,-0.14,0.25,149.0,1.04,0.79,1.28,142.0,305.0,E12000007,London
136644,0.49,0.19,0.8,63.0,-0.07,-0.26,0.12,243.0,305.0,E12000007,London
136467,-1.23,-1.75,-0.72,22.0,0.12,-0.1,0.35,168.0,305.0,E12000007,London
136545,-0.53,-1.17,0.11,14.0,-0.4,-0.61,-0.2,207.0,305.0,E12000007,London
101676,0.15,-0.02,0.33,191.0,1.34,1.06,1.62,106.0,305.0,E12000007,London
137006,-0.55,-0.89,-0.22,51.0,0.34,0.14,0.53,225.0,305.0,E12000007,London
136540,-0.27,-0.74,0.2,26.0,0.13,-0.08,0.33,193.0,305.0,E12000007,London
136355,-0.26,-0.58,0.07,55.0,0.09,-0.1,0.27,249.0,305.0,E12000007,London
101680,,,,,,,,,305.0,E12000007,London
101683,-1.86,-2.56,-1.17,12.0,,,,,305.0,E12000007,London
101685,0.13,-0.54,0.79,13.0,,,,,305.0,E12000007,London
138384,,,,,,,,,305.0,E12000007,London
101692,0.18,-0.35,0.7,21.0,,,,,305.0,E12000007,London
101693,0.05,-0.26,0.36,59.0,,,,,305.0,E12000007,London
101695,,,,,,,,,305.0,E12000007,London
135670,,,,,,,,,305.0,E12000007,London
140952,-0.03,-0.79,0.73,10.0,0.14,-0.1,0.37,158.0,306.0,E12000007,London
145875,-0.13,-0.52,0.25,39.0,0.38,0.15,0.61,162.0,306.0,E12000007,London
138187,-0.19,-0.72,0.33,21.0,-0.03,-0.24,0.17,206.0,306.0,E12000007,London
101811,-0.37,-0.97,0.24,16.0,-0.45,-0.72,-0.17,112.0,306.0,E12000007,London
135416,-0.28,-0.45,-0.12,211.0,,,,,306.0,E12000007,London
138178,0.1,-0.16,0.37,84.0,0.05,-0.12,0.21,306.0,306.0,E12000007,London
138221,-1.05,-1.52,-0.58,26.0,0.26,0.03,0.49,161.0,306.0,E12000007,London
149347,-0.55,-1.04,-0.06,24.0,0.29,0.05,0.53,146.0,306.0,E12000007,London
137754,0.27,-0.58,1.12,8.0,-0.15,-0.36,0.05,203.0,306.0,E12000007,London
137772,,,,,-0.64,-0.87,-0.41,161.0,306.0,E12000007,London
137567,-0.01,-0.99,0.98,6.0,,,,,306.0,E12000007,London
101835,-0.18,-0.58,0.23,35.0,,,,,306.0,E12000007,London
139811,0.23,-0.46,0.93,12.0,,,,,306.0,E12000007,London
101837,0.2,-0.08,0.48,74.0,,,,,306.0,E12000007,London
101842,0.25,-0.01,0.5,90.0,,,,,306.0,E12000007,London
101845,0.27,-0.31,0.86,17.0,,,,,306.0,E12000007,London
101846,-0.01,-0.77,0.75,10.0,,,,,306.0,E12000007,London
133528,,,,,,,,,306.0,E12000007,London
101849,-1.25,-1.85,-0.65,16.0,-0.43,-0.65,-0.21,172.0,306.0,E12000007,London
135249,-0.63,-1.12,-0.14,24.0,0.13,-0.08,0.34,188.0,306.0,E12000007,London
135311,-0.35,-0.67,-0.03,57.0,0.13,-0.09,0.35,175.0,306.0,E12000007,London
135955,0.56,-0.04,1.16,16.0,0.61,0.39,0.83,169.0,306.0,E12000007,London
135968,0.26,-0.29,0.82,19.0,-0.18,-0.42,0.06,148.0,306.0,E12000007,London
136203,-0.22,-0.89,0.44,13.0,-0.18,-0.42,0.05,154.0,306.0,E12000007,London
130432,-0.63,-1.09,-0.17,27.0,,,,,306.0,E12000007,London
139725,-0.42,-0.65,-0.19,108.0,0.52,0.31,0.73,195.0,307.0,E12000007,London
145724,,,,,1.39,1.12,1.67,111.0,307.0,E12000007,London
146318,-0.19,-0.68,0.3,24.0,0.19,-0.05,0.44,143.0,307.0,E12000007,London
101928,0.45,0.05,0.84,37.0,1.36,1.15,1.56,204.0,307.0,E12000007,London
145348,0.1,-0.2,0.4,65.0,0.94,0.74,1.14,211.0,307.0,E12000007,London
137729,0.72,0.39,1.05,52.0,0.65,0.47,0.83,258.0,307.0,E12000007,London
131310,0.17,-0.14,0.47,61.0,0.55,0.36,0.74,236.0,307.0,E12000007,London
137546,0.01,-0.18,0.2,160.0,0.73,0.52,0.94,187.0,307.0,E12000007,London
101934,0.39,0.12,0.65,83.0,0.87,0.7,1.04,289.0,307.0,E12000007,London
101939,0.13,-0.28,0.54,34.0,-0.02,-0.2,0.17,251.0,307.0,E12000007,London
101940,-0.15,-0.39,0.08,105.0,0.67,0.5,0.84,282.0,307.0,E12000007,London
101941,-0.2,-0.65,0.25,29.0,0.5,0.28,0.72,180.0,307.0,E12000007,London
137221,0.8,0.47,1.13,53.0,0.71,0.51,0.91,209.0,307.0,E12000007,London
101943,-0.45,-1.3,0.4,8.0,-0.03,-0.29,0.24,121.0,307.0,E12000007,London
101946,,,,,,,,,307.0,E12000007,London
101947,0.19,-0.17,0.56,43.0,,,,,307.0,E12000007,London
101954,-0.16,-0.56,0.23,37.0,,,,,307.0,E12000007,London
133444,-0.85,-1.23,-0.46,39.0,,,,,307.0,E12000007,London
134369,-1.42,-1.89,-0.94,26.0,0.15,-0.09,0.39,146.0,307.0,E12000007,London
139599,-0.68,-1.26,-0.09,17.0,0.15,-0.05,0.36,203.0,308.0,E12000007,London
139815,0.84,0.04,1.64,9.0,0.03,-0.19,0.25,173.0,308.0,E12000007,London
147536,,,,,0.54,0.22,0.86,84.0,308.0,E12000007,London
143197,-0.05,-0.5,0.41,28.0,0.08,-0.1,0.26,250.0,308.0,E12000007,London
136327,-0.22,-0.59,0.15,42.0,0.04,-0.15,0.23,239.0,308.0,E12000007,London
102045,0.21,-0.16,0.57,44.0,0.24,0.05,0.44,230.0,308.0,E12000007,London
142727,-0.25,-0.65,0.16,35.0,0.49,0.3,0.69,223.0,308.0,E12000007,London
102048,,,,,0.29,0.07,0.51,170.0,308.0,E12000007,London
102049,-0.24,-0.96,0.49,11.0,-0.34,-0.56,-0.12,182.0,308.0,E12000007,London
144084,,,,,-0.49,-0.74,-0.24,137.0,308.0,E12000007,London
132256,0.34,0.01,0.68,52.0,0.26,0.07,0.45,232.0,308.0,E12000007,London
102052,-1.17,-2.15,-0.18,6.0,-0.36,-0.62,-0.09,118.0,308.0,E12000007,London
102053,,,,,0.12,-0.11,0.34,164.0,308.0,E12000007,London
102055,0.09,-0.1,0.27,169.0,0.71,0.49,0.93,178.0,308.0,E12000007,London
102058,-0.05,-0.39,0.29,50.0,0.85,0.62,1.07,166.0,308.0,E12000007,London
137094,1.35,0.59,2.12,10.0,0.07,-0.15,0.3,168.0,308.0,E12000007,London
102065,,,,,,,,,308.0,E12000007,London
134311,,,,,-0.27,-0.54,-0.01,120.0,308.0,E12000007,London
135958,-0.07,-0.74,0.6,13.0,0.22,-0.02,0.45,159.0,308.0,E12000007,London
136147,-0.53,-1.08,0.02,19.0,-0.09,-0.29,0.11,213.0,308.0,E12000007,London
140935,0.43,-0.06,0.93,24.0,0.81,0.59,1.02,185.0,309.0,E12000007,London
144753,0.15,0.0,0.3,257.0,,,,,309.0,E12000007,London
102154,0.24,-0.27,0.74,23.0,0.24,0.06,0.43,246.0,309.0,E12000007,London
102156,0.09,-0.19,0.36,76.0,0.42,0.24,0.61,249.0,309.0,E12000007,London
137531,0.42,0.18,0.67,97.0,0.93,0.73,1.13,220.0,309.0,E12000007,London
139362,0.25,-0.21,0.7,28.0,0.34,0.14,0.54,204.0,309.0,E12000007,London
139363,-1.25,-1.81,-0.7,19.0,,,,,309.0,E12000007,London
102162,0.33,-0.14,0.81,26.0,,,,,309.0,E12000007,London
102163,0.09,-0.12,0.3,131.0,,,,,309.0,E12000007,London
133386,-0.5,-0.96,-0.04,27.0,0.24,-0.01,0.49,132.0,309.0,E12000007,London
141071,0.68,-0.04,1.41,11.0,-0.19,-0.46,0.09,114.0,310.0,E12000007,London
138227,0.69,0.43,0.96,85.0,1.28,1.06,1.51,172.0,310.0,E12000007,London
142864,0.27,0.0,0.55,78.0,0.74,0.52,0.97,168.0,310.0,E12000007,London
137204,0.21,-0.46,0.88,13.0,-0.12,-0.35,0.11,160.0,310.0,E12000007,London
137075,0.0,-0.3,0.3,64.0,0.47,0.27,0.66,223.0,310.0,E12000007,London
137199,-0.73,-1.42,-0.03,12.0,-0.41,-0.62,-0.19,187.0,310.0,E12000007,London
137028,0.11,-0.11,0.34,111.0,0.51,0.34,0.68,296.0,310.0,E12000007,London
102239,0.2,-0.06,0.46,85.0,0.41,0.23,0.6,256.0,310.0,E12000007,London
137198,-0.55,-1.2,0.09,14.0,0.15,-0.07,0.37,178.0,310.0,E12000007,London
137178,0.52,-0.02,1.06,20.0,0.54,0.33,0.74,200.0,310.0,E12000007,London
137177,0.71,0.13,1.3,17.0,0.42,0.16,0.68,128.0,310.0,E12000007,London
135469,0.16,0.04,0.28,425.0,,,,,310.0,E12000007,London
102245,0.0,-0.24,0.25,97.0,,,,,310.0,E12000007,London
102247,0.21,-0.26,0.67,27.0,,,,,310.0,E12000007,London
102257,0.2,-0.14,0.54,50.0,,,,,310.0,E12000007,London
130440,,,,,,,,,310.0,E12000007,London
130443,-0.06,-0.19,0.07,362.0,,,,,310.0,E12000007,London
143759,0.59,0.17,1.0,34.0,,,,,311.0,E12000007,London
145944,-0.74,-1.36,-0.12,15.0,0.08,-0.23,0.4,88.0,311.0,E12000007,London
139307,,,,,-0.37,-0.58,-0.16,192.0,311.0,E12000007,London
137040,-0.12,-0.4,0.17,71.0,0.56,0.32,0.8,147.0,311.0,E12000007,London
138326,-0.49,-1.01,0.02,22.0,-0.08,-0.27,0.12,228.0,311.0,E12000007,London
136600,-0.18,-0.41,0.05,112.0,0.31,0.09,0.52,185.0,311.0,E12000007,London
137233,-0.73,-1.32,-0.15,17.0,0.39,0.12,0.66,116.0,311.0,E12000007,London
136090,-0.46,-1.06,0.14,16.0,-0.2,-0.42,0.01,180.0,311.0,E12000007,London
141035,,,,,1.05,0.57,1.52,38.0,312.0,E12000007,London
145121,,,,,-0.34,-0.61,-0.08,122.0,312.0,E12000007,London
140748,-0.14,-0.58,0.3,30.0,0.41,0.2,0.62,192.0,312.0,E12000007,London
146375,0.7,-0.28,1.68,6.0,-0.93,-1.46,-0.39,30.0,312.0,E12000007,London
137407,-0.33,-0.79,0.12,28.0,-0.14,-0.35,0.06,207.0,312.0,E12000007,London
136329,-0.26,-0.63,0.11,43.0,0.62,0.39,0.84,166.0,312.0,E12000007,London
137633,0.31,0.02,0.61,68.0,1.02,0.8,1.25,171.0,312.0,E12000007,London
136519,0.19,-0.2,0.58,38.0,-0.24,-0.43,-0.05,241.0,312.0,E12000007,London
137635,0.29,-0.03,0.6,58.0,0.37,0.18,0.57,225.0,312.0,E12000007,London
136711,0.23,-0.06,0.53,66.0,0.65,0.45,0.84,226.0,312.0,E12000007,London
136768,0.26,-0.14,0.66,36.0,0.23,0.02,0.43,209.0,312.0,E12000007,London
137829,-0.08,-0.47,0.31,38.0,0.8,0.56,1.03,155.0,312.0,E12000007,London
137077,0.13,-0.4,0.65,21.0,0.19,-0.08,0.45,121.0,312.0,E12000007,London
137078,,,,,-0.21,-0.58,0.16,62.0,312.0,E12000007,London
137925,0.1,-0.3,0.5,36.0,0.2,0.01,0.4,227.0,312.0,E12000007,London
102449,0.37,-0.1,0.84,26.0,0.03,-0.18,0.24,195.0,312.0,E12000007,London
136631,0.08,-0.64,0.81,11.0,0.26,0.06,0.47,208.0,312.0,E12000007,London
102451,0.19,-0.32,0.7,22.0,0.53,0.31,0.75,176.0,312.0,E12000007,London
137844,0.05,-0.24,0.34,68.0,0.83,0.63,1.04,204.0,312.0,E12000007,London
102452,0.54,-0.18,1.27,11.0,,,,,312.0,E12000007,London
102453,-0.02,-0.4,0.35,42.0,,,,,312.0,E12000007,London
130446,0.6,0.25,0.95,47.0,,,,,312.0,E12000007,London
138266,0.16,-0.48,0.81,14.0,1.43,1.05,1.81,59.0,313.0,E12000007,London
139276,-0.68,-1.24,-0.11,18.0,0.91,0.61,1.21,92.0,313.0,E12000007,London
139720,0.05,-0.36,0.46,34.0,0.87,0.61,1.13,128.0,313.0,E12000007,London
142126,0.32,-0.59,1.23,7.0,-0.79,-1.16,-0.42,62.0,313.0,E12000007,London
142781,-0.55,-1.06,-0.03,22.0,0.57,0.11,1.03,40.0,313.0,E12000007,London
144515,-0.07,-0.66,0.51,17.0,0.24,-0.05,0.52,103.0,313.0,E12000007,London
145866,0.0,-0.58,0.59,17.0,-0.08,-0.32,0.16,146.0,313.0,E12000007,London
137907,0.06,-0.26,0.38,56.0,0.22,0.0,0.45,172.0,313.0,E12000007,London
137009,0.12,-0.87,1.1,6.0,0.65,0.39,0.92,119.0,313.0,E12000007,London
139095,-2.17,-2.79,-1.55,15.0,-0.17,-0.42,0.07,143.0,313.0,E12000007,London
138924,-0.01,-0.51,0.49,23.0,0.11,-0.1,0.33,188.0,313.0,E12000007,London
136341,0.52,0.25,0.79,80.0,0.55,0.35,0.76,203.0,313.0,E12000007,London
102539,0.04,-0.2,0.28,101.0,0.63,0.44,0.81,253.0,313.0,E12000007,London
136522,-0.41,-0.68,-0.14,82.0,0.72,0.51,0.93,195.0,313.0,E12000007,London
137940,-0.02,-0.56,0.52,20.0,0.22,0.01,0.44,179.0,313.0,E12000007,London
139989,-0.26,-0.86,0.34,16.0,0.42,0.18,0.67,139.0,313.0,E12000007,London
137995,-0.27,-0.58,0.03,62.0,1.01,0.79,1.23,177.0,313.0,E12000007,London
137928,0.03,-0.51,0.57,20.0,0.47,0.25,0.69,177.0,313.0,E12000007,London
102545,0.21,-0.07,0.49,74.0,0.94,0.72,1.17,174.0,313.0,E12000007,London
137530,,,,,,,,,,,
140066,0.18,-0.24,0.6,33.0,,,,,313.0,E12000007,London
102551,,,,,,,,,313.0,E12000007,London
135090,-1.51,-1.87,-1.14,43.0,,,,,313.0,E12000007,London
141862,0.31,-0.04,0.67,46.0,1.28,1.04,1.51,156.0,314.0,E12000007,London
137848,-0.21,-0.49,0.07,74.0,0.68,0.49,0.88,220.0,314.0,E12000007,London
137917,0.09,-0.39,0.58,25.0,0.38,0.13,0.63,136.0,314.0,E12000007,London
136615,-0.1,-0.33,0.13,112.0,0.85,0.61,1.08,152.0,314.0,E12000007,London
137060,-0.76,-1.2,-0.31,29.0,0.38,0.18,0.59,201.0,314.0,E12000007,London
136910,0.36,0.19,0.52,219.0,1.26,1.03,1.48,169.0,314.0,E12000007,London
137299,0.85,0.49,1.21,45.0,1.06,0.82,1.29,149.0,314.0,E12000007,London
138459,0.26,-0.18,0.69,31.0,0.84,0.59,1.1,133.0,314.0,E12000007,London
137859,,,,,0.66,0.41,0.91,139.0,314.0,E12000007,London
137678,0.29,-0.16,0.74,29.0,0.34,0.13,0.55,188.0,314.0,E12000007,London
102611,0.09,-0.26,0.43,49.0,,,,,314.0,E12000007,London
102619,0.48,0.21,0.76,78.0,,,,,314.0,E12000007,London
130448,0.43,-0.26,1.13,12.0,,,,,314.0,E12000007,London
145860,-0.15,-0.61,0.31,27.0,0.44,0.2,0.67,156.0,315.0,E12000007,London
102673,-0.28,-0.74,0.17,28.0,0.26,0.06,0.47,200.0,315.0,E12000007,London
102674,-0.52,-1.28,0.25,10.0,0.41,0.19,0.63,173.0,315.0,E12000007,London
102679,0.13,-0.14,0.4,78.0,0.67,0.47,0.88,202.0,315.0,E12000007,London
102681,0.15,-0.16,0.46,60.0,0.91,0.69,1.13,175.0,315.0,E12000007,London
136509,0.02,-0.21,0.25,106.0,,,,,315.0,E12000007,London
102683,0.18,-0.36,0.72,20.0,0.17,-0.05,0.38,185.0,315.0,E12000007,London
102684,0.07,-0.12,0.27,147.0,,,,,315.0,E12000007,London
102692,0.53,0.18,0.88,47.0,,,,,315.0,E12000007,London
101086,,,,,,,,,315.0,E12000007,London
131897,-0.52,-0.95,-0.1,32.0,0.55,0.35,0.75,210.0,315.0,E12000007,London
134003,0.34,-0.46,1.14,9.0,0.59,0.32,0.86,116.0,315.0,E12000007,London
138403,0.11,-0.08,0.3,161.0,,,,,316.0,E12000007,London
138196,-0.63,-0.91,-0.34,71.0,0.39,0.04,0.75,67.0,316.0,E12000007,London
139703,-0.47,-0.89,-0.05,33.0,0.11,-0.09,0.32,201.0,316.0,E12000007,London
142903,0.62,0.26,0.97,47.0,-0.2,-0.51,0.1,93.0,316.0,E12000007,London
144511,0.21,0.06,0.36,256.0,,,,,316.0,E12000007,London
144739,-1.14,-1.54,-0.74,36.0,-0.29,-0.53,-0.05,146.0,316.0,E12000007,London
149431,-0.54,-1.21,0.13,13.0,0.42,0.08,0.76,73.0,316.0,E12000007,London
136669,0.5,0.36,0.64,280.0,0.16,0.01,0.31,365.0,316.0,E12000007,London
102786,-0.26,-0.52,-0.01,91.0,0.13,-0.08,0.35,184.0,316.0,E12000007,London
102787,0.2,-0.12,0.52,56.0,0.19,-0.02,0.4,190.0,316.0,E12000007,London
148593,,,,,,,,,,,
131489,,,,,,,,,,,
130451,,,,,,,,,316.0,E12000007,London
130452,0.1,-0.18,0.39,72.0,,,,,316.0,E12000007,London
138518,0.59,0.23,0.94,46.0,1.25,1.02,1.47,164.0,317.0,E12000007,London
102849,-0.37,-0.85,0.11,25.0,0.07,-0.21,0.34,111.0,317.0,E12000007,London
102850,-0.05,-0.29,0.19,101.0,1.17,0.95,1.4,164.0,317.0,E12000007,London
102851,0.13,-0.22,0.48,47.0,0.3,0.1,0.49,222.0,317.0,E12000007,London
102852,-0.17,-0.41,0.07,104.0,0.71,0.49,0.94,165.0,317.0,E12000007,London
140475,-0.07,-0.33,0.18,88.0,1.32,1.14,1.5,276.0,317.0,E12000007,London
102854,0.46,0.21,0.72,88.0,0.77,0.59,0.95,267.0,317.0,E12000007,London
140575,0.25,0.04,0.47,124.0,0.9,0.74,1.06,333.0,317.0,E12000007,London
102856,-0.11,-0.31,0.08,153.0,1.11,0.89,1.34,169.0,317.0,E12000007,London
102857,0.01,-0.28,0.3,70.0,1.04,0.81,1.26,169.0,317.0,E12000007,London
102858,0.38,0.02,0.75,44.0,-0.01,-0.19,0.17,254.0,317.0,E12000007,London
133405,0.42,0.05,0.79,42.0,0.69,0.51,0.87,268.0,317.0,E12000007,London
102860,-0.36,-0.66,-0.05,62.0,0.22,0.02,0.41,226.0,317.0,E12000007,London
102861,-0.1,-0.73,0.52,15.0,0.19,-0.04,0.41,163.0,317.0,E12000007,London
137418,-1.15,-1.87,-0.42,11.0,0.48,0.21,0.76,114.0,317.0,E12000007,London
137088,0.34,-0.01,0.69,47.0,0.66,0.43,0.89,161.0,317.0,E12000007,London
136267,-0.03,-0.45,0.39,33.0,-0.14,-0.37,0.08,172.0,317.0,E12000007,London
102875,0.12,-0.14,0.39,81.0,,,,,317.0,E12000007,London
149297,0.09,-0.33,0.51,33.0,0.53,0.29,0.77,145.0,318.0,E12000007,London
141963,0.64,0.17,1.11,26.0,0.71,0.43,0.98,114.0,318.0,E12000007,London
138825,0.02,-0.28,0.32,65.0,0.76,0.56,0.95,222.0,318.0,E12000007,London
138651,0.08,-0.22,0.37,67.0,0.59,0.38,0.79,199.0,318.0,E12000007,London
138460,0.24,-0.13,0.61,42.0,0.46,0.25,0.66,205.0,318.0,E12000007,London
138461,0.17,-0.13,0.47,65.0,0.21,0.0,0.42,194.0,318.0,E12000007,London
102929,0.41,-0.03,0.85,30.0,0.11,-0.12,0.34,160.0,318.0,E12000007,London
102932,-0.04,-0.31,0.23,78.0,,,,,318.0,E12000007,London
137018,0.6,-0.04,1.25,14.0,,,,,318.0,E12000007,London
102936,,,,,,,,,318.0,E12000007,London
102942,0.43,0.25,0.61,175.0,,,,,318.0,E12000007,London
102946,0.1,-0.1,0.3,144.0,,,,,318.0,E12000007,London
102950,0.44,0.06,0.81,41.0,,,,,318.0,E12000007,London
133443,0.04,-0.72,0.8,10.0,,,,,318.0,E12000007,London
136208,-0.3,-0.76,0.15,28.0,0.39,0.14,0.64,137.0,318.0,E12000007,London
136799,0.21,-0.22,0.63,32.0,0.03,-0.16,0.22,241.0,319.0,E12000007,London
136797,-1.14,-1.75,-0.54,16.0,0.33,0.12,0.54,196.0,319.0,E12000007,London
143706,0.05,-0.28,0.39,52.0,1.22,1.01,1.42,210.0,319.0,E12000007,London
136800,-0.06,-0.29,0.17,108.0,0.54,0.37,0.72,280.0,319.0,E12000007,London
147538,-0.7,-1.43,0.02,11.0,-0.34,-0.55,-0.13,186.0,319.0,E12000007,London
136914,-0.32,-0.59,-0.06,82.0,0.73,0.55,0.92,249.0,319.0,E12000007,London
136756,-0.39,-1.11,0.34,11.0,-0.38,-0.61,-0.15,158.0,319.0,E12000007,London
136621,0.17,-0.02,0.37,155.0,1.26,1.03,1.49,161.0,319.0,E12000007,London
136795,0.23,0.03,0.42,156.0,1.1,0.89,1.31,195.0,319.0,E12000007,London
103009,0.54,0.12,0.95,34.0,0.6,0.38,0.82,177.0,319.0,E12000007,London
136785,0.37,0.02,0.71,48.0,0.18,0.01,0.35,295.0,319.0,E12000007,London
136787,0.45,0.25,0.64,151.0,1.49,1.23,1.76,121.0,319.0,E12000007,London
136789,-0.05,-0.25,0.16,137.0,0.85,0.64,1.07,188.0,319.0,E12000007,London
103013,0.15,-0.58,0.87,11.0,0.09,-0.11,0.28,216.0,319.0,E12000007,London
136798,0.31,0.11,0.5,158.0,1.11,0.86,1.37,130.0,319.0,E12000007,London
103022,0.36,-0.23,0.94,17.0,,,,,319.0,E12000007,London
103097,0.25,-0.37,0.88,15.0,-0.44,-0.67,-0.22,173.0,320.0,E12000007,London
143385,0.26,-0.13,0.65,38.0,0.85,0.59,1.12,122.0,320.0,E12000007,London
145708,,,,,-0.6,-0.86,-0.33,120.0,320.0,E12000007,London
103106,0.24,-0.23,0.72,26.0,-0.25,-0.46,-0.03,179.0,320.0,E12000007,London
137558,0.58,0.22,0.95,44.0,0.21,0.01,0.4,217.0,320.0,E12000007,London
138691,-0.09,-0.53,0.36,29.0,-0.31,-0.5,-0.13,243.0,320.0,E12000007,London
103110,-0.3,-0.63,0.03,53.0,,,,,320.0,E12000007,London
132727,0.13,-0.21,0.48,49.0,0.41,0.19,0.64,162.0,320.0,E12000007,London
130456,,,,,,,,,320.0,E12000007,London
130457,-0.17,-0.39,0.05,119.0,,,,,320.0,E12000007,London
130458,-0.78,-1.1,-0.46,57.0,,,,2.0,320.0,E12000007,London
136944,-0.15,-0.82,0.52,13.0,-0.25,-0.48,-0.03,164.0,330.0,E12000005,West Midlands
138222,-0.44,-0.74,-0.14,64.0,0.57,0.23,0.92,72.0,330.0,E12000005,West Midlands
138586,-0.68,-1.16,-0.2,25.0,0.57,0.27,0.86,97.0,330.0,E12000005,West Midlands
139048,-1.22,-2.03,-0.42,9.0,-0.78,-1.01,-0.55,164.0,330.0,E12000005,West Midlands
142219,-1.37,-1.97,-0.77,16.0,0.07,-0.14,0.28,191.0,330.0,E12000005,West Midlands
137346,,,,,-0.02,-0.34,0.29,86.0,330.0,E12000005,West Midlands
140863,-0.53,-0.76,-0.29,103.0,-0.22,-0.44,0.01,161.0,330.0,E12000005,West Midlands
148635,,,,,,,,,330.0,E12000005,West Midlands
136592,-0.13,-0.74,0.47,16.0,0.54,0.29,0.79,136.0,330.0,E12000005,West Midlands
103493,-0.72,-1.19,-0.25,26.0,0.21,-0.06,0.47,121.0,330.0,E12000005,West Midlands
143438,0.02,-0.62,0.67,14.0,0.24,-0.01,0.48,141.0,330.0,E12000005,West Midlands
138937,-1.37,-1.79,-0.96,34.0,0.04,-0.2,0.28,151.0,330.0,E12000005,West Midlands
136882,0.63,0.03,1.23,16.0,0.25,0.0,0.49,146.0,330.0,E12000005,West Midlands
103509,-1.16,-2.07,-0.25,7.0,-0.06,-0.26,0.13,222.0,330.0,E12000005,West Midlands
139841,-0.85,-1.66,-0.05,9.0,0.05,-0.15,0.26,204.0,330.0,E12000005,West Midlands
103514,-0.35,-0.77,0.06,34.0,-0.06,-0.23,0.11,308.0,330.0,E12000005,West Midlands
139746,-0.1,-0.53,0.33,31.0,0.29,0.08,0.51,179.0,330.0,E12000005,West Midlands
137034,-0.23,-0.92,0.47,12.0,-0.13,-0.33,0.08,202.0,330.0,E12000005,West Midlands
103519,-0.34,-0.91,0.23,18.0,-0.36,-0.55,-0.16,219.0,330.0,E12000005,West Midlands
136778,-0.25,-0.5,0.0,95.0,0.94,0.72,1.16,172.0,330.0,E12000005,West Midlands
138136,0.21,-0.19,0.62,35.0,0.0,-0.18,0.17,266.0,330.0,E12000005,West Midlands
137053,0.07,-0.32,0.46,38.0,0.21,0.01,0.4,223.0,330.0,E12000005,West Midlands
103531,-0.22,-0.69,0.25,26.0,1.01,0.78,1.24,158.0,330.0,E12000005,West Midlands
141835,0.46,-0.04,0.95,24.0,0.45,0.24,0.67,183.0,330.0,E12000005,West Midlands
137988,0.07,-0.13,0.27,151.0,0.84,0.62,1.06,177.0,330.0,E12000005,West Midlands
140524,-0.51,-0.89,-0.13,40.0,0.16,-0.08,0.39,156.0,330.0,E12000005,West Midlands
147707,-0.07,-0.83,0.69,10.0,0.27,0.05,0.49,180.0,330.0,E12000005,West Midlands
146124,0.1,-0.62,0.83,11.0,-0.26,-0.47,-0.05,193.0,330.0,E12000005,West Midlands
143562,0.2,-0.04,0.43,102.0,0.82,0.57,1.06,143.0,330.0,E12000005,West Midlands
143435,0.21,-0.39,0.81,16.0,-0.64,-0.83,-0.46,239.0,330.0,E12000005,West Midlands
137047,-0.19,-0.46,0.09,79.0,0.63,0.39,0.87,147.0,330.0,E12000005,West Midlands
137046,-0.33,-0.54,-0.12,127.0,0.37,0.14,0.6,164.0,330.0,E12000005,West Midlands
137044,-0.32,-0.59,-0.05,81.0,0.42,0.16,0.68,129.0,330.0,E12000005,West Midlands
137045,-0.25,-0.46,-0.04,134.0,1.1,0.81,1.39,101.0,330.0,E12000005,West Midlands
137043,-0.22,-0.46,0.01,103.0,0.21,-0.04,0.46,134.0,330.0,E12000005,West Midlands
136908,-0.13,-0.58,0.33,28.0,-0.17,-0.35,0.01,256.0,330.0,E12000005,West Midlands
138695,-0.54,-1.45,0.37,7.0,-0.46,-0.7,-0.22,147.0,330.0,E12000005,West Midlands
103560,-0.37,-0.77,0.02,37.0,0.13,-0.08,0.35,184.0,330.0,E12000005,West Midlands
136590,-0.15,-0.51,0.2,46.0,0.24,0.0,0.48,150.0,330.0,E12000005,West Midlands
103563,-0.37,-1.35,0.61,6.0,-0.25,-0.45,-0.05,207.0,330.0,E12000005,West Midlands
103564,,,,,,,,,330.0,E12000005,West Midlands
103567,0.35,-0.25,0.95,16.0,,,,,330.0,E12000005,West Midlands
137560,,,,,,,,,330.0,E12000005,West Midlands
141242,,,,,,,,,330.0,E12000005,West Midlands
146999,-1.7,-2.4,-1.01,12.0,,,,,330.0,E12000005,West Midlands
103576,,,,,,,,,330.0,E12000005,West Midlands
103585,-0.07,-0.48,0.33,35.0,,,,,330.0,E12000005,West Midlands
103587,0.74,0.21,1.26,21.0,,,,,330.0,E12000005,West Midlands
103591,,,,,,,,,330.0,E12000005,West Midlands
131164,,,,,,,,,330.0,E12000005,West Midlands
134571,,,,,,,,,330.0,E12000005,West Midlands
134908,,,,,,,,,330.0,E12000005,West Midlands
135561,,,,,,,,,330.0,E12000005,West Midlands
149402,0.37,-0.17,0.91,20.0,,,,,330.0,E12000005,West Midlands
136221,,,,,,,,,,,
136152,-0.47,-1.14,0.19,13.0,-0.1,-0.31,0.1,197.0,330.0,E12000005,West Midlands
135970,0.46,-0.11,1.02,18.0,0.12,-0.12,0.36,151.0,330.0,E12000005,West Midlands
136032,0.25,-0.37,0.87,15.0,-0.34,-0.56,-0.13,182.0,330.0,E12000005,West Midlands
130461,,,,,-1.97,-2.33,-1.62,66.0,330.0,E12000005,West Midlands
130466,-0.95,-1.38,-0.52,31.0,,,,,330.0,E12000005,West Midlands
130468,0.38,0.11,0.64,81.0,,,,,330.0,E12000005,West Midlands
142339,-0.93,-1.38,-0.48,29.0,0.73,0.46,1.0,117.0,331.0,E12000005,West Midlands
140366,0.14,-0.49,0.76,15.0,-0.14,-0.37,0.09,158.0,331.0,E12000005,West Midlands
140961,-0.72,-1.12,-0.32,36.0,-0.18,-0.45,0.09,116.0,331.0,E12000005,West Midlands
141939,0.45,-0.24,1.15,12.0,0.01,-0.27,0.3,105.0,331.0,E12000005,West Midlands
141992,0.02,-0.59,0.62,16.0,0.1,-0.12,0.31,182.0,331.0,E12000005,West Midlands
145179,-0.38,-0.92,0.15,20.0,0.42,0.19,0.65,156.0,331.0,E12000005,West Midlands
146436,0.0,-0.91,0.91,7.0,-0.12,-0.35,0.11,166.0,331.0,E12000005,West Midlands
138023,0.14,-0.37,0.64,23.0,-0.21,-0.37,-0.04,315.0,331.0,E12000005,West Midlands
139292,-0.37,-0.81,0.06,31.0,0.29,0.11,0.48,253.0,331.0,E12000005,West Midlands
142960,-1.9,-2.75,-1.04,8.0,-0.9,-1.14,-0.65,138.0,331.0,E12000005,West Midlands
137209,-1.06,-1.64,-0.47,17.0,-0.4,-0.62,-0.19,183.0,331.0,E12000005,West Midlands
140248,-0.03,-0.41,0.34,42.0,0.39,0.22,0.57,281.0,331.0,E12000005,West Midlands
136963,0.56,0.21,0.92,46.0,0.15,-0.04,0.34,235.0,331.0,E12000005,West Midlands
137225,-0.37,-0.97,0.24,16.0,0.1,-0.18,0.38,109.0,331.0,E12000005,West Midlands
147345,-0.4,-0.94,0.14,20.0,0.19,-0.04,0.41,170.0,331.0,E12000005,West Midlands
147346,-0.14,-0.53,0.24,39.0,0.24,0.05,0.43,237.0,331.0,E12000005,West Midlands
137272,-0.23,-0.58,0.13,46.0,0.21,0.03,0.4,245.0,331.0,E12000005,West Midlands
143105,0.75,0.02,1.47,11.0,,,,,331.0,E12000005,West Midlands
103750,-0.13,-0.56,0.31,31.0,,,,,331.0,E12000005,West Midlands
103751,0.12,-0.3,0.54,33.0,,,,,331.0,E12000005,West Midlands
135335,-1.07,-1.79,-0.34,11.0,0.05,-0.21,0.3,133.0,331.0,E12000005,West Midlands
136126,-0.14,-0.52,0.23,41.0,0.08,-0.13,0.29,193.0,331.0,E12000005,West Midlands
140126,-0.85,-1.61,-0.09,10.0,-0.15,-0.4,0.09,144.0,332.0,E12000005,West Midlands
103870,-0.23,-0.63,0.18,35.0,0.57,0.24,0.9,77.0,332.0,E12000005,West Midlands
136618,-0.39,-0.8,0.02,34.0,0.14,-0.04,0.33,253.0,332.0,E12000005,West Midlands
130475,-0.29,-0.57,0.0,71.0,,,,,332.0,E12000005,West Midlands
130476,-1.06,-1.35,-0.76,68.0,,,,,332.0,E12000005,West Midlands
148142,-0.06,-0.19,0.07,328.0,,,,,332.0,E12000005,West Midlands
137673,-0.63,-1.36,0.09,11.0,-0.57,-0.74,-0.4,294.0,333.0,E12000005,West Midlands
139918,,,,,-0.63,-0.83,-0.43,204.0,333.0,E12000005,West Midlands
141813,-1.09,-1.95,-0.24,8.0,,,,,333.0,E12000005,West Midlands
146383,-1.24,-2.22,-0.25,6.0,-1.23,-1.4,-1.05,273.0,333.0,E12000005,West Midlands
147881,0.02,-0.48,0.52,23.0,-0.09,-0.33,0.16,138.0,333.0,E12000005,West Midlands
136616,0.22,-0.28,0.72,23.0,0.05,-0.14,0.23,247.0,333.0,E12000005,West Midlands
136091,-0.54,-0.97,-0.12,32.0,-0.11,-0.28,0.05,317.0,333.0,E12000005,West Midlands
104018,0.1,-0.88,1.08,6.0,-0.15,-0.33,0.03,251.0,333.0,E12000005,West Midlands
134993,-0.23,-0.53,0.08,62.0,0.21,0.0,0.42,189.0,333.0,E12000005,West Midlands
135170,-0.09,-0.56,0.39,26.0,0.24,0.05,0.44,229.0,333.0,E12000005,West Midlands
135234,-0.35,-0.97,0.27,15.0,-0.14,-0.32,0.04,260.0,333.0,E12000005,West Midlands
135449,-0.38,-1.0,0.24,15.0,-0.3,-0.51,-0.1,204.0,333.0,E12000005,West Midlands
135599,-1.27,-2.03,-0.51,10.0,-1.16,-1.36,-0.96,214.0,333.0,E12000005,West Midlands
130479,-0.34,-0.59,-0.09,90.0,,,,,333.0,E12000005,West Midlands
142900,-1.16,-1.71,-0.6,19.0,-0.9,-1.15,-0.65,136.0,334.0,E12000005,West Midlands
146379,,,,,-1.36,-1.57,-1.15,194.0,334.0,E12000005,West Midlands
136310,0.15,-0.14,0.44,68.0,0.68,0.49,0.86,249.0,334.0,E12000005,West Midlands
136994,0.28,-0.07,0.63,47.0,0.6,0.41,0.8,226.0,334.0,E12000005,West Midlands
136333,0.08,-0.23,0.38,63.0,0.36,0.19,0.53,289.0,334.0,E12000005,West Midlands
136909,-0.04,-0.95,0.86,7.0,-0.15,-0.36,0.07,184.0,334.0,E12000005,West Midlands
148094,0.07,-0.28,0.41,49.0,0.45,0.24,0.66,194.0,334.0,E12000005,West Midlands
136347,-0.25,-0.94,0.45,12.0,-0.37,-0.57,-0.17,214.0,334.0,E12000005,West Midlands
104124,0.35,0.05,0.64,68.0,,,,,334.0,E12000005,West Midlands
129342,,,,,-0.12,-0.37,0.12,139.0,334.0,E12000005,West Midlands
135971,-0.22,-1.2,0.77,6.0,-0.44,-0.64,-0.23,197.0,334.0,E12000005,West Midlands
130481,,,,,,,,,334.0,E12000005,West Midlands
144887,-0.17,-0.33,-0.02,244.0,,,,,334.0,E12000005,West Midlands
138374,-0.28,-0.79,0.23,22.0,0.14,-0.08,0.36,174.0,335.0,E12000005,West Midlands
138606,-0.28,-1.19,0.63,7.0,-0.15,-0.4,0.11,128.0,335.0,E12000005,West Midlands
137830,0.33,-0.17,0.84,23.0,0.07,-0.12,0.27,220.0,335.0,E12000005,West Midlands
142594,-0.83,-1.56,-0.11,11.0,-0.47,-0.69,-0.26,184.0,335.0,E12000005,West Midlands
104255,0.14,-0.34,0.63,25.0,0.01,-0.2,0.22,192.0,335.0,E12000005,West Midlands
137707,0.37,-0.12,0.86,24.0,-0.06,-0.24,0.12,250.0,335.0,E12000005,West Midlands
104259,-0.31,-1.03,0.42,11.0,-0.77,-0.96,-0.58,230.0,335.0,E12000005,West Midlands
136620,-0.2,-0.82,0.43,15.0,-0.84,-1.04,-0.64,222.0,335.0,E12000005,West Midlands
136777,-0.55,-0.89,-0.21,51.0,0.3,0.06,0.54,146.0,335.0,E12000005,West Midlands
136773,-0.38,-0.56,-0.2,178.0,0.98,0.74,1.22,145.0,335.0,E12000005,West Midlands
137974,-0.17,-0.73,0.38,19.0,-0.16,-0.35,0.02,248.0,335.0,E12000005,West Midlands
136885,-0.77,-1.12,-0.42,47.0,0.33,0.14,0.51,255.0,335.0,E12000005,West Midlands
133697,0.38,-0.1,0.85,26.0,-0.28,-0.49,-0.07,200.0,335.0,E12000005,West Midlands
135769,0.08,-0.73,0.88,9.0,-0.72,-0.91,-0.53,238.0,335.0,E12000005,West Midlands
135956,-1.46,-2.31,-0.61,8.0,-0.06,-0.29,0.17,161.0,335.0,E12000005,West Midlands
138098,-1.0,-1.6,-0.39,16.0,0.03,-0.19,0.25,176.0,336.0,E12000005,West Midlands
141245,-0.04,-0.63,0.54,17.0,-0.15,-0.38,0.08,156.0,336.0,E12000005,West Midlands
142080,0.53,-0.06,1.11,17.0,0.38,0.13,0.62,140.0,336.0,E12000005,West Midlands
144278,-0.6,-1.59,0.38,6.0,-0.49,-0.73,-0.25,152.0,336.0,E12000005,West Midlands
140160,-0.72,-1.52,0.08,9.0,0.63,0.25,1.01,59.0,336.0,E12000005,West Midlands
145008,-1.2,-2.0,-0.4,9.0,-0.63,-0.84,-0.43,202.0,336.0,E12000005,West Midlands
145114,-0.68,-1.26,-0.1,17.0,-0.65,-0.86,-0.43,179.0,336.0,E12000005,West Midlands
145134,,,,,-0.47,-0.73,-0.21,124.0,336.0,E12000005,West Midlands
147113,-0.97,-1.88,-0.06,7.0,-0.35,-0.66,-0.03,85.0,336.0,E12000005,West Midlands
142317,-0.6,-0.92,-0.28,56.0,0.52,0.34,0.7,268.0,336.0,E12000005,West Midlands
104395,-1.84,-2.44,-1.23,16.0,-0.33,-0.56,-0.1,159.0,336.0,E12000005,West Midlands
137730,0.05,-0.52,0.62,18.0,0.52,0.31,0.73,192.0,336.0,E12000005,West Midlands
138852,-0.1,-0.61,0.41,22.0,-0.27,-0.48,-0.06,195.0,336.0,E12000005,West Midlands
139891,0.37,-0.17,0.91,20.0,0.16,-0.06,0.37,186.0,336.0,E12000005,West Midlands
141802,,,,,-0.91,-1.12,-0.7,188.0,336.0,E12000005,West Midlands
140604,-0.52,-0.86,-0.18,51.0,,,,,336.0,E12000005,West Midlands
140798,-0.45,-0.75,-0.15,66.0,0.42,0.17,0.67,138.0,336.0,E12000005,West Midlands
139138,-0.73,-1.34,-0.13,16.0,-0.42,-0.63,-0.21,195.0,336.0,E12000005,West Midlands
143101,0.22,-0.18,0.62,36.0,0.25,-0.02,0.53,112.0,336.0,E12000005,West Midlands
104407,,,,,,,,,336.0,E12000005,West Midlands
104411,-0.33,-0.78,0.13,28.0,,,,,336.0,E12000005,West Midlands
130484,-0.27,-1.18,0.64,7.0,,,,,336.0,E12000005,West Midlands
139588,-0.43,-0.9,0.03,27.0,-0.11,-0.37,0.15,125.0,341.0,E12000002,North West
139589,0.57,-0.16,1.29,11.0,-0.76,-1.07,-0.44,84.0,341.0,E12000002,North West
139686,-0.37,-0.69,-0.04,54.0,0.32,0.07,0.56,143.0,341.0,E12000002,North West
147477,0.63,0.28,0.99,47.0,,,,,341.0,E12000002,North West
148226,-0.88,-1.65,-0.12,10.0,-1.52,-1.71,-1.32,231.0,341.0,E12000002,North West
148792,-0.67,-1.65,0.32,6.0,-0.53,-0.77,-0.3,150.0,341.0,E12000002,North West
150373,,,,,,,,,341.0,E12000002,North West
150713,0.27,-0.71,1.25,6.0,,,,,341.0,E12000002,North West
138696,0.2,-0.4,0.8,16.0,-0.21,-0.43,0.02,168.0,341.0,E12000002,North West
104688,-1.58,-2.3,-0.85,11.0,-0.04,-0.27,0.19,160.0,341.0,E12000002,North West
104698,0.28,-0.15,0.72,31.0,-0.28,-0.46,-0.09,245.0,341.0,E12000002,North West
104700,,,,,-0.55,-0.76,-0.33,184.0,341.0,E12000002,North West
104703,0.69,0.3,1.09,37.0,0.58,0.31,0.85,116.0,341.0,E12000002,North West
104705,-0.55,-1.04,-0.07,25.0,0.49,0.27,0.72,166.0,341.0,E12000002,North West
138183,,,,,-0.68,-0.92,-0.44,142.0,341.0,E12000002,North West
104712,-1.26,-2.24,-0.27,6.0,-0.49,-0.71,-0.26,172.0,341.0,E12000002,North West
104713,-1.47,-2.38,-0.56,7.0,-0.99,-1.2,-0.79,200.0,341.0,E12000002,North West
104714,-0.08,-0.53,0.37,29.0,-0.25,-0.44,-0.05,229.0,341.0,E12000002,North West
104715,,,,,-0.82,-1.05,-0.59,158.0,341.0,E12000002,North West
104717,0.01,-0.58,0.59,17.0,-0.52,-0.74,-0.3,183.0,341.0,E12000002,North West
138850,-0.5,-1.03,0.02,21.0,-0.04,-0.25,0.18,182.0,341.0,E12000002,North West
104721,0.54,0.02,1.07,21.0,-0.24,-0.46,-0.02,180.0,341.0,E12000002,North West
137916,0.02,-0.19,0.22,133.0,0.74,0.51,0.96,167.0,341.0,E12000002,North West
136735,-0.09,-0.47,0.29,40.0,-0.27,-0.49,-0.05,174.0,341.0,E12000002,North West
138878,,,,,,,,,341.0,E12000002,North West
131065,0.79,0.29,1.3,23.0,0.16,-0.05,0.36,199.0,341.0,E12000002,North West
135174,-0.21,-0.65,0.23,30.0,-0.38,-0.62,-0.14,147.0,341.0,E12000002,North West
136119,-1.24,-1.97,-0.52,11.0,-1.31,-1.6,-1.03,105.0,341.0,E12000002,North West
130487,-1.09,-1.68,-0.51,17.0,,,,,341.0,E12000002,North West
132033,,,,,,,,,,,
144327,-0.4,-1.04,0.24,14.0,0.02,-0.15,0.19,284.0,342.0,E12000002,North West
104829,-1.02,-1.61,-0.44,17.0,-1.04,-1.23,-0.84,231.0,342.0,E12000002,North West
144326,-0.75,-1.45,-0.06,12.0,-0.22,-0.39,-0.05,294.0,342.0,E12000002,North West
136141,,,,,0.1,-0.09,0.28,254.0,342.0,E12000002,North West
130489,0.41,0.24,0.58,201.0,,,,,342.0,E12000002,North West
141338,,,,,-0.81,-1.08,-0.54,113.0,343.0,E12000002,North West
137533,-0.65,-1.2,-0.09,19.0,-0.62,-0.82,-0.43,224.0,343.0,E12000002,North West
137436,-0.21,-0.75,0.33,20.0,0.13,-0.08,0.35,188.0,343.0,E12000002,North West
137514,-0.51,-1.05,0.03,20.0,-0.13,-0.33,0.06,222.0,343.0,E12000002,North West
137612,0.65,0.09,1.22,18.0,-0.13,-0.34,0.08,188.0,343.0,E12000002,North West
137520,,,,,-0.64,-0.85,-0.44,200.0,343.0,E12000002,North West
104960,-0.72,-1.45,0.0,11.0,-0.65,-0.85,-0.45,204.0,343.0,E12000002,North West
104962,-0.65,-1.5,0.2,8.0,-0.19,-0.42,0.05,155.0,343.0,E12000002,North West
104964,,,,,-0.6,-0.88,-0.32,106.0,343.0,E12000002,North West
104972,0.2,-0.56,0.96,10.0,,,,,343.0,E12000002,North West
104973,0.74,0.28,1.19,28.0,,,,,343.0,E12000002,North West
104974,-0.16,-0.89,0.56,11.0,,,,,343.0,E12000002,North West
130490,-0.01,-0.52,0.51,22.0,,,,,343.0,E12000002,North West
130491,-0.75,-1.08,-0.43,55.0,,,,,343.0,E12000002,North West
143554,,,,,-1.23,-1.47,-0.99,148.0,344.0,E12000002,North West
137171,-0.36,-0.74,0.02,40.0,-0.16,-0.38,0.06,174.0,344.0,E12000002,North West
137243,-0.22,-0.61,0.18,38.0,0.19,-0.04,0.42,162.0,344.0,E12000002,North West
138355,0.46,-0.53,1.44,6.0,-0.63,-0.84,-0.42,188.0,344.0,E12000002,North West
105103,-0.61,-1.6,0.37,6.0,-0.7,-0.92,-0.49,184.0,344.0,E12000002,North West
136895,,,,,-1.05,-1.28,-0.82,159.0,344.0,E12000002,North West
137815,-1.0,-1.53,-0.46,20.0,-0.59,-0.78,-0.4,232.0,344.0,E12000002,North West
105107,,,,,-0.28,-0.51,-0.06,166.0,344.0,E12000002,North West
139031,0.25,-0.42,0.91,13.0,-0.58,-0.76,-0.4,257.0,344.0,E12000002,North West
139144,0.37,0.11,0.63,86.0,0.59,0.39,0.79,209.0,344.0,E12000002,North West
137476,0.17,-0.17,0.52,50.0,0.28,0.04,0.51,151.0,344.0,E12000002,North West
136780,0.64,0.27,1.02,41.0,0.32,0.08,0.56,146.0,344.0,E12000002,North West
137929,-0.29,-0.65,0.08,44.0,0.63,0.4,0.86,156.0,344.0,E12000002,North West
105123,-0.31,-0.93,0.31,15.0,,,,,344.0,E12000002,North West
135877,-0.54,-1.52,0.44,6.0,0.02,-0.24,0.28,128.0,344.0,E12000002,North West
144829,0.16,-0.06,0.39,116.0,,,,,344.0,E12000002,North West
141941,,,,,-0.72,-1.39,-0.05,19.0,350.0,E12000002,North West
105253,0.11,-0.44,0.67,19.0,-0.2,-0.38,-0.02,263.0,350.0,E12000002,North West
143773,-0.45,-1.07,0.17,15.0,0.08,-0.11,0.26,253.0,350.0,E12000002,North West
105264,-0.17,-0.7,0.35,21.0,-0.42,-0.61,-0.24,253.0,350.0,E12000002,North West
144044,-0.18,-0.55,0.19,43.0,0.05,-0.13,0.22,292.0,350.0,E12000002,North West
105269,,,,,,,,,350.0,E12000002,North West
105271,-0.03,-0.37,0.31,50.0,,,,,350.0,E12000002,North West
105272,-0.57,-1.04,-0.11,27.0,,,,,350.0,E12000002,North West
131867,0.13,-0.12,0.37,97.0,,,,,350.0,E12000002,North West
134195,-0.46,-1.37,0.45,7.0,-0.01,-0.55,0.53,29.0,351.0,E12000002,North West
105372,1.5,0.65,2.35,8.0,,,,,351.0,E12000002,North West
105373,-0.13,-0.57,0.32,29.0,,,,,351.0,E12000002,North West
130498,-0.2,-0.56,0.15,46.0,,,,,351.0,E12000002,North West
130499,-0.13,-0.3,0.04,209.0,,,,,351.0,E12000002,North West
139730,-0.08,-0.68,0.53,16.0,,,,,352.0,E12000002,North West
143729,-0.11,-0.73,0.51,15.0,0.31,0.1,0.52,193.0,352.0,E12000002,North West
143260,-0.56,-0.93,-0.19,42.0,0.02,-0.15,0.2,266.0,352.0,E12000002,North West
141264,-0.64,-1.33,0.06,12.0,0.33,0.14,0.52,236.0,352.0,E12000002,North West
137801,-0.03,-0.38,0.31,49.0,0.24,0.06,0.43,242.0,352.0,E12000002,North West
137309,0.36,-0.17,0.88,21.0,0.31,0.03,0.59,111.0,352.0,E12000002,North West
105588,-0.56,-1.18,0.06,15.0,,,,,352.0,E12000002,North West
105591,0.59,0.37,0.8,129.0,,,,,352.0,E12000002,North West
105592,0.08,-0.33,0.48,35.0,,,,,352.0,E12000002,North West
105594,-0.26,-0.78,0.27,21.0,,,,,352.0,E12000002,North West
105595,-0.02,-0.37,0.34,46.0,,,,,352.0,E12000002,North West
105601,-1.98,-2.74,-1.22,10.0,,,,,352.0,E12000002,North West
135296,0.1,-0.29,0.48,39.0,0.65,0.42,0.87,169.0,352.0,E12000002,North West
130503,-0.01,-0.11,0.09,575.0,,,,,352.0,E12000002,North West
130504,-0.28,-0.43,-0.13,257.0,,,,,352.0,E12000002,North West
141248,-0.39,-1.03,0.25,14.0,-0.24,-0.42,-0.06,258.0,353.0,E12000002,North West
137133,0.0,-0.24,0.25,100.0,0.26,0.08,0.44,253.0,353.0,E12000002,North West
137294,-0.24,-0.73,0.25,24.0,-0.05,-0.21,0.12,321.0,353.0,E12000002,North West
105745,-0.1,-0.65,0.45,19.0,,,,,353.0,E12000002,North West
145002,0.18,-0.04,0.4,117.0,,,,,353.0,E12000002,North West
144463,0.27,0.12,0.42,263.0,,,,,354.0,E12000002,North West
105844,-0.66,-1.2,-0.12,20.0,-0.15,-0.35,0.06,201.0,354.0,E12000002,North West
105992,,,,,,,,,355.0,E12000002,North West
130509,-0.36,-0.58,-0.15,128.0,,,,,355.0,E12000002,North West
137923,0.11,-0.35,0.56,28.0,0.27,0.09,0.45,259.0,356.0,E12000002,North West
137843,-0.25,-0.52,0.02,79.0,0.86,0.68,1.05,253.0,356.0,E12000002,North West
106156,0.12,-0.33,0.58,28.0,,,,,356.0,E12000002,North West
106157,0.07,-0.28,0.42,47.0,,,,,356.0,E12000002,North West
130514,0.19,0.0,0.38,156.0,,,,,356.0,E12000002,North West
145894,-1.04,-1.73,-0.34,12.0,0.73,0.5,0.97,149.0,357.0,E12000002,North West
130516,0.58,-0.07,1.22,14.0,,,,,357.0,E12000002,North West
146816,-0.14,-0.36,0.07,128.0,,,,,357.0,E12000002,North West
138614,-0.04,-0.95,0.87,7.0,0.03,-0.21,0.27,149.0,358.0,E12000002,North West
106368,-0.15,-0.54,0.23,39.0,0.38,0.14,0.61,156.0,358.0,E12000002,North West
136498,0.02,-0.23,0.27,95.0,0.3,0.07,0.52,169.0,358.0,E12000002,North West
136377,0.47,0.02,0.92,29.0,0.24,0.06,0.43,241.0,358.0,E12000002,North West
138123,-0.08,-0.77,0.62,12.0,0.2,0.01,0.39,244.0,358.0,E12000002,North West
106376,0.01,-0.54,0.57,19.0,-0.05,-0.23,0.13,256.0,358.0,E12000002,North West
136458,0.04,-0.15,0.24,152.0,1.29,1.05,1.53,149.0,358.0,E12000002,North West
136297,0.03,-0.23,0.3,83.0,0.67,0.42,0.91,141.0,358.0,E12000002,North West
137289,-0.1,-0.36,0.16,86.0,0.8,0.57,1.03,163.0,358.0,E12000002,North West
138134,0.17,-0.12,0.45,70.0,0.99,0.75,1.22,151.0,358.0,E12000002,North West
138464,-0.3,-0.61,0.0,61.0,0.47,0.21,0.72,130.0,358.0,E12000002,North West
130519,-0.59,-0.99,-0.19,36.0,,,,,358.0,E12000002,North West
106534,-0.31,-1.22,0.6,7.0,-0.48,-0.67,-0.29,245.0,359.0,E12000002,North West
106538,-0.11,-0.64,0.41,21.0,-0.15,-0.34,0.04,233.0,359.0,E12000002,North West
130521,-0.1,-0.9,0.71,9.0,,,,,359.0,E12000002,North West
130522,0.05,-0.08,0.17,359.0,,,,,359.0,E12000002,North West
130523,-0.47,-0.71,-0.23,103.0,,,,,359.0,E12000002,North West
106653,0.57,0.25,0.89,56.0,0.43,0.26,0.6,306.0,370.0,E12000003,Yorkshire and The Humber
130524,-0.9,-1.12,-0.69,123.0,-2.29,-2.61,-1.97,84.0,370.0,E12000003,Yorkshire and The Humber
143938,-0.49,-1.35,0.36,8.0,-0.24,-0.46,-0.02,179.0,371.0,E12000003,Yorkshire and The Humber
144364,-1.11,-1.73,-0.48,15.0,-0.26,-0.48,-0.05,182.0,371.0,E12000003,Yorkshire and The Humber
144714,0.38,0.14,0.61,106.0,,,,,371.0,E12000003,Yorkshire and The Humber
147838,-0.22,-0.75,0.32,20.0,0.2,-0.04,0.43,151.0,371.0,E12000003,Yorkshire and The Humber
137603,-0.13,-0.57,0.32,29.0,0.28,0.09,0.47,224.0,371.0,E12000003,Yorkshire and The Humber
138116,,,,,-0.46,-0.69,-0.23,157.0,371.0,E12000003,Yorkshire and The Humber
137842,-0.18,-0.47,0.1,71.0,0.68,0.51,0.85,285.0,371.0,E12000003,Yorkshire and The Humber
140865,-0.04,-0.51,0.44,26.0,-0.18,-0.38,0.02,213.0,371.0,E12000003,Yorkshire and The Humber
106812,-0.64,-1.08,-0.2,30.0,,,,,371.0,E12000003,Yorkshire and The Humber
135007,-0.7,-1.19,-0.2,24.0,-0.52,-0.73,-0.32,209.0,371.0,E12000003,Yorkshire and The Humber
135963,,,,,-0.32,-0.53,-0.11,195.0,371.0,E12000003,Yorkshire and The Humber
143141,0.67,-0.05,1.4,11.0,-0.15,-0.37,0.07,173.0,372.0,E12000003,Yorkshire and The Humber
145848,-0.21,-0.58,0.16,42.0,0.05,-0.11,0.22,310.0,372.0,E12000003,Yorkshire and The Humber
150938,,,,,,,,,372.0,E12000003,Yorkshire and The Humber
140646,-0.07,-0.41,0.26,51.0,0.15,-0.01,0.3,355.0,372.0,E12000003,Yorkshire and The Humber
136718,0.27,-0.27,0.81,20.0,0.02,-0.15,0.19,289.0,372.0,E12000003,Yorkshire and The Humber
136301,0.47,-0.18,1.11,14.0,-0.13,-0.31,0.05,268.0,372.0,E12000003,Yorkshire and The Humber
136331,0.63,0.03,1.23,16.0,0.13,-0.04,0.29,305.0,372.0,E12000003,Yorkshire and The Humber
136042,-1.12,-1.88,-0.36,10.0,-0.51,-0.73,-0.29,176.0,372.0,E12000003,Yorkshire and The Humber
145230,0.06,-0.21,0.34,78.0,,,,,372.0,E12000003,Yorkshire and The Humber
139695,-0.3,-0.71,0.11,35.0,-0.72,-1.02,-0.43,99.0,373.0,E12000003,Yorkshire and The Humber
140547,0.6,0.07,1.12,21.0,-0.16,-0.36,0.03,222.0,373.0,E12000003,Yorkshire and The Humber
140940,-0.5,-0.83,-0.16,52.0,,,,,373.0,E12000003,Yorkshire and The Humber
142605,-0.95,-1.71,-0.19,10.0,-0.17,-0.47,0.13,93.0,373.0,E12000003,Yorkshire and The Humber
145864,,,,,-0.02,-0.27,0.23,135.0,373.0,E12000003,Yorkshire and The Humber
145897,-0.59,-0.96,-0.21,41.0,1.84,1.56,2.11,113.0,373.0,E12000003,Yorkshire and The Humber
139167,0.11,-0.17,0.38,76.0,0.68,0.48,0.88,214.0,373.0,E12000003,Yorkshire and The Humber
138841,0.28,-0.04,0.61,55.0,0.74,0.53,0.95,197.0,373.0,E12000003,Yorkshire and The Humber
138069,0.2,-0.05,0.46,91.0,0.56,0.39,0.74,271.0,373.0,E12000003,Yorkshire and The Humber
145455,0.18,-0.11,0.47,71.0,0.78,0.59,0.98,234.0,373.0,E12000003,Yorkshire and The Humber
107140,-0.36,-0.61,-0.12,97.0,0.08,-0.13,0.29,199.0,373.0,E12000003,Yorkshire and The Humber
138545,0.25,-0.17,0.68,32.0,-0.06,-0.22,0.11,308.0,373.0,E12000003,Yorkshire and The Humber
138361,0.11,-0.19,0.42,62.0,0.57,0.37,0.77,205.0,373.0,E12000003,Yorkshire and The Humber
138337,0.14,-0.28,0.57,32.0,-0.25,-0.46,-0.04,199.0,373.0,E12000003,Yorkshire and The Humber
149427,,,,,-3.61,-4.31,-2.9,17.0,373.0,E12000003,Yorkshire and The Humber
107163,0.73,0.27,1.19,27.0,,,,,373.0,E12000003,Yorkshire and The Humber
107166,0.02,-0.48,0.52,23.0,,,,,373.0,E12000003,Yorkshire and The Humber
131122,,,,,,,,,373.0,E12000003,Yorkshire and The Humber
131895,-0.1,-0.7,0.5,16.0,-0.48,-0.69,-0.27,190.0,373.0,E12000003,Yorkshire and The Humber
130531,-1.61,-2.25,-0.97,14.0,,,,,373.0,E12000003,Yorkshire and The Humber
144886,0.54,-0.04,1.13,17.0,,,,,373.0,E12000003,Yorkshire and The Humber
148520,0.65,0.13,1.16,22.0,-0.39,-0.57,-0.22,280.0,380.0,E12000003,Yorkshire and The Humber
143112,0.21,-0.7,1.12,7.0,-0.53,-0.71,-0.36,282.0,380.0,E12000003,Yorkshire and The Humber
138087,,,,,-0.07,-0.29,0.15,173.0,380.0,E12000003,Yorkshire and The Humber
143689,-0.01,-0.28,0.27,77.0,,,,,380.0,E12000003,Yorkshire and The Humber
143704,-0.4,-0.62,-0.19,127.0,,,,,380.0,E12000003,Yorkshire and The Humber
139975,-0.15,-0.48,0.19,51.0,0.41,0.23,0.59,260.0,380.0,E12000003,Yorkshire and The Humber
107395,0.35,-0.17,0.86,22.0,-0.37,-0.56,-0.19,247.0,380.0,E12000003,Yorkshire and The Humber
149011,-1.26,-1.99,-0.54,11.0,-0.44,-0.62,-0.26,254.0,380.0,E12000003,Yorkshire and The Humber
149299,,,,,-0.64,-0.88,-0.41,148.0,380.0,E12000003,Yorkshire and The Humber
150001,-0.28,-1.19,0.63,7.0,-0.81,-1.01,-0.6,199.0,380.0,E12000003,Yorkshire and The Humber
136905,0.1,-0.25,0.45,48.0,0.31,0.14,0.48,305.0,380.0,E12000003,Yorkshire and The Humber
136962,,,,,0.01,-0.26,0.28,116.0,380.0,E12000003,Yorkshire and The Humber
142590,-0.06,-0.66,0.54,16.0,-0.88,-1.06,-0.71,278.0,380.0,E12000003,Yorkshire and The Humber
107439,-0.09,-0.42,0.24,54.0,0.11,-0.06,0.27,318.0,380.0,E12000003,Yorkshire and The Humber
107455,0.48,0.13,0.83,47.0,,,,,380.0,E12000003,Yorkshire and The Humber
107460,-1.28,-2.19,-0.37,7.0,,,,,380.0,E12000003,Yorkshire and The Humber
134140,,,,,,,,,380.0,E12000003,Yorkshire and The Humber
136189,-1.07,-1.63,-0.5,18.0,,,,,380.0,E12000003,Yorkshire and The Humber
135866,-0.49,-1.29,0.32,9.0,-0.06,-0.25,0.13,237.0,380.0,E12000003,Yorkshire and The Humber
130532,,,,,,,,,380.0,E12000003,Yorkshire and The Humber
139433,-0.19,-0.48,0.1,71.0,,,,,381.0,E12000003,Yorkshire and The Humber
149531,,,,,0.13,-0.05,0.31,268.0,381.0,E12000003,Yorkshire and The Humber
136788,0.16,-0.16,0.47,58.0,-0.02,-0.24,0.2,175.0,381.0,E12000003,Yorkshire and The Humber
139182,-0.48,-0.83,-0.13,47.0,0.59,0.36,0.81,164.0,381.0,E12000003,Yorkshire and The Humber
136604,-0.26,-0.99,0.46,11.0,-0.49,-0.7,-0.29,206.0,381.0,E12000003,Yorkshire and The Humber
141307,-0.18,-0.87,0.52,12.0,0.48,0.3,0.66,269.0,381.0,E12000003,Yorkshire and The Humber
107583,,,,,,,,,381.0,E12000003,Yorkshire and The Humber
136674,-1.03,-1.57,-0.49,20.0,-0.31,-0.51,-0.11,216.0,382.0,E12000003,Yorkshire and The Humber
137424,,,,,-0.06,-0.25,0.14,224.0,382.0,E12000003,Yorkshire and The Humber
137352,-0.15,-0.72,0.42,18.0,0.75,0.59,0.9,353.0,382.0,E12000003,Yorkshire and The Humber
141470,,,,,-0.94,-1.16,-0.72,174.0,382.0,E12000003,Yorkshire and The Humber
136283,-0.26,-0.49,-0.02,101.0,0.99,0.78,1.19,199.0,382.0,E12000003,Yorkshire and The Humber
130538,-0.02,-0.12,0.08,539.0,,,,,382.0,E12000003,Yorkshire and The Humber
130539,-0.77,-1.03,-0.51,88.0,,,,,382.0,E12000003,Yorkshire and The Humber
108055,0.78,-0.02,1.58,9.0,-0.24,-0.43,-0.05,242.0,383.0,E12000003,Yorkshire and The Humber
108057,0.35,0.02,0.68,54.0,1.14,0.94,1.35,207.0,383.0,E12000003,Yorkshire and The Humber
108058,-0.01,-0.46,0.44,29.0,0.15,-0.04,0.33,256.0,383.0,E12000003,Yorkshire and The Humber
146247,0.88,0.23,1.52,14.0,0.13,-0.07,0.33,217.0,383.0,E12000003,Yorkshire and The Humber
108075,0.97,0.28,1.67,12.0,-0.68,-0.91,-0.45,159.0,383.0,E12000003,Yorkshire and The Humber
108076,0.07,-0.21,0.35,74.0,0.74,0.56,0.91,287.0,383.0,E12000003,Yorkshire and The Humber
141940,-0.59,-0.8,-0.38,135.0,,,,,383.0,E12000003,Yorkshire and The Humber
142604,-0.59,-1.11,-0.06,21.0,0.44,0.19,0.69,131.0,383.0,E12000003,Yorkshire and The Humber
149755,0.71,0.41,1.02,61.0,,,,,383.0,E12000003,Yorkshire and The Humber
108079,-0.86,-1.33,-0.39,26.0,-0.39,-0.61,-0.18,186.0,383.0,E12000003,Yorkshire and The Humber
138336,0.26,-0.43,0.96,12.0,0.16,-0.01,0.33,288.0,383.0,E12000003,Yorkshire and The Humber
137383,0.74,0.39,1.09,47.0,0.58,0.42,0.75,300.0,383.0,E12000003,Yorkshire and The Humber
108083,-0.27,-0.92,0.37,14.0,0.16,-0.04,0.35,221.0,383.0,E12000003,Yorkshire and The Humber
108085,-0.15,-0.52,0.22,42.0,0.07,-0.13,0.27,210.0,383.0,E12000003,Yorkshire and The Humber
136343,0.13,-0.3,0.56,31.0,0.47,0.3,0.64,293.0,383.0,E12000003,Yorkshire and The Humber
143238,-0.43,-1.07,0.22,14.0,0.09,-0.11,0.29,208.0,383.0,E12000003,Yorkshire and The Humber
146217,-0.33,-0.77,0.1,31.0,1.05,0.85,1.26,198.0,383.0,E12000003,Yorkshire and The Humber
137775,0.1,-0.21,0.42,59.0,0.44,0.25,0.64,221.0,383.0,E12000003,Yorkshire and The Humber
137704,0.58,0.23,0.93,47.0,0.44,0.26,0.61,269.0,383.0,E12000003,Yorkshire and The Humber
139351,-0.06,-0.48,0.37,32.0,0.3,0.09,0.5,195.0,383.0,E12000003,Yorkshire and The Humber
137083,0.01,-0.32,0.35,52.0,0.44,0.26,0.62,259.0,383.0,E12000003,Yorkshire and The Humber
108104,-0.57,-1.48,0.34,7.0,,,,,383.0,E12000003,Yorkshire and The Humber
108113,0.22,-0.06,0.5,74.0,,,,,383.0,E12000003,Yorkshire and The Humber
108114,-0.07,-0.5,0.36,31.0,,,,,383.0,E12000003,Yorkshire and The Humber
108117,,,,,,,,,383.0,E12000003,Yorkshire and The Humber
108119,,,,,-1.2,-1.78,-0.61,25.0,383.0,E12000003,Yorkshire and The Humber
130542,,,,,,,,,383.0,E12000003,Yorkshire and The Humber
135771,-1.06,-1.59,-0.54,21.0,-1.45,-1.68,-1.21,156.0,383.0,E12000003,Yorkshire and The Humber
130548,-0.31,-0.44,-0.17,313.0,,,,,383.0,E12000003,Yorkshire and The Humber
145938,,,,,-0.11,-0.33,0.12,169.0,384.0,E12000003,Yorkshire and The Humber
136462,0.43,-0.03,0.88,28.0,0.26,0.08,0.43,281.0,384.0,E12000003,Yorkshire and The Humber
137011,,,,,0.02,-0.15,0.2,281.0,384.0,E12000003,Yorkshire and The Humber
138951,-0.14,-0.67,0.38,21.0,-0.02,-0.2,0.16,272.0,384.0,E12000003,Yorkshire and The Humber
108300,-0.32,-1.23,0.59,7.0,,,,,384.0,E12000003,Yorkshire and The Humber
108303,0.41,-0.35,1.17,10.0,,,,,384.0,E12000003,Yorkshire and The Humber
108305,-0.44,-1.17,0.28,11.0,,,,,384.0,E12000003,Yorkshire and The Humber
108306,0.0,-0.36,0.36,45.0,,,,,384.0,E12000003,Yorkshire and The Humber
135961,0.18,-0.42,0.78,16.0,-0.02,-0.18,0.15,324.0,384.0,E12000003,Yorkshire and The Humber
130549,-0.21,-0.69,0.27,25.0,,,,,384.0,E12000003,Yorkshire and The Humber
144732,0.23,0.07,0.38,241.0,,,,,384.0,E12000003,Yorkshire and The Humber
141185,0.13,-0.53,0.8,13.0,0.15,-0.05,0.35,206.0,390.0,E12000001,North East
147178,,,,,-0.98,-1.18,-0.78,207.0,390.0,E12000001,North East
137942,0.44,-0.13,1.01,18.0,-0.04,-0.23,0.16,230.0,390.0,E12000001,North East
137360,0.22,-0.2,0.64,33.0,0.31,0.13,0.49,264.0,390.0,E12000001,North East
108410,,,,,-0.71,-0.94,-0.48,157.0,390.0,E12000001,North East
137852,-0.57,-0.96,-0.18,38.0,0.68,0.49,0.87,244.0,390.0,E12000001,North East
137851,-0.39,-0.73,-0.04,48.0,0.13,-0.06,0.33,231.0,390.0,E12000001,North East
108420,-0.16,-0.53,0.21,43.0,0.52,0.32,0.71,234.0,390.0,E12000001,North East
130551,-0.24,-0.7,0.22,27.0,,,,,390.0,E12000001,North East
145900,-0.3,-1.29,0.68,6.0,-0.94,-1.2,-0.69,130.0,391.0,E12000001,North East
146752,-0.49,-0.82,-0.16,53.0,0.46,0.29,0.63,290.0,391.0,E12000001,North East
148135,-1.26,-1.93,-0.59,13.0,-0.54,-0.71,-0.36,267.0,391.0,E12000001,North East
136352,0.17,-0.06,0.4,109.0,0.53,0.39,0.68,405.0,391.0,E12000001,North East
138120,0.45,-0.17,1.07,15.0,-0.69,-0.87,-0.51,254.0,391.0,E12000001,North East
140081,-0.28,-0.65,0.09,42.0,0.45,0.26,0.64,233.0,391.0,E12000001,North East
137900,-0.22,-0.68,0.25,27.0,-0.17,-0.38,0.04,190.0,391.0,E12000001,North East
137708,-0.66,-1.3,-0.01,14.0,-0.22,-0.42,-0.02,216.0,391.0,E12000001,North East
108538,-0.39,-1.08,0.31,12.0,,,,,391.0,E12000001,North East
108542,,,,,,,,,391.0,E12000001,North East
108544,,,,,,,,,391.0,E12000001,North East
108547,0.22,-0.13,0.57,48.0,,,,,391.0,E12000001,North East
108549,0.45,0.19,0.71,88.0,,,,,391.0,E12000001,North East
135423,,,,,-0.61,-0.82,-0.39,185.0,391.0,E12000001,North East
130552,-0.49,-0.74,-0.23,91.0,,,,,391.0,E12000001,North East
139658,0.07,-0.36,0.49,32.0,0.9,0.64,1.16,126.0,392.0,E12000001,North East
108638,0.28,0.02,0.54,88.0,0.16,0.01,0.32,365.0,392.0,E12000001,North East
108639,-0.37,-1.17,0.43,9.0,-0.64,-0.85,-0.44,202.0,392.0,E12000001,North East
108640,,,,,-0.65,-0.88,-0.42,158.0,392.0,E12000001,North East
108641,,,,,-0.83,-1.05,-0.61,176.0,392.0,E12000001,North East
108642,,,,,-0.47,-0.7,-0.24,161.0,392.0,E12000001,North East
108645,0.37,-0.62,1.35,6.0,-0.44,-0.67,-0.21,166.0,392.0,E12000001,North East
137734,-0.89,-1.29,-0.48,36.0,0.02,-0.16,0.2,255.0,392.0,E12000001,North East
135001,,,,,,,,,392.0,E12000001,North East
144204,-0.57,-0.94,-0.2,42.0,-0.3,-0.48,-0.12,257.0,393.0,E12000001,North East
139878,-0.74,-1.47,-0.02,11.0,-0.22,-0.42,-0.03,221.0,393.0,E12000001,North East
142601,-0.77,-1.26,-0.28,24.0,-0.35,-0.55,-0.16,225.0,393.0,E12000001,North East
136386,-0.22,-0.65,0.2,32.0,-0.44,-0.64,-0.23,194.0,393.0,E12000001,North East
130555,,,,,,,,,393.0,E12000001,North East
138103,0.33,-0.33,1.0,13.0,-0.26,-0.46,-0.07,232.0,394.0,E12000001,North East
139538,-0.37,-0.82,0.07,29.0,0.18,-0.07,0.44,130.0,394.0,E12000001,North East
147142,-0.36,-0.74,0.02,40.0,0.16,-0.03,0.35,229.0,394.0,E12000001,North East
138054,-0.96,-1.49,-0.44,21.0,-0.34,-0.53,-0.15,233.0,394.0,E12000001,North East
131347,-1.51,-1.77,-1.25,86.0,,,,,394.0,E12000001,North East
142127,,,,,-0.01,-0.43,0.41,48.0,800.0,E12000009,South West
146972,0.57,0.24,0.91,53.0,0.67,0.43,0.91,146.0,800.0,E12000009,South West
136966,-0.37,-0.83,0.08,28.0,0.48,0.28,0.68,209.0,800.0,E12000009,South West
136335,0.26,-0.19,0.7,29.0,0.12,-0.05,0.29,296.0,800.0,E12000009,South West
145482,-0.09,-0.59,0.41,23.0,-0.13,-0.34,0.08,191.0,800.0,E12000009,South West
138522,0.16,-0.18,0.49,51.0,0.14,-0.07,0.35,195.0,800.0,E12000009,South West
136311,-0.04,-1.02,0.94,6.0,0.09,-0.22,0.4,88.0,800.0,E12000009,South West
137548,-1.04,-1.69,-0.4,14.0,-0.07,-0.3,0.16,158.0,800.0,E12000009,South West
137523,-0.06,-0.45,0.33,38.0,0.68,0.47,0.88,200.0,800.0,E12000009,South West
109329,-0.33,-0.83,0.18,23.0,-0.03,-0.26,0.2,160.0,800.0,E12000009,South West
136483,0.03,-0.51,0.57,20.0,0.07,-0.15,0.28,187.0,800.0,E12000009,South West
109346,0.39,0.05,0.72,52.0,,,,,800.0,E12000009,South West
109347,0.38,-0.07,0.83,29.0,,,,,800.0,E12000009,South West
109348,-0.04,-0.81,0.72,10.0,,,,,800.0,E12000009,South West
109360,0.33,-0.31,0.98,14.0,,,,,800.0,E12000009,South West
109374,0.03,-0.26,0.32,69.0,,,,,800.0,E12000009,South West
138147,0.07,-0.62,0.77,12.0,,,,,800.0,E12000009,South West
136822,0.33,-0.01,0.67,51.0,0.09,-0.12,0.3,190.0,801.0,E12000009,South West
145398,,,,,0.26,0.06,0.47,199.0,801.0,E12000009,South West
151303,-0.71,-1.25,-0.17,20.0,,,,,801.0,E12000009,South West
137440,0.41,0.02,0.8,38.0,0.37,0.16,0.57,196.0,801.0,E12000009,South West
137627,-0.29,-0.63,0.05,50.0,0.14,-0.06,0.35,201.0,801.0,E12000009,South West
109327,0.41,0.14,0.69,76.0,-0.13,-0.33,0.08,203.0,801.0,E12000009,South West
138855,0.45,0.18,0.72,78.0,0.56,0.36,0.75,220.0,801.0,E12000009,South West
135589,0.44,0.21,0.66,116.0,,,,,801.0,E12000009,South West
109334,-0.05,-0.4,0.3,47.0,,,,,801.0,E12000009,South West
109335,0.2,-0.38,0.79,17.0,,,,,801.0,E12000009,South West
109336,0.56,0.06,1.07,23.0,,,,,801.0,E12000009,South West
109337,0.34,-0.25,0.92,17.0,,,,,801.0,E12000009,South West
109369,0.12,-0.17,0.41,69.0,,,,,801.0,E12000009,South West
109370,-0.19,-0.49,0.12,61.0,,,,,801.0,E12000009,South West
109371,0.16,-0.48,0.8,14.0,,,,,801.0,E12000009,South West
135575,-0.04,-0.33,0.25,70.0,0.38,0.14,0.63,140.0,801.0,E12000009,South West
131094,-0.19,-0.88,0.51,12.0,,,,,801.0,E12000009,South West
130563,-0.57,-0.79,-0.36,123.0,,,,,801.0,E12000009,South West
147350,-1.51,-2.23,-0.78,11.0,,,,,802.0,E12000009,South West
136722,0.19,-0.16,0.55,46.0,0.13,-0.06,0.31,255.0,802.0,E12000009,South West
136856,0.34,-0.02,0.7,45.0,0.11,-0.04,0.27,353.0,802.0,E12000009,South West
137884,0.04,-0.55,0.62,17.0,-0.06,-0.25,0.14,219.0,802.0,E12000009,South West
138466,0.39,-0.18,0.96,18.0,0.03,-0.2,0.26,161.0,802.0,E12000009,South West
137000,0.11,-0.24,0.47,45.0,0.12,-0.07,0.3,248.0,802.0,E12000009,South West
142853,,,,,-0.07,-0.3,0.15,162.0,802.0,E12000009,South West
109362,0.76,0.09,1.42,13.0,,,,,802.0,E12000009,South West
130564,-0.63,-1.01,-0.26,42.0,,,,,802.0,E12000009,South West
139067,-0.02,-0.49,0.45,26.0,0.06,-0.15,0.27,192.0,803.0,E12000009,South West
141665,0.31,-0.54,1.17,8.0,0.46,0.25,0.67,187.0,803.0,E12000009,South West
145135,-0.65,-1.56,0.26,7.0,-0.2,-0.46,0.05,135.0,803.0,E12000009,South West
145502,0.39,-0.02,0.79,35.0,-0.14,-0.31,0.04,285.0,803.0,E12000009,South West
137753,0.42,-0.04,0.87,28.0,0.26,0.03,0.48,173.0,803.0,E12000009,South West
139348,-0.21,-0.57,0.16,43.0,0.28,0.09,0.47,242.0,803.0,E12000009,South West
109319,-0.56,-1.22,0.11,13.0,0.21,-0.02,0.45,154.0,803.0,E12000009,South West
139345,-0.14,-0.64,0.37,23.0,0.2,0.0,0.4,223.0,803.0,E12000009,South West
148295,,,,,-0.52,-0.8,-0.24,108.0,803.0,E12000009,South West
135295,0.02,-0.53,0.58,19.0,0.76,0.52,1.01,144.0,803.0,E12000009,South West
139238,0.15,-0.27,0.56,33.0,-2.2,-2.53,-1.88,79.0,803.0,E12000009,South West
140867,-0.02,-0.62,0.59,16.0,-0.66,-0.84,-0.48,252.0,805.0,E12000001,North East
142382,-1.1,-2.01,-0.19,7.0,-0.94,-1.13,-0.75,228.0,806.0,E12000001,North East
134223,-0.41,-0.95,0.12,20.0,-0.39,-0.59,-0.2,230.0,806.0,E12000001,North East
130908,0.12,-0.37,0.61,24.0,-0.25,-0.44,-0.07,248.0,806.0,E12000001,North East
130570,-0.03,-0.41,0.35,41.0,,,,,806.0,E12000001,North East
138845,-0.39,-0.89,0.11,23.0,-0.61,-0.78,-0.43,279.0,807.0,E12000001,North East
145227,-0.33,-0.52,-0.14,164.0,,,,,807.0,E12000001,North East
143063,-0.23,-0.54,0.08,59.0,-0.14,-0.33,0.05,231.0,808.0,E12000001,North East
139318,0.15,-0.27,0.57,33.0,-0.23,-0.42,-0.04,230.0,808.0,E12000001,North East
111768,,,,,,,,,808.0,E12000001,North East
111769,-0.15,-0.49,0.2,48.0,,,,,808.0,E12000001,North East
130576,-0.78,-1.15,-0.41,42.0,,,,,808.0,E12000001,North East
144766,-0.21,-0.53,0.1,58.0,0.34,0.13,0.55,190.0,810.0,E12000003,Yorkshire and The Humber
144104,-0.24,-0.58,0.09,52.0,0.43,0.27,0.59,326.0,810.0,E12000003,Yorkshire and The Humber
118131,0.29,-0.05,0.63,50.0,,,,,810.0,E12000003,Yorkshire and The Humber
135945,0.26,-0.59,1.11,8.0,-0.81,-1.0,-0.62,230.0,810.0,E12000003,Yorkshire and The Humber
130580,-0.74,-1.18,-0.3,30.0,,,,,810.0,E12000003,Yorkshire and The Humber
130581,0.03,-0.12,0.19,239.0,,,,,810.0,E12000003,Yorkshire and The Humber
143854,1.1,0.41,1.8,12.0,0.04,-0.15,0.22,245.0,811.0,E12000003,Yorkshire and The Humber
145722,-0.66,-1.57,0.25,7.0,-0.26,-0.5,-0.03,153.0,811.0,E12000003,Yorkshire and The Humber
118072,0.14,-0.56,0.83,12.0,-0.01,-0.25,0.24,143.0,811.0,E12000003,Yorkshire and The Humber
118073,0.25,-0.73,1.24,6.0,0.07,-0.18,0.32,136.0,811.0,E12000003,Yorkshire and The Humber
137306,0.66,0.02,1.3,14.0,-0.53,-0.72,-0.34,236.0,811.0,E12000003,Yorkshire and The Humber
136667,0.55,0.19,0.9,46.0,0.49,0.33,0.64,358.0,811.0,E12000003,Yorkshire and The Humber
136921,,,,,-0.26,-0.5,-0.03,156.0,811.0,E12000003,Yorkshire and The Humber
143588,-0.56,-1.08,-0.03,21.0,0.37,0.16,0.58,196.0,811.0,E12000003,Yorkshire and The Humber
118082,0.11,-0.55,0.78,13.0,-0.29,-0.5,-0.08,201.0,811.0,E12000003,Yorkshire and The Humber
144561,0.18,-0.81,1.16,6.0,-0.35,-0.54,-0.17,256.0,811.0,E12000003,Yorkshire and The Humber
118111,,,,,-1.02,-1.25,-0.79,165.0,811.0,E12000003,Yorkshire and The Humber
136995,0.45,-0.28,1.18,11.0,0.51,0.26,0.76,133.0,811.0,E12000003,Yorkshire and The Humber
134821,0.29,-0.22,0.79,23.0,,,,,811.0,E12000003,Yorkshire and The Humber
118126,-0.59,-1.4,0.21,9.0,,,,,811.0,E12000003,Yorkshire and The Humber
118132,-0.42,-0.9,0.06,25.0,,,,,811.0,E12000003,Yorkshire and The Humber
136268,-0.9,-1.59,-0.2,12.0,-0.52,-0.67,-0.36,364.0,812.0,E12000003,Yorkshire and The Humber
135294,,,,,-0.34,-0.58,-0.1,143.0,812.0,E12000003,Yorkshire and The Humber
130586,-0.14,-0.42,0.14,75.0,,,,,812.0,E12000003,Yorkshire and The Humber
142130,,,,,-0.53,-0.86,-0.19,74.0,813.0,E12000003,Yorkshire and The Humber
137453,,,,,0.54,0.3,0.78,148.0,813.0,E12000003,Yorkshire and The Humber
118112,,,,,-0.38,-0.63,-0.14,144.0,813.0,E12000003,Yorkshire and The Humber
130588,-0.44,-0.68,-0.2,102.0,,,,,813.0,E12000003,Yorkshire and The Humber
142884,-0.45,-1.44,0.53,6.0,-0.03,-0.39,0.34,63.0,815.0,E12000003,Yorkshire and The Humber
144976,0.04,-0.77,0.84,9.0,0.53,0.27,0.79,125.0,815.0,E12000003,Yorkshire and The Humber
146969,0.4,-0.45,1.25,8.0,-0.56,-0.78,-0.34,178.0,815.0,E12000003,Yorkshire and The Humber
148602,0.26,-0.36,0.88,15.0,0.46,0.22,0.7,152.0,815.0,E12000003,Yorkshire and The Humber
121666,0.45,-0.53,1.43,6.0,-0.04,-0.25,0.17,187.0,815.0,E12000003,Yorkshire and The Humber
121667,,,,,-0.26,-0.56,0.03,100.0,815.0,E12000003,Yorkshire and The Humber
141930,-0.07,-0.5,0.37,31.0,0.09,-0.12,0.3,188.0,815.0,E12000003,Yorkshire and The Humber
145090,-0.19,-0.72,0.33,21.0,0.31,0.11,0.51,212.0,815.0,E12000003,Yorkshire and The Humber
150644,-0.21,-0.63,0.21,33.0,,,,,815.0,E12000003,Yorkshire and The Humber
136728,,,,,-0.14,-0.41,0.12,119.0,815.0,E12000003,Yorkshire and The Humber
136497,0.7,0.43,0.98,77.0,0.35,0.17,0.53,267.0,815.0,E12000003,Yorkshire and The Humber
121687,-0.2,-0.82,0.42,15.0,0.0,-0.19,0.18,244.0,815.0,E12000003,Yorkshire and The Humber
121689,0.82,-0.17,1.8,6.0,-0.07,-0.33,0.2,120.0,815.0,E12000003,Yorkshire and The Humber
136736,0.27,-0.43,0.96,12.0,0.15,-0.02,0.32,290.0,815.0,E12000003,Yorkshire and The Humber
145777,-0.08,-0.49,0.33,34.0,0.39,0.2,0.57,259.0,815.0,E12000003,Yorkshire and The Humber
121694,0.16,-0.17,0.48,55.0,1.02,0.74,1.3,107.0,815.0,E12000003,Yorkshire and The Humber
145819,-0.85,-1.44,-0.27,17.0,0.78,0.53,1.04,132.0,815.0,E12000003,Yorkshire and The Humber
136664,-0.49,-0.93,-0.05,30.0,-0.3,-0.58,-0.02,109.0,815.0,E12000003,Yorkshire and The Humber
121716,0.31,-0.02,0.64,53.0,0.87,0.6,1.14,118.0,815.0,E12000003,Yorkshire and The Humber
148855,0.16,-0.31,0.63,26.0,0.46,0.27,0.66,220.0,815.0,E12000003,Yorkshire and The Humber
137139,0.01,-0.24,0.26,91.0,0.59,0.4,0.78,236.0,815.0,E12000003,Yorkshire and The Humber
132913,0.05,-0.18,0.27,117.0,,,,,815.0,E12000003,Yorkshire and The Humber
121733,,,,,,,,,815.0,E12000003,Yorkshire and The Humber
121735,-0.41,-1.13,0.32,11.0,,,,,815.0,E12000003,Yorkshire and The Humber
121740,0.59,-0.32,1.5,7.0,,,,,815.0,E12000003,Yorkshire and The Humber
121741,-0.42,-1.4,0.57,6.0,,,,,815.0,E12000003,Yorkshire and The Humber
121743,0.41,0.01,0.81,37.0,,,,,815.0,E12000003,Yorkshire and The Humber
121748,,,,,,,,,815.0,E12000003,Yorkshire and The Humber
121758,-0.02,-0.6,0.57,17.0,,,,,815.0,E12000003,Yorkshire and The Humber
121749,,,,,,,,,815.0,E12000003,Yorkshire and The Humber
131124,0.47,-0.29,1.23,10.0,,,,,815.0,E12000003,Yorkshire and The Humber
121765,,,,,-0.11,-1.21,0.99,7.0,815.0,E12000003,Yorkshire and The Humber
130593,-0.11,-0.42,0.2,60.0,,,,,815.0,E12000003,Yorkshire and The Humber
121673,0.35,-0.09,0.79,30.0,-0.15,-0.35,0.05,223.0,816.0,E12000003,Yorkshire and The Humber
144711,0.26,-0.07,0.6,53.0,0.47,0.29,0.65,261.0,816.0,E12000003,Yorkshire and The Humber
136617,0.0,-0.38,0.39,39.0,0.24,0.07,0.42,278.0,816.0,E12000003,Yorkshire and The Humber
121711,0.52,0.02,1.02,23.0,0.03,-0.16,0.23,224.0,816.0,E12000003,Yorkshire and The Humber
149517,-0.04,-0.33,0.26,67.0,0.22,0.01,0.43,190.0,816.0,E12000003,Yorkshire and The Humber
121722,0.06,-0.56,0.68,15.0,,,,,816.0,E12000003,Yorkshire and The Humber
121724,0.61,0.33,0.9,72.0,,,,,816.0,E12000003,Yorkshire and The Humber
121726,,,,,,,,,816.0,E12000003,Yorkshire and The Humber
130594,-0.19,-0.5,0.11,61.0,,,,,816.0,E12000003,Yorkshire and The Humber
142310,0.05,-0.32,0.42,42.0,0.22,0.04,0.4,254.0,821.0,E12000006,East of England
109707,-0.21,-1.06,0.64,8.0,-0.23,-0.45,-0.01,175.0,821.0,E12000006,East of England
134807,-1.39,-1.82,-0.96,32.0,,,,,821.0,E12000006,East of England
135337,-0.5,-1.16,0.17,13.0,0.19,0.02,0.36,280.0,821.0,E12000006,East of England
135338,,,,,-0.14,-0.33,0.05,226.0,821.0,E12000006,East of England
130600,-0.79,-0.94,-0.65,277.0,,,,,821.0,E12000006,East of England
139798,0.03,-0.18,0.25,127.0,,,,,822.0,E12000006,East of England
144595,-0.39,-1.12,0.33,11.0,0.31,0.08,0.53,168.0,822.0,E12000006,East of England
139160,-0.44,-0.96,0.09,21.0,0.07,-0.12,0.26,232.0,822.0,E12000006,East of England
109690,0.36,-0.25,0.96,16.0,0.23,0.01,0.45,178.0,822.0,E12000006,East of England
139517,-0.52,-1.17,0.12,14.0,0.41,0.17,0.66,141.0,822.0,E12000006,East of England
136470,-0.09,-0.43,0.26,49.0,0.08,-0.11,0.27,247.0,822.0,E12000006,East of England
109718,0.26,-0.05,0.56,62.0,,,,,822.0,E12000006,East of England
109717,,,,,,,,,822.0,E12000006,East of England
109728,0.02,-0.3,0.33,58.0,,,,,822.0,E12000006,East of England
109727,-0.15,-0.68,0.37,21.0,,,,,822.0,E12000006,East of England
136085,0.21,-0.49,0.9,12.0,0.34,0.13,0.55,193.0,822.0,E12000006,East of England
130597,-0.2,-0.61,0.21,34.0,,,,,822.0,E12000006,East of England
138571,-0.36,-0.97,0.24,16.0,-0.24,-0.45,-0.03,199.0,823.0,E12000006,East of England
136559,0.05,-0.31,0.41,45.0,0.3,0.15,0.45,383.0,823.0,E12000006,East of England
137632,-0.07,-0.8,0.65,11.0,0.29,0.06,0.51,167.0,823.0,E12000006,East of England
137886,0.59,-0.08,1.26,13.0,0.04,-0.17,0.25,194.0,823.0,E12000006,East of England
144342,0.0,-0.63,0.62,15.0,-0.42,-0.63,-0.22,203.0,823.0,E12000006,East of England
137462,0.48,0.01,0.96,26.0,0.2,0.01,0.39,229.0,823.0,E12000006,East of England
109669,0.29,-0.29,0.88,17.0,-0.08,-0.29,0.13,194.0,823.0,E12000006,East of England
137948,-0.1,-0.43,0.23,53.0,0.04,-0.1,0.19,394.0,823.0,E12000006,East of England
137941,0.04,-0.28,0.36,56.0,0.0,-0.17,0.17,307.0,823.0,E12000006,East of England
137169,-0.31,-0.67,0.05,45.0,0.12,-0.03,0.28,359.0,823.0,E12000006,East of England
137280,,,,,-0.61,-0.83,-0.38,168.0,825.0,E12000008,South East
136858,0.15,-0.45,0.76,16.0,-0.1,-0.32,0.12,176.0,825.0,E12000008,South East
139434,,,,,-1.03,-1.4,-0.66,63.0,825.0,E12000008,South East
110484,-0.61,-1.2,-0.03,17.0,-0.27,-0.48,-0.06,191.0,825.0,E12000008,South East
136771,-0.01,-0.24,0.22,110.0,0.77,0.55,0.99,171.0,825.0,E12000008,South East
146377,-0.03,-0.73,0.66,12.0,-0.05,-0.29,0.2,144.0,825.0,E12000008,South East
146518,-0.2,-1.05,0.65,8.0,-0.1,-0.35,0.15,132.0,825.0,E12000008,South East
149204,-0.17,-1.02,0.68,8.0,0.41,0.11,0.72,93.0,825.0,E12000008,South East
150611,,,,,,,,,825.0,E12000008,South East
110488,,,,,-0.11,-0.31,0.08,230.0,825.0,E12000008,South East
145322,-0.59,-1.16,-0.03,18.0,0.23,0.01,0.46,169.0,825.0,E12000008,South East
137261,0.57,-0.34,1.48,7.0,-0.07,-0.31,0.16,157.0,825.0,E12000008,South East
137564,0.28,0.06,0.5,115.0,0.79,0.57,1.01,174.0,825.0,E12000008,South East
136846,-0.11,-0.34,0.13,105.0,0.87,0.65,1.1,170.0,825.0,E12000008,South East
137219,-0.28,-0.5,-0.06,119.0,1.09,0.84,1.34,138.0,825.0,E12000008,South East
136845,-0.05,-0.27,0.17,120.0,0.61,0.39,0.83,176.0,825.0,E12000008,South East
138058,0.38,-0.12,0.87,24.0,0.49,0.28,0.7,198.0,825.0,E12000008,South East
137091,0.37,0.14,0.59,112.0,0.8,0.57,1.04,152.0,825.0,E12000008,South East
139367,,,,,0.06,-0.19,0.32,131.0,825.0,E12000008,South East
137343,0.71,0.21,1.21,23.0,0.35,0.12,0.58,157.0,825.0,E12000008,South East
136884,0.31,0.11,0.5,152.0,0.78,0.55,1.01,162.0,825.0,E12000008,South East
137344,0.29,0.08,0.5,127.0,0.44,0.2,0.67,153.0,825.0,E12000008,South East
136723,-0.4,-0.67,-0.13,78.0,0.56,0.33,0.78,165.0,825.0,E12000008,South East
136419,0.22,0.03,0.42,152.0,1.55,1.31,1.8,142.0,825.0,E12000008,South East
136781,0.1,-0.1,0.31,137.0,0.61,0.34,0.87,121.0,825.0,E12000008,South East
149612,-1.1,-1.82,-0.37,11.0,0.16,-0.01,0.34,275.0,825.0,E12000008,South East
140893,-0.19,-0.45,0.07,85.0,0.84,0.6,1.08,150.0,825.0,E12000008,South East
137215,-0.28,-1.04,0.48,10.0,-0.32,-0.52,-0.11,204.0,825.0,E12000008,South East
136484,0.39,0.18,0.59,140.0,1.59,1.37,1.8,182.0,825.0,E12000008,South East
110533,0.06,-0.41,0.53,26.0,0.08,-0.14,0.29,185.0,825.0,E12000008,South East
137355,0.21,-0.26,0.68,26.0,0.4,0.15,0.65,136.0,825.0,E12000008,South East
136964,-0.01,-0.57,0.54,19.0,-0.04,-0.24,0.16,210.0,825.0,E12000008,South East
110548,0.41,0.07,0.75,50.0,,,,,825.0,E12000008,South East
110544,0.41,-0.44,1.26,8.0,,,,,825.0,E12000008,South East
110549,,,,,,,,,825.0,E12000008,South East
110536,-0.08,-0.89,0.72,9.0,,,,,825.0,E12000008,South East
110545,-0.33,-1.24,0.58,7.0,,,,,825.0,E12000008,South East
110547,-0.14,-0.48,0.2,51.0,,,,,825.0,E12000008,South East
130607,,,,,,,,,825.0,E12000008,South East
136842,-0.38,-0.65,-0.1,77.0,0.21,0.07,0.35,444.0,826.0,E12000008,South East
145736,-0.25,-0.72,0.22,26.0,0.34,0.15,0.53,245.0,826.0,E12000008,South East
148835,,,,,-0.63,-0.8,-0.46,286.0,826.0,E12000008,South East
137052,0.12,-0.26,0.5,40.0,0.1,-0.06,0.25,354.0,826.0,E12000008,South East
136730,-0.09,-0.44,0.26,47.0,0.04,-0.13,0.22,276.0,826.0,E12000008,South East
110517,-0.17,-0.57,0.23,37.0,-0.06,-0.24,0.11,276.0,826.0,E12000008,South East
136454,-0.39,-0.67,-0.11,75.0,0.33,0.16,0.51,276.0,826.0,E12000008,South East
136844,0.06,-0.26,0.39,54.0,0.38,0.2,0.56,255.0,826.0,E12000008,South East
110532,0.68,-0.05,1.4,11.0,-0.43,-0.63,-0.23,210.0,826.0,E12000008,South East
136468,0.09,-0.18,0.35,84.0,0.6,0.42,0.79,245.0,826.0,E12000008,South East
144776,,,,,,,,,,,
147224,,,,,,,,,,,
130609,,,,,,,,,826.0,E12000008,South East
142741,-0.53,-1.26,0.19,11.0,-0.62,-0.84,-0.41,188.0,830.0,E12000004,East Midlands
141377,0.0,-0.8,0.8,9.0,0.32,0.11,0.54,177.0,830.0,E12000004,East Midlands
142405,,,,,-0.61,-0.87,-0.35,127.0,830.0,E12000004,East Midlands
145500,-0.12,-0.45,0.21,54.0,0.24,0.07,0.41,291.0,830.0,E12000004,East Midlands
146099,-0.16,-0.65,0.33,24.0,-0.31,-0.51,-0.12,217.0,830.0,E12000004,East Midlands
146374,-0.89,-1.47,-0.3,17.0,-0.68,-0.92,-0.45,157.0,830.0,E12000004,East Midlands
147157,-1.39,-2.11,-0.66,11.0,-0.09,-0.28,0.11,219.0,830.0,E12000004,East Midlands
149825,-0.7,-1.61,0.21,7.0,-0.25,-0.44,-0.05,222.0,830.0,E12000004,East Midlands
136716,-0.54,-1.3,0.22,10.0,-0.2,-0.41,0.02,185.0,830.0,E12000004,East Midlands
146451,0.25,-0.26,0.76,22.0,0.55,0.35,0.76,201.0,830.0,E12000004,East Midlands
149364,,,,,-0.12,-0.4,0.15,113.0,830.0,E12000004,East Midlands
148299,0.06,-0.38,0.5,30.0,0.18,-0.03,0.38,198.0,830.0,E12000004,East Midlands
136548,-0.12,-0.59,0.34,27.0,0.19,-0.04,0.41,172.0,830.0,E12000004,East Midlands
136972,-0.28,-0.81,0.24,21.0,-0.25,-0.44,-0.07,239.0,830.0,E12000004,East Midlands
149644,0.32,-0.4,1.05,11.0,0.13,-0.11,0.37,146.0,830.0,E12000004,East Midlands
112969,0.43,0.11,0.75,56.0,0.25,0.08,0.42,296.0,830.0,E12000004,East Midlands
149645,0.19,-0.43,0.81,15.0,-0.35,-0.56,-0.13,180.0,830.0,E12000004,East Midlands
137902,-0.47,-1.0,0.05,21.0,-0.88,-1.09,-0.67,195.0,830.0,E12000004,East Midlands
136505,0.28,-0.03,0.58,63.0,0.4,0.2,0.59,222.0,830.0,E12000004,East Midlands
112989,0.18,-0.49,0.85,13.0,-0.25,-0.46,-0.05,204.0,830.0,E12000004,East Midlands
137606,0.23,-0.24,0.7,26.0,0.18,-0.02,0.38,212.0,830.0,E12000004,East Midlands
145966,-0.42,-1.18,0.34,10.0,0.09,-0.11,0.29,213.0,830.0,E12000004,East Midlands
144069,-0.41,-1.17,0.35,10.0,0.31,0.13,0.49,259.0,830.0,E12000004,East Midlands
112996,0.59,0.17,1.01,33.0,0.34,0.14,0.53,228.0,830.0,E12000004,East Midlands
138470,0.45,0.14,0.76,60.0,0.36,0.15,0.56,196.0,830.0,E12000004,East Midlands
141259,-0.06,-0.7,0.58,14.0,-0.1,-0.37,0.17,119.0,830.0,E12000004,East Midlands
113004,0.52,0.12,0.92,36.0,,,,,830.0,E12000004,East Midlands
113009,0.45,0.07,0.83,40.0,,,,,830.0,E12000004,East Midlands
113003,,,,,,,,,830.0,E12000004,East Midlands
113010,-0.51,-1.27,0.25,10.0,,,,,830.0,E12000004,East Midlands
113021,,,,,,,,,830.0,E12000004,East Midlands
130638,-1.34,-2.19,-0.49,8.0,,,,,830.0,E12000004,East Midlands
143734,-0.07,-0.61,0.47,20.0,-0.52,-0.75,-0.28,158.0,831.0,E12000004,East Midlands
147685,-0.63,-1.49,0.22,8.0,-0.13,-0.48,0.22,70.0,831.0,E12000004,East Midlands
148639,0.1,-0.23,0.42,55.0,-0.03,-0.2,0.14,292.0,831.0,E12000004,East Midlands
145327,-0.24,-0.66,0.19,32.0,0.16,-0.01,0.34,285.0,831.0,E12000004,East Midlands
112956,-0.19,-0.46,0.08,79.0,0.29,0.11,0.46,279.0,831.0,E12000004,East Midlands
138622,0.21,-0.43,0.86,14.0,0.16,-0.04,0.36,220.0,831.0,E12000004,East Midlands
137911,-0.22,-0.64,0.21,32.0,-0.25,-0.44,-0.06,233.0,831.0,E12000004,East Midlands
113017,0.11,-0.8,1.02,7.0,,,,,831.0,E12000004,East Midlands
113028,,,,,,,,,831.0,E12000004,East Midlands
135120,-0.14,-0.48,0.2,50.0,0.46,0.25,0.68,185.0,831.0,E12000004,East Midlands
133585,-0.38,-0.82,0.06,30.0,,,,,831.0,E12000004,East Midlands
141735,-0.45,-1.36,0.46,7.0,-0.18,-0.42,0.07,139.0,838.0,E12000009,South West
147443,-0.25,-0.92,0.42,13.0,-0.8,-0.99,-0.62,246.0,838.0,E12000009,South West
113854,0.26,-0.16,0.69,32.0,0.49,0.3,0.68,228.0,838.0,E12000009,South West
148737,-0.03,-0.53,0.47,23.0,0.41,0.18,0.63,169.0,838.0,E12000009,South West
113863,0.2,-0.29,0.7,24.0,0.4,0.22,0.59,242.0,838.0,E12000009,South West
149657,0.54,-0.37,1.45,7.0,-0.08,-0.36,0.21,104.0,838.0,E12000009,South West
113882,0.04,-0.42,0.51,27.0,-0.21,-0.39,-0.04,274.0,838.0,E12000009,South West
141526,-0.39,-0.84,0.06,29.0,-0.15,-0.3,0.0,380.0,838.0,E12000009,South West
113884,0.11,-0.8,1.02,7.0,-0.05,-0.32,0.22,118.0,838.0,E12000009,South West
113888,-0.21,-0.81,0.39,16.0,-0.29,-0.51,-0.07,175.0,838.0,E12000009,South West
140898,-1.18,-2.09,-0.27,7.0,-0.57,-0.83,-0.32,130.0,838.0,E12000009,South West
138471,-0.11,-0.46,0.24,48.0,-0.25,-0.45,-0.06,228.0,838.0,E12000009,South West
137163,-0.17,-0.39,0.06,115.0,0.43,0.29,0.57,433.0,838.0,E12000009,South West
113901,-0.08,-0.56,0.41,25.0,0.19,-0.04,0.42,164.0,838.0,E12000009,South West
113910,0.77,0.23,1.31,20.0,,,,,838.0,E12000009,South West
113918,0.49,0.08,0.91,34.0,,,,,838.0,E12000009,South West
113912,-0.28,-1.04,0.48,10.0,,,,,838.0,E12000009,South West
113932,-0.77,-1.75,0.21,6.0,,,,,838.0,E12000009,South West
113919,-0.44,-0.94,0.06,23.0,,,,,838.0,E12000009,South West
113920,-0.61,-1.59,0.38,6.0,,,,,838.0,E12000009,South West
146790,,,,,,,,,838.0,E12000009,South West
130653,0.27,-0.71,1.25,6.0,,,,,838.0,E12000009,South West
139711,-0.19,-0.83,0.46,14.0,-0.08,-0.31,0.15,167.0,839.0,E12000009,South West
136649,0.19,-0.12,0.5,60.0,0.16,-0.03,0.34,249.0,839.0,E12000009,South West
113893,0.36,-0.14,0.86,23.0,0.14,-0.08,0.36,174.0,839.0,E12000009,South West
137452,0.01,-0.23,0.24,104.0,0.63,0.4,0.86,161.0,839.0,E12000009,South West
136368,-0.39,-0.8,0.02,35.0,-0.05,-0.28,0.17,166.0,839.0,E12000009,South West
138193,-1.5,-2.05,-0.95,19.0,0.41,0.17,0.65,151.0,839.0,E12000009,South West
136996,-0.56,-0.86,-0.25,61.0,0.23,0.0,0.45,161.0,839.0,E12000009,South West
136763,0.52,0.02,1.02,23.0,-0.11,-0.3,0.09,228.0,839.0,E12000009,South West
150883,0.35,-0.14,0.84,24.0,,,,,839.0,E12000009,South West
137349,0.88,0.4,1.36,25.0,0.27,0.07,0.46,224.0,839.0,E12000009,South West
136850,-0.01,-0.26,0.25,90.0,0.71,0.48,0.95,150.0,839.0,E12000009,South West
136574,-1.01,-1.74,-0.28,11.0,0.12,-0.07,0.31,233.0,839.0,E12000009,South West
113922,-0.01,-0.32,0.29,63.0,,,,,839.0,E12000009,South West
113937,,,,,,,,,839.0,E12000009,South West
113945,0.22,-0.76,1.2,6.0,,,,,839.0,E12000009,South West
148069,,,,,,,,,839.0,E12000009,South West
136120,0.13,-0.51,0.77,14.0,0.1,-0.1,0.3,206.0,839.0,E12000009,South West
136125,-1.74,-2.47,-1.01,11.0,-0.12,-0.37,0.14,133.0,839.0,E12000009,South West
137638,-1.07,-1.76,-0.37,12.0,-0.34,-0.52,-0.16,267.0,840.0,E12000001,North East
142894,1.07,0.43,1.72,14.0,-0.44,-0.73,-0.14,96.0,840.0,E12000001,North East
144496,0.39,-0.52,1.3,7.0,0.1,-0.17,0.37,118.0,840.0,E12000001,North East
147531,0.22,-0.58,1.02,9.0,-0.13,-0.35,0.09,179.0,840.0,E12000001,North East
136971,0.25,-0.35,0.85,16.0,-0.3,-0.49,-0.11,229.0,840.0,E12000001,North East
136770,0.52,-0.39,1.43,7.0,-0.38,-0.62,-0.14,148.0,840.0,E12000001,North East
137696,-1.03,-1.73,-0.34,12.0,-0.49,-0.68,-0.3,236.0,840.0,E12000001,North East
150012,0.09,-0.1,0.28,155.0,,,,,840.0,E12000001,North East
114312,0.31,0.03,0.59,74.0,0.25,0.07,0.44,250.0,840.0,E12000001,North East
137702,-0.41,-0.99,0.18,17.0,-0.08,-0.28,0.12,212.0,840.0,E12000001,North East
143583,-0.17,-0.62,0.28,29.0,0.36,0.15,0.56,209.0,840.0,E12000001,North East
148304,-0.67,-1.52,0.18,8.0,0.11,-0.14,0.36,137.0,840.0,E12000001,North East
138172,0.08,-0.49,0.65,18.0,0.27,0.08,0.46,232.0,840.0,E12000001,North East
114331,0.14,-0.59,0.87,11.0,,,,,840.0,E12000001,North East
114336,1.17,0.47,1.86,12.0,,,,,840.0,E12000001,North East
114330,,,,,,,,,840.0,E12000001,North East
130659,,,,,,,,,840.0,E12000001,North East
131859,-1.36,-1.8,-0.91,29.0,-2.03,-2.33,-1.74,97.0,840.0,E12000001,North East
137622,0.3,-0.15,0.76,28.0,0.33,0.12,0.53,208.0,841.0,E12000001,North East
150514,-0.27,-0.46,-0.07,149.0,,,,,841.0,E12000001,North East
139821,0.69,-0.16,1.54,8.0,-0.59,-0.78,-0.4,245.0,845.0,E12000008,South East
137982,0.0,-0.4,0.4,36.0,0.76,0.57,0.95,241.0,845.0,E12000008,South East
138472,-0.12,-0.92,0.69,9.0,-0.64,-0.85,-0.43,193.0,845.0,E12000008,South East
114587,-0.03,-0.4,0.35,41.0,0.14,-0.07,0.34,200.0,845.0,E12000008,South East
138473,0.57,0.11,1.04,27.0,0.57,0.38,0.77,222.0,845.0,E12000008,South East
114590,0.46,0.05,0.87,35.0,0.17,-0.01,0.35,266.0,845.0,E12000008,South East
148945,0.59,-0.32,1.5,7.0,-0.23,-0.49,0.03,127.0,845.0,E12000008,South East
114640,0.68,-0.12,1.49,9.0,,,,,845.0,E12000008,South East
114650,-0.06,-0.43,0.31,42.0,,,,,845.0,E12000008,South East
114659,,,,,,,,,845.0,E12000008,South East
114622,0.09,-0.45,0.63,20.0,,,,,845.0,E12000008,South East
114656,,,,,,,,,845.0,E12000008,South East
114634,-0.22,-1.02,0.58,9.0,,,,,845.0,E12000008,South East
114627,0.13,-0.46,0.71,17.0,,,,,845.0,E12000008,South East
114625,-1.42,-2.18,-0.65,10.0,,,,,845.0,E12000008,South East
130665,-0.73,-1.04,-0.43,63.0,,,,,845.0,E12000008,South East
130670,-0.2,-0.41,0.02,127.0,,,,,845.0,E12000008,South East
139409,0.08,-0.83,0.99,7.0,0.75,0.52,0.99,155.0,846.0,E12000008,South East
114611,0.79,0.51,1.07,74.0,0.48,0.33,0.64,341.0,846.0,E12000008,South East
114616,-0.36,-0.81,0.09,29.0,,,,,846.0,E12000008,South East
114614,0.33,0.12,0.54,126.0,,,,,846.0,E12000008,South East
136947,,,,,,,,,846.0,E12000008,South East
143046,,,,,,,,,846.0,E12000008,South East
149337,0.17,-0.4,0.73,18.0,,,,,846.0,E12000008,South East
130668,0.45,0.2,0.71,88.0,,,,,846.0,E12000008,South East
130669,0.49,0.38,0.59,523.0,,,,,846.0,E12000008,South East
116433,0.37,-0.16,0.9,21.0,0.4,0.2,0.61,196.0,850.0,E12000008,South East
136719,0.35,-0.09,0.79,30.0,0.11,-0.14,0.36,138.0,850.0,E12000008,South East
136652,,,,,-1.04,-1.28,-0.8,149.0,850.0,E12000008,South East
136657,0.25,-0.13,0.63,40.0,0.43,0.25,0.62,248.0,850.0,E12000008,South East
136643,0.44,0.0,0.89,29.0,0.39,0.22,0.56,293.0,850.0,E12000008,South East
137791,0.51,0.05,0.98,27.0,0.07,-0.09,0.23,335.0,850.0,E12000008,South East
137345,-0.73,-1.27,-0.19,20.0,0.0,-0.2,0.2,208.0,850.0,E12000008,South East
116527,-0.27,-0.87,0.33,16.0,,,,,850.0,E12000008,South East
116513,,,,,,,,,850.0,E12000008,South East
116517,0.34,-0.26,0.95,16.0,,,,,850.0,E12000008,South East
116543,-0.24,-0.74,0.25,24.0,,,,,850.0,E12000008,South East
116515,0.73,0.09,1.38,14.0,,,,,850.0,E12000008,South East
116532,0.33,0.11,0.55,121.0,,,,,850.0,E12000008,South East
116534,0.35,-0.14,0.84,24.0,,,,,850.0,E12000008,South East
116579,0.34,0.06,0.62,74.0,,,,,850.0,E12000008,South East
116521,0.79,0.31,1.27,25.0,,,,,850.0,E12000008,South East
134769,,,,,,,,,850.0,E12000008,South East
130689,-1.2,-1.96,-0.44,10.0,,,,,850.0,E12000008,South East
130690,-0.42,-0.73,-0.11,61.0,,,,,850.0,E12000008,South East
130695,-0.03,-0.26,0.21,105.0,,,,,850.0,E12000008,South East
130698,-0.73,-1.53,0.07,9.0,,,,,850.0,E12000008,South East
145175,0.35,0.16,0.55,155.0,,,,,850.0,E12000008,South East
130701,0.18,0.08,0.28,562.0,,,,,850.0,E12000008,South East
130702,,,,,,,,,,,
145057,0.72,0.62,0.83,504.0,,,,,850.0,E12000008,South East
130708,0.01,-0.08,0.11,630.0,,,,,850.0,E12000008,South East
143430,-0.42,-0.7,-0.15,79.0,0.14,-0.14,0.42,110.0,851.0,E12000008,South East
116583,0.45,0.16,0.74,68.0,,,,,851.0,E12000008,South East
130697,0.12,-0.2,0.43,59.0,,,,,851.0,E12000008,South East
116458,-0.25,-1.05,0.55,9.0,-0.3,-0.45,-0.15,379.0,852.0,E12000008,South East
138476,0.01,-0.55,0.56,19.0,0.41,0.2,0.62,193.0,852.0,E12000008,South East
116580,0.73,0.4,1.06,52.0,,,,,852.0,E12000008,South East
130704,0.42,-0.13,0.97,19.0,,,,,852.0,E12000008,South East
145228,-0.74,-1.36,-0.11,15.0,,,,,852.0,E12000008,South East
137161,0.19,-0.23,0.61,33.0,0.29,0.06,0.52,164.0,855.0,E12000004,East Midlands
141874,-0.73,-1.53,0.07,9.0,0.42,0.03,0.8,57.0,855.0,E12000004,East Midlands
145158,-0.08,-0.43,0.26,49.0,,,,,855.0,E12000004,East Midlands
147902,-0.38,-0.83,0.08,28.0,-0.15,-0.35,0.05,216.0,855.0,E12000004,East Midlands
140787,,,,,-0.29,-0.51,-0.07,178.0,855.0,E12000004,East Midlands
138894,0.27,-0.18,0.72,29.0,,,,,855.0,E12000004,East Midlands
138478,0.95,-0.03,1.93,6.0,-0.15,-0.37,0.07,178.0,855.0,E12000004,East Midlands
148417,-0.12,-0.49,0.25,43.0,-0.26,-0.51,-0.01,136.0,855.0,E12000004,East Midlands
148549,0.04,-0.26,0.34,64.0,-0.22,-0.37,-0.06,335.0,855.0,E12000004,East Midlands
139624,0.23,0.04,0.42,167.0,0.56,0.39,0.73,289.0,855.0,E12000004,East Midlands
137969,0.39,0.07,0.7,58.0,0.15,-0.04,0.34,244.0,855.0,E12000004,East Midlands
137983,-0.19,-0.7,0.32,22.0,-0.41,-0.68,-0.13,110.0,855.0,E12000004,East Midlands
138323,-0.6,-0.98,-0.22,40.0,0.13,-0.06,0.32,235.0,855.0,E12000004,East Midlands
149271,-0.62,-1.16,-0.08,20.0,-0.06,-0.29,0.18,154.0,855.0,E12000004,East Midlands
138150,-0.4,-0.73,-0.06,51.0,0.0,-0.19,0.19,238.0,855.0,E12000004,East Midlands
137640,0.16,-0.17,0.49,53.0,0.0,-0.19,0.19,239.0,855.0,E12000004,East Midlands
138298,-0.11,-0.52,0.3,35.0,0.71,0.5,0.91,205.0,855.0,E12000004,East Midlands
120316,1.18,0.59,1.76,17.0,,,,,855.0,E12000004,East Midlands
120339,,,,,,,,,855.0,E12000004,East Midlands
120341,,,,,,,,,855.0,E12000004,East Midlands
120331,-0.1,-0.7,0.5,16.0,,,,,855.0,E12000004,East Midlands
120317,,,,,,,,,855.0,E12000004,East Midlands
120333,-0.19,-0.69,0.31,23.0,,,,,855.0,E12000004,East Midlands
120332,0.24,-0.06,0.55,62.0,,,,,855.0,E12000004,East Midlands
120334,0.32,0.03,0.61,70.0,,,,,855.0,E12000004,East Midlands
135185,,,,,,,,,855.0,E12000004,East Midlands
135217,,,,,,,,,855.0,E12000004,East Midlands
138156,,,,,-1.28,-1.97,-0.59,18.0,855.0,E12000004,East Midlands
130748,-0.81,-1.0,-0.63,174.0,,,,,855.0,E12000004,East Midlands
147837,-0.11,-0.25,0.03,279.0,,,,,856.0,E12000004,East Midlands
148878,-0.04,-0.42,0.34,41.0,0.42,0.25,0.6,276.0,856.0,E12000004,East Midlands
146196,0.13,-0.45,0.72,17.0,0.05,-0.17,0.26,182.0,856.0,E12000004,East Midlands
146232,0.03,-0.41,0.46,31.0,0.23,0.01,0.46,173.0,856.0,E12000004,East Midlands
120345,,,,,,,,,856.0,E12000004,East Midlands
120324,-0.39,-1.2,0.41,9.0,,,,,856.0,E12000004,East Midlands
137561,,,,,,,,,856.0,E12000004,East Midlands
147756,-0.88,-1.35,-0.4,26.0,,,,,856.0,E12000004,East Midlands
130756,-0.44,-0.6,-0.29,241.0,,,,,856.0,E12000004,East Midlands
141965,-0.35,-0.63,-0.07,75.0,,,,,857.0,E12000004,East Midlands
120322,-0.1,-0.5,0.3,36.0,,,,,857.0,E12000004,East Midlands
120320,0.1,-0.22,0.41,59.0,,,,,857.0,E12000004,East Midlands
137100,-0.51,-1.28,0.25,10.0,-0.37,-0.57,-0.17,206.0,860.0,E12000005,West Midlands
141342,,,,,0.11,-0.17,0.38,113.0,860.0,E12000005,West Midlands
141343,-0.19,-0.95,0.57,10.0,-0.03,-0.25,0.2,171.0,860.0,E12000005,West Midlands
141491,-0.06,-0.49,0.36,32.0,,,,,860.0,E12000005,West Midlands
148402,,,,,-0.71,-0.96,-0.45,132.0,860.0,E12000005,West Midlands
145889,-0.13,-0.64,0.39,22.0,-0.24,-0.44,-0.04,217.0,860.0,E12000005,West Midlands
149328,,,,,-0.51,-0.76,-0.26,136.0,860.0,E12000005,West Midlands
147574,0.0,-0.76,0.76,10.0,-0.87,-1.11,-0.63,147.0,860.0,E12000005,West Midlands
124392,,,,,-0.43,-0.72,-0.14,102.0,860.0,E12000005,West Midlands
136323,0.3,-0.2,0.8,23.0,0.21,0.02,0.4,231.0,860.0,E12000005,West Midlands
124395,,,,,-0.56,-0.89,-0.23,77.0,860.0,E12000005,West Midlands
149376,-0.19,-0.89,0.5,12.0,-0.1,-0.31,0.12,186.0,860.0,E12000005,West Midlands
142313,-0.5,-1.02,0.01,22.0,0.08,-0.12,0.28,209.0,860.0,E12000005,West Midlands
124400,0.17,-0.37,0.71,20.0,0.16,-0.02,0.34,259.0,860.0,E12000005,West Midlands
142755,-0.34,-0.84,0.16,23.0,0.12,-0.1,0.33,185.0,860.0,E12000005,West Midlands
124408,0.15,-0.15,0.45,64.0,0.31,0.12,0.49,242.0,860.0,E12000005,West Midlands
146493,,,,,-0.66,-0.95,-0.37,103.0,860.0,E12000005,West Midlands
145381,0.23,-0.26,0.72,24.0,0.24,0.04,0.44,207.0,860.0,E12000005,West Midlands
142987,-0.28,-0.69,0.14,34.0,-0.25,-0.45,-0.04,202.0,860.0,E12000005,West Midlands
140123,-0.51,-1.02,0.0,22.0,0.02,-0.17,0.21,247.0,860.0,E12000005,West Midlands
146907,-0.27,-0.75,0.22,25.0,0.36,0.15,0.56,199.0,860.0,E12000005,West Midlands
146443,-0.7,-1.24,-0.17,20.0,-0.28,-0.48,-0.08,207.0,860.0,E12000005,West Midlands
137356,-0.06,-0.72,0.61,13.0,-0.58,-0.79,-0.37,195.0,860.0,E12000005,West Midlands
144002,-0.3,-0.73,0.14,31.0,-0.41,-0.6,-0.22,234.0,860.0,E12000005,West Midlands
136414,-0.91,-1.21,-0.62,66.0,0.44,0.29,0.59,386.0,860.0,E12000005,West Midlands
143899,-0.91,-1.67,-0.15,10.0,-0.48,-0.67,-0.29,238.0,860.0,E12000005,West Midlands
142983,,,,,-0.13,-0.35,0.09,172.0,860.0,E12000005,West Midlands
137553,0.09,-0.67,0.85,10.0,-0.26,-0.5,-0.03,156.0,860.0,E12000005,West Midlands
124449,-0.52,-1.22,0.17,12.0,-0.33,-0.59,-0.06,125.0,860.0,E12000005,West Midlands
142193,-0.26,-0.81,0.3,19.0,0.05,-0.18,0.27,163.0,860.0,E12000005,West Midlands
138729,-0.1,-0.52,0.32,33.0,0.07,-0.13,0.28,203.0,860.0,E12000005,West Midlands
140802,-0.14,-0.76,0.48,15.0,-0.25,-0.46,-0.03,185.0,860.0,E12000005,West Midlands
137384,,,,,-0.55,-0.78,-0.32,162.0,860.0,E12000005,West Midlands
149989,-0.88,-1.58,-0.19,12.0,-0.17,-0.43,0.08,129.0,860.0,E12000005,West Midlands
136886,-0.57,-1.19,0.05,15.0,0.13,-0.08,0.34,184.0,860.0,E12000005,West Midlands
124473,0.22,-0.2,0.63,34.0,,,,,860.0,E12000005,West Midlands
124471,,,,,,,,,860.0,E12000005,West Midlands
124486,-0.3,-1.06,0.46,10.0,,,,,860.0,E12000005,West Midlands
124489,0.28,-0.44,1.01,11.0,,,,,860.0,E12000005,West Midlands
124474,-0.06,-0.78,0.67,11.0,,,,,860.0,E12000005,West Midlands
124487,-0.03,-0.57,0.51,20.0,,,,,860.0,E12000005,West Midlands
139234,0.14,-0.35,0.63,24.0,0.34,0.15,0.54,213.0,860.0,E12000005,West Midlands
130812,-0.09,-0.34,0.16,92.0,,,,,860.0,E12000005,West Midlands
135658,,,,,,,,,860.0,E12000005,West Midlands
140149,-0.61,-1.33,0.12,11.0,-0.36,-0.57,-0.15,196.0,861.0,E12000005,West Midlands
140304,,,,,-0.14,-0.35,0.07,193.0,861.0,E12000005,West Midlands
136460,-0.83,-1.1,-0.57,82.0,0.35,0.11,0.59,144.0,861.0,E12000005,West Midlands
145003,0.26,0.04,0.48,120.0,,,,,861.0,E12000005,West Midlands
131969,0.77,0.15,1.39,15.0,-0.13,-0.37,0.1,153.0,865.0,E12000009,South West
138885,0.22,-0.63,1.08,8.0,-0.2,-0.43,0.04,154.0,865.0,E12000009,South West
140621,0.28,-0.34,0.9,15.0,,,,,865.0,E12000009,South West
146344,-0.25,-0.92,0.41,13.0,-0.06,-0.26,0.13,220.0,865.0,E12000009,South West
137308,0.22,-0.18,0.63,36.0,0.3,0.11,0.48,240.0,865.0,E12000009,South West
136611,-0.53,-1.02,-0.04,24.0,-0.03,-0.25,0.18,190.0,865.0,E12000009,South West
136911,-0.03,-0.41,0.35,40.0,0.26,0.08,0.44,263.0,865.0,E12000009,South West
137230,0.25,-0.22,0.72,26.0,0.06,-0.11,0.24,267.0,865.0,E12000009,South West
138020,0.27,-0.64,1.18,7.0,-0.15,-0.35,0.05,212.0,865.0,E12000009,South West
137057,0.05,-0.33,0.43,40.0,0.28,0.08,0.47,214.0,865.0,E12000009,South West
137375,0.06,-0.48,0.6,20.0,0.09,-0.15,0.33,147.0,865.0,E12000009,South West
136632,0.39,-0.04,0.82,32.0,0.12,-0.05,0.3,264.0,865.0,E12000009,South West
138623,0.01,-0.33,0.35,51.0,0.21,0.02,0.4,237.0,865.0,E12000009,South West
137650,-0.07,-0.8,0.65,11.0,-0.13,-0.38,0.12,139.0,865.0,E12000009,South West
138630,0.3,-0.46,1.07,10.0,0.41,0.2,0.63,186.0,865.0,E12000009,South West
136391,0.33,0.03,0.64,62.0,0.73,0.48,0.98,134.0,865.0,E12000009,South West
136500,0.22,-0.02,0.46,99.0,0.68,0.43,0.94,129.0,865.0,E12000009,South West
136296,0.29,-0.07,0.66,44.0,0.04,-0.15,0.23,230.0,865.0,E12000009,South West
126510,0.73,-0.07,1.53,9.0,0.16,-0.09,0.42,131.0,865.0,E12000009,South West
126512,,,,,,,,,865.0,E12000009,South West
126519,,,,,,,,,865.0,E12000009,South West
126532,-0.37,-0.72,-0.03,48.0,,,,,865.0,E12000009,South West
126522,0.43,-0.37,1.23,9.0,,,,,865.0,E12000009,South West
126516,-0.15,-0.45,0.15,64.0,,,,,865.0,E12000009,South West
126513,0.62,0.02,1.23,16.0,,,,,865.0,E12000009,South West
135804,,,,,-0.05,-0.28,0.18,167.0,865.0,E12000009,South West
132779,,,,,,,,,865.0,E12000009,South West
145155,-1.69,-2.45,-0.93,10.0,-0.85,-1.22,-0.48,62.0,866.0,E12000009,South West
145883,0.05,-0.46,0.56,22.0,0.23,-0.01,0.48,147.0,866.0,E12000009,South West
137264,0.06,-0.61,0.72,13.0,-0.06,-0.27,0.16,190.0,866.0,E12000009,South West
137190,-0.17,-0.62,0.27,29.0,-0.05,-0.26,0.17,185.0,866.0,E12000009,South West
137160,-0.07,-0.41,0.28,48.0,0.52,0.34,0.7,262.0,866.0,E12000009,South West
135364,-0.53,-1.26,0.2,11.0,0.54,0.32,0.76,171.0,866.0,E12000009,South West
130851,-0.38,-0.68,-0.07,61.0,,,,,866.0,E12000009,South West
142577,-0.3,-1.03,0.42,11.0,-0.05,-0.26,0.16,197.0,867.0,E12000008,South East
145892,-0.62,-1.14,-0.09,21.0,0.13,-0.12,0.37,140.0,867.0,E12000008,South East
145244,0.69,0.32,1.06,43.0,0.32,0.13,0.51,225.0,867.0,E12000008,South East
110069,-0.03,-0.51,0.45,25.0,-0.15,-0.35,0.05,214.0,867.0,E12000008,South East
149365,0.02,-0.79,0.82,9.0,-0.12,-0.37,0.12,147.0,867.0,E12000008,South East
137267,0.19,-0.21,0.59,36.0,0.48,0.25,0.71,167.0,867.0,E12000008,South East
110117,-0.73,-1.58,0.13,8.0,,,,,867.0,E12000008,South East
110125,0.09,-0.23,0.4,60.0,,,,,867.0,E12000008,South East
110159,0.01,-0.52,0.53,21.0,,,,,867.0,E12000008,South East
138879,0.62,-0.14,1.38,10.0,0.3,0.07,0.53,160.0,868.0,E12000008,South East
139971,-0.52,-0.93,-0.12,36.0,0.06,-0.32,0.44,59.0,868.0,E12000008,South East
138823,0.01,-0.32,0.34,53.0,0.24,0.06,0.42,258.0,868.0,E12000008,South East
142357,-0.16,-0.59,0.28,30.0,0.45,0.23,0.67,173.0,868.0,E12000008,South East
141844,0.42,0.06,0.78,44.0,0.43,0.23,0.63,206.0,868.0,E12000008,South East
141852,-0.57,-1.13,-0.02,19.0,-0.37,-0.58,-0.16,193.0,868.0,E12000008,South East
137740,0.09,-0.28,0.46,42.0,0.25,0.05,0.46,200.0,868.0,E12000008,South East
137695,0.3,-0.2,0.8,23.0,-0.31,-0.52,-0.09,188.0,868.0,E12000008,South East
133580,-0.48,-1.25,0.28,10.0,0.06,-0.28,0.39,75.0,868.0,E12000008,South East
138342,-0.51,-1.49,0.48,6.0,0.06,-0.26,0.38,83.0,868.0,E12000008,South East
110119,,,,,,,,,868.0,E12000008,South East
110120,-0.05,-0.61,0.5,19.0,,,,,868.0,E12000008,South East
110152,,,,,,,,,868.0,E12000008,South East
110153,0.11,-0.44,0.67,19.0,,,,,868.0,E12000008,South East
110158,-0.03,-0.22,0.16,162.0,,,,,868.0,E12000008,South East
145945,0.07,-0.92,1.05,6.0,-0.22,-0.51,0.07,102.0,869.0,E12000008,South East
149435,,,,,0.73,0.51,0.96,166.0,869.0,E12000008,South East
110048,0.34,-0.04,0.72,41.0,0.07,-0.14,0.28,187.0,869.0,E12000008,South East
136647,0.3,-0.04,0.64,49.0,0.17,0.01,0.33,315.0,869.0,E12000008,South East
110063,-0.42,-0.77,-0.07,47.0,-0.2,-0.38,-0.01,253.0,869.0,E12000008,South East
138525,-0.2,-0.87,0.47,13.0,-0.14,-0.35,0.07,184.0,869.0,E12000008,South East
137465,-0.05,-0.29,0.19,100.0,0.3,0.11,0.48,251.0,869.0,E12000008,South East
137777,0.11,-0.53,0.76,14.0,0.18,-0.04,0.39,188.0,869.0,E12000008,South East
110102,0.51,0.2,0.83,60.0,0.43,0.22,0.64,194.0,869.0,E12000008,South East
110121,0.28,-0.15,0.7,32.0,,,,,869.0,E12000008,South East
110123,0.25,-0.16,0.66,34.0,,,,,869.0,E12000008,South East
110128,,,,,,,,,869.0,E12000008,South East
110132,0.27,-0.53,1.07,9.0,,,,,869.0,E12000008,South East
110169,,,,,,,,,869.0,E12000008,South East
110180,,,,,0.97,0.28,1.66,18.0,869.0,E12000008,South East
139268,-0.41,-0.74,-0.08,54.0,0.07,-0.24,0.38,89.0,870.0,E12000008,South East
142121,-0.63,-1.27,0.02,14.0,-0.14,-0.37,0.09,160.0,870.0,E12000008,South East
136307,0.31,-0.02,0.65,51.0,0.41,0.23,0.59,250.0,870.0,E12000008,South East
136449,0.07,-0.11,0.26,166.0,0.99,0.74,1.25,131.0,870.0,E12000008,South East
136876,0.0,-0.91,0.91,7.0,-0.17,-0.39,0.05,175.0,870.0,E12000008,South East
110107,-0.63,-1.49,0.22,8.0,-0.29,-0.53,-0.06,155.0,870.0,E12000008,South East
136448,-0.06,-0.29,0.17,111.0,1.08,0.77,1.38,90.0,870.0,E12000008,South East
110109,-0.24,-0.89,0.4,14.0,,,,,870.0,E12000008,South East
110110,-0.01,-0.47,0.46,27.0,,,,,870.0,E12000008,South East
110111,1.27,0.69,1.86,17.0,,,,,870.0,E12000008,South East
110165,0.19,-0.24,0.61,32.0,,,,,870.0,E12000008,South East
130247,-0.87,-1.78,0.04,7.0,-0.39,-0.65,-0.13,124.0,870.0,E12000008,South East
141009,-0.03,-0.5,0.44,26.0,-0.06,-0.29,0.16,163.0,871.0,E12000008,South East
137259,,,,,0.2,-0.04,0.44,148.0,871.0,E12000008,South East
110078,-0.28,-0.9,0.34,15.0,-0.72,-0.97,-0.47,132.0,871.0,E12000008,South East
137287,-0.92,-1.27,-0.57,48.0,-0.15,-0.37,0.07,176.0,871.0,E12000008,South East
110084,-0.04,-0.29,0.2,97.0,0.86,0.63,1.1,151.0,871.0,E12000008,South East
143803,-0.43,-0.96,0.09,21.0,0.27,0.03,0.51,146.0,871.0,E12000008,South East
136521,0.37,0.16,0.58,126.0,0.72,0.5,0.94,175.0,871.0,E12000008,South East
137726,0.0,-0.24,0.24,101.0,0.66,0.42,0.9,144.0,871.0,E12000008,South East
136420,-0.15,-0.37,0.07,122.0,0.8,0.56,1.03,156.0,871.0,E12000008,South East
138012,-0.77,-1.22,-0.32,29.0,0.26,0.06,0.46,218.0,871.0,E12000008,South East
135631,-0.13,-0.51,0.25,40.0,0.54,0.31,0.76,170.0,871.0,E12000008,South East
130604,-0.37,-0.61,-0.13,102.0,,,,,871.0,E12000008,South East
136880,0.04,-0.27,0.36,58.0,0.69,0.49,0.89,217.0,872.0,E12000008,South East
145286,0.24,-0.15,0.64,37.0,0.68,0.47,0.89,193.0,872.0,E12000008,South East
148453,0.88,0.47,1.29,34.0,0.21,0.0,0.43,177.0,872.0,E12000008,South East
139853,-0.72,-1.37,-0.08,14.0,-0.15,-0.45,0.15,94.0,872.0,E12000008,South East
149611,0.08,-0.33,0.5,33.0,,,,,872.0,E12000008,South East
136637,0.16,-0.08,0.4,99.0,0.58,0.39,0.76,254.0,872.0,E12000008,South East
142166,0.01,-0.38,0.4,38.0,0.42,0.22,0.61,217.0,872.0,E12000008,South East
136891,0.23,-0.06,0.53,67.0,0.73,0.52,0.94,198.0,872.0,E12000008,South East
110136,-0.02,-0.39,0.34,43.0,,,,,872.0,E12000008,South East
110137,0.05,-0.71,0.82,10.0,,,,,872.0,E12000008,South East
110151,-0.22,-0.52,0.08,63.0,,,,,872.0,E12000008,South East
137867,-0.08,-0.63,0.47,19.0,0.02,-0.18,0.21,222.0,873.0,E12000006,East of England
139272,,,,,-0.33,-0.52,-0.15,241.0,873.0,E12000006,East of England
140265,-0.23,-0.68,0.22,29.0,0.92,0.59,1.24,81.0,873.0,E12000006,East of England
142035,-0.3,-1.07,0.46,10.0,0.27,0.03,0.52,143.0,873.0,E12000006,East of England
143404,-1.31,-2.11,-0.5,9.0,0.8,0.61,0.99,236.0,873.0,E12000006,East of England
149596,0.97,0.58,1.37,37.0,,,,,873.0,E12000006,East of England
136887,-0.16,-0.65,0.34,24.0,0.92,0.71,1.14,185.0,873.0,E12000006,East of England
138177,0.15,-0.49,0.79,14.0,0.01,-0.18,0.2,235.0,873.0,E12000006,East of England
138053,-0.65,-1.19,-0.11,20.0,-0.61,-0.83,-0.39,174.0,873.0,E12000006,East of England
137305,-0.13,-0.62,0.36,24.0,0.01,-0.17,0.19,265.0,873.0,E12000006,East of England
137475,-0.01,-0.39,0.36,42.0,0.33,0.16,0.5,286.0,873.0,E12000006,East of England
137377,0.2,-0.65,1.05,8.0,0.16,-0.08,0.39,157.0,873.0,E12000006,East of England
136974,0.64,0.0,1.29,14.0,0.56,0.33,0.8,151.0,873.0,E12000006,East of England
136463,0.3,-0.02,0.62,56.0,0.45,0.27,0.63,267.0,873.0,E12000006,East of England
136992,0.06,-0.4,0.51,28.0,0.35,0.17,0.53,276.0,873.0,E12000006,East of England
137248,-1.05,-1.6,-0.5,19.0,-0.13,-0.33,0.06,224.0,873.0,E12000006,East of England
110912,-0.25,-0.87,0.37,15.0,,,,,873.0,E12000006,East of England
110914,0.13,-0.26,0.51,39.0,,,,,873.0,E12000006,East of England
110916,0.43,0.0,0.85,32.0,,,,,873.0,E12000006,East of England
110923,0.29,0.07,0.51,123.0,,,,,873.0,E12000006,East of England
110924,0.01,-0.35,0.37,44.0,,,,,873.0,E12000006,East of England
110925,0.59,0.21,0.97,40.0,,,,,873.0,E12000006,East of England
110926,-0.26,-0.89,0.36,15.0,,,,,873.0,E12000006,East of England
110930,0.77,0.27,1.27,23.0,,,,,873.0,E12000006,East of England
110932,-0.78,-1.51,-0.06,11.0,,,,,873.0,E12000006,East of England
110935,,,,,,,,,873.0,E12000006,East of England
136083,0.29,-0.21,0.79,23.0,,,,,873.0,E12000006,East of England
149027,1.08,0.17,1.99,7.0,,,,,873.0,E12000006,East of England
130610,,,,,,,,,873.0,E12000006,East of England
130615,0.18,0.09,0.27,718.0,,,,,873.0,E12000006,East of England
151132,-0.31,-0.52,-0.1,131.0,,,,,873.0,E12000006,East of England
137082,-0.01,-0.48,0.46,26.0,-0.2,-0.4,0.0,214.0,874.0,E12000006,East of England
137880,-0.77,-1.26,-0.28,24.0,0.39,0.18,0.59,202.0,874.0,E12000006,East of England
142902,-1.34,-2.01,-0.68,13.0,-0.29,-0.61,0.02,84.0,874.0,E12000006,East of England
143641,-0.52,-1.02,-0.02,23.0,0.11,-0.09,0.32,201.0,874.0,E12000006,East of England
145051,0.21,-0.7,1.12,7.0,-0.51,-0.71,-0.3,208.0,874.0,E12000006,East of England
149236,,,,,0.07,-0.14,0.27,199.0,874.0,E12000006,East of England
141300,0.47,0.01,0.94,27.0,-0.27,-0.48,-0.06,194.0,874.0,E12000006,East of England
136398,-0.03,-0.3,0.23,82.0,0.43,0.21,0.65,169.0,874.0,E12000006,East of England
145271,0.47,-0.17,1.12,14.0,0.04,-0.13,0.2,296.0,874.0,E12000006,East of England
110907,-0.77,-1.44,-0.11,13.0,0.52,0.26,0.79,122.0,874.0,E12000006,East of England
136266,0.36,-0.16,0.87,22.0,0.08,-0.11,0.26,246.0,874.0,E12000006,East of England
110910,0.03,-0.66,0.73,12.0,,,,,874.0,E12000006,East of England
135263,-0.42,-0.96,0.12,20.0,-0.01,-0.18,0.16,302.0,874.0,E12000006,East of England
135980,0.12,-0.48,0.72,16.0,0.33,0.1,0.55,168.0,874.0,E12000006,East of England
130613,-0.48,-1.11,0.14,15.0,,,,,874.0,E12000006,East of England
136185,-1.06,-2.04,-0.07,6.0,-0.75,-0.97,-0.53,181.0,876.0,E12000002,North West
130622,0.2,0.0,0.4,148.0,,,,,876.0,E12000002,North West
142899,,,,,-0.91,-1.21,-0.62,96.0,877.0,E12000002,North West
139152,-0.1,-0.51,0.31,35.0,-0.39,-0.55,-0.24,342.0,877.0,E12000002,North West
138732,-0.05,-0.36,0.27,58.0,0.69,0.53,0.86,306.0,877.0,E12000002,North West
144782,-0.15,-0.44,0.13,70.0,,,,,877.0,E12000002,North West
139553,0.28,-0.48,1.04,10.0,0.46,0.24,0.69,166.0,878.0,E12000009,South West
136646,-0.18,-0.75,0.39,18.0,0.37,0.15,0.58,190.0,878.0,E12000009,South West
136912,-0.79,-1.46,-0.12,13.0,-0.22,-0.5,0.05,116.0,878.0,E12000009,South West
136673,-0.07,-0.65,0.51,17.0,0.26,0.04,0.49,165.0,878.0,E12000009,South West
140971,0.72,0.4,1.03,59.0,,,,,878.0,E12000009,South West
136638,,,,,-0.01,-0.24,0.21,171.0,878.0,E12000009,South West
149602,-0.11,-1.09,0.87,6.0,0.03,-0.21,0.28,142.0,878.0,E12000009,South West
136612,-0.58,-1.08,-0.08,23.0,-0.47,-0.63,-0.32,354.0,878.0,E12000009,South West
142540,0.36,-0.17,0.88,21.0,-0.03,-0.22,0.17,226.0,878.0,E12000009,South West
136569,0.72,0.16,1.29,18.0,0.04,-0.24,0.32,108.0,878.0,E12000009,South West
149247,0.19,-0.62,0.99,9.0,-0.14,-0.39,0.12,130.0,878.0,E12000009,South West
136367,0.31,-0.27,0.89,17.0,-0.2,-0.42,0.01,184.0,878.0,E12000009,South West
137176,-0.43,-1.34,0.48,7.0,-0.15,-0.43,0.12,111.0,878.0,E12000009,South West
136495,0.48,-0.5,1.47,6.0,-0.37,-0.6,-0.15,167.0,878.0,E12000009,South West
145336,0.25,-0.15,0.64,37.0,-0.27,-0.46,-0.08,231.0,878.0,E12000009,South West
145337,0.14,-0.55,0.84,12.0,-0.04,-0.23,0.16,221.0,878.0,E12000009,South West
136336,0.64,0.33,0.96,59.0,0.48,0.34,0.63,390.0,878.0,E12000009,South West
136366,-0.09,-0.35,0.18,82.0,0.7,0.44,0.95,134.0,878.0,E12000009,South West
136494,,,,,-0.35,-0.58,-0.12,159.0,878.0,E12000009,South West
137124,0.09,-0.67,0.85,10.0,-0.35,-0.53,-0.16,237.0,878.0,E12000009,South West
113573,-0.24,-0.77,0.28,21.0,,,,,878.0,E12000009,South West
113574,,,,,,,,,878.0,E12000009,South West
113575,-0.55,-0.99,-0.11,30.0,,,,,878.0,E12000009,South West
113579,,,,,,,,,878.0,E12000009,South West
113604,-0.43,-1.34,0.48,7.0,,,,,878.0,E12000009,South West
113605,,,,,,,,,878.0,E12000009,South West
113606,0.45,-0.11,1.02,18.0,,,,,878.0,E12000009,South West
113607,-0.04,-0.37,0.29,53.0,,,,,878.0,E12000009,South West
113608,0.06,-0.71,0.82,10.0,,,,,878.0,E12000009,South West
130645,0.13,-0.02,0.28,260.0,,,,,878.0,E12000009,South West
130646,-0.6,-1.0,-0.21,37.0,,,,,878.0,E12000009,South West
144760,-0.85,-1.7,0.0,8.0,0.4,0.03,0.78,61.0,879.0,E12000009,South West
147967,0.11,-0.87,1.09,6.0,-0.42,-0.69,-0.15,119.0,879.0,E12000009,South West
136588,-0.64,-0.99,-0.29,47.0,0.47,0.2,0.74,117.0,879.0,E12000009,South West
148369,-0.49,-0.95,-0.03,27.0,0.0,-0.28,0.28,108.0,879.0,E12000009,South West
113533,0.75,-0.24,1.73,6.0,-0.07,-0.33,0.19,126.0,879.0,E12000009,South West
136556,,,,,-0.45,-0.66,-0.24,192.0,879.0,E12000009,South West
136557,0.37,-0.08,0.83,28.0,-0.05,-0.24,0.15,230.0,879.0,E12000009,South West
136568,-0.7,-1.2,-0.2,23.0,-0.08,-0.26,0.1,264.0,879.0,E12000009,South West
136558,0.39,-0.21,0.99,16.0,0.21,-0.03,0.45,146.0,879.0,E12000009,South West
140104,,,,,0.08,-0.13,0.29,191.0,879.0,E12000009,South West
137206,0.2,-0.71,1.11,7.0,-0.04,-0.26,0.18,177.0,879.0,E12000009,South West
136668,0.1,-0.88,1.08,6.0,0.22,-0.01,0.45,163.0,879.0,E12000009,South West
136626,-0.74,-1.44,-0.05,12.0,-0.22,-0.42,-0.01,204.0,879.0,E12000009,South West
140737,-0.48,-1.46,0.5,6.0,-0.5,-0.76,-0.25,128.0,879.0,E12000009,South West
136496,-0.26,-0.54,0.02,74.0,0.52,0.3,0.74,173.0,879.0,E12000009,South West
113609,0.12,-0.48,0.72,16.0,,,,,879.0,E12000009,South West
138370,-0.7,-1.12,-0.28,33.0,0.35,0.16,0.55,226.0,880.0,E12000009,South West
136506,-0.07,-0.54,0.4,26.0,0.04,-0.2,0.29,143.0,880.0,E12000009,South West
136388,0.0,-0.41,0.41,35.0,0.01,-0.24,0.25,144.0,880.0,E12000009,South West
113526,-0.82,-1.49,-0.15,13.0,-0.04,-0.25,0.16,204.0,880.0,E12000009,South West
137755,-0.32,-1.31,0.66,6.0,-0.69,-0.91,-0.47,178.0,880.0,E12000009,South West
113551,,,,,-0.7,-0.93,-0.47,163.0,880.0,E12000009,South West
136321,0.32,-0.02,0.66,50.0,0.33,0.09,0.57,145.0,880.0,E12000009,South West
130648,-0.76,-1.46,-0.07,12.0,-0.52,-0.82,-0.23,99.0,880.0,E12000009,South West
136555,-0.22,-0.71,0.27,24.0,-0.07,-0.29,0.16,167.0,881.0,E12000006,East of England
137152,0.87,0.25,1.49,15.0,-0.64,-0.86,-0.43,178.0,881.0,E12000006,East of England
138239,0.03,-0.33,0.39,45.0,0.24,0.0,0.47,155.0,881.0,E12000006,East of England
139534,-0.01,-0.46,0.43,29.0,-0.24,-0.43,-0.06,256.0,881.0,E12000006,East of England
145050,0.86,0.21,1.5,14.0,0.07,-0.16,0.3,159.0,881.0,E12000006,East of England
139153,0.09,-0.56,0.73,14.0,-0.16,-0.38,0.06,177.0,881.0,E12000006,East of England
145474,-0.25,-0.83,0.34,17.0,-0.08,-0.32,0.16,150.0,881.0,E12000006,East of England
145931,-0.41,-1.08,0.25,13.0,-0.98,-1.32,-0.65,74.0,881.0,E12000006,East of England
146794,,,,,-0.04,-0.23,0.15,240.0,881.0,E12000006,East of England
149899,0.38,0.18,0.58,151.0,1.14,0.85,1.43,102.0,881.0,E12000006,East of England
136904,0.03,-0.43,0.49,27.0,0.01,-0.18,0.2,238.0,881.0,E12000006,East of England
137013,-0.36,-0.93,0.21,18.0,-0.33,-0.53,-0.13,217.0,881.0,E12000006,East of England
139179,,,,,-0.39,-0.62,-0.17,167.0,881.0,E12000006,East of England
137048,-0.21,-0.71,0.29,23.0,-0.37,-0.55,-0.18,246.0,881.0,E12000006,East of England
136863,-0.16,-0.51,0.19,48.0,0.51,0.33,0.7,242.0,881.0,E12000006,East of England
145597,0.51,0.07,0.95,30.0,-0.14,-0.34,0.06,210.0,881.0,E12000006,East of England
115238,0.35,-0.09,0.8,29.0,-0.11,-0.33,0.11,175.0,881.0,E12000006,East of England
137790,0.17,-0.31,0.65,25.0,-0.24,-0.41,-0.06,280.0,881.0,E12000006,East of England
136577,0.08,-0.23,0.4,58.0,0.1,-0.05,0.26,339.0,881.0,E12000006,East of England
136758,0.25,-0.09,0.6,49.0,0.37,0.18,0.56,232.0,881.0,E12000006,East of England
115322,-0.28,-0.78,0.22,23.0,0.03,-0.17,0.22,225.0,881.0,E12000006,East of England
139181,0.62,-0.18,1.42,9.0,-0.24,-0.44,-0.03,205.0,881.0,E12000006,East of England
136776,0.07,-0.21,0.34,78.0,0.1,-0.08,0.27,277.0,881.0,E12000006,East of England
136412,0.08,-0.2,0.36,75.0,0.54,0.29,0.79,135.0,881.0,E12000006,East of England
136642,0.14,-0.06,0.33,156.0,1.06,0.81,1.31,138.0,881.0,E12000006,East of England
137241,0.22,-0.63,1.07,8.0,0.05,-0.15,0.26,206.0,881.0,E12000006,East of England
137874,0.17,-0.35,0.68,22.0,-0.08,-0.27,0.11,237.0,881.0,E12000006,East of England
136579,0.3,-0.19,0.79,24.0,-0.42,-0.6,-0.23,249.0,881.0,E12000006,East of England
136868,-1.21,-1.94,-0.49,11.0,-0.75,-0.93,-0.56,251.0,881.0,E12000006,East of England
141841,-0.05,-0.44,0.34,38.0,-0.35,-0.53,-0.18,287.0,881.0,E12000006,East of England
136625,0.17,-0.16,0.5,54.0,0.46,0.24,0.69,170.0,881.0,E12000006,East of England
136605,-0.63,-1.36,0.09,11.0,-0.16,-0.36,0.04,216.0,881.0,E12000006,East of England
137260,-0.02,-0.62,0.58,16.0,0.17,-0.04,0.39,184.0,881.0,E12000006,East of England
137188,0.04,-0.87,0.95,7.0,-0.09,-0.26,0.08,292.0,881.0,E12000006,East of England
136875,0.11,-0.26,0.49,41.0,0.16,-0.02,0.34,270.0,881.0,E12000006,East of England
138734,,,,,-0.35,-0.58,-0.11,153.0,881.0,E12000006,East of England
137727,-0.05,-0.55,0.44,24.0,-0.35,-0.55,-0.15,208.0,881.0,E12000006,East of England
138084,-0.8,-1.35,-0.25,19.0,-0.46,-0.64,-0.29,270.0,881.0,E12000006,East of England
137515,-0.06,-0.36,0.24,63.0,0.52,0.27,0.77,133.0,881.0,E12000006,East of England
137072,,,,,-0.65,-0.96,-0.35,91.0,881.0,E12000006,East of England
137975,,,,,-0.47,-0.69,-0.25,172.0,881.0,E12000006,East of England
137058,-0.36,-1.16,0.44,9.0,-0.33,-0.56,-0.1,162.0,881.0,E12000006,East of England
138834,0.14,-0.35,0.63,24.0,1.01,0.78,1.24,156.0,881.0,E12000006,East of England
137240,0.44,-0.23,1.1,13.0,-0.06,-0.26,0.14,214.0,881.0,E12000006,East of England
137877,-0.33,-0.85,0.18,22.0,-0.42,-0.61,-0.22,230.0,881.0,E12000006,East of England
136861,0.54,0.16,0.93,39.0,0.06,-0.13,0.24,260.0,881.0,E12000006,East of England
115387,-0.28,-0.72,0.15,31.0,,,,,881.0,E12000006,East of England
115392,0.17,-0.19,0.52,46.0,,,,,881.0,E12000006,East of England
115395,0.15,-0.33,0.63,25.0,,,,,881.0,E12000006,East of England
115396,,,,,,,,,881.0,E12000006,East of England
115429,0.4,0.08,0.72,57.0,,,,,881.0,E12000006,East of England
135652,0.5,0.06,0.94,30.0,0.0,-0.18,0.18,257.0,881.0,E12000006,East of England
135897,-1.26,-1.96,-0.57,12.0,-1.16,-1.33,-0.98,278.0,881.0,E12000006,East of England
135957,,,,,-0.64,-0.83,-0.46,250.0,881.0,E12000006,East of England
130674,,,,,,,,,881.0,E12000006,East of England
130676,,,,,,,,,881.0,E12000006,East of England
151134,-0.39,-0.53,-0.24,272.0,,,,,881.0,E12000006,East of England
130681,-0.93,-1.22,-0.65,73.0,,,,,881.0,E12000006,East of England
147185,0.0,-0.81,0.8,9.0,-1.02,-1.29,-0.76,118.0,882.0,E12000006,East of England
137733,-0.1,-0.67,0.47,18.0,-0.76,-0.94,-0.59,285.0,882.0,E12000006,East of England
136272,-0.37,-0.56,-0.17,148.0,0.94,0.72,1.17,166.0,882.0,E12000006,East of England
136490,-0.4,-0.62,-0.17,115.0,0.59,0.36,0.82,163.0,882.0,E12000006,East of England
136444,-0.3,-0.58,-0.01,70.0,0.35,0.13,0.58,164.0,882.0,E12000006,East of England
138174,-0.72,-1.24,-0.19,21.0,-0.38,-0.55,-0.2,270.0,882.0,E12000006,East of England
136443,0.08,-0.14,0.31,113.0,0.79,0.57,1.01,170.0,882.0,E12000006,East of England
137310,-0.22,-0.64,0.19,34.0,0.56,0.34,0.78,173.0,882.0,E12000006,East of England
137312,-0.78,-1.58,0.02,9.0,0.21,-0.03,0.44,160.0,882.0,E12000006,East of England
144750,-0.21,-0.54,0.12,53.0,0.01,-0.22,0.23,171.0,883.0,E12000006,East of England
147537,0.34,-0.17,0.84,23.0,0.55,0.35,0.74,226.0,883.0,E12000006,East of England
137549,0.42,0.05,0.79,43.0,1.08,0.88,1.28,210.0,883.0,E12000006,East of England
136854,0.97,0.12,1.82,8.0,-0.5,-0.69,-0.32,246.0,883.0,E12000006,East of England
137456,-0.21,-0.65,0.23,30.0,-0.33,-0.51,-0.14,248.0,883.0,E12000006,East of England
136803,0.24,-0.3,0.78,20.0,-0.39,-0.63,-0.14,141.0,884.0,E12000005,West Midlands
136399,-0.03,-0.51,0.44,26.0,-0.33,-0.53,-0.13,214.0,884.0,E12000005,West Midlands
117036,-0.48,-1.05,0.08,18.0,,,,,884.0,E12000005,West Midlands
117045,,,,,,,,,884.0,E12000005,West Midlands
130710,-0.2,-1.0,0.6,9.0,,,,,884.0,E12000005,West Midlands
143929,-0.14,-0.34,0.05,156.0,,,,,884.0,E12000005,West Midlands
135035,0.62,-0.08,1.31,12.0,0.22,-0.01,0.45,161.0,885.0,E12000005,West Midlands
140292,-0.19,-0.57,0.2,39.0,0.06,-0.1,0.22,317.0,885.0,E12000005,West Midlands
137162,0.31,-0.39,1.0,12.0,-0.57,-0.77,-0.36,205.0,885.0,E12000005,West Midlands
136927,0.14,-0.52,0.81,13.0,-0.24,-0.42,-0.05,251.0,885.0,E12000005,West Midlands
138505,0.03,-0.47,0.53,23.0,-0.37,-0.56,-0.17,219.0,885.0,E12000005,West Midlands
136898,0.01,-0.41,0.42,33.0,0.55,0.33,0.78,173.0,885.0,E12000005,West Midlands
144367,,,,,-0.66,-0.92,-0.41,134.0,885.0,E12000005,West Midlands
136924,0.09,-0.37,0.55,27.0,-0.45,-0.68,-0.23,169.0,885.0,E12000005,West Midlands
148338,-1.14,-1.99,-0.29,8.0,0.3,0.02,0.57,114.0,885.0,E12000005,West Midlands
149682,-1.2,-1.68,-0.72,25.0,,,,,885.0,E12000005,West Midlands
137625,0.32,-0.26,0.9,17.0,-0.25,-0.46,-0.04,201.0,885.0,E12000005,West Midlands
136925,0.19,-0.38,0.75,18.0,0.06,-0.14,0.26,219.0,885.0,E12000005,West Midlands
138664,-0.2,-1.11,0.71,7.0,-0.2,-0.47,0.06,121.0,885.0,E12000005,West Midlands
136890,0.63,-0.1,1.36,11.0,-0.21,-0.4,-0.01,233.0,885.0,E12000005,West Midlands
137167,-1.07,-1.67,-0.47,16.0,-0.39,-0.58,-0.2,235.0,885.0,E12000005,West Midlands
140731,,,,,-0.64,-0.93,-0.35,101.0,885.0,E12000005,West Midlands
137101,0.58,0.11,1.05,26.0,0.06,-0.17,0.3,153.0,885.0,E12000005,West Midlands
138032,-0.16,-0.85,0.54,12.0,-0.3,-0.52,-0.08,174.0,885.0,E12000005,West Midlands
135061,,,,,-0.52,-0.74,-0.3,174.0,885.0,E12000005,West Midlands
141414,0.02,-0.58,0.62,16.0,0.13,-0.08,0.34,186.0,885.0,E12000005,West Midlands
141063,0.39,-0.04,0.82,31.0,0.38,0.19,0.57,233.0,885.0,E12000005,West Midlands
136469,0.09,-0.26,0.45,46.0,0.53,0.36,0.7,308.0,885.0,E12000005,West Midlands
117012,0.57,0.3,0.85,77.0,,,,,885.0,E12000005,West Midlands
117017,-0.57,-1.1,-0.05,21.0,,,,,885.0,E12000005,West Midlands
117018,-0.33,-0.92,0.25,17.0,,,,,885.0,E12000005,West Midlands
117020,,,,,,,,,885.0,E12000005,West Midlands
117032,,,,,,,,,885.0,E12000005,West Midlands
117035,,,,,,,,,885.0,E12000005,West Midlands
117037,-0.37,-0.78,0.05,34.0,,,,,885.0,E12000005,West Midlands
117038,0.2,-0.18,0.59,40.0,,,,,885.0,E12000005,West Midlands
135913,-0.13,-0.93,0.67,9.0,-0.26,-0.48,-0.05,186.0,885.0,E12000005,West Midlands
130713,,,,,,,,,885.0,E12000005,West Midlands
144888,0.24,0.02,0.47,114.0,,,,,885.0,E12000005,West Midlands
137581,,,,,-0.35,-0.64,-0.07,106.0,886.0,E12000008,South East
137687,-0.87,-1.85,0.12,6.0,-0.52,-0.71,-0.33,238.0,886.0,E12000008,South East
139554,0.34,-0.17,0.85,22.0,0.15,-0.08,0.38,166.0,886.0,E12000008,South East
139664,-0.14,-1.05,0.77,7.0,0.3,0.02,0.57,110.0,886.0,E12000008,South East
140987,0.42,-0.2,1.05,15.0,-0.01,-0.29,0.27,109.0,886.0,E12000008,South East
145923,-0.42,-1.33,0.49,7.0,-0.61,-0.83,-0.38,164.0,886.0,E12000008,South East
149319,,,,,-0.6,-0.85,-0.34,134.0,886.0,E12000008,South East
150743,0.69,-0.11,1.5,9.0,,,,,886.0,E12000008,South East
118788,-0.44,-1.35,0.47,7.0,-0.14,-0.35,0.08,182.0,886.0,E12000008,South East
118789,-0.4,-0.76,-0.04,45.0,0.47,0.2,0.73,120.0,886.0,E12000008,South East
118790,0.19,-0.09,0.47,75.0,0.45,0.24,0.66,201.0,886.0,E12000008,South East
136455,-0.35,-0.66,-0.04,59.0,0.23,0.05,0.41,269.0,886.0,E12000008,South East
136582,0.01,-0.24,0.25,95.0,0.48,0.29,0.66,240.0,886.0,E12000008,South East
136305,-1.23,-1.74,-0.72,22.0,-0.7,-0.94,-0.46,147.0,886.0,E12000008,South East
136379,-0.13,-0.4,0.15,77.0,0.05,-0.15,0.25,203.0,886.0,E12000008,South East
138480,0.21,-0.16,0.59,41.0,0.64,0.39,0.89,136.0,886.0,E12000008,South East
118806,-0.24,-0.66,0.18,33.0,-0.14,-0.41,0.12,121.0,886.0,E12000008,South East
138167,,,,,-1.05,-1.32,-0.78,113.0,886.0,E12000008,South East
136583,,,,,-0.34,-0.53,-0.15,239.0,886.0,E12000008,South East
148712,-0.44,-1.04,0.16,16.0,0.17,-0.04,0.38,197.0,886.0,E12000008,South East
136581,,,,,-0.55,-0.74,-0.37,255.0,886.0,E12000008,South East
118835,0.0,-0.29,0.28,71.0,0.4,0.2,0.6,212.0,886.0,E12000008,South East
118836,0.04,-0.32,0.41,43.0,0.21,-0.01,0.43,179.0,886.0,E12000008,South East
137800,-0.14,-0.49,0.21,47.0,0.39,0.12,0.65,122.0,886.0,E12000008,South East
138019,-0.18,-0.52,0.17,48.0,0.42,0.21,0.62,199.0,886.0,E12000008,South East
118840,-0.26,-0.58,0.06,57.0,0.34,0.1,0.58,149.0,886.0,E12000008,South East
118843,0.04,-0.12,0.21,214.0,0.91,0.67,1.16,140.0,886.0,E12000008,South East
141628,,,,,-0.42,-0.64,-0.19,171.0,886.0,E12000008,South East
137250,-0.48,-0.84,-0.12,44.0,0.45,0.2,0.69,142.0,886.0,E12000008,South East
137833,,,,,-0.73,-0.93,-0.52,200.0,886.0,E12000008,South East
137227,-0.3,-0.6,0.01,62.0,0.96,0.71,1.2,143.0,886.0,E12000008,South East
137609,-0.61,-1.11,-0.1,23.0,-0.21,-0.43,0.02,174.0,886.0,E12000008,South East
137484,0.14,-0.43,0.71,18.0,-0.37,-0.54,-0.2,301.0,886.0,E12000008,South East
139542,0.8,0.0,1.6,9.0,-0.05,-0.28,0.17,161.0,886.0,E12000008,South East
144100,-0.3,-0.54,-0.06,104.0,0.46,0.23,0.68,173.0,886.0,E12000008,South East
118884,0.07,-0.17,0.3,105.0,0.34,0.1,0.59,140.0,886.0,E12000008,South East
136324,-1.59,-2.28,-0.89,12.0,-0.6,-0.81,-0.4,201.0,886.0,E12000008,South East
137739,0.53,0.2,0.86,53.0,,,,59.0,886.0,E12000008,South East
140595,0.34,0.08,0.6,85.0,1.12,0.87,1.37,135.0,886.0,E12000008,South East
136302,-0.85,-1.57,-0.12,11.0,-0.62,-0.83,-0.41,187.0,886.0,E12000008,South East
136727,0.2,-0.1,0.51,62.0,0.8,0.56,1.04,147.0,886.0,E12000008,South East
118898,,,,,-0.73,-1.05,-0.41,82.0,886.0,E12000008,South East
136501,0.61,0.19,1.03,33.0,0.12,-0.13,0.38,134.0,886.0,E12000008,South East
118903,,,,,-0.26,-0.5,-0.02,146.0,,,
140537,-0.57,-1.17,0.03,16.0,-0.11,-0.33,0.11,172.0,886.0,E12000008,South East
136286,0.98,0.18,1.78,9.0,-0.29,-0.46,-0.13,309.0,886.0,E12000008,South East
140640,-0.41,-0.9,0.08,24.0,0.2,0.0,0.4,213.0,886.0,E12000008,South East
137837,-0.79,-1.34,-0.24,19.0,-0.11,-0.34,0.11,173.0,886.0,E12000008,South East
136847,0.0,-0.91,0.91,7.0,-0.13,-0.33,0.06,222.0,886.0,E12000008,South East
136417,,,,,0.59,0.33,0.84,133.0,886.0,E12000008,South East
137474,-0.19,-0.62,0.23,32.0,0.07,-0.18,0.32,136.0,886.0,E12000008,South East
140874,,,,,-0.26,-0.48,-0.03,168.0,886.0,E12000008,South East
136465,-1.34,-2.1,-0.58,10.0,-0.88,-1.06,-0.69,237.0,886.0,E12000008,South East
136570,0.48,0.08,0.89,35.0,0.05,-0.19,0.29,152.0,886.0,E12000008,South East
137104,0.49,-0.5,1.47,6.0,0.03,-0.17,0.24,204.0,886.0,E12000008,South East
136349,0.0,-0.85,0.85,8.0,0.06,-0.28,0.41,71.0,886.0,E12000008,South East
118931,-0.14,-0.56,0.28,33.0,0.8,0.54,1.06,126.0,886.0,E12000008,South East
118933,-0.5,-1.26,0.26,10.0,-0.04,-0.25,0.17,194.0,886.0,E12000008,South East
136382,0.01,-0.33,0.35,51.0,0.45,0.24,0.66,195.0,886.0,E12000008,South East
136317,,,,,-0.77,-0.96,-0.57,217.0,886.0,E12000008,South East
136603,0.22,-0.13,0.58,46.0,0.69,0.51,0.87,256.0,886.0,E12000008,South East
137099,0.15,-0.07,0.37,122.0,0.35,0.13,0.57,170.0,886.0,E12000008,South East
137458,-0.94,-1.75,-0.14,9.0,-1.04,-1.24,-0.84,212.0,886.0,E12000008,South East
137834,-0.48,-0.85,-0.11,42.0,0.15,-0.07,0.36,178.0,886.0,E12000008,South East
118937,0.25,-0.2,0.7,29.0,,,,,886.0,E12000008,South East
118939,-0.1,-0.52,0.32,33.0,,,,,886.0,E12000008,South East
118940,,,,,,,,,886.0,E12000008,South East
118946,-0.41,-1.26,0.44,8.0,,,,,886.0,E12000008,South East
118947,0.34,-0.42,1.1,10.0,,,,,886.0,E12000008,South East
118949,-0.81,-1.61,0.0,9.0,,,,,886.0,E12000008,South East
118957,0.93,0.26,1.6,13.0,,,,,886.0,E12000008,South East
118958,0.04,-0.76,0.85,9.0,,,,,886.0,E12000008,South East
118959,0.22,-0.06,0.5,76.0,,,,,886.0,E12000008,South East
118978,0.62,-0.18,1.42,9.0,,,,,886.0,E12000008,South East
118991,-0.74,-1.72,0.25,6.0,,,,,886.0,E12000008,South East
118996,0.1,-0.18,0.38,74.0,,,,,886.0,E12000008,South East
118998,0.25,-0.44,0.95,12.0,,,,,886.0,E12000008,South East
119001,0.41,-0.17,0.99,17.0,,,,,886.0,E12000008,South East
119002,-0.18,-0.88,0.51,12.0,,,,,886.0,E12000008,South East
131411,,,,,,,,,886.0,E12000008,South East
138405,,,,,,,,,886.0,E12000008,South East
135290,-1.42,-2.27,-0.57,8.0,0.02,-0.22,0.26,148.0,886.0,E12000008,South East
135297,-1.42,-2.12,-0.73,12.0,-0.03,-0.24,0.17,199.0,886.0,E12000008,South East
135371,-0.19,-1.17,0.79,6.0,-0.06,-0.27,0.14,204.0,886.0,E12000008,South East
135630,0.83,-0.03,1.68,8.0,-0.15,-0.39,0.09,147.0,886.0,E12000008,South East
136177,-0.28,-1.13,0.57,8.0,0.4,0.04,0.75,66.0,886.0,E12000008,South East
136197,-1.34,-1.98,-0.69,14.0,-0.64,-0.84,-0.44,219.0,886.0,E12000008,South East
119026,,,,,-1.62,-2.06,-1.19,45.0,886.0,E12000008,South East
130728,-1.11,-1.59,-0.63,25.0,-1.43,-1.89,-0.96,39.0,886.0,E12000008,South East
137119,,,,,-0.08,-0.27,0.1,245.0,887.0,E12000008,South East
146648,,,,,-0.14,-0.49,0.2,71.0,887.0,E12000008,South East
150869,,,,,,,,,887.0,E12000008,South East
136594,0.46,0.09,0.83,42.0,0.6,0.35,0.85,133.0,887.0,E12000008,South East
136337,-0.54,-1.07,-0.02,21.0,0.27,0.03,0.5,148.0,887.0,E12000008,South East
136456,,,,,-0.05,-0.23,0.12,271.0,887.0,E12000008,South East
136662,-0.01,-0.2,0.19,147.0,0.97,0.76,1.18,197.0,887.0,E12000008,South East
134820,,,,,,,,,887.0,E12000008,South East
136864,-0.28,-0.57,0.01,69.0,0.48,0.29,0.68,228.0,887.0,E12000008,South East
137389,-0.65,-1.45,0.15,9.0,-0.07,-0.29,0.16,167.0,887.0,E12000008,South East
118908,0.44,-0.13,1.0,18.0,-0.44,-0.7,-0.18,124.0,887.0,E12000008,South East
136313,,,,,0.58,0.35,0.81,162.0,887.0,E12000008,South East
137376,-1.04,-1.74,-0.35,12.0,0.12,-0.09,0.34,188.0,887.0,E12000008,South East
141466,-1.23,-2.14,-0.32,7.0,-0.02,-0.2,0.17,250.0,887.0,E12000008,South East
118948,0.0,-0.98,0.98,6.0,,,,,887.0,E12000008,South East
135964,,,,,-0.22,-0.42,-0.01,208.0,887.0,E12000008,South East
136107,0.15,-0.76,1.06,7.0,-0.48,-0.67,-0.29,225.0,887.0,E12000008,South East
136108,,,,,-0.32,-0.53,-0.12,200.0,887.0,E12000008,South East
130726,,,,,,,,,887.0,E12000008,South East
147115,,,,,-0.95,-1.17,-0.73,173.0,888.0,E12000002,North West
148254,-0.68,-1.28,-0.08,16.0,0.2,0.0,0.39,228.0,888.0,E12000002,North West
119722,-0.52,-1.19,0.15,13.0,-0.15,-0.4,0.1,135.0,888.0,E12000002,North West
149099,0.99,0.65,1.32,53.0,,,,,888.0,E12000002,North West
150261,0.12,-0.19,0.42,61.0,0.66,0.43,0.88,169.0,888.0,E12000002,North West
119767,-0.51,-0.97,-0.04,27.0,-0.15,-0.33,0.03,255.0,888.0,E12000002,North West
137421,-0.6,-0.99,-0.21,38.0,-0.27,-0.47,-0.07,204.0,888.0,E12000002,North West
119794,-0.54,-0.99,-0.08,28.0,0.26,0.01,0.5,139.0,888.0,E12000002,North West
136731,0.63,0.26,1.0,42.0,0.59,0.42,0.77,270.0,888.0,E12000002,North West
119798,-0.5,-1.36,0.35,8.0,-0.55,-0.8,-0.31,141.0,888.0,E12000002,North West
136742,0.27,0.05,0.49,117.0,0.74,0.5,0.97,151.0,888.0,E12000002,North West
136381,-0.29,-0.63,0.05,50.0,0.41,0.16,0.65,140.0,888.0,E12000002,North West
136390,-0.27,-0.48,-0.07,141.0,0.84,0.6,1.09,140.0,888.0,E12000002,North West
119817,0.15,-0.52,0.81,13.0,,,,,888.0,E12000002,North West
119824,0.26,-0.65,1.17,7.0,,,,,888.0,E12000002,North West
119835,0.06,-0.41,0.53,26.0,,,,,888.0,E12000002,North West
119836,0.21,-0.37,0.8,17.0,,,,,888.0,E12000002,North West
119818,-0.03,-0.94,0.88,7.0,,,,,888.0,E12000002,North West
130735,-0.23,-0.48,0.02,93.0,,,,,888.0,E12000002,North West
130738,-0.12,-0.46,0.22,50.0,,,,,888.0,E12000002,North West
130741,-0.43,-0.56,-0.3,342.0,,,,,888.0,E12000002,North West
130743,,,,,,,,,888.0,E12000002,North West
130745,0.39,0.27,0.51,396.0,,,,,888.0,E12000002,North West
138220,-0.12,-0.75,0.5,15.0,1.59,1.32,1.86,117.0,889.0,E12000002,North West
141565,-0.8,-1.56,-0.04,10.0,1.73,1.47,1.99,125.0,889.0,E12000002,North West
136900,-0.89,-1.31,-0.47,33.0,0.12,-0.07,0.3,249.0,889.0,E12000002,North West
119826,-0.44,-0.95,0.08,22.0,,,,,889.0,E12000002,North West
141165,-0.43,-0.94,0.08,22.0,-0.55,-0.81,-0.29,126.0,889.0,E12000002,North West
131389,-1.45,-2.3,-0.6,8.0,,,,,889.0,E12000002,North West
135580,,,,,-0.8,-1.01,-0.6,200.0,889.0,E12000002,North West
130736,-0.83,-1.38,-0.28,19.0,,,,,889.0,E12000002,North West
141257,-0.24,-0.89,0.4,14.0,-0.93,-1.14,-0.73,199.0,890.0,E12000002,North West
148568,,,,,,,,,890.0,E12000002,North West
130744,0.38,0.17,0.59,129.0,,,,,890.0,E12000002,North West
137112,-0.27,-0.94,0.39,13.0,0.08,-0.18,0.35,125.0,891.0,E12000004,East Midlands
137117,0.2,-0.66,1.05,8.0,-0.42,-0.63,-0.21,195.0,891.0,E12000004,East Midlands
137085,0.51,-0.13,1.15,14.0,-0.31,-0.51,-0.11,211.0,891.0,E12000004,East Midlands
137981,-0.21,-0.53,0.1,59.0,0.26,0.11,0.41,396.0,891.0,E12000004,East Midlands
138411,-0.41,-0.95,0.13,20.0,0.16,-0.05,0.38,186.0,891.0,E12000004,East Midlands
138247,-0.5,-0.92,-0.07,32.0,0.16,-0.01,0.33,280.0,891.0,E12000004,East Midlands
138248,-0.04,-0.48,0.4,30.0,0.08,-0.1,0.26,263.0,891.0,E12000004,East Midlands
139062,0.28,-0.52,1.08,9.0,-0.29,-0.56,-0.01,114.0,891.0,E12000004,East Midlands
139063,-0.9,-1.88,0.08,6.0,-0.72,-0.97,-0.48,144.0,891.0,E12000004,East Midlands
139956,,,,,-0.83,-1.02,-0.63,225.0,891.0,E12000004,East Midlands
140549,,,,,-0.36,-0.64,-0.08,106.0,891.0,E12000004,East Midlands
140992,-0.84,-1.54,-0.15,12.0,-0.73,-0.97,-0.49,147.0,891.0,E12000004,East Midlands
144489,-0.07,-0.87,0.73,9.0,0.6,0.4,0.8,207.0,891.0,E12000004,East Midlands
144182,-0.13,-0.86,0.59,11.0,0.0,-0.25,0.24,144.0,891.0,E12000004,East Midlands
146562,-0.43,-0.97,0.11,20.0,0.01,-0.17,0.2,254.0,891.0,E12000004,East Midlands
150524,-0.09,-0.47,0.29,40.0,,,,,891.0,E12000004,East Midlands
137158,,,,,-0.19,-0.38,0.0,231.0,891.0,E12000004,East Midlands
144687,-0.21,-1.2,0.77,6.0,-0.11,-0.34,0.11,168.0,891.0,E12000004,East Midlands
137857,0.08,-0.65,0.81,11.0,-0.28,-0.48,-0.08,206.0,891.0,E12000004,East Midlands
136361,0.14,-0.26,0.55,35.0,-0.09,-0.27,0.1,250.0,891.0,E12000004,East Midlands
138837,0.84,0.3,1.38,20.0,0.18,-0.1,0.45,115.0,891.0,E12000004,East Midlands
122854,0.64,-0.12,1.4,10.0,0.1,-0.15,0.35,133.0,891.0,E12000004,East Midlands
138641,-0.21,-0.6,0.18,38.0,0.5,0.31,0.7,223.0,891.0,E12000004,East Midlands
136628,0.42,0.17,0.67,92.0,0.8,0.62,0.99,256.0,891.0,E12000004,East Midlands
138482,-0.05,-0.33,0.22,78.0,0.66,0.49,0.83,298.0,891.0,E12000004,East Midlands
136878,0.72,0.35,1.08,44.0,0.23,0.05,0.41,255.0,891.0,E12000004,East Midlands
137628,-0.77,-1.47,-0.08,12.0,-0.07,-0.27,0.12,221.0,891.0,E12000004,East Midlands
138964,-0.15,-0.75,0.45,16.0,-0.08,-0.3,0.14,169.0,891.0,E12000004,East Midlands
137319,-0.69,-1.19,-0.19,23.0,-0.21,-0.39,-0.02,240.0,891.0,E12000004,East Midlands
138191,-0.07,-0.62,0.49,19.0,0.19,-0.05,0.43,143.0,891.0,E12000004,East Midlands
138076,,,,,-0.32,-0.53,-0.12,203.0,891.0,E12000004,East Midlands
137763,0.68,0.11,1.25,18.0,-0.27,-0.45,-0.08,258.0,891.0,E12000004,East Midlands
137409,-0.19,-0.5,0.12,61.0,0.43,0.21,0.65,177.0,891.0,E12000004,East Midlands
137159,-0.58,-1.11,-0.06,21.0,0.11,-0.1,0.31,202.0,891.0,E12000004,East Midlands
145643,0.49,0.15,0.83,51.0,0.22,0.03,0.42,223.0,891.0,E12000004,East Midlands
138810,,,,,-0.03,-0.27,0.22,140.0,891.0,E12000004,East Midlands
140698,-0.5,-1.05,0.05,19.0,-0.03,-0.25,0.19,177.0,891.0,E12000004,East Midlands
136291,0.28,-0.09,0.65,43.0,0.37,0.19,0.55,259.0,891.0,E12000004,East Midlands
122908,-1.06,-1.96,-0.15,7.0,,,,,891.0,E12000004,East Midlands
135583,-0.46,-1.31,0.4,8.0,-0.73,-0.95,-0.51,175.0,891.0,E12000004,East Midlands
130777,-0.17,-0.57,0.23,36.0,,,,,891.0,E12000004,East Midlands
137184,,,,,0.19,-0.05,0.43,150.0,892.0,E12000004,East Midlands
140984,0.39,0.15,0.63,100.0,0.33,0.04,0.61,105.0,892.0,E12000004,East Midlands
141010,-0.76,-1.61,0.09,8.0,0.2,-0.09,0.48,105.0,892.0,E12000004,East Midlands
139765,-1.21,-1.97,-0.45,10.0,-0.41,-0.62,-0.2,191.0,892.0,E12000004,East Midlands
137798,-0.49,-0.87,-0.12,41.0,0.13,-0.08,0.34,191.0,892.0,E12000004,East Midlands
138341,0.22,-0.25,0.7,26.0,-0.06,-0.27,0.16,182.0,892.0,E12000004,East Midlands
122912,,,,,,,,,892.0,E12000004,East Midlands
122915,0.26,-0.04,0.55,66.0,,,,,892.0,E12000004,East Midlands
122936,-0.25,-0.82,0.32,18.0,,,,,892.0,E12000004,East Midlands
134253,-0.38,-1.29,0.53,7.0,-0.13,-0.36,0.11,156.0,892.0,E12000004,East Midlands
135881,-0.78,-1.4,-0.16,15.0,-0.26,-0.44,-0.07,250.0,892.0,E12000004,East Midlands
130776,-0.74,-1.08,-0.4,50.0,,,,,892.0,E12000004,East Midlands
147285,0.17,0.01,0.32,236.0,,,,,892.0,E12000004,East Midlands
141176,0.23,-0.62,1.08,8.0,-0.06,-0.31,0.19,138.0,893.0,E12000005,West Midlands
139769,,,,,-0.88,-1.12,-0.65,154.0,893.0,E12000005,West Midlands
140922,-1.36,-2.17,-0.56,9.0,-0.81,-1.01,-0.61,208.0,893.0,E12000005,West Midlands
146580,-1.44,-2.29,-0.59,8.0,-0.56,-0.8,-0.32,150.0,893.0,E12000005,West Midlands
142153,,,,,-0.14,-0.38,0.09,158.0,893.0,E12000005,West Midlands
136979,0.62,0.08,1.16,20.0,-0.4,-0.6,-0.2,210.0,893.0,E12000005,West Midlands
147508,-0.38,-0.99,0.22,16.0,-0.96,-1.17,-0.75,200.0,893.0,E12000005,West Midlands
123600,0.77,-0.03,1.57,9.0,,,,,893.0,E12000005,West Midlands
123602,,,,,,,,,893.0,E12000005,West Midlands
123604,0.06,-0.64,0.75,12.0,,,,,893.0,E12000005,West Midlands
123608,0.52,0.2,0.85,56.0,,,,,893.0,E12000005,West Midlands
123613,0.47,-0.38,1.32,8.0,,,,,893.0,E12000005,West Midlands
123620,-0.37,-1.22,0.48,8.0,,,,,893.0,E12000005,West Midlands
123623,0.3,0.02,0.59,71.0,,,,,893.0,E12000005,West Midlands
130800,0.35,0.12,0.59,105.0,,,,,893.0,E12000005,West Midlands
136516,-0.28,-0.61,0.06,51.0,0.69,0.37,1.01,83.0,894.0,E12000005,West Midlands
137446,-0.06,-0.3,0.17,104.0,0.6,0.33,0.87,118.0,894.0,E12000005,West Midlands
123610,0.19,-0.46,0.83,14.0,,,,,894.0,E12000005,West Midlands
123627,0.69,0.41,0.97,74.0,0.28,0.07,0.5,189.0,894.0,E12000005,West Midlands
135149,0.13,-0.35,0.61,25.0,-0.45,-0.66,-0.25,193.0,894.0,E12000005,West Midlands
135582,,,,,-0.72,-0.94,-0.5,174.0,894.0,E12000005,West Midlands
130796,-0.93,-1.66,-0.21,11.0,,,,,894.0,E12000005,West Midlands
142890,,,,,-0.77,-1.11,-0.44,75.0,895.0,E12000002,North West
140791,0.55,0.08,1.01,27.0,0.26,0.07,0.46,228.0,895.0,E12000002,North West
140108,0.7,0.21,1.18,25.0,0.17,-0.01,0.36,244.0,895.0,E12000002,North West
136340,-0.58,-1.15,-0.02,18.0,0.32,0.11,0.52,209.0,895.0,E12000002,North West
111419,-0.1,-0.79,0.6,12.0,-0.61,-0.83,-0.4,188.0,895.0,E12000002,North West
138002,-0.02,-0.74,0.71,11.0,0.05,-0.17,0.27,172.0,895.0,E12000002,North West
137449,-0.54,-1.2,0.13,13.0,-0.04,-0.23,0.16,226.0,895.0,E12000002,North West
146387,0.15,-0.31,0.62,27.0,0.09,-0.11,0.29,204.0,895.0,E12000002,North West
136279,0.14,-0.21,0.49,48.0,-0.04,-0.24,0.16,218.0,895.0,E12000002,North West
111443,0.23,-0.1,0.56,53.0,-0.03,-0.19,0.14,325.0,895.0,E12000002,North West
136655,0.67,0.14,1.19,21.0,-0.22,-0.43,-0.01,191.0,895.0,E12000002,North West
138662,-0.56,-1.13,0.01,18.0,-0.55,-0.77,-0.32,167.0,895.0,E12000002,North West
139139,1.12,0.58,1.66,20.0,-0.16,-0.37,0.05,197.0,895.0,E12000002,North West
136278,0.27,-0.13,0.67,36.0,0.46,0.27,0.65,234.0,895.0,E12000002,North West
111473,0.65,0.2,1.1,29.0,,,,,895.0,E12000002,North West
137491,0.48,0.06,0.9,33.0,0.51,0.33,0.69,260.0,895.0,E12000002,North West
111478,-1.11,-2.1,-0.13,6.0,,,,,895.0,E12000002,North West
130619,-0.38,-0.76,0.0,40.0,,,,,895.0,E12000002,North West
143817,0.85,0.0,1.7,8.0,-0.56,-0.85,-0.28,104.0,896.0,E12000002,North West
146742,,,,,-0.94,-1.26,-0.61,79.0,896.0,E12000002,North West
149631,-0.26,-1.02,0.5,10.0,-0.47,-0.7,-0.24,159.0,896.0,E12000002,North West
138318,-0.47,-0.93,0.0,27.0,0.45,0.27,0.62,284.0,896.0,E12000002,North West
138483,-0.16,-0.65,0.33,24.0,-0.02,-0.23,0.18,195.0,896.0,E12000002,North West
136645,-0.2,-0.57,0.17,42.0,0.18,-0.02,0.38,211.0,896.0,E12000002,North West
111422,0.25,-0.12,0.62,42.0,0.15,-0.03,0.33,270.0,896.0,E12000002,North West
111424,-0.06,-0.52,0.39,28.0,0.64,0.42,0.86,175.0,896.0,E12000002,North West
111429,-0.65,-1.21,-0.1,19.0,-0.56,-0.74,-0.39,266.0,896.0,E12000002,North West
111440,-0.55,-1.17,0.07,15.0,0.25,0.05,0.44,228.0,896.0,E12000002,North West
139343,-0.71,-1.26,-0.15,19.0,-0.2,-0.52,0.13,80.0,896.0,E12000002,North West
111450,-0.54,-1.23,0.16,12.0,0.13,-0.08,0.34,190.0,896.0,E12000002,North West
136543,-1.06,-1.59,-0.54,21.0,0.01,-0.21,0.22,185.0,896.0,E12000002,North West
111471,0.61,0.16,1.06,29.0,,,,,896.0,E12000002,North West
111482,,,,,,,,,896.0,E12000002,North West
111484,0.22,-0.69,1.13,7.0,,,,,896.0,E12000002,North West
111485,0.37,0.02,0.72,46.0,,,,,896.0,E12000002,North West
111486,-0.21,-1.12,0.7,7.0,,,,,896.0,E12000002,North West
145748,0.37,0.23,0.51,289.0,,,,,896.0,E12000002,North West
143649,-0.86,-1.85,0.12,6.0,-0.18,-0.42,0.06,148.0,908.0,E12000009,South West
144740,0.06,-0.21,0.32,83.0,,,,,908.0,E12000009,South West
145843,-1.35,-2.26,-0.44,7.0,-0.15,-0.38,0.09,151.0,908.0,E12000009,South West
139155,1.02,0.45,1.59,18.0,0.52,0.33,0.71,230.0,908.0,E12000009,South West
136575,-0.91,-1.51,-0.31,16.0,-0.45,-0.66,-0.24,191.0,908.0,E12000009,South West
112041,,,,,-0.45,-0.7,-0.2,131.0,908.0,E12000009,South West
143981,0.66,0.09,1.23,18.0,-0.54,-0.74,-0.34,221.0,908.0,E12000009,South West
112045,-0.35,-0.93,0.24,17.0,-0.01,-0.22,0.2,193.0,908.0,E12000009,South West
136383,-0.32,-1.17,0.53,8.0,-0.42,-0.61,-0.23,237.0,908.0,E12000009,South West
136524,0.38,0.0,0.76,40.0,-0.41,-0.58,-0.24,296.0,908.0,E12000009,South West
136533,-0.26,-0.76,0.24,23.0,0.03,-0.13,0.2,305.0,908.0,E12000009,South West
144291,-0.89,-1.65,-0.13,10.0,-0.08,-0.29,0.12,197.0,908.0,E12000009,South West
112076,0.01,-0.46,0.48,26.0,,,,,908.0,E12000009,South West
112077,,,,,,,,,908.0,E12000009,South West
130629,0.05,-0.12,0.22,206.0,,,,,908.0,E12000009,South West
136306,0.02,-0.2,0.24,121.0,1.2,0.96,1.45,137.0,916.0,E12000009,South West
136666,-0.6,-0.94,-0.26,50.0,0.61,0.36,0.86,133.0,916.0,E12000009,South West
144761,-0.05,-0.55,0.44,24.0,-0.08,-0.41,0.25,78.0,916.0,E12000009,South West
147300,1.4,0.67,2.13,11.0,0.28,0.07,0.49,193.0,916.0,E12000009,South West
136772,-0.43,-0.96,0.09,21.0,0.15,-0.04,0.33,241.0,916.0,E12000009,South West
115723,-1.62,-2.29,-0.96,13.0,-0.34,-0.59,-0.1,145.0,916.0,E12000009,South West
137097,0.4,-0.15,0.95,19.0,-0.03,-0.27,0.2,157.0,916.0,E12000009,South West
136982,0.58,0.06,1.11,21.0,-0.14,-0.33,0.05,228.0,916.0,E12000009,South West
136767,-0.67,-1.31,-0.03,14.0,-0.24,-0.48,0.01,145.0,916.0,E12000009,South West
137123,-0.25,-0.5,0.01,90.0,0.63,0.38,0.87,140.0,916.0,E12000009,South West
136874,-0.25,-0.56,0.05,61.0,0.31,0.07,0.55,145.0,916.0,E12000009,South West
136353,0.16,-0.02,0.34,177.0,0.9,0.63,1.17,117.0,916.0,E12000009,South West
136578,-0.01,-0.28,0.26,78.0,0.43,0.19,0.68,142.0,916.0,E12000009,South West
137752,0.93,0.13,1.74,9.0,-0.07,-0.28,0.13,193.0,916.0,E12000009,South West
137033,0.36,0.03,0.69,52.0,0.51,0.32,0.7,236.0,916.0,E12000009,South West
115758,-0.15,-1.0,0.71,8.0,-0.18,-0.39,0.02,210.0,916.0,E12000009,South West
136474,0.12,-0.15,0.39,79.0,0.83,0.62,1.04,197.0,916.0,E12000009,South West
137634,0.11,-0.65,0.87,10.0,0.49,0.3,0.68,234.0,916.0,E12000009,South West
136292,-0.12,-0.52,0.28,36.0,0.28,0.08,0.47,222.0,916.0,E12000009,South West
138746,,,,,-0.52,-0.73,-0.31,191.0,916.0,E12000009,South West
136623,-0.35,-0.96,0.25,16.0,-0.14,-0.34,0.06,214.0,916.0,E12000009,South West
136960,0.67,0.13,1.21,20.0,0.18,-0.03,0.38,207.0,916.0,E12000009,South West
137382,0.39,-0.18,0.96,18.0,-0.02,-0.3,0.25,111.0,916.0,E12000009,South West
136725,-0.39,-0.8,0.03,34.0,0.08,-0.09,0.26,271.0,916.0,E12000009,South West
115772,,,,,0.1,-0.12,0.32,174.0,916.0,E12000009,South West
137387,-0.39,-0.96,0.18,18.0,0.06,-0.17,0.28,166.0,916.0,E12000009,South West
115780,-0.97,-1.64,-0.3,13.0,,,,,916.0,E12000009,South West
115787,-0.13,-0.86,0.59,11.0,,,,,916.0,E12000009,South West
115788,0.03,-0.54,0.59,18.0,,,,,916.0,E12000009,South West
115789,0.32,-0.59,1.22,7.0,,,,,916.0,E12000009,South West
115794,1.13,0.37,1.89,10.0,,,,,916.0,E12000009,South West
115795,0.81,0.4,1.21,35.0,,,,,916.0,E12000009,South West
115797,-0.04,-0.42,0.35,39.0,,,,,916.0,E12000009,South West
115798,0.2,-0.11,0.51,60.0,,,,,916.0,E12000009,South West
136016,-0.45,-1.43,0.54,6.0,-0.25,-0.49,-0.02,154.0,916.0,E12000009,South West
130683,,,,,,,,,916.0,E12000009,South West
146555,0.14,-0.43,0.7,18.0,,,,,916.0,E12000009,South West
130686,-0.49,-0.69,-0.29,142.0,,,,,916.0,E12000009,South West
117499,-0.01,-0.47,0.44,28.0,-0.18,-0.39,0.04,189.0,919.0,E12000006,East of England
138747,0.05,-0.42,0.51,27.0,0.13,-0.09,0.34,185.0,919.0,E12000006,East of England
138582,-0.15,-0.62,0.32,26.0,0.23,0.02,0.45,187.0,919.0,E12000006,East of England
149500,0.35,-0.17,0.88,21.0,-0.14,-0.35,0.06,204.0,919.0,E12000006,East of England
139873,0.11,-0.27,0.49,40.0,0.39,0.17,0.62,165.0,919.0,E12000006,East of England
139662,0.04,-0.69,0.76,11.0,-0.01,-0.29,0.28,105.0,919.0,E12000006,East of England
139154,0.3,-0.04,0.63,51.0,0.81,0.6,1.02,199.0,919.0,E12000006,East of England
137288,-0.34,-0.76,0.08,33.0,0.33,0.12,0.53,195.0,919.0,E12000006,East of England
117504,-0.95,-1.93,0.04,6.0,0.03,-0.26,0.31,103.0,919.0,E12000006,East of England
137038,0.18,-0.21,0.57,38.0,0.44,0.2,0.68,146.0,919.0,E12000006,East of England
137985,-0.38,-0.77,0.02,37.0,0.23,0.0,0.46,164.0,919.0,E12000006,East of England
137847,0.18,-0.24,0.61,32.0,0.56,0.33,0.78,171.0,919.0,E12000006,East of England
136608,0.25,-0.21,0.72,27.0,-0.22,-0.42,-0.01,201.0,919.0,E12000006,East of England
140037,0.39,-0.1,0.88,24.0,0.39,0.16,0.62,164.0,919.0,E12000006,East of England
142051,-0.71,-1.21,-0.21,23.0,0.27,0.01,0.53,127.0,919.0,E12000006,East of England
143131,-0.18,-1.09,0.73,7.0,-0.22,-0.49,0.06,112.0,919.0,E12000006,East of England
144402,-0.26,-0.72,0.2,27.0,0.0,-0.23,0.23,165.0,919.0,E12000006,East of England
144623,-0.26,-0.93,0.4,13.0,0.19,-0.09,0.46,113.0,919.0,E12000006,East of England
137270,-0.07,-0.39,0.24,58.0,0.43,0.21,0.64,186.0,919.0,E12000006,East of England
146305,,,,,-0.48,-0.71,-0.25,163.0,919.0,E12000006,East of England
145430,,,,,-0.69,-0.98,-0.39,96.0,919.0,E12000006,East of England
146440,0.44,-0.54,1.43,6.0,-0.07,-0.33,0.18,130.0,919.0,E12000006,East of England
147535,,,,,-0.36,-0.63,-0.09,115.0,919.0,E12000006,East of England
147785,0.33,-0.52,1.19,8.0,-0.25,-0.49,-0.01,143.0,919.0,E12000006,East of England
150656,-0.3,-0.97,0.37,13.0,,,,,919.0,E12000006,East of England
138286,0.38,0.12,0.64,86.0,1.03,0.83,1.24,204.0,919.0,E12000006,East of England
117518,-0.67,-1.47,0.14,9.0,-0.2,-0.41,0.01,194.0,919.0,E12000006,East of England
140294,0.58,0.13,1.02,29.0,0.45,0.23,0.67,170.0,919.0,E12000006,East of England
136973,0.03,-0.25,0.32,70.0,0.88,0.67,1.09,191.0,919.0,E12000006,East of England
137110,-0.93,-1.54,-0.33,16.0,-0.15,-0.34,0.04,236.0,919.0,E12000006,East of England
137339,-0.51,-1.01,0.0,23.0,0.1,-0.1,0.3,221.0,919.0,E12000006,East of England
139036,-0.02,-0.53,0.49,22.0,-0.05,-0.27,0.17,181.0,919.0,E12000006,East of England
137757,-0.82,-1.37,-0.27,19.0,0.22,-0.04,0.48,128.0,919.0,E12000006,East of England
136396,0.59,0.18,1.0,34.0,0.19,-0.02,0.39,200.0,919.0,E12000006,East of England
117530,0.1,-0.27,0.47,42.0,0.21,0.02,0.41,221.0,919.0,E12000006,East of England
140049,,,,,-0.27,-0.48,-0.06,190.0,919.0,E12000006,East of England
117534,0.0,-0.6,0.61,16.0,-0.35,-0.55,-0.15,213.0,919.0,E12000006,East of England
138632,-0.09,-0.49,0.3,37.0,0.25,0.05,0.44,219.0,919.0,E12000006,East of England
150217,0.43,-0.04,0.89,27.0,,,,,919.0,E12000006,East of England
137002,0.67,0.2,1.15,26.0,0.48,0.29,0.67,225.0,919.0,E12000006,East of England
136609,0.34,0.12,0.57,118.0,1.07,0.88,1.27,225.0,919.0,E12000006,East of England
137637,0.48,-0.09,1.04,18.0,0.14,-0.06,0.35,208.0,919.0,E12000006,East of England
137090,-0.26,-0.68,0.15,33.0,0.45,0.24,0.65,208.0,919.0,E12000006,East of England
117552,,,,,-0.44,-0.67,-0.21,162.0,919.0,E12000006,East of England
138352,0.62,0.1,1.13,22.0,0.13,-0.06,0.33,227.0,919.0,E12000006,East of England
117555,-0.37,-1.02,0.27,14.0,0.22,-0.04,0.48,129.0,919.0,E12000006,East of England
138356,0.27,-0.01,0.56,69.0,0.52,0.3,0.75,166.0,919.0,E12000006,East of England
149743,0.36,-0.14,0.86,23.0,0.4,0.18,0.62,178.0,919.0,E12000006,East of England
138106,-0.13,-0.86,0.59,11.0,0.07,-0.17,0.3,151.0,919.0,E12000006,East of England
136922,-0.18,-0.77,0.4,17.0,0.73,0.49,0.97,151.0,919.0,E12000006,East of England
136606,0.07,-0.22,0.37,67.0,0.35,0.15,0.55,213.0,919.0,E12000006,East of England
136276,0.07,-0.11,0.25,182.0,0.92,0.72,1.12,207.0,919.0,E12000006,East of England
136289,-0.23,-0.46,0.0,108.0,0.52,0.31,0.73,189.0,919.0,E12000006,East of England
136899,0.18,-0.07,0.43,95.0,0.69,0.48,0.9,197.0,919.0,E12000006,East of England
117577,-0.36,-0.64,-0.08,74.0,0.4,0.17,0.63,158.0,919.0,E12000006,East of England
117578,0.23,-0.19,0.66,32.0,0.3,0.1,0.49,228.0,919.0,E12000006,East of England
136554,0.21,0.0,0.42,134.0,0.77,0.56,0.99,180.0,919.0,E12000006,East of England
137872,-0.05,-0.41,0.31,45.0,-0.23,-0.45,-0.01,174.0,919.0,E12000006,East of England
136877,0.51,0.18,0.83,55.0,0.16,-0.03,0.34,252.0,919.0,E12000006,East of England
137224,-0.79,-1.52,-0.07,11.0,-0.53,-0.85,-0.21,84.0,919.0,E12000006,East of England
137938,0.2,-0.39,0.78,17.0,0.59,0.36,0.82,163.0,919.0,E12000006,East of England
137895,-0.23,-0.56,0.1,53.0,0.52,0.33,0.71,232.0,919.0,E12000006,East of England
138042,0.7,0.04,1.37,13.0,0.13,-0.08,0.33,199.0,919.0,E12000006,East of England
137532,-0.19,-0.52,0.14,53.0,0.36,0.17,0.55,233.0,919.0,E12000006,East of England
137156,-0.63,-0.97,-0.29,50.0,-0.01,-0.2,0.18,227.0,919.0,E12000006,East of England
137922,-0.43,-1.05,0.19,15.0,0.01,-0.21,0.23,169.0,919.0,E12000006,East of England
137914,0.13,-0.41,0.67,20.0,0.12,-0.08,0.32,209.0,919.0,E12000006,East of England
147246,0.01,-0.41,0.44,32.0,0.08,-0.13,0.28,199.0,919.0,E12000006,East of England
140786,-0.1,-0.34,0.14,97.0,0.29,0.06,0.51,168.0,919.0,E12000006,East of England
136901,0.08,-0.19,0.35,78.0,0.68,0.49,0.88,218.0,919.0,E12000006,East of England
148499,-0.67,-1.1,-0.24,31.0,0.22,0.0,0.43,179.0,919.0,E12000006,East of England
138360,-0.44,-1.2,0.33,10.0,-0.13,-0.33,0.07,211.0,919.0,E12000006,East of England
117602,0.11,-0.46,0.67,18.0,,,,,919.0,E12000006,East of England
117604,0.93,0.61,1.26,55.0,,,,,919.0,E12000006,East of England
117605,-0.22,-0.53,0.1,59.0,,,,,919.0,E12000006,East of England
117606,-0.62,-1.61,0.36,6.0,,,,,919.0,E12000006,East of England
117607,0.26,-0.08,0.6,50.0,,,,,919.0,E12000006,East of England
117609,-0.73,-1.38,-0.09,14.0,,,,,919.0,E12000006,East of England
117612,,,,,,,,,919.0,E12000006,East of England
117613,-0.11,-0.96,0.74,8.0,,,,,919.0,E12000006,East of England
117616,0.59,0.36,0.82,109.0,,,,,919.0,E12000006,East of England
117617,0.04,-0.33,0.4,43.0,,,,,919.0,E12000006,East of England
117618,,,,,,,,,919.0,E12000006,East of England
117622,-0.03,-0.67,0.62,14.0,,,,,919.0,E12000006,East of England
117633,-0.01,-0.59,0.58,17.0,,,,,919.0,E12000006,East of England
117638,-0.26,-0.62,0.1,44.0,,,,,919.0,E12000006,East of England
117641,-0.34,-0.89,0.22,19.0,,,,,919.0,E12000006,East of England
117647,0.18,-0.05,0.42,105.0,,,,,919.0,E12000006,East of England
117648,0.32,0.11,0.53,131.0,,,,,919.0,E12000006,East of England
117649,0.12,-0.18,0.42,65.0,,,,,919.0,E12000006,East of England
117657,0.02,-0.5,0.53,22.0,,,,,919.0,E12000006,East of England
102256,,,,,,,,,919.0,E12000006,East of England
134087,-0.51,-1.36,0.34,8.0,,,,,919.0,E12000006,East of England
135876,0.92,0.16,1.69,10.0,-0.06,-0.27,0.16,190.0,919.0,E12000006,East of England
149736,,,,,,,,,919.0,E12000006,East of England
130720,,,,,,,,,919.0,E12000006,East of England
130723,-1.4,-2.25,-0.55,8.0,,,,,919.0,E12000006,East of England
136753,0.21,-0.36,0.78,18.0,0.11,-0.07,0.3,248.0,921.0,E12000008,South East
140845,0.05,-0.46,0.56,22.0,0.23,0.04,0.42,242.0,921.0,E12000008,South East
150099,0.12,-0.39,0.64,22.0,,,,,921.0,E12000008,South East
135552,0.46,-0.14,1.06,16.0,-0.53,-0.79,-0.28,130.0,921.0,E12000008,South East
118223,0.29,-0.2,0.78,24.0,,,,,921.0,E12000008,South East
137572,-0.45,-0.98,0.09,20.0,0.24,0.05,0.42,241.0,925.0,E12000004,East Midlands
137282,,,,,-0.29,-0.5,-0.09,200.0,925.0,E12000004,East Midlands
138638,-0.14,-0.48,0.21,49.0,0.43,0.21,0.66,168.0,925.0,E12000004,East Midlands
137667,0.23,-0.4,0.85,15.0,0.28,0.03,0.53,135.0,925.0,E12000004,East Midlands
140950,-0.95,-1.45,-0.45,23.0,0.66,0.37,0.96,96.0,925.0,E12000004,East Midlands
137873,0.19,-0.54,0.91,11.0,0.08,-0.12,0.28,219.0,925.0,E12000004,East Midlands
136624,-0.77,-1.57,0.03,9.0,-0.16,-0.38,0.07,166.0,925.0,E12000004,East Midlands
139140,-0.41,-0.91,0.09,23.0,-0.01,-0.29,0.26,110.0,925.0,E12000004,East Midlands
120642,-0.25,-0.77,0.28,21.0,0.08,-0.17,0.33,137.0,925.0,E12000004,East Midlands
120655,-0.61,-1.03,-0.19,33.0,0.3,0.09,0.52,186.0,925.0,E12000004,East Midlands
137793,-0.17,-0.41,0.07,102.0,0.54,0.35,0.74,226.0,925.0,E12000004,East Midlands
136491,0.2,-0.56,0.96,10.0,-0.68,-0.89,-0.46,180.0,925.0,E12000004,East Midlands
139304,0.0,-0.33,0.33,53.0,0.61,0.36,0.86,136.0,925.0,E12000004,East Midlands
132951,0.5,0.18,0.81,59.0,,,,,925.0,E12000004,East Midlands
138757,,,,,0.23,-0.06,0.53,99.0,925.0,E12000004,East Midlands
136315,0.46,-0.16,1.08,15.0,0.12,-0.2,0.44,83.0,925.0,E12000004,East Midlands
137166,0.75,0.49,1.02,82.0,1.29,1.06,1.52,158.0,925.0,E12000004,East Midlands
137213,0.76,0.32,1.2,30.0,0.27,-0.02,0.55,104.0,925.0,E12000004,East Midlands
142262,-0.33,-0.73,0.08,35.0,0.16,-0.09,0.41,139.0,925.0,E12000004,East Midlands
136350,-0.18,-0.52,0.16,50.0,0.41,0.11,0.71,96.0,925.0,E12000004,East Midlands
137447,-0.08,-0.66,0.51,17.0,-0.08,-0.29,0.14,188.0,925.0,E12000004,East Midlands
138665,0.32,-0.08,0.71,37.0,0.29,0.02,0.55,118.0,925.0,E12000004,East Midlands
136871,,,,,-0.87,-1.13,-0.6,121.0,925.0,E12000004,East Midlands
137135,-0.28,-0.77,0.21,24.0,-0.06,-0.27,0.14,207.0,925.0,E12000004,East Midlands
136415,-0.32,-0.77,0.12,29.0,0.45,0.26,0.64,234.0,925.0,E12000004,East Midlands
136358,-0.52,-1.28,0.24,10.0,-0.2,-0.39,0.0,222.0,925.0,E12000004,East Midlands
138839,0.53,-0.19,1.26,11.0,-0.2,-0.44,0.04,150.0,925.0,E12000004,East Midlands
139623,,,,,-0.66,-0.95,-0.37,101.0,925.0,E12000004,East Midlands
139180,0.05,-0.44,0.53,25.0,-0.16,-0.42,0.1,129.0,925.0,E12000004,East Midlands
120724,-0.22,-1.13,0.69,7.0,,,,,925.0,E12000004,East Midlands
120735,0.79,0.4,1.17,39.0,,,,,925.0,E12000004,East Midlands
135563,,,,,-0.48,-0.77,-0.2,105.0,925.0,E12000004,East Midlands
135564,0.61,-0.08,1.31,12.0,-0.29,-0.52,-0.06,160.0,925.0,E12000004,East Midlands
135565,-0.03,-0.3,0.24,81.0,0.21,0.03,0.39,251.0,925.0,E12000004,East Midlands
136044,0.22,-0.42,0.87,14.0,-0.34,-0.5,-0.19,365.0,925.0,E12000004,East Midlands
136194,0.62,-0.14,1.38,10.0,-0.12,-0.31,0.07,231.0,925.0,E12000004,East Midlands
130762,,,,,,,,,925.0,E12000004,East Midlands
141268,0.02,-0.48,0.52,23.0,0.18,-0.05,0.42,155.0,926.0,E12000006,East of England
139572,-0.05,-0.9,0.81,8.0,-0.02,-0.27,0.24,130.0,926.0,E12000006,East of England
138039,-0.4,-1.2,0.4,9.0,-0.35,-0.54,-0.16,242.0,926.0,E12000006,East of England
139896,0.14,-0.03,0.31,199.0,,,,,926.0,E12000006,East of England
140815,-0.16,-0.96,0.64,9.0,0.37,0.14,0.61,154.0,926.0,E12000006,East of England
141086,0.25,-0.26,0.75,23.0,0.22,-0.02,0.46,146.0,926.0,E12000006,East of England
144359,0.24,-0.36,0.84,16.0,-0.13,-0.31,0.05,256.0,926.0,E12000006,East of England
145196,0.31,-0.6,1.22,7.0,0.01,-0.2,0.22,192.0,926.0,E12000006,East of England
148826,0.18,-0.42,0.79,16.0,-0.02,-0.23,0.18,195.0,926.0,E12000006,East of England
138829,0.87,0.41,1.33,27.0,0.12,-0.11,0.35,162.0,926.0,E12000006,East of England
140534,0.16,-0.44,0.77,16.0,0.25,0.02,0.47,168.0,926.0,E12000006,East of England
137461,0.57,0.1,1.04,26.0,0.47,0.29,0.66,242.0,926.0,E12000006,East of England
141269,-0.24,-0.57,0.09,53.0,-0.32,-0.51,-0.14,254.0,926.0,E12000006,East of England
136515,-0.19,-0.46,0.09,77.0,0.34,0.16,0.52,266.0,926.0,E12000006,East of England
143278,0.53,-0.02,1.08,19.0,0.08,-0.09,0.26,271.0,926.0,E12000006,East of England
139487,-0.15,-0.74,0.43,17.0,0.26,0.06,0.46,211.0,926.0,E12000006,East of England
137092,-0.27,-0.97,0.42,12.0,0.13,-0.11,0.38,142.0,926.0,E12000006,East of England
137913,-0.22,-0.5,0.05,76.0,0.25,0.04,0.46,189.0,926.0,E12000006,East of England
136481,0.42,0.14,0.7,74.0,0.31,0.09,0.53,174.0,926.0,E12000006,East of England
137621,-0.95,-1.93,0.03,6.0,-0.1,-0.37,0.17,117.0,926.0,E12000006,East of England
121222,-0.26,-0.84,0.33,17.0,,,,,926.0,E12000006,East of England
121224,-0.61,-1.37,0.15,10.0,,,,,926.0,E12000006,East of England
121241,,,,,,,,,926.0,E12000006,East of England
121242,-0.16,-0.46,0.13,66.0,,,,,926.0,E12000006,East of England
121245,,,,,,,,,926.0,E12000006,East of England
135650,,,,,0.04,-0.26,0.33,96.0,926.0,E12000006,East of England
136186,-0.8,-1.42,-0.17,15.0,0.08,-0.12,0.28,219.0,926.0,E12000006,East of England
136204,-0.16,-0.78,0.47,15.0,0.32,0.11,0.54,184.0,926.0,E12000006,East of England
130763,-1.26,-2.11,-0.41,8.0,,,,,926.0,E12000006,East of England
130764,-0.41,-0.82,0.0,35.0,,,,,926.0,E12000006,East of England
145749,0.12,-0.15,0.39,78.0,,,,,926.0,E12000006,East of England
144601,-0.34,-1.01,0.33,13.0,0.51,0.29,0.74,166.0,929.0,E12000001,North East
144977,-0.62,-1.42,0.18,9.0,-0.38,-0.64,-0.12,125.0,929.0,E12000001,North East
122328,-1.37,-2.13,-0.61,10.0,-0.78,-1.13,-0.44,72.0,929.0,E12000001,North East
146926,-0.04,-0.55,0.48,22.0,-0.01,-0.22,0.21,189.0,929.0,E12000001,North East
143291,0.22,-0.12,0.56,50.0,0.43,0.26,0.6,297.0,929.0,E12000001,North East
137457,-0.38,-0.77,0.01,39.0,-0.2,-0.36,-0.04,335.0,929.0,E12000001,North East
145783,0.29,-0.11,0.69,36.0,-0.02,-0.2,0.17,250.0,929.0,E12000001,North East
137598,-1.36,-2.21,-0.51,8.0,-0.6,-0.83,-0.36,152.0,929.0,E12000001,North East
150196,-0.11,-0.59,0.37,25.0,,,,,929.0,E12000001,North East
122363,-0.7,-1.43,0.02,11.0,-0.05,-0.36,0.25,92.0,929.0,E12000001,North East
137746,-0.05,-0.41,0.31,45.0,0.02,-0.14,0.18,313.0,929.0,E12000001,North East
141814,-0.7,-1.46,0.06,10.0,-0.31,-0.52,-0.1,196.0,929.0,E12000001,North East
122374,-1.02,-1.62,-0.42,16.0,-0.1,-0.34,0.15,142.0,929.0,E12000001,North East
122376,,,,,,,,,929.0,E12000001,North East
135619,-0.62,-1.19,-0.06,18.0,0.01,-0.19,0.21,207.0,929.0,E12000001,North East
138499,,,,,-0.56,-0.83,-0.29,115.0,931.0,E12000008,South East
140886,0.42,-0.43,1.27,8.0,-0.05,-0.5,0.39,42.0,931.0,E12000008,South East
142218,0.41,-0.1,0.92,22.0,-0.05,-0.23,0.12,268.0,931.0,E12000008,South East
141111,-0.05,-0.64,0.53,17.0,-0.08,-0.36,0.2,108.0,931.0,E12000008,South East
137936,-0.2,-0.64,0.24,30.0,0.47,0.22,0.71,144.0,931.0,E12000008,South East
142024,-0.27,-0.82,0.28,19.0,-0.31,-0.49,-0.12,251.0,931.0,E12000008,South East
146800,-1.13,-1.86,-0.4,11.0,0.17,-0.11,0.46,106.0,931.0,E12000008,South East
147203,-0.02,-0.93,0.89,7.0,0.53,0.24,0.81,106.0,931.0,E12000008,South East
148354,,,,,-0.51,-0.72,-0.3,194.0,931.0,E12000008,South East
141069,-0.06,-0.5,0.38,30.0,-0.28,-0.48,-0.08,215.0,931.0,E12000008,South East
138289,-0.34,-0.83,0.16,24.0,0.15,-0.04,0.34,231.0,931.0,E12000008,South East
123236,,,,,-0.46,-0.76,-0.15,91.0,931.0,E12000008,South East
138210,-0.15,-0.75,0.46,16.0,-0.31,-0.55,-0.07,145.0,931.0,E12000008,South East
144008,-0.24,-0.63,0.15,38.0,-0.23,-0.42,-0.03,218.0,931.0,E12000008,South East
137919,0.51,0.09,0.94,32.0,0.44,0.23,0.65,195.0,931.0,E12000008,South East
138897,-0.51,-0.94,-0.07,31.0,-0.2,-0.44,0.04,148.0,931.0,E12000008,South East
140875,0.05,-0.46,0.56,22.0,0.45,0.23,0.67,173.0,931.0,E12000008,South East
137970,0.23,0.02,0.44,136.0,0.66,0.48,0.84,260.0,931.0,E12000008,South East
139146,-0.03,-0.4,0.34,42.0,0.31,0.13,0.5,246.0,931.0,E12000008,South East
143890,-0.06,-0.55,0.43,24.0,-0.1,-0.34,0.13,151.0,931.0,E12000008,South East
140580,-0.08,-0.58,0.42,23.0,-0.52,-0.75,-0.29,161.0,931.0,E12000008,South East
146392,0.31,-0.38,1.01,12.0,0.28,0.01,0.54,124.0,931.0,E12000008,South East
142104,0.26,-0.14,0.65,37.0,0.07,-0.14,0.27,198.0,931.0,E12000008,South East
138762,0.21,-0.22,0.65,31.0,0.52,0.29,0.76,153.0,931.0,E12000008,South East
138490,-0.06,-0.38,0.25,57.0,0.71,0.52,0.89,244.0,931.0,E12000008,South East
137357,0.62,0.22,1.03,36.0,0.37,0.18,0.56,228.0,931.0,E12000008,South East
137993,-0.14,-0.64,0.36,23.0,-0.3,-0.49,-0.11,239.0,931.0,E12000008,South East
137140,0.82,0.42,1.21,37.0,0.18,-0.01,0.37,229.0,931.0,E12000008,South East
138817,-0.1,-0.62,0.41,22.0,0.2,-0.02,0.43,173.0,931.0,E12000008,South East
138667,0.43,0.11,0.75,56.0,-0.06,-0.22,0.11,301.0,931.0,E12000008,South East
141146,0.33,-0.23,0.9,18.0,0.22,-0.02,0.47,140.0,931.0,E12000008,South East
132916,0.03,-0.22,0.29,88.0,,,,,931.0,E12000008,South East
150214,0.05,-0.35,0.46,35.0,,,,,931.0,E12000008,South East
123274,-0.25,-1.1,0.6,8.0,,,,,931.0,E12000008,South East
123275,-0.03,-0.63,0.57,16.0,,,,,931.0,E12000008,South East
123277,0.53,-0.11,1.18,14.0,,,,,931.0,E12000008,South East
123278,-0.42,-1.15,0.3,11.0,,,,,931.0,E12000008,South East
138602,,,,,,,,,931.0,E12000008,South East
139779,-0.55,-1.46,0.36,7.0,,,,,931.0,E12000008,South East
143042,,,,,,,,,931.0,E12000008,South East
146516,0.38,0.03,0.73,47.0,,,,,931.0,E12000008,South East
123282,0.53,-0.17,1.22,12.0,,,,,931.0,E12000008,South East
123283,0.47,-0.19,1.14,13.0,,,,,931.0,E12000008,South East
123285,0.65,-0.04,1.35,12.0,,,,,931.0,E12000008,South East
123290,0.1,-0.27,0.46,43.0,,,,,931.0,E12000008,South East
123292,-0.27,-0.79,0.26,21.0,,,,,931.0,E12000008,South East
123294,,,,,,,,,931.0,E12000008,South East
123298,-0.5,-1.2,0.19,12.0,,,,,931.0,E12000008,South East
123300,0.17,-0.12,0.47,66.0,,,,,931.0,E12000008,South East
123303,,,,,,,,,931.0,E12000008,South East
123310,-0.06,-0.45,0.34,37.0,,,,,931.0,E12000008,South East
123311,0.15,-0.06,0.37,130.0,,,,,931.0,E12000008,South East
123312,0.67,0.44,0.89,116.0,,,,,931.0,E12000008,South East
123313,0.26,-0.1,0.63,44.0,,,,,931.0,E12000008,South East
123318,0.84,0.53,1.16,59.0,,,,,931.0,E12000008,South East
135365,0.02,-0.62,0.67,14.0,0.42,0.19,0.65,156.0,931.0,E12000008,South East
136261,0.58,0.11,1.05,26.0,0.78,0.57,0.98,205.0,931.0,E12000008,South East
123331,,,,,-1.71,-2.9,-0.52,6.0,931.0,E12000008,South East
130789,0.12,-0.2,0.44,57.0,,,,,931.0,E12000008,South East
134153,-0.42,-0.82,-0.01,35.0,,,,,931.0,E12000008,South East
150667,1.14,0.69,1.58,29.0,,,,,933.0,E12000009,South West
146439,0.13,-0.51,0.77,14.0,-0.52,-0.71,-0.33,232.0,933.0,E12000009,South West
150038,-0.13,-0.63,0.37,23.0,0.38,0.19,0.57,229.0,933.0,E12000009,South West
136295,-0.86,-1.39,-0.34,21.0,-0.04,-0.24,0.16,221.0,933.0,E12000009,South West
136791,-0.48,-1.13,0.16,14.0,-0.31,-0.53,-0.1,182.0,933.0,E12000009,South West
137285,-0.16,-0.59,0.27,31.0,0.23,0.04,0.43,229.0,933.0,E12000009,South West
123893,,,,,-0.1,-0.34,0.15,142.0,933.0,E12000009,South West
136783,0.91,0.37,1.45,20.0,0.39,0.2,0.58,240.0,933.0,E12000009,South West
137313,0.01,-0.53,0.55,20.0,0.65,0.34,0.95,94.0,933.0,E12000009,South West
123905,0.14,-0.55,0.84,12.0,,,,,933.0,E12000009,South West
123910,0.12,-0.61,0.84,11.0,,,,,933.0,E12000009,South West
123911,0.05,-0.24,0.34,70.0,,,,,933.0,E12000009,South West
123912,0.76,0.32,1.2,30.0,,,,,933.0,E12000009,South West
123913,-0.41,-1.32,0.5,7.0,,,,,933.0,E12000009,South West
123914,0.18,-0.26,0.63,29.0,,,,,933.0,E12000009,South West
123916,0.21,-0.26,0.67,27.0,,,,,933.0,E12000009,South West
123930,0.65,0.21,1.08,31.0,,,,,933.0,E12000009,South West
130803,-0.95,-1.45,-0.45,23.0,,,,,933.0,E12000009,South West
130805,-0.35,-0.86,0.17,22.0,,,,,933.0,E12000009,South West
130806,-0.01,-0.44,0.41,32.0,,,,,933.0,E12000009,South West
148791,0.47,0.28,0.65,168.0,,,,,933.0,E12000009,South West
137321,,,,,-0.2,-0.41,0.01,197.0,935.0,E12000006,East of England
141639,-0.09,-0.55,0.38,27.0,0.24,0.06,0.42,263.0,935.0,E12000006,East of England
124802,-0.38,-0.91,0.15,21.0,-0.12,-0.3,0.06,262.0,935.0,E12000006,East of England
139867,0.92,0.19,1.64,11.0,0.04,-0.17,0.25,194.0,935.0,E12000006,East of England
136271,0.72,0.23,1.21,24.0,0.37,0.14,0.6,160.0,935.0,E12000006,East of England
136782,-0.31,-0.81,0.19,23.0,0.0,-0.23,0.24,156.0,935.0,E12000006,East of England
147063,-0.13,-0.33,0.07,148.0,,,,,935.0,E12000006,East of England
151384,-0.53,-1.23,0.16,12.0,,,,,935.0,E12000006,East of England
137055,-1.33,-1.94,-0.73,16.0,-0.31,-0.5,-0.12,235.0,935.0,E12000006,East of England
136998,,,,,0.07,-0.17,0.31,148.0,935.0,E12000006,East of England
136834,0.31,-0.02,0.64,52.0,-0.02,-0.19,0.15,295.0,935.0,E12000006,East of England
124840,-0.55,-0.86,-0.25,62.0,0.34,0.16,0.53,248.0,935.0,E12000006,East of England
136827,-0.76,-1.12,-0.4,45.0,0.29,0.11,0.46,283.0,935.0,E12000006,East of England
136969,0.27,-0.15,0.69,33.0,0.29,0.12,0.46,298.0,935.0,E12000006,East of England
136322,-0.16,-0.8,0.48,14.0,-0.06,-0.26,0.13,215.0,935.0,E12000006,East of England
149285,0.41,-0.07,0.89,25.0,0.1,-0.14,0.33,151.0,935.0,E12000006,East of England
137849,-0.05,-0.54,0.44,24.0,-0.17,-0.41,0.07,144.0,935.0,E12000006,East of England
142283,0.04,-0.21,0.28,99.0,,,,,935.0,E12000006,East of England
124865,,,,,,,,,935.0,E12000006,East of England
124868,0.0,-0.85,0.85,8.0,,,,,935.0,E12000006,East of England
124881,0.27,-0.1,0.63,44.0,,,,,935.0,E12000006,East of England
124883,0.22,-0.54,0.98,10.0,,,,,935.0,E12000006,East of England
124884,0.26,-0.33,0.84,17.0,,,,,935.0,E12000006,East of England
124886,-0.86,-1.45,-0.28,17.0,,,,,935.0,E12000006,East of England
124887,-0.13,-0.7,0.43,18.0,,,,,935.0,E12000006,East of England
124888,-0.64,-1.4,0.12,10.0,,,,,935.0,E12000006,East of England
124889,-0.28,-0.78,0.22,23.0,,,,,935.0,E12000006,East of England
124892,-0.3,-1.02,0.43,11.0,,,,,935.0,E12000006,East of England
124899,,,,,,,,,935.0,E12000006,East of England
130819,0.06,-0.46,0.59,21.0,,,,,935.0,E12000006,East of England
138226,-0.25,-1.05,0.56,9.0,0.35,0.03,0.67,85.0,936.0,E12000008,South East
142009,-0.67,-1.52,0.18,8.0,0.17,-0.09,0.43,126.0,936.0,E12000008,South East
144503,0.23,-0.41,0.87,14.0,-0.59,-0.79,-0.4,222.0,936.0,E12000008,South East
136833,0.44,0.13,0.75,61.0,0.41,0.22,0.6,233.0,936.0,E12000008,South East
143902,-0.25,-0.81,0.3,19.0,0.01,-0.22,0.23,166.0,936.0,E12000008,South East
142315,-0.38,-0.92,0.15,20.0,-0.41,-0.58,-0.25,301.0,936.0,E12000008,South East
138928,-0.92,-1.42,-0.42,23.0,-0.17,-0.36,0.02,230.0,936.0,E12000008,South East
143901,0.63,0.24,1.03,37.0,0.23,0.04,0.41,244.0,936.0,E12000008,South East
136906,0.49,0.23,0.75,86.0,0.51,0.34,0.69,282.0,936.0,E12000008,South East
125275,0.25,-0.03,0.52,77.0,1.09,0.91,1.27,253.0,936.0,E12000008,South East
147430,0.34,0.01,0.67,53.0,0.84,0.63,1.05,196.0,936.0,E12000008,South East
125278,0.47,0.16,0.77,63.0,0.75,0.59,0.91,319.0,936.0,E12000008,South East
125279,-0.33,-1.0,0.34,13.0,0.44,0.17,0.71,116.0,936.0,E12000008,South East
138491,0.16,-0.39,0.71,19.0,0.19,-0.03,0.41,174.0,936.0,E12000008,South East
139193,0.7,0.39,1.01,61.0,0.76,0.54,0.98,175.0,936.0,E12000008,South East
136828,0.52,-0.06,1.1,17.0,-0.08,-0.26,0.09,271.0,936.0,E12000008,South East
143369,0.55,0.21,0.88,52.0,0.7,0.51,0.89,225.0,936.0,E12000008,South East
139151,-0.08,-0.4,0.24,57.0,0.71,0.41,1.01,95.0,936.0,E12000008,South East
136534,0.19,-0.1,0.48,71.0,0.79,0.6,0.99,223.0,936.0,E12000008,South East
137595,0.51,-0.1,1.11,16.0,-0.48,-0.71,-0.24,157.0,936.0,E12000008,South East
137736,-0.18,-0.61,0.25,31.0,0.9,0.7,1.09,224.0,936.0,E12000008,South East
142314,0.62,0.23,1.0,39.0,0.62,0.4,0.83,188.0,936.0,E12000008,South East
149290,0.52,0.17,0.88,46.0,0.83,0.62,1.04,197.0,936.0,E12000008,South East
143367,0.16,-0.1,0.43,82.0,0.7,0.52,0.88,264.0,936.0,E12000008,South East
137003,0.8,0.39,1.22,34.0,0.24,0.04,0.44,218.0,936.0,E12000008,South East
125315,0.16,-0.18,0.5,49.0,0.5,0.31,0.69,227.0,936.0,E12000008,South East
137855,0.51,0.19,0.82,58.0,0.65,0.45,0.85,210.0,936.0,E12000008,South East
137906,-0.59,-1.0,-0.18,34.0,-0.05,-0.26,0.16,195.0,936.0,E12000008,South East
125320,0.12,-0.25,0.48,44.0,,,,,936.0,E12000008,South East
142416,,,,,,,,,936.0,E12000008,South East
125321,-0.05,-0.33,0.23,73.0,,,,,936.0,E12000008,South East
125322,,,,,,,,,936.0,E12000008,South East
100528,-0.54,-1.18,0.11,14.0,,,,,936.0,E12000008,South East
125323,0.45,0.07,0.84,39.0,,,,,936.0,E12000008,South East
125332,-0.06,-0.33,0.21,79.0,,,,,936.0,E12000008,South East
125334,0.57,0.08,1.05,25.0,,,,,936.0,E12000008,South East
125338,-0.24,-1.09,0.61,8.0,,,,,936.0,E12000008,South East
125340,0.6,0.27,0.93,53.0,,,,,936.0,E12000008,South East
125342,-0.12,-0.45,0.2,55.0,,,,,936.0,E12000008,South East
125345,0.52,0.01,1.04,22.0,,,,,936.0,E12000008,South East
125348,,,,,,,,,936.0,E12000008,South East
125349,0.47,0.18,0.76,70.0,,,,,936.0,E12000008,South East
125353,0.3,-0.04,0.65,49.0,,,,,936.0,E12000008,South East
125356,-0.53,-1.22,0.17,12.0,,,,,936.0,E12000008,South East
125361,0.48,0.18,0.78,65.0,,,,,936.0,E12000008,South East
125365,-0.71,-1.56,0.14,8.0,,,,,936.0,E12000008,South East
125369,0.3,-0.22,0.83,21.0,,,,,936.0,E12000008,South East
125375,-0.33,-1.13,0.47,9.0,,,,,936.0,E12000008,South East
125380,0.09,-0.56,0.73,14.0,,,,,936.0,E12000008,South East
125387,0.6,0.13,1.07,26.0,,,,,936.0,E12000008,South East
125388,-1.42,-2.41,-0.44,6.0,,,,,936.0,E12000008,South East
125402,0.69,-0.29,1.67,6.0,,,,,936.0,E12000008,South East
125403,-0.72,-1.38,-0.05,13.0,,,,,936.0,E12000008,South East
125411,0.42,-0.25,1.08,13.0,,,,,936.0,E12000008,South East
125422,0.15,-0.16,0.45,61.0,,,,,936.0,E12000008,South East
125424,0.33,0.1,0.55,117.0,,,,,936.0,E12000008,South East
125425,0.45,-0.03,0.93,25.0,,,,,936.0,E12000008,South East
125427,0.41,0.15,0.68,81.0,,,,,936.0,E12000008,South East
125428,,,,,,,,,936.0,E12000008,South East
125442,0.59,0.06,1.11,21.0,,,,,936.0,E12000008,South East
135419,,,,,,,,,936.0,E12000008,South East
130824,,,,,,,,,936.0,E12000008,South East
145004,0.25,0.1,0.4,266.0,,,,,936.0,E12000008,South East
145005,0.04,-0.1,0.17,310.0,,,,,936.0,E12000008,South East
145006,0.06,-0.09,0.21,259.0,,,,,936.0,E12000008,South East
145007,0.51,0.28,0.74,110.0,,,,,936.0,E12000008,South East
137235,-0.2,-0.55,0.15,48.0,0.78,0.48,1.08,95.0,937.0,E12000005,West Midlands
139936,-0.33,-1.05,0.4,11.0,-0.56,-0.75,-0.37,231.0,937.0,E12000005,West Midlands
137771,0.01,-0.9,0.92,7.0,0.25,0.02,0.48,155.0,937.0,E12000005,West Midlands
142881,0.01,-0.5,0.51,23.0,-0.01,-0.24,0.22,160.0,937.0,E12000005,West Midlands
145575,-0.23,-0.92,0.47,12.0,-0.36,-0.6,-0.13,157.0,937.0,E12000005,West Midlands
147432,-0.65,-1.29,0.0,14.0,0.3,0.08,0.51,187.0,937.0,E12000005,West Midlands
136459,0.19,-0.37,0.76,18.0,-0.48,-0.67,-0.29,237.0,937.0,E12000005,West Midlands
143905,0.41,-0.03,0.85,30.0,-0.13,-0.31,0.05,258.0,937.0,E12000005,West Midlands
137236,0.32,-0.22,0.85,20.0,0.07,-0.1,0.25,269.0,937.0,E12000005,West Midlands
137767,-0.46,-0.84,-0.08,40.0,0.6,0.41,0.78,237.0,937.0,E12000005,West Midlands
137770,1.11,0.26,1.96,8.0,-0.49,-0.72,-0.26,163.0,937.0,E12000005,West Midlands
137766,-0.46,-1.19,0.26,11.0,0.06,-0.16,0.28,172.0,937.0,E12000005,West Midlands
136986,-0.55,-1.15,0.05,16.0,-0.61,-0.82,-0.4,191.0,937.0,E12000005,West Midlands
146697,0.47,0.2,0.73,83.0,0.29,0.12,0.46,282.0,937.0,E12000005,West Midlands
142202,-0.08,-0.47,0.3,39.0,0.23,0.04,0.41,253.0,937.0,E12000005,West Midlands
136587,-0.24,-0.65,0.17,34.0,-0.05,-0.23,0.13,262.0,937.0,E12000005,West Midlands
137302,-0.31,-0.51,-0.11,149.0,1.27,0.93,1.61,73.0,937.0,E12000005,West Midlands
141277,0.41,0.2,0.61,134.0,0.98,0.7,1.25,111.0,937.0,E12000005,West Midlands
141836,-0.42,-0.81,-0.03,38.0,-0.17,-0.41,0.07,150.0,937.0,E12000005,West Midlands
137781,-0.7,-1.4,-0.01,12.0,-0.41,-0.63,-0.18,173.0,937.0,E12000005,West Midlands
136907,0.0,-0.31,0.32,59.0,0.04,-0.15,0.22,249.0,937.0,E12000005,West Midlands
136595,-0.09,-0.38,0.21,68.0,0.57,0.29,0.86,105.0,937.0,E12000005,West Midlands
136622,0.07,-0.18,0.31,96.0,0.69,0.45,0.93,146.0,937.0,E12000005,West Midlands
125774,-0.34,-1.33,0.64,6.0,,,,,937.0,E12000005,West Midlands
125775,,,,,,,,,937.0,E12000005,West Midlands
125777,0.23,-0.07,0.54,63.0,,,,,937.0,E12000005,West Midlands
125781,0.45,0.17,0.73,74.0,,,,,937.0,E12000005,West Midlands
125787,0.2,-0.35,0.75,19.0,,,,,937.0,E12000005,West Midlands
125788,-0.63,-1.06,-0.2,31.0,,,,,937.0,E12000005,West Midlands
145174,-0.41,-0.66,-0.16,93.0,,,,,937.0,E12000005,West Midlands
140105,-0.14,-0.76,0.48,15.0,-0.49,-0.68,-0.3,235.0,938.0,E12000008,South East
134042,0.1,-0.36,0.56,27.0,0.19,-0.01,0.38,225.0,938.0,E12000008,South East
137782,-0.28,-0.78,0.22,23.0,0.85,0.66,1.03,257.0,938.0,E12000008,South East
126068,0.37,-0.13,0.88,23.0,0.38,0.2,0.55,274.0,938.0,E12000008,South East
137263,-0.26,-0.55,0.03,68.0,0.24,0.07,0.42,285.0,938.0,E12000008,South East
126071,0.47,-0.33,1.27,9.0,-0.42,-0.64,-0.21,186.0,938.0,E12000008,South East
138620,0.27,-0.58,1.12,8.0,-0.84,-1.07,-0.62,166.0,938.0,E12000008,South East
126080,-0.44,-1.13,0.26,12.0,-0.46,-0.64,-0.28,261.0,938.0,E12000008,South East
126081,0.37,-0.22,0.95,17.0,-0.18,-0.38,0.02,210.0,938.0,E12000008,South East
126088,-0.35,-0.78,0.08,32.0,-0.02,-0.21,0.16,255.0,938.0,E12000008,South East
126089,0.1,-0.31,0.52,33.0,-0.09,-0.27,0.09,254.0,938.0,E12000008,South East
148221,0.29,-0.17,0.74,28.0,0.03,-0.13,0.19,332.0,938.0,E12000008,South East
126095,-0.59,-1.13,-0.05,20.0,-0.17,-0.41,0.07,150.0,938.0,E12000008,South East
140472,0.19,-0.19,0.56,41.0,0.35,0.16,0.54,226.0,938.0,E12000008,South East
126098,-0.42,-1.27,0.43,8.0,-0.47,-0.68,-0.26,196.0,938.0,E12000008,South East
148753,0.48,-0.03,0.99,22.0,0.37,0.15,0.6,169.0,938.0,E12000008,South East
144243,0.23,-0.11,0.56,51.0,0.46,0.24,0.69,172.0,938.0,E12000008,South East
143400,,,,,,,,,938.0,E12000008,South East
126107,0.18,-0.13,0.49,61.0,,,,,938.0,E12000008,South East
126108,0.15,-0.21,0.51,45.0,,,,,938.0,E12000008,South East
126110,0.85,0.21,1.5,14.0,,,,,938.0,E12000008,South East
126115,0.23,-0.75,1.22,6.0,,,,,938.0,E12000008,South East
126126,-0.41,-1.39,0.57,6.0,,,,,938.0,E12000008,South East
126133,-0.1,-0.62,0.41,22.0,,,,,938.0,E12000008,South East
126134,-0.74,-1.54,0.06,9.0,,,,,938.0,E12000008,South East
126136,0.12,-0.18,0.41,67.0,,,,,938.0,E12000008,South East
126137,0.1,-0.42,0.63,21.0,,,,,938.0,E12000008,South East
135744,-0.19,-1.05,0.66,8.0,0.01,-0.17,0.19,259.0,938.0,E12000008,South East
135745,,,,,-0.6,-0.79,-0.4,224.0,938.0,E12000008,South East
135760,-0.06,-0.63,0.51,18.0,0.16,-0.04,0.37,204.0,938.0,E12000008,South East
135962,0.37,-0.17,0.91,20.0,0.87,0.7,1.05,276.0,938.0,E12000008,South East
130843,-0.18,-0.4,0.03,126.0,,,,,938.0,E12000008,South East
130847,0.34,0.19,0.49,259.0,,,,,938.0,E12000008,South East
149433,-0.01,-0.99,0.98,6.0,-0.11,-0.34,0.11,166.0,940.0,E12000004,East Midlands
138254,-0.19,-0.95,0.57,10.0,0.1,-0.15,0.34,143.0,940.0,E12000004,East Midlands
139060,0.19,-0.54,0.91,11.0,-0.37,-0.59,-0.15,170.0,940.0,E12000004,East Midlands
139819,0.39,-0.46,1.24,8.0,-0.22,-0.42,-0.03,225.0,940.0,E12000004,East Midlands
139957,,,,,0.04,-0.17,0.25,186.0,940.0,E12000004,East Midlands
139961,-0.21,-0.81,0.4,16.0,-0.01,-0.2,0.19,222.0,940.0,E12000004,East Midlands
137049,0.16,-0.43,0.74,17.0,-0.3,-0.52,-0.07,165.0,940.0,E12000004,East Midlands
142063,-0.01,-0.45,0.42,31.0,0.27,0.06,0.47,203.0,940.0,E12000004,East Midlands
146209,-1.11,-1.81,-0.42,12.0,-0.44,-0.68,-0.2,147.0,940.0,E12000004,East Midlands
146489,-0.09,-0.53,0.35,30.0,0.12,-0.06,0.31,238.0,940.0,E12000004,East Midlands
122066,-0.8,-1.33,-0.28,21.0,0.18,-0.03,0.39,195.0,940.0,E12000004,East Midlands
139988,0.14,-0.62,0.91,10.0,-0.4,-0.64,-0.15,143.0,940.0,E12000004,East Midlands
137086,-0.01,-0.36,0.34,48.0,0.36,0.16,0.56,215.0,940.0,E12000004,East Midlands
136976,-0.66,-1.36,0.03,12.0,-0.3,-0.51,-0.08,186.0,940.0,E12000004,East Midlands
137613,-0.15,-0.72,0.42,18.0,-0.52,-0.75,-0.3,169.0,940.0,E12000004,East Midlands
137912,0.22,-0.16,0.6,41.0,0.4,0.22,0.59,246.0,940.0,E12000004,East Midlands
122129,0.44,0.19,0.7,89.0,,,,,940.0,E12000004,East Midlands
122131,-0.19,-0.66,0.28,26.0,,,,,940.0,E12000004,East Midlands
135306,-0.25,-0.77,0.28,21.0,0.1,-0.11,0.31,199.0,940.0,E12000004,East Midlands
135317,-0.03,-0.41,0.36,39.0,0.79,0.57,1.0,181.0,940.0,E12000004,East Midlands
135966,-0.2,-0.62,0.23,32.0,0.41,0.21,0.6,225.0,940.0,E12000004,East Midlands
135967,0.34,-0.28,0.96,15.0,-0.01,-0.2,0.18,224.0,940.0,E12000004,East Midlands
138073,,,,,-0.07,-0.32,0.17,145.0,941.0,E12000004,East Midlands
136948,-0.72,-1.45,0.0,11.0,0.17,-0.02,0.36,231.0,941.0,E12000004,East Midlands
138235,-1.28,-2.13,-0.43,8.0,-0.19,-0.41,0.03,174.0,941.0,E12000004,East Midlands
136488,0.24,-0.19,0.67,31.0,0.29,0.09,0.48,230.0,941.0,E12000004,East Midlands
137089,0.12,-0.23,0.47,47.0,-0.03,-0.21,0.15,265.0,941.0,E12000004,East Midlands
138858,-0.39,-1.12,0.33,11.0,0.12,-0.07,0.3,239.0,941.0,E12000004,East Midlands
139690,-1.35,-1.8,-0.91,29.0,-0.78,-1.07,-0.48,99.0,941.0,E12000004,East Midlands
142869,-0.34,-0.71,0.03,42.0,0.66,0.39,0.94,112.0,941.0,E12000004,East Midlands
137614,-0.01,-0.5,0.48,24.0,-0.13,-0.32,0.06,229.0,941.0,E12000004,East Midlands
143421,,,,,-0.13,-0.35,0.08,179.0,941.0,E12000004,East Midlands
136489,0.35,-0.21,0.92,18.0,-0.2,-0.4,0.0,215.0,941.0,E12000004,East Midlands
137087,1.0,0.5,1.51,23.0,0.2,-0.01,0.42,190.0,941.0,E12000004,East Midlands
138214,0.83,0.37,1.28,28.0,0.22,0.04,0.4,254.0,941.0,E12000004,East Midlands
138932,-0.56,-1.16,0.04,16.0,-0.33,-0.52,-0.13,233.0,941.0,E12000004,East Midlands
140510,-1.17,-1.57,-0.76,35.0,0.09,-0.09,0.26,267.0,941.0,E12000004,East Midlands
137878,-0.83,-1.45,-0.2,15.0,0.21,-0.01,0.43,171.0,941.0,E12000004,East Midlands
139158,0.17,-0.42,0.75,17.0,-0.23,-0.42,-0.04,238.0,941.0,E12000004,East Midlands
142747,1.12,0.52,1.72,16.0,0.38,0.11,0.64,121.0,941.0,E12000004,East Midlands
136299,-0.06,-0.27,0.16,124.0,1.35,1.15,1.55,212.0,941.0,E12000004,East Midlands
122137,,,,,,,,,941.0,E12000004,East Midlands
122144,-0.55,-1.15,0.05,16.0,,,,,941.0,E12000004,East Midlands
122149,-1.16,-1.68,-0.63,21.0,,,,,941.0,E12000004,East Midlands
122151,-0.05,-0.96,0.86,7.0,,,,,941.0,E12000004,East Midlands
135754,,,,,,,,,941.0,E12000004,East Midlands
134814,0.49,0.17,0.82,55.0,1.15,0.97,1.32,279.0,941.0,E12000004,East Midlands
136201,0.06,-0.64,0.75,12.0,0.22,0.02,0.43,207.0,941.0,E12000004,East Midlands
140600,,,,,-0.56,-0.82,-0.29,120.0,942.0,E12000002,North West
141499,0.53,-0.14,1.2,13.0,-0.15,-0.38,0.08,164.0,942.0,E12000002,North West
142306,0.19,-0.18,0.56,43.0,0.27,0.07,0.47,209.0,942.0,E12000002,North West
112382,-0.32,-1.13,0.48,9.0,-0.67,-0.93,-0.41,123.0,942.0,E12000002,North West
112388,,,,,-0.15,-0.46,0.16,88.0,942.0,E12000002,North West
112397,0.02,-0.56,0.61,17.0,0.33,0.13,0.53,205.0,942.0,E12000002,North West
112398,0.24,-0.43,0.91,13.0,-0.57,-0.8,-0.34,162.0,942.0,E12000002,North West
112399,,,,,-0.65,-0.98,-0.31,76.0,942.0,E12000002,North West
137369,-1.01,-1.4,-0.62,38.0,-0.19,-0.37,-0.01,258.0,942.0,E12000002,North West
137252,1.26,0.41,2.12,8.0,-0.22,-0.42,-0.02,216.0,942.0,E12000002,North West
137254,-0.56,-1.47,0.35,7.0,-0.43,-0.67,-0.18,139.0,942.0,E12000002,North West
136902,-0.59,-0.98,-0.19,37.0,0.45,0.24,0.65,201.0,942.0,E12000002,North West
112442,0.84,-0.14,1.83,6.0,,,,,942.0,E12000002,North West
112453,-0.24,-0.97,0.48,11.0,,,,,942.0,E12000002,North West
135621,1.73,1.0,2.45,11.0,-0.12,-0.32,0.08,216.0,942.0,E12000002,North West
135632,-0.55,-1.15,0.05,16.0,-0.46,-0.67,-0.25,191.0,942.0,E12000002,North West
143749,,,,,-0.47,-0.72,-0.22,136.0,943.0,E12000002,North West
112379,,,,,-0.34,-0.66,-0.03,85.0,943.0,E12000002,North West
112385,-0.28,-0.58,0.02,65.0,-0.2,-0.41,0.01,187.0,943.0,E12000002,North West
112393,0.09,-0.58,0.76,13.0,0.0,-0.17,0.18,273.0,943.0,E12000002,North West
136671,0.4,-0.09,0.89,24.0,0.29,0.06,0.51,163.0,943.0,E12000002,North West
136732,0.53,0.16,0.91,41.0,0.48,0.25,0.72,151.0,943.0,E12000002,North West
136526,-0.14,-0.69,0.41,19.0,-0.05,-0.29,0.18,152.0,943.0,E12000002,North West
137205,,,,,-0.48,-0.7,-0.26,173.0,943.0,E12000002,North West
137107,0.3,-0.68,1.28,6.0,-0.19,-0.62,0.24,46.0,943.0,E12000002,North West
137251,,,,,-0.06,-0.45,0.33,56.0,943.0,E12000002,North West
136357,-0.05,-0.48,0.37,32.0,-0.13,-0.42,0.16,100.0,943.0,E12000002,North West
112451,0.2,-0.37,0.76,18.0,,,,,943.0,E12000002,North West
130631,,,,,,,,,943.0,E12000002,North West
130633,-1.04,-1.44,-0.64,36.0,,,,,943.0,E12000002,North West
