URN,name,type,type_group,phase,local_authority,town,postcode,sixth_form,gender,admissions
100001,City of London School for Girls,Other independent school,Independent schools,Not applicable,City of London,London,EC2Y 8BB,Has a sixth form,Girls,Selective
100003,City of London School,Other independent school,Independent schools,Not applicable,City of London,London,EC4V 3AL,Has a sixth form,Boys,Not applicable
100049,Haverstock School,Community school,Local authority maintained schools,Secondary,Camden,London,NW3 2BQ,Has a sixth form,Mixed,Non-selective
100050,Parliament Hill School,Community school,Local authority maintained schools,Secondary,Camden,London,NW5 1RL,Has a sixth form,Girls,Non-selective
100051,Regent High School,Community school,Local authority maintained schools,Secondary,Camden,London,NW1 1RX,Has a sixth form,Mixed,Non-selective
100052,Hampstead School,Community school,Local authority maintained schools,Secondary,Camden,London,NW2 3RT,Has a sixth form,Mixed,Non-selective
100053,Acland Burghley School,Community school,Local authority maintained schools,Secondary,Camden,London,NW5 1UJ,Has a sixth form,Mixed,Non-selective
100054,The Camden School for Girls,Voluntary aided school,Local authority maintained schools,Secondary,Camden,London,NW5 2DB,Has a sixth form,Girls,Non-selective
100055,Maria Fidelis Catholic School FCJ,Voluntary aided school,Local authority maintained schools,Secondary,Camden,London,NW1 1LY,Has a sixth form,Mixed,Non-selective
100056,William Ellis School,Voluntary aided school,Local authority maintained schools,Secondary,Camden,London,NW5 1RN,Has a sixth form,Boys,Non-selective
100059,La Sainte Union Catholic Secondary School,Voluntary aided school,Local authority maintained schools,Secondary,Camden,London,NW5 1RP,Has a sixth form,Girls,Non-selective
100065,University College School,Other independent school,Independent schools,Not applicable,Camden,London,NW3 6XH,Has a sixth form,Mixed,Not applicable
100076,South Hampstead High School GDST,Other independent school,Independent schools,Not applicable,Camden,London,NW3 5SS,Has a sixth form,Girls,Selective
100084,Hampstead Fine Arts College,Other independent school,Independent schools,Not applicable,Camden,London,NW3 4YD,Has a sixth form,Mixed,Non-selective
100171,Saint Mary Magdalene Church of England All Through School,Voluntary aided school,Local authority maintained schools,All-through,Greenwich,London,SE18 5PW,Has a sixth form,Mixed,Non-selective
100182,Eltham Hill School,Community school,Local authority maintained schools,Secondary,Greenwich,London,SE9 5EE,Has a sixth form,Girls,Non-selective
100183,Plumstead Manor School,Community school,Local authority maintained schools,Secondary,Greenwich,London,SE18 1QF,Has a sixth form,Mixed,Non-selective
100190,Thomas Tallis School,Community school,Local authority maintained schools,Secondary,Greenwich,London,SE3 9PX,Has a sixth form,Mixed,Non-selective
100200,Riverston School,Other independent school,Independent schools,Not applicable,Greenwich,London,SE12 8UF,Has a sixth form,Mixed,Non-selective
100202,Colfe's School,Other independent school,Independent schools,Not applicable,Greenwich,London,SE12 8AW,Has a sixth form,Mixed,Selective
100279,Stoke Newington School and Sixth Form,Community school,Local authority maintained schools,Secondary,Hackney,London,N16 9EX,Has a sixth form,Mixed,Non-selective
100282,All Saints Catholic High School,Voluntary aided school,Local authority maintained schools,Secondary,Hackney,London,N16 5AF,Has a sixth form,Mixed,Non-selective
100284,The Urswick School - A Church of England Secondary School,Voluntary aided school,Local authority maintained schools,Secondary,Hackney,London,E9 6NR,Has a sixth form,Mixed,Non-selective
100366,St Paul's Girls' School,Other independent school,Independent schools,Not applicable,Hammersmith and Fulham,London,W6 7BS,Has a sixth form,Girls,Not applicable
100369,The Godolphin and Latymer School,Other independent school,Independent schools,Not applicable,Hammersmith and Fulham,London,W6 0PG,Has a sixth form,Girls,Not applicable
100370,Latymer Upper School and Latymer Prep,Other independent school,Independent schools,Not applicable,Hammersmith and Fulham,London,W6 9LR,Has a sixth form,Mixed,Selective
100455,Highbury Fields School,Community school,Local authority maintained schools,Secondary,Islington,London,N5 1AR,Has a sixth form,Girls,Non-selective
100458,Central Foundation Boys' School,Voluntary aided school,Local authority maintained schools,Secondary,Islington,London,EC2A 4SH,Has a sixth form,Boys,Non-selective
100459,St Aloysius RC College,Voluntary aided school,Local authority maintained schools,Secondary,Islington,London,N6 5LY,Has a sixth form,Boys,Non-selective
100511,Queen's Gate School,Other independent school,Independent schools,Not applicable,Kensington and Chelsea,London,SW7 5LE,Has a sixth form,Girls,Not applicable
100521,More House School,Other independent school,Independent schools,Not applicable,Kensington and Chelsea,Knightsbridge,SW1X 0AA,Has a sixth form,Girls,Selective
100527,St James Senior Girls' School,Other independent school,Independent schools,Not applicable,Hammersmith and Fulham,,W14 8SH,Has a sixth form,Girls,Selective
100528,St James Senior Boys' School,Other independent school,Independent schools,Not applicable,Surrey,Ashford,TW15 3DZ,Has a sixth form,Boys,Not applicable
100529,DLD College,Other independent school,Independent schools,Not applicable,Lambeth,,SE1 7FX,Has a sixth form,Mixed,Not applicable
100536,Kensington Park School,Other independent school,Independent schools,Not applicable,Westminster,London,W2 4AT,Has a sixth form,Mixed,Selective
100537,Ashbourne College,Other independent school,Independent schools,Not applicable,Kensington and Chelsea,London,W8 4PL,Has a sixth form,Mixed,Non-selective
100539,Collingham,Other independent school,Independent schools,Not applicable,Kensington and Chelsea,London,SW5 0HL,Has a sixth form,Mixed,Non-selective
100540,Mander Portman Woodward School,Other independent school,Independent schools,Not applicable,Kensington and Chelsea,LONDON,SW7 5AB,Has a sixth form,Mixed,Non-selective
100544,David Game College,Other independent school,Independent schools,Not applicable,City of London,,EC3N 2ET,Has a sixth form,Mixed,Non-selective
100547,Lycee Francais Charles de Gaulle,Other independent school,Independent schools,Not applicable,Kensington and Chelsea,London,SW7 2DG,Has a sixth form,Mixed,Non-selective
100590,Woodmansterne School,Community school,Local authority maintained schools,All-through,Lambeth,London,SW16 5UQ,Has a sixth form,Mixed,Not applicable
100624,The Norwood School,Community school,Local authority maintained schools,Secondary,Lambeth,London,SE19 3NY,Has a sixth form,Mixed,Non-selective
100625,Lilian Baylis Technology School,Community school,Local authority maintained schools,Secondary,Lambeth,London,SE11 5QY,Has a sixth form,Mixed,Non-selective
100637,La Retraite Roman Catholic Girls' School,Voluntary aided school,Local authority maintained schools,Secondary,Lambeth,London,SW12 0AB,Has a sixth form,Girls,Non-selective
100638,Bishop Thomas Grant Catholic Secondary School,Voluntary aided school,Local authority maintained schools,Secondary,Lambeth,London,SW16 2HY,Has a sixth form,Mixed,Non-selective
100642,London Nautical School,Foundation school,Local authority maintained schools,Secondary,Lambeth,London,SE1 9NA,Has a sixth form,Boys,Non-selective
100648,Streatham & Clapham High School GDST,Other independent school,Independent schools,Not applicable,Lambeth,,SW16 1AW,Has a sixth form,Girls,Selective
100741,Sydenham School,Community school,Local authority maintained schools,Secondary,Lewisham,London,SE26 4RD,Has a sixth form,Girls,Non-selective
100745,Forest Hill School,Community school,Local authority maintained schools,Secondary,Lewisham,London,SE23 2XN,Has a sixth form,Boys,Non-selective
100754,St Dunstan's College,Other independent school,Independent schools,Not applicable,Lewisham,LONDON,SE6 4TY,Has a sixth form,Mixed,Selective
100756,Blackheath High School GDST,Other independent school,Independent schools,Not applicable,Greenwich,,SE3 7AG,Has a sixth form,Girls,Not applicable
100757,Sydenham & Dulwich Girls GDST,Other independent school,Independent schools,Not applicable,Lewisham,,SE26 6BL,Has a sixth form,Girls,Selective
100849,St Saviour's and St Olave's Church of England School,Voluntary aided school,Local authority maintained schools,Secondary,Southwark,London,SE1 4AN,Has a sixth form,Girls,Non-selective
100857,The St Thomas the Apostle College,Voluntary aided school,Local authority maintained schools,Secondary,Southwark,London,SE15 2EB,Has a sixth form,Boys,Non-selective
100861,Dulwich College,Other independent school,Independent schools,Not applicable,Southwark,London,SE21 7LD,Has a sixth form,Mixed,Not applicable
100863,James Allen's Girls' School,Other independent school,Independent schools,Not applicable,Southwark,London,SE22 8TE,Has a sixth form,Girls,Not applicable
100864,Alleyn's School,Other independent school,Independent schools,Not applicable,Southwark,London,SE22 8SU,Has a sixth form,Mixed,Selective
100965,Bow School,Community school,Local authority maintained schools,Secondary,Tower Hamlets,London,E3 3QW,Has a sixth form,Mixed,Non-selective
100966,Langdon Park Community School,Community school,Local authority maintained schools,Secondary,Tower Hamlets,London,E14 0RZ,Has a sixth form,Mixed,Non-selective
100967,Morpeth School,Community school,Local authority maintained schools,Secondary,Tower Hamlets,London,E2 0PX,Has a sixth form,Mixed,Non-selective
100972,Oaklands School,Community school,Local authority maintained schools,Secondary,Tower Hamlets,London,E2 6PR,Has a sixth form,Mixed,Non-selective
100973,Swanlea School,Community school,Local authority maintained schools,Secondary,Tower Hamlets,London,E1 5DJ,Has a sixth form,Mixed,Non-selective
100974,George Green's School,Voluntary controlled school,Local authority maintained schools,Secondary,Tower Hamlets,London,E14 3DW,Has a sixth form,Mixed,Non-selective
100975,Central Foundation Girls' School,Voluntary aided school,Local authority maintained schools,Secondary,Tower Hamlets,London,E3 2AE,Has a sixth form,Girls,Non-selective
100977,Stepney All Saints Church of England Secondary School,Voluntary aided school,Local authority maintained schools,Secondary,Tower Hamlets,London,E1 0RH,Has a sixth form,Mixed,Non-selective
100982,Madani Secondary Girls' School,Other independent school,Independent schools,Not applicable,Tower Hamlets,London,E1 1HL,Has a sixth form,Girls,Not applicable
101064,Ibstock Place School,Other independent school,Independent schools,Not applicable,Wandsworth,London,SW15 5PY,Has a sixth form,Mixed,Not applicable
101071,Emanuel School,Other independent school,Independent schools,Not applicable,Wandsworth,London,SW11 1HS,Has a sixth form,Mixed,Selective
101072,Putney High School GDST,Other independent school,Independent schools,Not applicable,Wandsworth,,SW15 6BH,Has a sixth form,Girls,Not applicable
101086,Hall School Wimbledon,Other independent school,Independent schools,Not applicable,Merton,,SW20 8HF,Has a sixth form,Mixed,Non-selective
101154,St Augustine's Federated Schools: CE High School,Voluntary aided school,Local authority maintained schools,Secondary,Westminster,London,NW6 5SN,Has a sixth form,Mixed,Non-selective
101157,"Queen's College, London",Other independent school,Independent schools,Not applicable,Westminster,London,W1G 8BT,Has a sixth form,Girls,Not applicable
101158,Francis Holland School,Other independent school,Independent schools,Not applicable,Westminster,London,NW1 6XR,Has a sixth form,Girls,Not applicable
101161,Francis Holland School,Other independent school,Independent schools,Not applicable,Westminster,London,SW1W 8JF,Has a sixth form,Girls,Selective
101162,Westminster School,Other independent school,Independent schools,Not applicable,Westminster,London,SW1P 3PF,Has a sixth form,Mixed,Not applicable
101181,Bales College,Other independent school,Independent schools,Not applicable,Westminster,London,W10 4AA,Has a sixth form,Mixed,Non-selective
101241,"Barking Abbey School, A Specialist Sports and Humanities College",Community school,Local authority maintained schools,Secondary,Barking and Dagenham,Barking,IG11 9AG,Has a sixth form,Mixed,Non-selective
101243,Eastbrook School,Community school,Local authority maintained schools,All-through,Barking and Dagenham,Dagenham,RM10 7UR,Has a sixth form,Mixed,Non-selective
101244,Eastbury Community School,Community school,Local authority maintained schools,All-through,Barking and Dagenham,Barking,IG11 9UW,Has a sixth form,Mixed,Non-selective
101245,Robert Clack School,Community school,Local authority maintained schools,All-through,Barking and Dagenham,Dagenham,RM8 1JU,Has a sixth form,Mixed,Non-selective
101247,All Saints Catholic School and Technology College,Voluntary aided school,Local authority maintained schools,Secondary,Barking and Dagenham,Dagenham,RM8 1JT,Has a sixth form,Mixed,Non-selective
101361,St Michael's Catholic Grammar School,Voluntary aided school,Local authority maintained schools,Secondary,Barnet,London,N12 7NJ,Has a sixth form,Girls,Selective
101362,Finchley Catholic High School,Voluntary aided school,Local authority maintained schools,Secondary,Barnet,London,N12 8TA,Has a sixth form,Boys,Non-selective
101364,St James' Catholic High School,Voluntary aided school,Local authority maintained schools,Secondary,Barnet,London,NW9 5PE,Has a sixth form,Mixed,Non-selective
101367,Mill Hill Schools,Other independent school,Independent schools,Not applicable,Barnet,London,NW7 1QS,Has a sixth form,Mixed,Not applicable
101369,The King Alfred School,Other independent school,Independent schools,Not applicable,Barnet,London,NW11 7HY,Has a sixth form,Mixed,Non-selective
101374,Mount House School,Other independent school,Independent schools,Not applicable,Barnet,Barnet,EN4 0NJ,Has a sixth form,Mixed,Selective
101387,Menorah Grammar School,Other independent school,Independent schools,Not applicable,Barnet,Edgware,HA8 0QS,Has a sixth form,Boys,Not applicable
101388,Beth Jacob Grammar School for Girls,Other independent school,Independent schools,Not applicable,Barnet,London,NW4 2AT,Has a sixth form,Girls,Non-selective
101393,Brampton College,Other independent school,Independent schools,Not applicable,Barnet,London,NW4 4DQ,Has a sixth form,Mixed,Not applicable
101676,St Olave's and St Saviour's Grammar School,Voluntary aided school,Local authority maintained schools,Secondary,Bromley,Orpington,BR6 9SH,Has a sixth form,Boys,Selective
101680,Babington House School,Other independent school,Independent schools,Not applicable,Bromley,Chislehurst,BR7 5ES,Has a sixth form,Mixed,Selective
101683,Bishop Challoner School,Other independent school,Independent schools,Not applicable,Bromley,Bromley,BR2 0BS,Has a sixth form,Mixed,Selective
101685,Farringtons School,Other independent school,Independent schools,Not applicable,Bromley,Chislehurst,BR7 6LR,Has a sixth form,Mixed,Selective
101692,Bromley High School GDST,Other independent school,Independent schools,Not applicable,Bromley,Bromley,BR1 2TW,Has a sixth form,Girls,Not applicable
101693,Eltham College,Other independent school,Independent schools,Not applicable,Bromley,London,SE9 4QF,Has a sixth form,Mixed,Selective
101695,Darul Uloom London School,Other independent school,Independent schools,Not applicable,Bromley,,BR7 6SD,Has a sixth form,Boys,Selective
101811,Archbishop Tenison's CofE High School,Voluntary aided school,Local authority maintained schools,Secondary,Croydon,Croydon,CR0 5JQ,Has a sixth form,Mixed,Non-selective
101835,Royal Russell School,Other independent school,Independent schools,Not applicable,Croydon,Croydon,CR9 5BX,Has a sixth form,Mixed,Selective
101837,Whitgift School,Other independent school,Independent schools,Not applicable,Croydon,,CR2 6YT,Has a sixth form,Boys,Not applicable
101842,Trinity School,Other independent school,Independent schools,Not applicable,Croydon,,CR9 7AT,Has a sixth form,Mixed,Not applicable
101845,Croydon High School,Other independent school,Independent schools,Not applicable,Croydon,South Croydon,CR2 8YB,Has a sixth form,Girls,Not applicable
101846,Old Palace of John Whitgift School,Other independent school,Independent schools,Not applicable,Croydon,,CR0 1AX,Has a sixth form,Girls,Selective
101849,BRIT School for Performing Arts and Technology,City technology college,Independent schools,Not applicable,Croydon,Croydon,CR0 2HN,Has a sixth form,Mixed,Non-selective
101928,Villiers High School,Foundation school,Local authority maintained schools,Secondary,Ealing,Southall,UB1 3BT,Has a sixth form,Mixed,Non-selective
101934,The Cardinal Wiseman Catholic School,Voluntary aided school,Local authority maintained schools,Secondary,Ealing,Greenford,UB6 9AW,Has a sixth form,Mixed,Non-selective
101939,Brentside High School,Foundation school,Local authority maintained schools,Secondary,Ealing,London,W7 1JJ,Has a sixth form,Mixed,Non-selective
101940,Greenford High School,Foundation school,Local authority maintained schools,Secondary,Ealing,Southall,UB1 2GU,Has a sixth form,Mixed,Non-selective
101941,The Ellen Wilkinson School for Girls,Foundation school,Local authority maintained schools,Secondary,Ealing,London,W3 0HW,Has a sixth form,Girls,Non-selective
101943,Islip Manor High School,Foundation school,Local authority maintained schools,Secondary,Ealing,Northolt,UB5 4HP,Has a sixth form,Mixed,Non-selective
101946,St Augustine's Priory,Other independent school,Independent schools,Not applicable,Ealing,London,W5 2JL,Has a sixth form,Girls,Selective
101947,St Benedict's School,Other independent school,Independent schools,Not applicable,Ealing,,W5 2ES,Has a sixth form,Mixed,Selective
101954,Notting Hill & Ealing High School GDST,Other independent school,Independent schools,Not applicable,Ealing,,W13 8AX,Has a sixth form,Girls,Selective
101957,King Fahad Academy,Other independent school,Independent schools,Not applicable,Ealing,London,W3 7HD,Has a sixth form,Mixed,Selective
102045,Winchmore School,Community school,Local authority maintained schools,Secondary,Enfield,London,N21 3HS,Has a sixth form,Mixed,Non-selective
102048,Enfield County School for Girls,Community school,Local authority maintained schools,Secondary,Enfield,Enfield,EN2 6QG,Has a sixth form,Girls,Non-selective
102049,Chace Community School,Community school,Local authority maintained schools,Secondary,Enfield,Enfield,EN1 3HQ,Has a sixth form,Mixed,Non-selective
102052,Bishop Stopford's School,Voluntary aided school,Local authority maintained schools,Secondary,Enfield,Enfield,EN1 3PU,Has a sixth form,Mixed,Non-selective
102053,St Anne's Catholic High School for Girls,Voluntary aided school,Local authority maintained schools,Secondary,Enfield,London,N13 5TY,Has a sixth form,Girls,Non-selective
102055,The Latymer School,Voluntary aided school,Local authority maintained schools,Secondary,Enfield,London,N9 9TN,Has a sixth form,Mixed,Selective
102058,St Ignatius College,Voluntary aided school,Local authority maintained schools,Secondary,Enfield,Enfield,EN1 4NP,Has a sixth form,Boys,Non-selective
102065,St John's Preparatory and Senior School,Other independent school,Independent schools,Not applicable,Enfield,Potters Bar,EN6 5QT,Has a sixth form,Mixed,Selective
102154,Highgate Wood Secondary School,Community school,Local authority maintained schools,Secondary,Haringey,London,N8 8RN,Has a sixth form,Mixed,Non-selective
102156,Fortismere School,Foundation school,Local authority maintained schools,Secondary,Haringey,London,N10 1NE,Has a sixth form,Mixed,Non-selective
102162,Channing School,Other independent school,Independent schools,Not applicable,Haringey,Highgate,N6 5HF,Has a sixth form,Girls,Selective
102163,Highgate School,Other independent school,Independent schools,Not applicable,Haringey,,N6 4AY,Has a sixth form,Mixed,Not applicable
102175,Blanche Nevile School,Community special school,Special schools,Not applicable,Haringey,London,N10 1NJ,Not applicable,Mixed,Not applicable
102239,Whitmore High School,Community school,Local authority maintained schools,Secondary,Harrow,Harrow,HA2 0AD,Has a sixth form,Mixed,Non-selective
102245,Harrow School,Other independent school,Independent schools,Not applicable,Harrow,Harrow-on-the-Hill,HA1 3HP,Has a sixth form,Boys,Not applicable
102247,The John Lyon School,Other independent school,Independent schools,Not applicable,Harrow,Harrow-on-the-Hill,HA2 0HN,Has a sixth form,Mixed,Not applicable
102256,The Purcell School,Other independent school,Independent schools,Not applicable,Hertfordshire,,WD23 2TS,Has a sixth form,Mixed,Not applicable
102257,North London Collegiate School,Other independent school,Independent schools,Not applicable,Harrow,Middlesex,HA8 7RJ,Has a sixth form,Girls,Selective
102449,Oak Wood School,Foundation school,Local authority maintained schools,Secondary,Hillingdon,Uxbridge,UB10 9HT,Has a sixth form,Mixed,Non-selective
102451,Harlington School,Foundation school,Local authority maintained schools,Secondary,Hillingdon,Hayes,UB3 1PB,Has a sixth form,Mixed,Non-selective
102452,Northwood College for Girls GDST,Other independent school,Independent schools,Not applicable,Hillingdon,Northwood,HA6 2YE,Has a sixth form,Girls,Selective
102453,St Helen's School,Other independent school,Independent schools,Not applicable,Hillingdon,Northwood,HA6 3AS,Has a sixth form,Girls,Selective
102539,The Heathland School,Community school,Local authority maintained schools,Secondary,Hounslow,Hounslow,TW4 5JD,Has a sixth form,Mixed,Non-selective
102545,Gunnersbury Catholic School,Voluntary aided school,Local authority maintained schools,Secondary,Hounslow,Brentford,TW8 9LB,Has a sixth form,Boys,Non-selective
102551,ArtsEd Day School & Sixth Form,Other independent school,Independent schools,Not applicable,Hounslow,London,W4 1LY,Has a sixth form,Mixed,Selective
102562,Malden Oaks School and Tuition Service,Pupil referral unit,Local authority maintained schools,Not applicable,Kingston upon Thames,Kingston upon Thames,KT2 5QY,Not applicable,Mixed,Not applicable
102611,Surbiton High School,Other independent school,Independent schools,Not applicable,Kingston upon Thames,Kingston upon Thames,KT1 2JT,Has a sixth form,Mixed,Selective
102619,Kingston Grammar School,Other independent school,Independent schools,Not applicable,Kingston upon Thames,Kingston upon Thames,KT2 6PY,Has a sixth form,Mixed,Selective
102673,Ricards Lodge High School,Community school,Local authority maintained schools,Secondary,Merton,London,SW19 7HB,Has a sixth form,Girls,Non-selective
102674,Raynes Park High School,Community school,Local authority maintained schools,Secondary,Merton,London,SW20 0JL,Has a sixth form,Mixed,Non-selective
102679,Rutlish School,Voluntary controlled school,Local authority maintained schools,Secondary,Merton,London,SW20 9AD,Has a sixth form,Boys,Non-selective
102681,Wimbledon College,Voluntary aided school,Local authority maintained schools,Secondary,Merton,London,SW19 4NS,Has a sixth form,Boys,Non-selective
102683,Ursuline High School Wimbledon,Voluntary aided school,Local authority maintained schools,Secondary,Merton,London,SW20 8HA,Has a sixth form,Girls,Non-selective
102684,King's College School,Other independent school,Independent schools,Not applicable,Merton,London,SW19 4TT,Has a sixth form,Boys,Selective
102692,Wimbledon High School GDST,Other independent school,Independent schools,Not applicable,Merton,,SW19 4AB,Has a sixth form,Girls,Selective
102786,St Angela's Ursuline School,Voluntary aided school,Local authority maintained schools,Secondary,Newham,London,E7 8HU,Has a sixth form,Girls,Non-selective
102787,St Bonaventure's RC School,Voluntary aided school,Local authority maintained schools,Secondary,Newham,London,E7 9QD,Has a sixth form,Boys,Non-selective
102849,Caterham High School,Community school,Local authority maintained schools,Secondary,Redbridge,Ilford,IG5 0QW,Has a sixth form,Mixed,Non-selective
102850,Ilford County High School,Community school,Local authority maintained schools,Secondary,Redbridge,Ilford,IG6 2JB,Has a sixth form,Boys,Selective
102851,Wanstead High School,Community school,Local authority maintained schools,Secondary,Redbridge,London,E11 2JZ,Has a sixth form,Mixed,Non-selective
102852,Woodford County High School,Community school,Local authority maintained schools,Secondary,Redbridge,Woodford Green,IG8 9LA,Has a sixth form,Girls,Selective
102854,Woodbridge High School,Community school,Local authority maintained schools,Secondary,Redbridge,Woodford Green,IG8 7DQ,Has a sixth form,Mixed,Non-selective
102856,Seven Kings School,Community school,Local authority maintained schools,All-through,Redbridge,Ilford,IG2 7BT,Has a sixth form,Mixed,Non-selective
102857,Valentines High School,Community school,Local authority maintained schools,Secondary,Redbridge,Ilford,IG2 6HX,Has a sixth form,Mixed,Non-selective
102858,Mayfield School,Foundation school,Local authority maintained schools,Secondary,Redbridge,Dagenham,RM8 1XE,Has a sixth form,Mixed,Non-selective
102860,Trinity Catholic High School,Voluntary aided school,Local authority maintained schools,Secondary,Redbridge,Woodford Green,IG8 0TP,Has a sixth form,Mixed,Non-selective
102861,King Solomon High School,Voluntary aided school,Local authority maintained schools,Secondary,Redbridge,Ilford,IG6 3HB,Has a sixth form,Mixed,Non-selective
102875,Bancroft's School,Other independent school,Independent schools,Not applicable,Redbridge,Woodford Green,IG8 0RF,Has a sixth form,Mixed,Not applicable
102929,Christ's Church of England Comprehensive Secondary School,Voluntary aided school,Local authority maintained schools,Secondary,Richmond upon Thames,Richmond,TW10 6HW,Has a sixth form,Mixed,Non-selective
102932,Lady Eleanor Holles School,Other independent school,Independent schools,Not applicable,Richmond upon Thames,Hampton,TW12 3HF,Has a sixth form,Girls,Not applicable
102936,St Catherine's School,Other independent school,Independent schools,Not applicable,Richmond upon Thames,UK,TW1 4QJ,Has a sixth form,Girls,Not applicable
102942,St Paul's School,Other independent school,Independent schools,Not applicable,Richmond upon Thames,London,SW13 9JT,Has a sixth form,Boys,Not applicable
102946,Hampton School,Other independent school,Independent schools,Not applicable,Richmond upon Thames,Hampton,TW12 3HD,Has a sixth form,Boys,Not applicable
102950,The Harrodian School,Other independent school,Independent schools,Not applicable,Richmond upon Thames,London,SW13 9QN,Has a sixth form,Mixed,Not applicable
103009,The John Fisher School,Voluntary aided school,Local authority maintained schools,Secondary,Sutton,Purley,CR8 3YP,Has a sixth form,Boys,Non-selective
103013,St Philomena's Catholic High School for Girls,Voluntary aided school,Local authority maintained schools,Secondary,Sutton,Carshalton,SM5 3PS,Has a sixth form,Girls,Non-selective
103022,Sutton High School GDST,Other independent school,Independent schools,Not applicable,Sutton,,SM1 2AX,Has a sixth form,Girls,Not applicable
103097,Heathcote School & Science College,Community school,Local authority maintained schools,Secondary,Waltham Forest,London,E4 6ES,Has a sixth form,Mixed,Non-selective
103106,Holy Family Catholic School,Voluntary aided school,Local authority maintained schools,Secondary,Waltham Forest,London,E17 3EA,Has a sixth form,Mixed,Non-selective
103110,Forest School,Other independent school,Independent schools,Not applicable,Waltham Forest,London,E17 3PY,Has a sixth form,Mixed,Not applicable
103119,St Mary's and St John's CofE School,Voluntary aided school,Local authority maintained schools,All-through,Barnet,London,NW4 4QR,Has a sixth form,Mixed,Non-selective
103493,Bordesley Green Girls' School & Sixth Form,Community school,Local authority maintained schools,Secondary,Birmingham,Birmingham,B9 4TR,Has a sixth form,Girls,Non-selective
103509,Holte School,Community school,Local authority maintained schools,Secondary,Birmingham,Birmingham,B19 2EP,Has a sixth form,Mixed,Non-selective
103514,Swanshurst School,Community school,Local authority maintained schools,Secondary,Birmingham,Birmingham,B13 0TW,Has a sixth form,Girls,Non-selective
103519,Moseley School and Sixth Form,Foundation school,Local authority maintained schools,Secondary,Birmingham,Birmingham,B13 9UU,Has a sixth form,Mixed,Non-selective
103531,St Paul's School for Girls,Voluntary aided school,Local authority maintained schools,Secondary,Birmingham,Birmingham,B16 9SL,Has a sixth form,Girls,Non-selective
103560,Bishop Challoner Catholic College,Voluntary aided school,Local authority maintained schools,Secondary,Birmingham,Birmingham,B14 7EG,Has a sixth form,Mixed,Non-selective
103563,Colmers School and Sixth Form College,Foundation school,Local authority maintained schools,Secondary,Birmingham,Birmingham,B45 9NY,Has a sixth form,Mixed,Non-selective
103564,St George's School Edgbaston,Other independent school,Independent schools,Not applicable,Birmingham,West Midlands,B15 1RX,Has a sixth form,Mixed,Selective
103566,Priory School,Other independent school,Independent schools,Not applicable,Birmingham,,B15 2UR,Has a sixth form,Mixed,Selective
103567,Edgbaston High School for Girls,Other independent school,Independent schools,Not applicable,Birmingham,Birmingham,B15 3TS,Has a sixth form,Girls,Selective
103576,Highclare School,Other independent school,Independent schools,Not applicable,Birmingham,West Midlands,B23 6QL,Has a sixth form,Mixed,Non-selective
103585,King Edward VI High School for Girls,Other independent school,Independent schools,Not applicable,Birmingham,Birmingham,B15 2UB,Has a sixth form,Girls,Selective
103587,Mander Portman Woodward Independent College,Other independent school,Independent schools,Not applicable,Birmingham,Birmingham,B15 3AU,Has a sixth form,Mixed,Not applicable
103591,Birchfield Independent Girls' School,Other independent school,Independent schools,Not applicable,Birmingham,Birmingham,B6 6JU,Has a sixth form,Girls,Non-selective
103750,King Henry VIII School,Other independent school,Independent schools,Not applicable,Coventry,,CV3 6AQ,Has a sixth form,Mixed,Not applicable
103751,Bablake School,Other independent school,Independent schools,Not applicable,Coventry,,CV1 4AU,Has a sixth form,Mixed,Not applicable
103870,Old Swinford Hospital,Voluntary aided school,Local authority maintained schools,Secondary,Dudley,Stourbridge,DY8 1QX,Has a sixth form,Mixed,Non-selective
104018,Holly Lodge High School College of Science,Foundation school,Local authority maintained schools,Secondary,Sandwell,Smethwick,B67 7JG,Has a sixth form,Mixed,Non-selective
104124,Solihull School,Other independent school,Independent schools,Not applicable,Solihull,Solihull,B91 3DJ,Has a sixth form,Mixed,Selective
104255,St Francis of Assisi Catholic College,Voluntary aided school,Local authority maintained schools,Secondary,Walsall,Walsall,WS9 0RN,Has a sixth form,Mixed,Non-selective
104259,"St Thomas More Catholic School, Willenhall",Voluntary aided school,Local authority maintained schools,Secondary,Walsall,Willenhall,WV14 7BL,Has a sixth form,Mixed,Non-selective
104395,Colton Hills Community School,Community school,Local authority maintained schools,Secondary,Wolverhampton,Wolverhampton,WV4 5DG,Has a sixth form,Mixed,Non-selective
104407,Tettenhall College Incorporated,Other independent school,Independent schools,Not applicable,Wolverhampton,Wolverhampton,WV6 8QX,Has a sixth form,Mixed,Not applicable
104411,Wolverhampton Grammar School,Other independent school,Independent schools,Not applicable,Wolverhampton,Wolverhampton,WV3 9RB,Has a sixth form,Mixed,Selective
104688,Holly Lodge Girls' College,Community school,Local authority maintained schools,Secondary,Liverpool,Liverpool,L12 7LE,Has a sixth form,Girls,Non-selective
104698,Calderstones School,Community school,Local authority maintained schools,Secondary,Liverpool,Liverpool,L18 3HS,Has a sixth form,Mixed,Non-selective
104700,Gateacre School,Community school,Local authority maintained schools,Secondary,Liverpool,Liverpool,L25 2RW,Has a sixth form,Mixed,Non-selective
104703,King David High School,Voluntary aided school,Local authority maintained schools,Secondary,Liverpool,Liverpool,L15 6WU,Has a sixth form,Mixed,Non-selective
104705,Archbishop Blanch CofE High School,Voluntary aided school,Local authority maintained schools,Secondary,Liverpool,Liverpool,L7 6HQ,Has a sixth form,Girls,Non-selective
104712,St Julie's Catholic High School,Voluntary aided school,Local authority maintained schools,Secondary,Liverpool,Liverpool,L25 7TN,Has a sixth form,Girls,Non-selective
104713,Broughton Hall Catholic High School,Voluntary aided school,Local authority maintained schools,Secondary,Liverpool,Liverpool,L12 9HJ,Has a sixth form,Girls,Non-selective
104714,Cardinal Heenan Catholic High School,Voluntary aided school,Local authority maintained schools,Secondary,Liverpool,Liverpool,L12 9HZ,Has a sixth form,Boys,Non-selective
104715,St John Bosco Arts College,Voluntary aided school,Local authority maintained schools,Secondary,Liverpool,Croxteth,L11 9DQ,Has a sixth form,Girls,Non-selective
104717,Archbishop Beck Catholic College,Voluntary aided school,Local authority maintained schools,Secondary,Liverpool,Liverpool,L9 7BF,Has a sixth form,Mixed,Non-selective
104721,St Hilda's Church of England High School,Voluntary aided school,Local authority maintained schools,Secondary,Liverpool,Liverpool,L17 3AL,Has a sixth form,Mixed,Non-selective
104829,Cowley International College,Community school,Local authority maintained schools,Secondary,St. Helens,St Helens,WA10 6PN,Has a sixth form,Mixed,Non-selective
104960,Maricourt Catholic High School,Voluntary aided school,Local authority maintained schools,Secondary,Sefton,Liverpool,L31 3DZ,Has a sixth form,Mixed,Non-selective
104962,Holy Family Catholic High School,Voluntary aided school,Local authority maintained schools,Secondary,Sefton,Liverpool,L23 4UL,Has a sixth form,Mixed,Non-selective
104964,Christ The King Catholic High School and Sixth Form Centre,Voluntary aided school,Local authority maintained schools,Secondary,Sefton,Southport,PR8 4EX,Has a sixth form,Mixed,Non-selective
104972,St. Mary's College,Other independent school,Independent schools,Not applicable,Sefton,Liverpool,L23 5TW,Has a sixth form,Mixed,Not applicable
104973,Merchant Taylors' Schools,Other independent school,Independent schools,Not applicable,Sefton,Liverpool,L23 0QP,Has a sixth form,Mixed,Selective
104974,Merchant Taylors' Girls' School,Other independent school,Independent schools,Not applicable,Sefton,Liverpool,L23 5SP,Has a sixth form,Girls,Selective
104977,Presfield High School and Specialist College,Community special school,Special schools,Not applicable,Sefton,Southport,PR9 8PA,Has a sixth form,Mixed,Not applicable
105103,The Mosslands School,Community school,Local authority maintained schools,Secondary,Wirral,Wallasey,CH45 8PJ,Has a sixth form,Boys,Non-selective
105107,South Wirral High School,Foundation school,Local authority maintained schools,Secondary,Wirral,Wirral,CH62 8EH,Has a sixth form,Mixed,Non-selective
105123,Birkenhead School,Other independent school,Independent schools,Not applicable,Wirral,Prenton,CH43 2JD,Has a sixth form,Mixed,Not applicable
105137,West Kirby School and College,Non-maintained special school,Special schools,Not applicable,Wirral,Wirral,CH48 5DH,Has a sixth form,Mixed,Not applicable
105253,Turton School,Community school,Local authority maintained schools,Secondary,Bolton,Bolton,BL7 9LT,Has a sixth form,Mixed,Non-selective
105264,Thornleigh Salesian College,Voluntary aided school,Local authority maintained schools,Secondary,Bolton,Bolton,BL1 6PQ,Has a sixth form,Mixed,Non-selective
105269,Lord's School,Other independent school,Independent schools,Not applicable,Bolton,Bolton,BL3 2EF,Has a sixth form,Mixed,Non-selective
105271,Bolton School Boys' Division,Other independent school,Independent schools,Not applicable,Bolton,Bolton,BL1 4PA,Has a sixth form,Boys,Selective
105272,Bolton School Girls' Division,Other independent school,Independent schools,Not applicable,Bolton,Bolton,BL1 4PB,Has a sixth form,Girls,Selective
105372,Darul Uloom Al Arabiya Al Islamiya,Other independent school,Independent schools,Not applicable,Bury,Nr. Bury,BL8 4NG,Has a sixth form,Boys,Not applicable
105373,Bury Grammar Schools,Other independent school,Independent schools,Not applicable,Bury,Bury,BL9 0HN,Has a sixth form,Mixed,Selective
105588,Chetham's School of Music,Other independent school,Independent schools,Not applicable,Manchester,,M3 1SB,Has a sixth form,Mixed,Selective
105591,The Manchester Grammar School,Other independent school,Independent schools,Not applicable,Manchester,Manchester,M13 0XT,Has a sixth form,Boys,Selective
105592,Manchester High School for Girls,Other independent school,Independent schools,Not applicable,Manchester,Manchester,M14 6HS,Has a sixth form,Girls,Selective
105594,St Bede's College,Other independent school,Independent schools,Not applicable,Manchester,,M16 8HX,Has a sixth form,Mixed,Selective
105595,Withington Girls' School,Other independent school,Independent schools,Not applicable,Manchester,Manchester,M14 6BL,Has a sixth form,Girls,Selective
105601,Abbey College Manchester,Other independent school,Independent schools,Not applicable,Manchester,,M2 4WG,Has a sixth form,Mixed,Not applicable
105745,Hulme Grammar School,Other independent school,Independent schools,Not applicable,Oldham,Oldham,OL8 4BX,Has a sixth form,Mixed,Selective
105844,Cardinal Langley Roman Catholic High School,Voluntary aided school,Local authority maintained schools,Secondary,Rochdale,Manchester,M24 2GL,Has a sixth form,Mixed,Non-selective
105992,Bridgewater School,Other independent school,Independent schools,Not applicable,Salford,Manchester,M28 2WQ,Has a sixth form,Mixed,Selective
106156,Stockport Grammar School,Other independent school,Independent schools,Not applicable,Stockport,Stockport,SK2 7AF,Has a sixth form,Mixed,Selective
106157,Cheadle Hulme School,Other independent school,Independent schools,Not applicable,Stockport,Cheadle,SK8 6EF,Has a sixth form,Mixed,Not applicable
106368,Stretford Grammar School,Foundation school,Local authority maintained schools,Secondary,Trafford,Manchester,M32 8JB,Has a sixth form,Mixed,Selective
106376,Blessed Thomas Holford Catholic College,Voluntary aided school,Local authority maintained schools,Secondary,Trafford,Altrincham,WA15 8HT,Has a sixth form,Mixed,Non-selective
106534,The Deanery Church of England High School and Sixth Form College,Voluntary aided school,Local authority maintained schools,Secondary,Wigan,Wigan,WN1 1HQ,Has a sixth form,Mixed,Non-selective
106538,St Mary's Catholic High School,Voluntary aided school,Local authority maintained schools,Secondary,Wigan,Manchester,M29 7EE,Has a sixth form,Mixed,Non-selective
106653,Penistone Grammar School,Community school,Local authority maintained schools,Secondary,Barnsley,Sheffield,S36 7BX,Has a sixth form,Mixed,Non-selective
106812,Hill House School,Other independent school,Independent schools,Not applicable,Doncaster,SOUTH YORKSHIRE,DN9 3GG,Has a sixth form,Mixed,Not applicable
107140,King Edward VII School,Community school,Local authority maintained schools,Secondary,Sheffield,Sheffield,S10 2PW,Has a sixth form,Mixed,Non-selective
107163,Birkdale School,Other independent school,Independent schools,Not applicable,Sheffield,Sheffield,S10 3DH,Has a sixth form,Mixed,Selective
107166,Sheffield High School GDST,Other independent school,Independent schools,Not applicable,Sheffield,Sheffield,S10 2PE,Has a sixth form,Girls,Not applicable
107395,Titus Salt School,Community school,Local authority maintained schools,Secondary,Bradford,Bradford,BD17 5RH,Has a sixth form,Mixed,Non-selective
107439,Bingley Grammar School,Voluntary aided school,Local authority maintained schools,Secondary,Bradford,Bingley,BD16 2RS,Has a sixth form,Mixed,Non-selective
107455,Bradford Grammar School,Other independent school,Independent schools,Not applicable,Bradford,,BD9 4JP,Has a sixth form,Mixed,Selective
107460,Jaamiatul Imaam Muhammad Zakaria,Other independent school,Independent schools,Not applicable,Bradford,Bradford,BD14 6JX,Has a sixth form,Girls,Non-selective
107583,Rishworth School,Other independent school,Independent schools,Not applicable,Calderdale,Sowerby Bridge,HX6 4QA,Has a sixth form,Mixed,Non-selective
107756,Netherhall Learning Campus High School,Community school,Local authority maintained schools,Secondary,Kirklees,Huddersfield,HD5 9PG,Has a sixth form,Mixed,Non-selective
107791,Institute of Islamic Education,Other independent school,Independent schools,Not applicable,Kirklees,Dewsbury,WF12 9NG,Has a sixth form,Boys,Non-selective
107794,Madni Academy,Other independent school,Independent schools,Not applicable,Kirklees,Dewsbury,WF12 9AY,Does not have a sixth form,Girls,Non-selective
108055,Lawnswood School,Community school,Local authority maintained schools,Secondary,Leeds,Leeds,LS16 5AG,Has a sixth form,Mixed,Non-selective
108057,Allerton High School,Community school,Local authority maintained schools,Secondary,Leeds,Leeds,LS17 7AG,Has a sixth form,Mixed,Non-selective
108058,Allerton Grange School,Community school,Local authority maintained schools,Secondary,Leeds,Leeds,LS17 6SF,Has a sixth form,Mixed,Non-selective
108075,Ralph Thoresby School,Foundation school,Local authority maintained schools,Secondary,Leeds,Leeds,LS16 7RX,Has a sixth form,Mixed,Non-selective
108076,Roundhay School,Community school,Local authority maintained schools,All-through,Leeds,Leeds,LS8 1ND,Has a sixth form,Mixed,Non-selective
108079,Pudsey Grammar School,Foundation school,Local authority maintained schools,Secondary,Leeds,Pudsey,LS28 7ND,Has a sixth form,Mixed,Non-selective
108083,Benton Park School,Community school,Local authority maintained schools,Secondary,Leeds,Leeds,LS19 6LX,Has a sixth form,Mixed,Non-selective
108085,Guiseley School,Foundation school,Local authority maintained schools,Secondary,Leeds,Leeds,LS20 8DT,Has a sixth form,Mixed,Non-selective
108104,Gateways School,Other independent school,Independent schools,Not applicable,Leeds,Leeds,LS17 9LE,Has a sixth form,Mixed,Non-selective
108113,The Grammar School At Leeds,Other independent school,Independent schools,Not applicable,Leeds,Leeds,LS17 8GS,Has a sixth form,Mixed,Selective
108114,Woodhouse Grove School,Other independent school,Independent schools,Not applicable,Leeds,Bradford,BD10 0NR,Has a sixth form,Mixed,Not applicable
108117,Fulneck School,Other independent school,Independent schools,Not applicable,Leeds,Leeds,LS28 8DS,Has a sixth form,Mixed,Non-selective
108119,John Jamieson School,Community special school,Special schools,Not applicable,Leeds,Leeds,LS8 2PW,Has a sixth form,Mixed,Not applicable
108300,Ackworth School,Other independent school,Independent schools,Not applicable,Wakefield,West Yorkshire,WF7 7LT,Has a sixth form,Mixed,Not applicable
108303,Silcoates School,Other independent school,Independent schools,Not applicable,Wakefield,West Yorkshire,WF2 0PD,Has a sixth form,Mixed,Non-selective
108305,Wakefield Girls' High School,Other independent school,Independent schools,Not applicable,Wakefield,Wakefield,WF1 2QS,Has a sixth form,Girls,Selective
108306,Queen Elizabeths School Wakefield,Other independent school,Independent schools,Not applicable,Wakefield,Wakefield,WF1 3QX,Has a sixth form,Mixed,Selective
108410,Kingsmeadow Community School,Community school,Local authority maintained schools,Secondary,Gateshead,Gateshead,NE11 9NX,Has a sixth form,Mixed,Non-selective
108420,Emmanuel College,City technology college,Independent schools,Not applicable,Gateshead,Gateshead,NE11 0AN,Has a sixth form,Mixed,Non-selective
108538,Newcastle High School for Girls GDST,Other independent school,Independent schools,Not applicable,Newcastle upon Tyne,,NE2 3BA,Has a sixth form,Girls,Not applicable
108542,Westfield School,Other independent school,Independent schools,Not applicable,Newcastle upon Tyne,Newcastle-upon-Tyne,NE3 4HS,Has a sixth form,Mixed,Non-selective
108544,The Newcastle School,Other independent school,Independent schools,Not applicable,Newcastle upon Tyne,Newcastle-upon-Tyne,NE3 4ES,Has a sixth form,Mixed,Selective
108547,Dame Allan's Schools,Other independent school,Independent schools,Not applicable,Newcastle upon Tyne,Newcastle-upon-Tyne,NE4 9YJ,Has a sixth form,Mixed,Not applicable
108549,Royal Grammar School,Other independent school,Independent schools,Not applicable,Newcastle upon Tyne,Newcastle-upon-Tyne,NE2 4DX,Has a sixth form,Mixed,Not applicable
108638,Whitley Bay High School,Foundation school,Local authority maintained schools,Secondary,North Tyneside,Whitley Bay,NE25 9AS,Has a sixth form,Mixed,Non-selective
108639,George Stephenson High School,Foundation school,Local authority maintained schools,Secondary,North Tyneside,Newcastle-upon-Tyne,NE12 6SA,Has a sixth form,Mixed,Non-selective
108640,Burnside College,Foundation school,Local authority maintained schools,Secondary,North Tyneside,Wallsend,NE28 7LQ,Has a sixth form,Mixed,Non-selective
108641,Churchill Community College,Foundation school,Local authority maintained schools,Secondary,North Tyneside,Wallsend,NE28 7TN,Has a sixth form,Mixed,Non-selective
108642,Monkseaton High School,Foundation school,Local authority maintained schools,Secondary,North Tyneside,Whitley Bay,NE25 9EQ,Has a sixth form,Mixed,Non-selective
108645,Longbenton High School,Foundation school,Local authority maintained schools,Secondary,North Tyneside,Newcastle-upon-Tyne,NE12 8ER,Has a sixth form,Mixed,Non-selective
109319,Brimsham Green School,Community school,Local authority maintained schools,Secondary,South Gloucestershire,Bristol,BS37 7LB,Has a sixth form,Mixed,Non-selective
109327,St Mary Redcliffe and Temple School,Voluntary aided school,Local authority maintained schools,Secondary,"Bristol, City of",Bristol,BS1 6RT,Has a sixth form,Mixed,Non-selective
109329,Saint Gregory's Catholic College,Voluntary aided school,Local authority maintained schools,Secondary,Bath and North East Somerset,Bath,BA2 8PA,Has a sixth form,Mixed,Non-selective
109334,Clifton College,Other independent school,Independent schools,Not applicable,"Bristol, City of",Bristol,BS8 3EZ,Has a sixth form,Mixed,Not applicable
109335,Clifton High School,Other independent school,Independent schools,Not applicable,"Bristol, City of",,BS8 3JD,Has a sixth form,Mixed,Not applicable
109336,Collegiate School,Other independent school,Independent schools,Not applicable,"Bristol, City of",,BS16 1BJ,Has a sixth form,Mixed,Not applicable
109337,Badminton School,Other independent school,Independent schools,Not applicable,"Bristol, City of",Bristol,BS9 3BA,Has a sixth form,Girls,Not applicable
109346,Kingswood School,Other independent school,Independent schools,Not applicable,Bath and North East Somerset,Bath,BA1 5RG,Has a sixth form,Mixed,
109347,Prior Park College,Other independent school,Independent schools,Not applicable,Bath and North East Somerset,,BA2 5AH,Has a sixth form,Mixed,Not applicable
109348,Royal High School GDST,Other independent school,Independent schools,Not applicable,Bath and North East Somerset,,BA1 5SZ,Has a sixth form,Girls,Not applicable
109360,Monkton Combe School,Other independent school,Independent schools,Not applicable,Bath and North East Somerset,Bath,BA2 7HG,Has a sixth form,Mixed,Non-selective
109362,Sidcot School,Other independent school,Independent schools,Not applicable,North Somerset,Winscombe,BS25 1PD,Has a sixth form,Mixed,Not applicable
109369,Bristol Grammar School,Other independent school,Independent schools,Not applicable,"Bristol, City of",Bristol,BS8 1SR,Has a sixth form,Mixed,Not applicable
109370,Queen Elizabeth's Hospital,Other independent school,Independent schools,Not applicable,"Bristol, City of",Bristol,BS8 1JX,Has a sixth form,Mixed,Selective
109371,Redmaids' High School,Other independent school,Independent schools,Not applicable,"Bristol, City of",Bristol,BS9 3AW,Has a sixth form,Girls,Selective
109374,King Edward's School,Other independent school,Independent schools,Not applicable,Bath and North East Somerset,,BA2 6HU,Has a sixth form,Mixed,Not applicable
109669,Sandy Secondary School,Foundation school,Local authority maintained schools,Secondary,Central Bedfordshire,Sandy,SG19 1BL,Has a sixth form,Mixed,Non-selective
109690,Biddenham International School and Sports College,Foundation school,Local authority maintained schools,Secondary,Bedford,Bedford,MK40 4AZ,Has a sixth form,Mixed,Non-selective
109707,Queen Elizabeth School,Foundation school,Local authority maintained schools,Secondary,Luton,Luton,LU2 9AG,Has a sixth form,Mixed,Non-selective
109717,Bedford Greenacre Independent School,Other independent school,Independent schools,Not applicable,Bedford,Bedford,MK41 7FZ,Has a sixth form,Mixed,Non-selective
109718,Bedford School,Other independent school,Independent schools,Not applicable,Bedford,Bedford,MK40 2TU,Has a sixth form,Boys,Not applicable
109727,Bedford Girls' School,Other independent school,Independent schools,Not applicable,Bedford,Bedford,MK42 0BX,Has a sixth form,Girls,Not applicable
109728,Bedford Modern School,Other independent school,Independent schools,Not applicable,Bedford,Bedford,MK41 7NT,Has a sixth form,Mixed,Selective
110048,The Willink School,Community school,Local authority maintained schools,Secondary,West Berkshire,Reading,RG7 3XJ,Has a sixth form,Mixed,Non-selective
110063,Little Heath School,Voluntary aided school,Local authority maintained schools,Secondary,West Berkshire,Reading,RG31 5TY,Has a sixth form,Mixed,Non-selective
110069,Garth Hill College,Community school,Local authority maintained schools,Secondary,Bracknell Forest,Bracknell,RG42 2AD,Has a sixth form,Mixed,Non-selective
110078,Wexham School,Community school,Local authority maintained schools,Secondary,Slough,Slough,SL2 5QP,Has a sixth form,Mixed,Non-selective
110084,St Bernard's Catholic Grammar School,Voluntary aided school,Local authority maintained schools,Secondary,Slough,Slough,SL3 7AF,Has a sixth form,Mixed,Selective
110102,The Downs School,Foundation school,Local authority maintained schools,Secondary,West Berkshire,Newbury,RG20 6AD,Has a sixth form,Mixed,Non-selective
110107,Blessed Hugh Faringdon Catholic School,Voluntary aided school,Local authority maintained schools,Secondary,Reading,Reading,RG30 3EP,Has a sixth form,Mixed,Non-selective
110109,Queen Anne's School,Other independent school,Independent schools,Not applicable,Reading,Reading,RG4 6DX,Has a sixth form,Girls,Selective
110110,Leighton Park School,Other independent school,Independent schools,Not applicable,Reading,Reading,RG2 7ED,Has a sixth form,Mixed,Selective
110111,St Joseph's College,Other independent school,Independent schools,Not applicable,Reading,,RG1 5JT,Has a sixth form,Mixed,Selective
110117,Heathfield School,Other independent school,Independent schools,Not applicable,Bracknell Forest,Ascot,SL5 8BQ,Has a sixth form,Mixed,Not applicable
110119,St George's School,Other independent school,Independent schools,Not applicable,Windsor and Maidenhead,,SL5 7DZ,Has a sixth form,Girls,Not applicable
110120,St Mary's School Ascot,Other independent school,Independent schools,Not applicable,Windsor and Maidenhead,Ascot,SL5 9JF,Has a sixth form,Girls,Not applicable
110121,Bradfield College,Other independent school,Independent schools,Not applicable,West Berkshire,Bradfield,RG7 6AU,Has a sixth form,Mixed,Not applicable
110123,Downe House,Other independent school,Independent schools,Not applicable,West Berkshire,Thatcham,RG18 9JJ,Has a sixth form,Girls,Not applicable
110125,Wellington College,Other independent school,Independent schools,Not applicable,Bracknell Forest,,RG45 7PU,Has a sixth form,Mixed,Selective
110128,St Gabriel's School,Other independent school,Independent schools,Not applicable,West Berkshire,Berkshire,RG20 9BD,Has a sixth form,Mixed,Not applicable
110132,Pangbourne College,Other independent school,Independent schools,Not applicable,West Berkshire,Reading,RG8 8LA,Has a sixth form,Mixed,Non-selective
110136,Luckley House School,Other independent school,Independent schools,Not applicable,Wokingham,,RG40 3EU,Has a sixth form,Mixed,Not applicable
110137,Reddam House Berkshire,Other independent school,Independent schools,Not applicable,Wokingham,Wokingham,RG41 5BG,Has a sixth form,Mixed,Selective
110151,Reading Blue Coat School,Other independent school,Independent schools,Not applicable,Wokingham,Berkshire,RG4 6SU,Has a sixth form,Mixed,Selective
110152,The Marist School,Other independent school,Independent schools,Not applicable,Windsor and Maidenhead,Ascot,SL5 7PS,Has a sixth form,Mixed,Selective
110153,Claires Court Schools,Other independent school,Independent schools,Not applicable,Windsor and Maidenhead,Maidenhead,SL6 6AW,Has a sixth form,Mixed,Non-selective
110158,Eton College,Other independent school,Independent schools,Not applicable,Windsor and Maidenhead,Windsor,SL4 6DW,Has a sixth form,Boys,Selective
110159,LVS Ascot,Other independent school,Independent schools,Not applicable,Bracknell Forest,Ascot,SL5 8DR,Has a sixth form,Mixed,Non-selective
110165,The Abbey School Reading,Other independent school,Independent schools,Not applicable,Reading,Reading,RG1 5DZ,Has a sixth form,Girls,Selective
110169,Padworth College,Other independent school,Independent schools,Not applicable,West Berkshire,,RG7 4NR,Has a sixth form,Mixed,Non-selective
110180,Mary Hare School,Non-maintained special school,Special schools,Not applicable,West Berkshire,Newbury,RG14 3BQ,Has a sixth form,Mixed,Not applicable
110484,Buckingham School,Community school,Local authority maintained schools,Secondary,Buckinghamshire,Buckingham,MK18 1AT,Has a sixth form,Mixed,Non-selective
110488,The Grange School,Foundation school,Local authority maintained schools,Secondary,Buckinghamshire,Aylesbury,HP21 7NH,Has a sixth form,Mixed,Non-selective
110517,St Paul's Catholic School,Voluntary aided school,Local authority maintained schools,Secondary,Milton Keynes,Milton Keynes,MK6 5EN,Has a sixth form,Mixed,Non-selective
110532,The Radcliffe School,Foundation school,Local authority maintained schools,Secondary,Milton Keynes,Milton Keynes,MK12 5BT,Has a sixth form,Mixed,Non-selective
110533,The Cottesloe School,Foundation school,Local authority maintained schools,Secondary,Buckinghamshire,Aylesbury,LU7 0NY,Has a sixth form,Mixed,Non-selective
110536,Akeley Wood Senior School,Other independent school,Independent schools,Not applicable,Buckinghamshire,,MK18 5AE,Has a sixth form,Mixed,Not applicable
110544,St Mary's School,Other independent school,Independent schools,Not applicable,Buckinghamshire,Gerrards Cross,SL9 8JQ,Has a sixth form,Girls,Not applicable
110545,Pipers Corner School,Other independent school,Independent schools,Not applicable,Buckinghamshire,High Wycombe,HP15 6LP,Has a sixth form,Girls,Not applicable
110547,Wycombe Abbey,Other independent school,Independent schools,Not applicable,Buckinghamshire,High Wycombe,HP11 1PE,Has a sixth form,Girls,Selective
110548,Stowe School,Other independent school,Independent schools,Not applicable,Buckinghamshire,Buckingham,MK18 5EH,Has a sixth form,Mixed,Not applicable
110549,Thornton College,Other independent school,Independent schools,Not applicable,Buckinghamshire,Milton Keynes,MK17 0HJ,Has a sixth form,Girls,Non-selective
110907,St John Fisher Catholic High School,Voluntary aided school,Local authority maintained schools,Secondary,Peterborough,Peterborough,PE1 5JN,Has a sixth form,Mixed,Non-selective
110910,The Peterborough School,Other independent school,Independent schools,Not applicable,Peterborough,Peterborough,PE3 6AP,Has a sixth form,Mixed,Selective
110912,St Mary's School,Other independent school,Independent schools,Not applicable,Cambridgeshire,cambridge,CB2 1LY,Has a sixth form,Girls,Selective
110914,The Leys School,Other independent school,Independent schools,Not applicable,Cambridgeshire,Cambridge,CB2 7AD,Has a sixth form,Mixed,Selective
110916,King's Ely,Other independent school,Independent schools,Not applicable,Cambridgeshire,Ely,CB7 4DB,Has a sixth form,Mixed,Not applicable
110923,The Perse School,Other independent school,Independent schools,Not applicable,Cambridgeshire,,CB2 8QF,Has a sixth form,Mixed,Not applicable
110924,The Stephen Perse Foundation,Other independent school,Independent schools,Not applicable,Cambridgeshire,,CB2 1HF,Has a sixth form,Mixed,Selective
110925,Kimbolton School,Other independent school,Independent schools,Not applicable,Cambridgeshire,Huntingdon,PE28 0EA,Has a sixth form,Mixed,Not applicable
110926,Wisbech Grammar School,Other independent school,Independent schools,Not applicable,Cambridgeshire,Cambridgeshire,PE13 1RH,Has a sixth form,Mixed,Selective
110930,Mander Portman Woodward,Other independent school,Independent schools,Not applicable,Cambridgeshire,Cambridge,CB2 1JE,Has a sixth form,Mixed,Non-selective
110932,St. Andrew's College Cambridge,Other independent school,Independent schools,Not applicable,Cambridgeshire,Cambridge,CB1 2JB,Has a sixth form,Mixed,Not applicable
110935,Cambridge Arts and Sciences (CATS and CSVPA),Other independent school,Independent schools,Not applicable,Cambridgeshire,Cambridge,CB4 1NQ,Has a sixth form,Mixed,Non-selective
111419,Malbank School and Sixth Form College,Foundation school,Local authority maintained schools,Secondary,Cheshire East,Nantwich,CW5 5HD,Has a sixth form,Mixed,Non-selective
111422,Upton-by-Chester High School,Foundation school,Local authority maintained schools,Secondary,Cheshire West and Chester,Chester,CH2 1NN,Has a sixth form,Mixed,Non-selective
111424,Bishop Heber High School,Foundation school,Local authority maintained schools,Secondary,Cheshire West and Chester,Malpas,SY14 8JD,Has a sixth form,Mixed,Non-selective
111429,The Whitby High School,Foundation school,Local authority maintained schools,Secondary,Cheshire West and Chester,Ellesmere Port,CH66 2NU,Has a sixth form,Mixed,Non-selective
111440,Helsby High School,Community school,Local authority maintained schools,Secondary,Cheshire West and Chester,Frodsham,WA6 0HY,Has a sixth form,Mixed,Non-selective
111443,Wilmslow High School,Community school,Local authority maintained schools,Secondary,Cheshire East,Wilmslow,SK9 1LZ,Has a sixth form,Mixed,Non-selective
111450,St Nicholas Catholic High School,Voluntary aided school,Local authority maintained schools,Secondary,Cheshire West and Chester,Northwich,CW8 1JW,Has a sixth form,Mixed,Non-selective
111471,The Grange School,Other independent school,Independent schools,Not applicable,Cheshire West and Chester,Northwich,CW8 1LU,Has a sixth form,Mixed,Not applicable
111473,The King's School In Macclesfield,Other independent school,Independent schools,Not applicable,Cheshire East,Macclesfield,SK10 4SP,Has a sixth form,Mixed,Not applicable
111478,Alderley Edge School for Girls,Other independent school,Independent schools,Not applicable,Cheshire East,Alderley Edge,SK9 7QE,Has a sixth form,Girls,Not applicable
111482,The Hammond,Other independent school,Independent schools,Not applicable,Cheshire West and Chester,Chester,CH2 4ES,Has a sixth form,Mixed,Not applicable
111484,Abbey Gate College,Other independent school,Independent schools,Not applicable,Cheshire West and Chester,Chester,CH3 6EN,Has a sixth form,Mixed,Not applicable
111485,The King's School,Other independent school,Independent schools,Not applicable,Cheshire West and Chester,Chester,CH4 7QL,Has a sixth form,Mixed,Selective
111486,The Queen's School,Other independent school,Independent schools,Not applicable,Cheshire West and Chester,Chester,CH1 2NN,Has a sixth form,Girls,Not applicable
111768,Teesside High School,Other independent school,Independent schools,Not applicable,Stockton-on-Tees,,TS16 9AT,Has a sixth form,Mixed,Non-selective
111769,Yarm School,Other independent school,Independent schools,Not applicable,Stockton-on-Tees,Yarm,TS15 9EJ,Has a sixth form,Mixed,Not applicable
112041,Torpoint Community College,Foundation school,Local authority maintained schools,Secondary,Cornwall,Torpoint,PL11 2NH,Has a sixth form,Mixed,Non-selective
112045,Budehaven Community School,Foundation school,Local authority maintained schools,Secondary,Cornwall,Bude,EX23 8DQ,Has a sixth form,Mixed,Non-selective
112076,Truro School,Other independent school,Independent schools,Not applicable,Cornwall,,TR1 1TH,Has a sixth form,Mixed,Selective
112077,Truro High School,Other independent school,Independent schools,Not applicable,Cornwall,Truro,TR1 2HU,Has a sixth form,Girls,Not applicable
112379,The Lakes School,Community school,Local authority maintained schools,Secondary,Westmorland and Furness,Windermere,LA23 1HW,Has a sixth form,Mixed,Non-selective
112382,Netherhall School,Community school,Local authority maintained schools,Secondary,Cumberland,Maryport,CA15 6NT,Has a sixth form,Mixed,Non-selective
112385,Ulverston Victoria High School,Community school,Local authority maintained schools,Secondary,Westmorland and Furness,Ulverston,LA12 0EB,Has a sixth form,Mixed,Non-selective
112388,Millom School,Community school,Local authority maintained schools,Secondary,Cumberland,Millom,LA18 5AB,Has a sixth form,Mixed,Non-selective
112393,Ullswater Community College,Foundation school,Local authority maintained schools,Secondary,Westmorland and Furness,Penrith,CA11 8NG,Has a sixth form,Mixed,Non-selective
112397,The Nelson Thomlinson School,Voluntary controlled school,Local authority maintained schools,Secondary,Cumberland,Wigton,CA7 9PX,Has a sixth form,Mixed,Non-selective
112398,St Benedict's Catholic High School,Voluntary aided school,Local authority maintained schools,Secondary,Cumberland,Whitehaven,CA28 8UG,Has a sixth form,Mixed,Non-selective
112399,St John Henry Newman Catholic School,Voluntary aided school,Local authority maintained schools,Secondary,Cumberland,Carlisle,CA2 4NL,Has a sixth form,Mixed,Non-selective
112442,Lime House School,Other independent school,Independent schools,Not applicable,Cumberland,Carlisle,CA5 7BX,Has a sixth form,Mixed,Non-selective
112446,Windermere School,Other independent school,Independent schools,Not applicable,Westmorland and Furness,The Lake District,LA23 1NW,Has a sixth form,Mixed,Not applicable
112451,Sedbergh School,Other independent school,Independent schools,Not applicable,Westmorland and Furness,Sedbergh (La10 5hg),LA10 5RY,Has a sixth form,Mixed,Not applicable
112453,Austin Friars,Other independent school,Independent schools,Not applicable,Cumberland,Carlisle,CA3 9PB,Has a sixth form,Mixed,Non-selective
112951,The Bemrose School,Foundation school,Local authority maintained schools,All-through,Derby,Derby,DE22 3HU,Has a sixth form,Mixed,Non-selective
112956,Littleover Community School,Community school,Local authority maintained schools,Secondary,Derby,Derby,DE23 4BZ,Has a sixth form,Mixed,Non-selective
112969,Dronfield Henry Fanshawe School,Voluntary controlled school,Local authority maintained schools,Secondary,Derbyshire,Dronfield,S18 2FZ,Has a sixth form,Mixed,Non-selective
112989,Belper School and Sixth Form Centre,Foundation school,Local authority maintained schools,Secondary,Derbyshire,Belper,DE56 0DA,Has a sixth form,Mixed,Non-selective
112996,Lady Manners School,Foundation school,Local authority maintained schools,Secondary,Derbyshire,Bakewell,DE45 1JA,Has a sixth form,Mixed,Non-selective
113003,Abbotsholme School,Other independent school,Independent schools,Not applicable,Derbyshire,Uttoxeter,ST14 5BS,Has a sixth form,Mixed,Non-selective
113004,Trent College,Other independent school,Independent schools,Not applicable,Derbyshire,Nottingham,NG10 4AD,Has a sixth form,Mixed,Not applicable
113009,Repton School,Other independent school,Independent schools,Not applicable,Derbyshire,Derby,DE65 6FH,Has a sixth form,Mixed,Not applicable
113010,Mount St Mary's College,Other independent school,Independent schools,Not applicable,Derbyshire,Sheffield,S21 3YL,Has a sixth form,Mixed,Non-selective
113017,Derby High School,Other independent school,Independent schools,Not applicable,Derby,Derby,DE23 3DT,Has a sixth form,Mixed,Selective
113021,Alderwasley Hall School,Other independent special school,Special schools,Not applicable,Derbyshire,Derbyshire,DE56 2SR,Not applicable,Mixed,Not applicable
113028,Derby Grammar School,Other independent school,Independent schools,Not applicable,Derby,,DE23 4BX,Has a sixth form,Mixed,Non-selective
113526,The Spires College,Foundation school,Local authority maintained schools,Secondary,Torbay,Torquay,TQ1 3PE,Has a sixth form,Mixed,Non-selective
113533,Sir John Hunt Community Sports College,Foundation school,Local authority maintained schools,Secondary,Plymouth,Plymouth,PL5 4AA,Has a sixth form,Mixed,Non-selective
113551,St Cuthbert Mayne School,Voluntary aided school,Local authority maintained schools,Secondary,Torbay,Torquay,TQ1 4RN,Has a sixth form,Mixed,Non-selective
113573,Mount Kelly,Other independent school,Independent schools,Not applicable,Devon,Tavistock,PL19 0HZ,Has a sixth form,Mixed,Non-selective
113574,Trinity School,Other independent school,Independent schools,Not applicable,Devon,,TQ14 8LY,Has a sixth form,Mixed,Non-selective
113575,Blundell's School,Other independent school,Independent schools,Not applicable,Devon,Tiverton,EX16 4DN,Has a sixth form,Mixed,Not applicable
113579,Stover School,Other independent school,Independent schools,Not applicable,Devon,Newton Abbot,TQ12 6QG,Has a sixth form,Mixed,Non-selective
113604,Kingsley School Devon,Other independent school,Independent schools,Not applicable,Devon,Bideford,EX39 3LY,Has a sixth form,Mixed,Non-selective
113605,Shebbear College,Other independent school,Independent schools,Not applicable,Devon,Beaworthy,EX21 5HJ,Has a sixth form,Mixed,Non-selective
113606,West Buckland School,Other independent school,Independent schools,Not applicable,Devon,Barnstaple,EX32 0SX,Has a sixth form,Mixed,Not applicable
113607,Exeter School,Other independent school,Independent schools,Not applicable,Devon,Exeter,EX2 4NS,Has a sixth form,Mixed,Selective
113608,The Maynard School,Other independent school,Independent schools,Not applicable,Devon,Exeter,EX1 1SJ,Has a sixth form,Girls,Selective
113609,Plymouth College,Other independent school,Independent schools,Not applicable,Plymouth,,PL4 6RN,Has a sixth form,Mixed,Non-selective
113854,Ferndown Upper School,Community school,Local authority maintained schools,Secondary,Dorset,Ferndown,BH22 9EY,Has a sixth form,Mixed,Non-selective
113863,Lytchett Minster School,Foundation school,Local authority maintained schools,Secondary,Dorset,Poole,BH16 6JD,Has a sixth form,Mixed,Non-selective
113882,Gillingham School,Voluntary controlled school,Local authority maintained schools,Secondary,Dorset,Gillingham,SP8 4QP,Has a sixth form,Mixed,Non-selective
113884,Beaminster School,Voluntary controlled school,Local authority maintained schools,Secondary,Dorset,Beaminster,DT8 3EP,Has a sixth form,Mixed,Non-selective
113888,The Blandford School,Voluntary controlled school,Local authority maintained schools,Secondary,Dorset,Blandford Forum,DT11 7SQ,Has a sixth form,Mixed,Non-selective
113893,"St Edward's Roman Catholic/Church of England School, Poole",Voluntary aided school,Local authority maintained schools,Secondary,"Bournemouth, Christchurch and Poole",Poole,BH15 3HY,Has a sixth form,Mixed,Non-selective
113901,The Woodroffe School,Foundation school,Local authority maintained schools,Secondary,Dorset,Lyme Regis,DT7 3LX,Has a sixth form,Mixed,Non-selective
113910,Bryanston School,Other independent school,Independent schools,Not applicable,Dorset,Blandford Forum,DT11 0PX,Has a sixth form,Mixed,Selective
113912,Clayesmore School,Other independent school,Independent schools,Not applicable,Dorset,Blandford Forum,DT11 8LL,Has a sixth form,Mixed,Not applicable
113918,Sherborne School,Other independent school,Independent schools,Not applicable,Dorset,Sherborne,DT9 3AP,Has a sixth form,Boys,Selective
113919,Sherborne School for Girls,Other independent school,Independent schools,Not applicable,Dorset,Sherborne,DT9 3QN,Has a sixth form,Girls,Selective
113920,Leweston School,Other independent school,Independent schools,Not applicable,Dorset,Sherborne,DT9 6EN,Has a sixth form,Mixed,Non-selective
113922,Canford School,Other independent school,Independent schools,Not applicable,"Bournemouth, Christchurch and Poole",Wimborne,BH21 3AD,Has a sixth form,Mixed,Selective
113932,Milton Abbey School,Other independent school,Independent schools,Not applicable,Dorset,Blandford Forum,DT11 0BZ,Has a sixth form,Mixed,Not applicable
113937,Bournemouth Collegiate School,Other independent school,Independent schools,Not applicable,"Bournemouth, Christchurch and Poole",Bournemouth,BH5 2DY,Has a sixth form,Mixed,Non-selective
113945,Talbot Heath School,Other independent school,Independent schools,Not applicable,"Bournemouth, Christchurch and Poole",Bournemouth,BH4 9NJ,Has a sixth form,Boys,Not applicable
114312,Durham Johnston Comprehensive School,Community school,Local authority maintained schools,Secondary,County Durham,Durham,DH1 4SU,Has a sixth form,Mixed,Non-selective
114330,Durham High School,Other independent school,Independent schools,Not applicable,County Durham,,DH1 3TB,Has a sixth form,Mixed,Selective
114331,Durham Cathedral Schools Foundation,Other independent school,Independent schools,Not applicable,County Durham,,DH1 4SZ,Has a sixth form,Mixed,Not applicable
114336,Barnard Castle School,Other independent school,Independent schools,Not applicable,County Durham,Barnard Castle,DL12 8UN,Has a sixth form,Mixed,Not applicable
114587,Heathfield Community College,Community school,Local authority maintained schools,Secondary,East Sussex,Heathfield,TN21 8RJ,Has a sixth form,Mixed,Non-selective
114590,Uckfield College,Community school,Local authority maintained schools,Secondary,East Sussex,Uckfield,TN22 3DJ,Has a sixth form,Mixed,Non-selective
114611,Cardinal Newman Catholic School,Voluntary aided school,Local authority maintained schools,Secondary,Brighton and Hove,Hove,BN3 6ND,Has a sixth form,Mixed,Non-selective
114614,Brighton College,Other independent school,Independent schools,Not applicable,Brighton and Hove,Brighton,BN2 0AL,Has a sixth form,Mixed,Selective
114616,Roedean School,Other independent school,Independent schools,Not applicable,Brighton and Hove,Brighton,BN2 5RQ,Has a sixth form,Girls,Selective
114622,Battle Abbey School,Other independent school,Independent schools,Not applicable,East Sussex,East Sussex,TN33 0AD,Has a sixth form,Mixed,Non-selective
114625,Michael Hall School,Other independent school,Independent schools,Not applicable,East Sussex,Forest Row,RH18 5JA,Has a sixth form,Mixed,Non-selective
114627,Mayfield School,Other independent school,Independent schools,Not applicable,East Sussex,Mayfield,TN20 6PH,Has a sixth form,Girls,Not applicable
114634,Lewes Old Grammar School,Other independent school,Independent schools,Not applicable,East Sussex,,BN7 1XS,Has a sixth form,Mixed,Not applicable
114640,Claremont School,Other independent school,Independent schools,Not applicable,East Sussex,St Leonards-on-Sea,TN37 7PW,Has a sixth form,Mixed,Non-selective
114650,Eastbourne College,Other independent school,Independent schools,Not applicable,East Sussex,Eastbourne,BN21 4JX,Has a sixth form,Mixed,Selective
114656,Buckswood School,Other independent school,Independent schools,Not applicable,East Sussex,East Sussex,TN35 4LT,Has a sixth form,Mixed,Non-selective
114657,Bede's Senior School,Other independent school,Independent schools,Not applicable,East Sussex,Hailsham,BN27 3QH,Has a sixth form,Mixed,Non-selective
114658,Brighton Girls GDST,Other independent school,Independent schools,Not applicable,Brighton and Hove,,BN1 3AT,Has a sixth form,Girls,Not applicable
114659,Greenfields School,Other independent school,Independent schools,Not applicable,East Sussex,,RH18 5JD,Has a sixth form,Mixed,Non-selective
115238,"St John Payne Catholic School, Chelmsford",Voluntary aided school,Local authority maintained schools,Secondary,Essex,Chelmsford,CM1 4BS,Has a sixth form,Mixed,Non-selective
115322,Beauchamps High School,Foundation school,Local authority maintained schools,Secondary,Essex,Wickford,SS11 8LY,Has a sixth form,Mixed,Non-selective
115387,New Hall School,Other independent school,Independent schools,Not applicable,Essex,Chelmsford,CM3 3HS,Has a sixth form,Mixed,Not applicable
115392,Chigwell School,Other independent school,Independent schools,Not applicable,Essex,Chigwell,IG7 6QF,Has a sixth form,Mixed,Not applicable
115395,Felsted School,Other independent school,Independent schools,Not applicable,Essex,Felsted,CM6 3LL,Has a sixth form,Mixed,Not applicable
115396,Gosfield School,Other independent school,Independent schools,Not applicable,Essex,,CO9 1PF,Has a sixth form,Mixed,Non-selective
115429,Brentwood School,Other independent school,Independent schools,Not applicable,Essex,Brentwood,CM15 8EE,Has a sixth form,Mixed,Not applicable
115455,"The Chelmsford New Model Special School, Haywood Campus",Community special school,Special schools,Not applicable,Essex,Chelmsford,CM1 2PA,Not applicable,Mixed,Not applicable
115723,Archway School,Community school,Local authority maintained schools,Secondary,Gloucestershire,Stroud,GL5 4AX,Has a sixth form,Mixed,Non-selective
115758,Rednock School,Foundation school,Local authority maintained schools,Secondary,Gloucestershire,Dursley,GL11 4BY,Has a sixth form,Mixed,Non-selective
115772,Pittville School,Foundation school,Local authority maintained schools,Secondary,Gloucestershire,Cheltenham,GL52 3JD,Does not have a sixth form,Mixed,Non-selective
115780,"The King's School, Gloucester",Other independent school,Independent schools,Not applicable,Gloucestershire,Gloucester,GL1 2BG,Has a sixth form,Mixed,Not applicable
115787,Rendcomb College,Other independent school,Independent schools,Not applicable,Gloucestershire,Cirencester,GL7 7HA,Has a sixth form,Mixed,Not applicable
115788,Wycliffe College,Other independent school,Independent schools,Not applicable,Gloucestershire,Stonehouse,GL10 2JQ,Has a sixth form,Mixed,Non-selective
115789,Westonbirt School,Other independent school,Independent schools,Not applicable,Gloucestershire,Tetbury,GL8 8QG,Has a sixth form,Mixed,Not applicable
115794,St Edward's School,Other independent school,Independent schools,Not applicable,Gloucestershire,Cheltenham,GL53 8EY,Has a sixth form,Mixed,Non-selective
115795,Cheltenham College,Other independent school,Independent schools,Not applicable,Gloucestershire,Cheltenham,GL53 7LD,Has a sixth form,Mixed,Selective
115797,Dean Close School,Other independent school,Independent schools,Not applicable,Gloucestershire,Cheltenham,GL51 6HE,Has a sixth form,Mixed,Not applicable
115798,Cheltenham Ladies' College,Other independent school,Independent schools,Not applicable,Gloucestershire,Cheltenham,GL50 3EP,Has a sixth form,Girls,Selective
115825,Alderman Knight School,Community special school,Special schools,Not applicable,Gloucestershire,Tewkesbury,GL20 8JJ,Has a sixth form,Mixed,Not applicable
116433,Yateley School,Community school,Local authority maintained schools,Secondary,Hampshire,Yateley,GU46 6NW,Has a sixth form,Mixed,Non-selective
116458,Bitterne Park School,Foundation school,Local authority maintained schools,Secondary,Southampton,Southampton,SO18 1BU,Has a sixth form,Mixed,Non-selective
116513,Rookwood School,Other independent school,Independent schools,Not applicable,Hampshire,Andover,SP10 3AL,Has a sixth form,Mixed,Non-selective
116515,Embley,Other independent school,Independent schools,Not applicable,Hampshire,Romsey,SO51 6ZE,Has a sixth form,Mixed,Selective
116517,Farnborough Hill,Other independent school,Independent schools,Not applicable,Hampshire,Farnborough,GU14 8AT,Has a sixth form,Girls,Not applicable
116521,Lord Wandsworth College,Other independent school,Independent schools,Not applicable,Hampshire,Hook,RG29 1TB,Has a sixth form,Mixed,Not applicable
116524,Ballard School,Other independent school,Independent schools,Not applicable,Hampshire,New Milton,BH25 5SU,Does not have a sixth form,Mixed,Non-selective
116527,Bedales School,Other independent school,Independent schools,Not applicable,Hampshire,Petersfield,GU32 2DG,Has a sixth form,Mixed,Selective
116532,Winchester College,Other independent school,Independent schools,Not applicable,Hampshire,Winchester,SO23 9NA,Has a sixth form,Mixed,Selective
116534,St Swithuns,Other independent school,Independent schools,Not applicable,Hampshire,,SO21 1HA,Has a sixth form,Girls,Not applicable
116543,Salesian College,Other independent school,Independent schools,Not applicable,Hampshire,Farnborough,GU14 6PA,Has a sixth form,Mixed,Not applicable
116555,Hurst Lodge School,Other independent special school,Special schools,Not applicable,Hampshire,Camberley,GU46 6HJ,Has a sixth form,Mixed,Non-selective
116579,Churcher's College,Other independent school,Independent schools,Not applicable,Hampshire,Petersfield,GU31 4AS,Has a sixth form,Mixed,Selective
116580,King Edward VI School,Other independent school,Independent schools,Not applicable,Southampton,Southampton,SO15 5UQ,Has a sixth form,Mixed,Not applicable
116581,Portsmouth High School GDST,Other independent school,Independent schools,Not applicable,Portsmouth,,PO5 3EQ,Has a sixth form,Girls,Not applicable
116583,The Portsmouth Grammar School,Other independent school,Independent schools,Not applicable,Portsmouth,Portsmouth,PO1 2LN,Has a sixth form,Mixed,Not applicable
117012,Bromsgrove School,Other independent school,Independent schools,Not applicable,Worcestershire,Bromsgrove,B61 7DU,Has a sixth form,Mixed,Not applicable
117017,Malvern College,Other independent school,Independent schools,Not applicable,Worcestershire,Malvern,WR14 3DF,Has a sixth form,Mixed,Not applicable
117018,Malvern St James,Other independent school,Independent schools,Not applicable,Worcestershire,Malvern,WR14 3BA,Has a sixth form,Mixed,Not applicable
117020,Heathfield Knoll School,Other independent school,Independent schools,Not applicable,Worcestershire,Kidderminster,DY10 3QE,Has a sixth form,Mixed,Non-selective
117032,Bredon School,Other independent school,Independent schools,Not applicable,Worcestershire,Tewkesbury,GL20 6AH,Has a sixth form,Mixed,Non-selective
117035,Abbey College in Malvern,Other independent school,Independent schools,Not applicable,Worcestershire,Malvern,WR14 4JF,Has a sixth form,Mixed,Non-selective
117036,Hereford Cathedral School With A Junior School,Other independent school,Independent schools,Not applicable,"Herefordshire, County of",Hereford,HR1 2NG,Has a sixth form,Mixed,Not applicable
117037,The King's School,Other independent school,Independent schools,Not applicable,Worcestershire,Worcestershire,WR1 2LL,Has a sixth form,Mixed,Not applicable
117038,Royal Grammar School Worcester,Other independent school,Independent schools,Not applicable,Worcestershire,Worcester,WR1 1HP,Has a sixth form,Mixed,Selective
117044,Madinatul Uloom Al Islamiya School,Other independent school,Independent schools,Not applicable,Worcestershire,Worcestershire,DY10 4BS,Has a sixth form,Boys,Selective
117045,Lucton School,Other independent school,Independent schools,Not applicable,"Herefordshire, County of",Leominster,HR6 9PN,Has a sixth form,Mixed,Non-selective
117064,New College Worcester (NMSS),Non-maintained special school,Special schools,Not applicable,Worcestershire,Worcester,WR5 2JX,Has a sixth form,Mixed,Not applicable
117499,The Priory School,Foundation school,Local authority maintained schools,Secondary,Hertfordshire,Hitchin,SG5 2UR,Has a sixth form,Mixed,Non-selective
117504,Fearnhill School,Foundation school,Local authority maintained schools,Secondary,Hertfordshire,Letchworth,SG6 4BA,Has a sixth form,Mixed,Non-selective
117518,Barnwell School,Foundation school,Local authority maintained schools,Secondary,Hertfordshire,Stevenage,SG2 9SW,Has a sixth form,Mixed,Non-selective
117530,The Nobel School,Foundation school,Local authority maintained schools,Secondary,Hertfordshire,Stevenage,SG2 0HS,Has a sixth form,Mixed,Non-selective
117534,Marriotts School,Community school,Local authority maintained schools,Secondary,Hertfordshire,Stevenage,SG2 8UT,Has a sixth form,Mixed,Non-selective
117552,The Astley Cooper School,Foundation school,Local authority maintained schools,Secondary,Hertfordshire,Hemel Hempstead,HP2 7HL,Has a sixth form,Mixed,Non-selective
117555,Townsend Church of England School,Voluntary aided school,Local authority maintained schools,Secondary,Hertfordshire,St Albans,AL3 6DR,Has a sixth form,Mixed,Non-selective
117577,The Bishop's Stortford High School,Foundation school,Local authority maintained schools,Secondary,Hertfordshire,Bishop's Stortford,CM23 4SH,Has a sixth form,Boys,Non-selective
117578,Ashlyns School,Foundation school,Local authority maintained schools,Secondary,Hertfordshire,Berkhamsted,HP4 3AH,Has a sixth form,Mixed,Non-selective
117602,Aldenham School,Other independent school,Independent schools,Not applicable,Hertfordshire,Elstree,WD6 3AJ,Has a sixth form,Mixed,Not applicable
117604,Berkhamsted School,Other independent school,Independent schools,Not applicable,Hertfordshire,Berkhamsted,HP4 2DJ,Has a sixth form,Mixed,Not applicable
117605,Bishop's Stortford College,Other independent school,Independent schools,Not applicable,Hertfordshire,Bishop's Stortford,CM23 2PQ,Has a sixth form,Mixed,Not applicable
117606,St Margaret's School,Other independent school,Independent schools,Not applicable,Hertfordshire,Bushey,WD23 1DT,Has a sixth form,Mixed,Not applicable
117607,Haileybury College,Other independent school,Independent schools,Not applicable,Hertfordshire,Hertford,SG13 7NU,Has a sixth form,Mixed,Not applicable
117609,Queenswood School,Other independent school,Independent schools,Not applicable,Hertfordshire,Hatfield,AL9 6NS,Has a sixth form,Girls,Selective
117612,St Christopher School,Other independent school,Independent schools,Not applicable,Hertfordshire,Letchworth Garden City,SG6 3JZ,Has a sixth form,Mixed,Non-selective
117613,St Francis College,Other independent school,Independent schools,Not applicable,Hertfordshire,Letchworth Garden City,SG6 3PJ,Has a sixth form,Girls,Selective
117616,Merchant Taylors' School,Other independent school,Independent schools,Not applicable,Hertfordshire,Northwood,HA6 2HT,Has a sixth form,Boys,Selective
117617,St Albans High School for Girls,Other independent school,Independent schools,Not applicable,Hertfordshire,,AL1 3SJ,Has a sixth form,Girls,Selective
117618,Tring Park School for the Performing Arts,Other independent school,Independent schools,Not applicable,Hertfordshire,Tring,HP23 5LX,Has a sixth form,Mixed,Not applicable
117622,Sherrardswood School,Other independent school,Independent schools,Not applicable,Hertfordshire,Welwyn,AL6 0BJ,Has a sixth form,Mixed,Non-selective
117633,St Edmund's College,Other independent school,Independent schools,Not applicable,Hertfordshire,Ware,SG11 1DS,Has a sixth form,Mixed,Selective
117638,St Columba's College,Other independent school,Independent schools,Not applicable,Hertfordshire,St Albans,AL3 4AW,Has a sixth form,Mixed,Not applicable
117641,Royal Masonic School for Girls,Other independent school,Independent schools,Not applicable,Hertfordshire,Rickmansworth,WD3 4HF,Has a sixth form,Girls,Not applicable
117647,St Albans School,Other independent school,Independent schools,Not applicable,Hertfordshire,St Albans,AL3 4HB,Has a sixth form,Mixed,Not applicable
117648,Haberdashers' Boys' School,Other independent school,Independent schools,Not applicable,Hertfordshire,,WD6 3AF,Has a sixth form,Boys,Not applicable
117649,Haberdashers' Girls' School,Other independent school,Independent schools,Not applicable,Hertfordshire,Borehamwood,WD6 3BT,Has a sixth form,Girls,Selective
117657,Immanuel College,Other independent school,Independent schools,Not applicable,Hertfordshire,Bushey,WD23 4EB,Has a sixth form,Mixed,Not applicable
118072,Beverley High School,Community school,Local authority maintained schools,Secondary,East Riding of Yorkshire,Beverley,HU17 9EX,Has a sixth form,Girls,Non-selective
118073,Longcroft School and Sixth Form College,Community school,Local authority maintained schools,Secondary,East Riding of Yorkshire,Beverley,HU17 7EJ,Has a sixth form,Mixed,Non-selective
118082,Hornsea School and Language College,Community school,Local authority maintained schools,Secondary,East Riding of Yorkshire,Hornsea,HU18 1DW,Has a sixth form,Mixed,Non-selective
118085,Headlands School,Community school,Local authority maintained schools,Secondary,East Riding of Yorkshire,Bridlington,YO16 6UR,Has a sixth form,Mixed,Non-selective
118111,Bridlington School,Voluntary controlled school,Local authority maintained schools,Secondary,East Riding of Yorkshire,Bridlington,YO16 4QU,Has a sixth form,Mixed,Non-selective
118112,Sir John Nelthorpe School,Voluntary controlled school,Local authority maintained schools,Secondary,North Lincolnshire,Brigg,DN20 8AA,Has a sixth form,Mixed,Non-selective
118124,St James' School,Other independent school,Independent schools,Not applicable,North East Lincolnshire,Grimsby,DN34 4SY,Has a sixth form,Mixed,Non-selective
118126,Tranby,Other independent school,Independent schools,Not applicable,East Riding of Yorkshire,Hull,HU10 7EH,Has a sixth form,Mixed,Selective
118131,Hymers College,Other independent school,Independent schools,Not applicable,"Kingston upon Hull, City of",,HU3 1LW,Has a sixth form,Mixed,Selective
118132,Pocklington School,Other independent school,Independent schools,Not applicable,East Riding of Yorkshire,York,YO42 2NJ,Has a sixth form,Mixed,Selective
118223,Ryde School with Upper Chine,Other independent school,Independent schools,Not applicable,Isle of Wight,Ryde,PO33 3BE,Has a sixth form,Mixed,Non-selective
118225,Priory School,Other independent school,Independent schools,Not applicable,Isle of Wight,Whippingham,PO32 6LP,Has a sixth form,Mixed,Non-selective
118785,Dartford Science & Technology College,Foundation school,Local authority maintained schools,Secondary,Kent,Dartford,DA1 2LY,Has a sixth form,Girls,Non-selective
118788,Northfleet School for Girls,Foundation school,Local authority maintained schools,Secondary,Kent,Gravesend,DA11 8AQ,Has a sixth form,Girls,Non-selective
118789,Tunbridge Wells Girls' Grammar School,Foundation school,Local authority maintained schools,Secondary,Kent,Tunbridge Wells,TN4 9UJ,Has a sixth form,Girls,Selective
118790,Tunbridge Wells Grammar School for Boys,Community school,Local authority maintained schools,Secondary,Kent,Tunbridge Wells,TN4 9XB,Has a sixth form,Boys,Selective
118806,Dover Grammar School for Girls,Community school,Local authority maintained schools,Secondary,Kent,Dover,CT16 2PZ,Has a sixth form,Girls,Selective
118835,Maidstone Grammar School,Foundation school,Local authority maintained schools,Secondary,Kent,Maidstone,ME15 7BT,Has a sixth form,Boys,Selective
118836,Maidstone Grammar School for Girls,Foundation school,Local authority maintained schools,Secondary,Kent,Maidstone,ME16 0SF,Has a sixth form,Girls,Selective
118840,Simon Langton Girls' Grammar School,Voluntary controlled school,Local authority maintained schools,Secondary,Kent,Canterbury,CT1 3EW,Has a sixth form,Girls,Selective
118843,The Judd School,Voluntary aided school,Local authority maintained schools,Secondary,Kent,Tonbridge,TN9 2PN,Has a sixth form,Boys,Selective
118879,Thamesview School,Foundation school,Local authority maintained schools,Secondary,Kent,Gravesend,DA12 4LF,Has a sixth form,Mixed,Non-selective
118884,Simon Langton Grammar School for Boys,Foundation school,Local authority maintained schools,Secondary,Kent,Canterbury,CT4 7AS,Has a sixth form,Boys,Selective
118898,The Archbishop's School,Foundation school,Local authority maintained schools,Secondary,Kent,Canterbury,CT2 7AP,Has a sixth form,Mixed,Non-selective
118903,Hugh Christie School,Foundation school,Local authority maintained schools,Secondary,Kent,Tonbridge,TN10 4PU,Has a sixth form,Mixed,Non-selective
118908,St John Fisher Catholic Comprehensive School,Voluntary aided school,Local authority maintained schools,Secondary,Medway,Rochester,ME1 2FA,Has a sixth form,Mixed,Non-selective
118919,St George's Church of England Foundation School,Foundation school,Local authority maintained schools,All-through,Kent,Broadstairs,CT10 2LH,Has a sixth form,Mixed,Non-selective
118931,Dover Grammar School for Boys,Foundation school,Local authority maintained schools,Secondary,Kent,Dover,CT17 0DQ,Has a sixth form,Boys,Selective
118933,St John's Catholic Comprehensive,Voluntary aided school,Local authority maintained schools,Secondary,Kent,Gravesend,DA12 2JW,Has a sixth form,Mixed,Non-selective
118937,Ashford School,Other independent school,Independent schools,Not applicable,Kent,Ashford,TN24 8PB,Has a sixth form,Mixed,Not applicable
118939,Benenden School,Other independent school,Independent schools,Not applicable,Kent,Cranbrook,TN17 4AA,Has a sixth form,Girls,Not applicable
118940,Dover College,Other independent school,Independent schools,Not applicable,Kent,Dover,CT17 9RH,Has a sixth form,Mixed,Non-selective
118946,Kent College Pembury,Other independent school,Independent schools,Not applicable,Kent,Tunbridge Wells,TN2 4AX,Has a sixth form,Mixed,Selective
118947,St Lawrence College,Other independent school,Independent schools,Not applicable,Kent,Ramsgate,CT11 7AE,Has a sixth form,Mixed,Not applicable
118948,"King's School, Rochester",Other independent school,Independent schools,Not applicable,Medway,Rochester,ME1 1TE,Has a sixth form,Mixed,Non-selective
118949,Beechwood School,Other independent school,Independent schools,Not applicable,Kent,Tunbridge Wells,TN2 3QD,Has a sixth form,Mixed,Non-selective
118957,Radnor House Sevenoaks,Other independent school,Independent schools,Not applicable,Kent,,TN14 6AE,Has a sixth form,Mixed,Selective
118958,Sutton Valence School,Other independent school,Independent schools,Not applicable,Kent,Maidstone,ME17 3HL,Has a sixth form,Mixed,Not applicable
118959,Tonbridge School,Other independent school,Independent schools,Not applicable,Kent,Tonbridge,TN9 1JP,Has a sixth form,Boys,Not applicable
118978,Bethany School,Other independent school,Independent schools,Not applicable,Kent,Cranbrook,TN17 1LB,Has a sixth form,Mixed,Non-selective
118991,Cobham Hall,Other independent school,Independent schools,Not applicable,Kent,,DA12 3BL,Has a sixth form,Mixed,Non-selective
118995,Ripplevale School,Other independent special school,Special schools,Not applicable,Kent,Deal,CT14 8JG,Not applicable,Mixed,Not applicable
118996,The King's School Canterbury,Other independent school,Independent schools,Not applicable,Kent,Canterbury,CT1 2ES,Has a sixth form,Mixed,Selective
118998,St Edmund's School Canterbury,Other independent school,Independent schools,Not applicable,Kent,Canterbury,CT2 8HU,Has a sixth form,Mixed,Not applicable
119001,Kent College (Canterbury),Other independent school,Independent schools,Not applicable,Kent,Canterbury,CT2 9DT,Has a sixth form,Mixed,Not applicable
119002,Walthamstow Hall,Other independent school,Independent schools,Not applicable,Kent,Sevenoaks,TN13 3UL,Has a sixth form,Mixed,Not applicable
119006,Rochester Independent College,Other independent school,Independent schools,Not applicable,Medway,Rochester,ME1 1HY,Has a sixth form,Mixed,Non-selective
119007,Sackville School,Other independent school,Independent schools,Not applicable,Kent,Tonbridge,TN11 9HN,Has a sixth form,Mixed,Not applicable
119026,Broomhill Bank School,Foundation special school,Special schools,Not applicable,Kent,Tunbridge Wells,TN3 0TB,Has a sixth form,Mixed,Not applicable
119722,Alder Grange School,Community school,Local authority maintained schools,Secondary,Lancashire,Rossendale,BB4 8HW,Has a sixth form,Mixed,Non-selective
119767,Haslingden High School and Sixth Form,Community school,Local authority maintained schools,Secondary,Lancashire,Rossendale,BB4 4EY,Has a sixth form,Mixed,Non-selective
119773,Moor Park High School,Foundation school,Local authority maintained schools,Secondary,Lancashire,Preston,PR1 6DT,Does not have a sixth form,Mixed,Non-selective
119794,Hutton Church of England Grammar School,Voluntary aided school,Local authority maintained schools,Secondary,Lancashire,Preston,PR4 5SN,Has a sixth form,Boys,Non-selective
119798,Our Lady's Catholic College,Voluntary aided school,Local authority maintained schools,Secondary,Lancashire,Lancaster,LA1 2RX,Has a sixth form,Mixed,Non-selective
119817,Stonyhurst College,Other independent school,Independent schools,Not applicable,Lancashire,,BB7 9PZ,Has a sixth form,Mixed,Non-selective
119818,Rossall School,Other independent school,Independent schools,Not applicable,Lancashire,Fleetwood,FY7 8JW,Has a sixth form,Mixed,Non-selective
119824,Scarisbrick Hall School,Other independent school,Independent schools,Not applicable,Lancashire,,L40 9RQ,Has a sixth form,Mixed,Not applicable
119826,Westholme School,Other independent school,Independent schools,Not applicable,Blackburn with Darwen,Blackburn,BB2 6QU,Has a sixth form,Mixed,Not applicable
119835,Kirkham Grammar School,Other independent school,Independent schools,Not applicable,Lancashire,Preston,PR4 2BH,Has a sixth form,Mixed,Selective
119836,AKS Lytham,Other independent school,Independent schools,Not applicable,Lancashire,Lytham St Annes,FY8 1DT,Has a sixth form,Mixed,
119845,Rossendale School,Other independent special school,Special schools,Not applicable,Lancashire,Bury,BL0 0RT,Not applicable,Mixed,Selective
119856,Al Islah Girls' High School,Other independent school,Independent schools,Not applicable,Blackburn with Darwen,BLACKBURN,BB1 1TF,Does not have a sixth form,Girls,Non-selective
120316,Ratcliffe College,Other independent school,Independent schools,Not applicable,Leicestershire,,LE7 4SG,Has a sixth form,Mixed,Selective
120317,Loughborough Amherst School,Other independent school,Independent schools,Not applicable,Leicestershire,,LE11 2DZ,Has a sixth form,Mixed,Not applicable
120320,Uppingham School,Other independent school,Independent schools,Not applicable,Rutland,,LE15 9QE,Has a sixth form,Mixed,Not applicable
120322,Oakham School,Other independent school,Independent schools,Not applicable,Rutland,Oakham,LE15 6DT,Has a sixth form,Mixed,Not applicable
120324,Leicester High School for Girls,Other independent school,Independent schools,Not applicable,Leicester,,LE2 2PP,Has a sixth form,Girls,Not applicable
120331,Twycross House School,Other independent school,Independent schools,Not applicable,Leicestershire,Atherstone,CV9 3PL,Has a sixth form,Mixed,Selective
120332,Loughborough Grammar School,Other independent school,Independent schools,Not applicable,Leicestershire,Loughborough,LE11 2DU,Has a sixth form,Boys,Not applicable
120333,Loughborough High School,Other independent school,Independent schools,Not applicable,Leicestershire,,LE11 2DU,Has a sixth form,Girls,Selective
120334,Leicester Grammar School Trust,Other independent school,Independent schools,Not applicable,Leicestershire,Leicester,LE8 9FL,Has a sixth form,Mixed,Not applicable
120339,Dixie Grammar School,Other independent school,Independent schools,Not applicable,Leicestershire,Nuneaton,CV13 0LE,Has a sixth form,Mixed,Not applicable
120341,Brooke House College,Other independent school,Independent schools,Not applicable,Leicestershire,Market Harborough,LE16 7AU,Has a sixth form,Mixed,Non-selective
120345,Darul Uloom Leicester,Other independent school,Independent schools,Not applicable,Leicester,Leicester,LE4 5LN,Has a sixth form,Boys,Non-selective
120642,Spalding High School,Community school,Local authority maintained schools,Secondary,Lincolnshire,Spalding,PE11 2PJ,Has a sixth form,Girls,Selective
120655,"The Queen Elizabeth's High School, Gainsborough",Community school,Local authority maintained schools,Secondary,Lincolnshire,Gainsborough,DN21 2ST,Has a sixth form,Mixed,Selective
120724,Lincoln Minster School,Other independent school,Independent schools,Not applicable,Lincolnshire,Lincoln,LN2 5RW,Has a sixth form,Mixed,Non-selective
120735,Stamford Endowed Schools,Other independent school,Independent schools,Not applicable,Lincolnshire,Lincolnshire,PE9 2BE,Has a sixth form,Mixed,Not applicable
120736,Stamford High School,Other independent school,Independent schools,Not applicable,Lincolnshire,Stamford,PE9 2LL,Has a sixth form,Girls,Not applicable
121164,Aylsham High School,Foundation school,Local authority maintained schools,Secondary,Norfolk,Norwich,NR11 6AN,Does not have a sixth form,Mixed,Non-selective
121222,Gresham's School,Other independent school,Independent schools,Not applicable,Norfolk,,NR25 6EA,Has a sixth form,Mixed,Not applicable
121224,Langley School,Other independent school,Independent schools,Not applicable,Norfolk,Norfolk,NR14 6BJ,Has a sixth form,Mixed,Not applicable
121241,Norwich High School for Girls GDST,Other independent school,Independent schools,Not applicable,Norfolk,,NR2 2HU,Has a sixth form,Girls,Not applicable
121242,Norwich School,Other independent school,Independent schools,Not applicable,Norfolk,Norwich,NR1 4DD,Has a sixth form,Mixed,Not applicable
121245,Thetford Grammar School,Other independent school,Independent schools,Not applicable,Norfolk,,IP24 3AF,Has a sixth form,Mixed,Selective
121666,Thirsk School & Sixth Form College,Community school,Local authority maintained schools,Secondary,North Yorkshire,Thirsk,YO7 1RZ,Has a sixth form,Mixed,Non-selective
121667,Whitby School,Community school,Local authority maintained schools,Secondary,North Yorkshire,Whitby,YO21 1LA,Has a sixth form,Mixed,Non-selective
121673,Huntington School,Community school,Local authority maintained schools,Secondary,York,York,YO32 9WT,Has a sixth form,Mixed,Non-selective
121687,King James's School,Community school,Local authority maintained schools,Secondary,North Yorkshire,Knaresborough,HG5 8EB,Has a sixth form,Mixed,Non-selective
121689,Settle College,Community school,Local authority maintained schools,Secondary,North Yorkshire,Settle,BD24 0AU,Has a sixth form,Mixed,Non-selective
121694,Ripon Grammar School,Community school,Local authority maintained schools,Secondary,North Yorkshire,Ripon,HG4 2DG,Has a sixth form,Mixed,Selective
121711,Joseph Rowntree School,Voluntary controlled school,Local authority maintained schools,Secondary,York,York,YO32 4BZ,Has a sixth form,Mixed,Non-selective
121716,Ermysted's Grammar School,Voluntary aided school,Local authority maintained schools,Secondary,North Yorkshire,Skipton,BD23 1PL,Has a sixth form,Boys,Selective
121722,Bootham School,Other independent school,Independent schools,Not applicable,York,York,YO30 7BU,Has a sixth form,Mixed,Not applicable
121724,St Peter's School 2-18,Other independent school,Independent schools,Not applicable,York,York,YO30 6AB,Has a sixth form,Mixed,Not applicable
121726,The Mount School (York),Other independent school,Independent schools,Not applicable,York,York,YO24 4DD,Has a sixth form,Mixed,Not applicable
121733,Fyling Hall School,Other independent school,Independent schools,Not applicable,North Yorkshire,Whitby,YO22 4QD,Has a sixth form,Mixed,Non-selective
121735,Ampleforth College,Other independent school,Independent schools,Not applicable,North Yorkshire,York,YO62 4ER,Has a sixth form,Mixed,Not applicable
121740,Giggleswick School,Other independent school,Independent schools,Not applicable,North Yorkshire,Settle,BD24 0DE,Has a sixth form,Mixed,
121741,Duchy College,Other independent school,Independent schools,Not applicable,North Yorkshire,Harrogate,HG1 2QG,Has a sixth form,Mixed,Not applicable
121743,Queen Ethelburga's Prep School,Other independent school,Independent schools,Not applicable,North Yorkshire,York,YO26 9SS,Does not have a sixth form,Mixed,Selective
121748,Read School,Other independent school,Independent schools,Not applicable,North Yorkshire,Selby,YO8 8NL,Has a sixth form,Mixed,Non-selective
121749,Queen Margaret's School,Other independent school,Independent schools,Not applicable,North Yorkshire,York,YO19 6EU,Has a sixth form,Girls,Not applicable
121758,Ashville College,Other independent school,Independent schools,Not applicable,North Yorkshire,Harrogate,HG2 9JP,Has a sixth form,Mixed,Selective
121765,Breckenbrough School,Non-maintained special school,Special schools,Not applicable,North Yorkshire,Thirsk,YO7 4EN,Has a sixth form,Boys,Not applicable
122066,The Latimer Arts College,Foundation school,Local authority maintained schools,Secondary,North Northamptonshire,Kettering,NN15 6SW,Has a sixth form,Mixed,Non-selective
122129,Oundle School,Other independent school,Independent schools,Not applicable,North Northamptonshire,Northamptonshire,PE8 4GH,Has a sixth form,Mixed,Selective
122131,Wellingborough School,Other independent school,Independent schools,Not applicable,North Northamptonshire,Wellingborough,NN8 2BX,Has a sixth form,Mixed,Not applicable
122137,Quinton House School,Other independent school,Independent schools,Not applicable,West Northamptonshire,,NN5 4UX,Has a sixth form,Mixed,Non-selective
122144,Northampton High School GDST,Other independent school,Independent schools,Not applicable,West Northamptonshire,,NN4 6UU,Has a sixth form,Girls,Not applicable
122149,Bosworth Independent School,Other independent school,Independent schools,Not applicable,West Northamptonshire,,NN2 6JA,Has a sixth form,Mixed,Non-selective
122151,Pitsford School,Other independent school,Independent schools,Not applicable,West Northamptonshire,Northampton,NN6 9AX,Has a sixth form,Mixed,Not applicable
122328,Haydon Bridge High School,Foundation school,Local authority maintained schools,Secondary,Northumberland,Hexham,NE47 6LR,Has a sixth form,Mixed,Non-selective
122363,Coquet Community School,Community school,Local authority maintained schools,Secondary,Northumberland,Morpeth,NE65 0NG,Has a sixth form,Mixed,Not applicable
122374,Seaton Valley High School,Community school,Local authority maintained schools,Secondary,Northumberland,Seaton Delaval,NE25 0FW,Has a sixth form,Mixed,Non-selective
122376,Longridge Towers School,Other independent school,Independent schools,Not applicable,Northumberland,Berwick-upon-Tweed,TD15 2XQ,Has a sixth form,Mixed,Non-selective
122854,Chilwell School,Foundation school,Local authority maintained schools,Secondary,Nottinghamshire,Nottingham,NG9 5AL,Has a sixth form,Mixed,Non-selective
122908,Worksop College,Other independent school,Independent schools,Not applicable,Nottinghamshire,Worksop,S80 3AP,Has a sixth form,Mixed,Non-selective
122912,Hollygirt School,Other independent school,Independent schools,Not applicable,Nottingham,Nottingham,NG3 4GF,Does not have a sixth form,Mixed,Non-selective
122915,Nottingham High School,Other independent school,Independent schools,Not applicable,Nottingham,Nottingham,NG7 4ED,Has a sixth form,Mixed,Selective
122936,Nottingham Girls' High School GDST,Other independent school,Independent schools,Not applicable,Nottingham,,NG1 4JB,Has a sixth form,Girls,Selective
123236,Carterton Community College,Community school,Local authority maintained schools,Secondary,Oxfordshire,Carterton,OX18 1BU,Has a sixth form,Mixed,Non-selective
123274,Tudor Hall School,Other independent school,Independent schools,Not applicable,Oxfordshire,Banbury,OX16 9UR,Has a sixth form,Girls,Not applicable
123275,Bloxham School,Other independent school,Independent schools,Not applicable,Oxfordshire,Banbury,OX15 4PE,Has a sixth form,Mixed,Not applicable
123277,Kingham Hill School,Other independent school,Independent schools,Not applicable,Oxfordshire,Chipping Norton,OX7 6TH,Has a sixth form,Mixed,Non-selective
123278,Sibford School,Other independent school,Independent schools,Not applicable,Oxfordshire,Banbury,OX15 5QL,Has a sixth form,Mixed,Not applicable
123282,The Oratory School,Other independent school,Independent schools,Not applicable,Oxfordshire,,RG8 0PJ,Has a sixth form,Mixed,Not applicable
123283,Cokethorpe School,Other independent school,Independent schools,Not applicable,Oxfordshire,Witney,OX29 7PU,Has a sixth form,Mixed,Selective
123285,Shiplake College,Other independent school,Independent schools,Not applicable,Oxfordshire,Henley-on-Thames,RG9 4BW,Has a sixth form,Mixed,Selective
123290,Headington School Oxford,Other independent school,Independent schools,Not applicable,Oxfordshire,Oxford,OX3 7TD,Has a sixth form,Girls,Selective
123292,St Edward's School,Other independent school,Independent schools,Not applicable,Oxfordshire,Oxford,OX2 7NN,Has a sixth form,Mixed,Selective
123294,Wychwood School,Other independent school,Independent schools,Not applicable,Oxfordshire,Oxford,OX2 6JR,Has a sixth form,Mixed,Selective
123295,Rye St Antony,Other independent school,Independent schools,Not applicable,Oxfordshire,Oxford,OX3 0BY,Has a sixth form,Mixed,Not applicable
123298,Our Lady's Abingdon,Other independent school,Independent schools,Not applicable,Oxfordshire,Abingdon,OX14 3PS,Has a sixth form,Mixed,Selective
123300,Radley College,Other independent school,Independent schools,Not applicable,Oxfordshire,,OX14 2HR,Has a sixth form,Boys,Selective
123303,Cranford School,Other independent school,Independent schools,Not applicable,Oxfordshire,Wallingford,OX10 9HT,Has a sixth form,Mixed,Non-selective
123310,Oxford High School GDST,Other independent school,Independent schools,Not applicable,Oxfordshire,Oxford,OX2 6XA,Has a sixth form,Girls,Not applicable
123311,Magdalen College School,Other independent school,Independent schools,Not applicable,Oxfordshire,Oxford,OX4 1DZ,Has a sixth form,Mixed,Not applicable
123312,Abingdon School,Other independent school,Independent schools,Not applicable,Oxfordshire,Abingdon,OX14 1DE,Has a sixth form,Mixed,Not applicable
123313,St Helen and St Katharine,Other independent school,Independent schools,Not applicable,Oxfordshire,Abingdon,OX14 1BE,Has a sixth form,Girls,Selective
123318,d'Overbroeck's,Other independent school,Independent schools,Not applicable,Oxfordshire,Oxford,OX2 7PL,Has a sixth form,Mixed,Selective
123331,Swalcliffe Park School CIO,Non-maintained special school,Special schools,Not applicable,Oxfordshire,Banbury,OX15 5EP,Has a sixth form,Boys,Not applicable
123599,Bedstone College,Other independent school,Independent schools,Not applicable,Shropshire,,SY7 0BG,Has a sixth form,Mixed,Non-selective
123600,Ellesmere College,Other independent school,Independent schools,Not applicable,Shropshire,Ellesmere,SY12 9AB,Has a sixth form,Mixed,Non-selective
123602,Adcote School for Girls,Other independent school,Independent schools,Not applicable,Shropshire,Shrewsbury,SY4 2JY,Has a sixth form,Girls,Non-selective
123604,Moreton Hall School,Other independent school,Independent schools,Not applicable,Shropshire,Oswestry,SY11 3EW,Has a sixth form,Mixed,Not applicable
123608,Shrewsbury School,Other independent school,Independent schools,Not applicable,Shropshire,Shrewsbury,SY3 7BA,Has a sixth form,Mixed,Not applicable
123610,Wrekin College,Other independent school,Independent schools,Not applicable,Telford and Wrekin,Telford,TF1 3BH,Has a sixth form,Mixed,Selective
123613,Oswestry School,Other independent school,Independent schools,Not applicable,Shropshire,Oswestry,SY11 2TL,Has a sixth form,Mixed,Non-selective
123620,Shrewsbury High School,Other independent school,Independent schools,Not applicable,Shropshire,,SY1 1TN,Has a sixth form,Mixed,Selective
123623,Concord College,Other independent school,Independent schools,Not applicable,Shropshire,Shrewsbury,SY5 7PF,Has a sixth form,Mixed,Not applicable
123627,Thomas Telford School,City technology college,Independent schools,Not applicable,Telford and Wrekin,Telford,TF3 4NW,Has a sixth form,Mixed,Non-selective
123893,Wadham School,Voluntary controlled school,Local authority maintained schools,Secondary,Somerset,Crewkerne,TA18 7NT,Does not have a sixth form,Mixed,Non-selective
123905,King's Bruton,Other independent school,Independent schools,Not applicable,Somerset,Bruton,BA10 0ED,Has a sixth form,Mixed,Non-selective
123910,Downside School,Other independent school,Independent schools,Not applicable,Somerset,Radstock,BA3 4RJ,Has a sixth form,Mixed,Not applicable
123911,Millfield School,Other independent school,Independent schools,Not applicable,Somerset,Street,BA16 0YD,Has a sixth form,Mixed,Selective
123912,King's College Taunton,Other independent school,Independent schools,Not applicable,Somerset,Taunton,TA1 3LA,Has a sixth form,Mixed,Not applicable
123913,Queen's College,Other independent school,Independent schools,Not applicable,Somerset,Taunton,TA1 4QS,Has a sixth form,Mixed,Not applicable
123914,Taunton School,Other independent school,Independent schools,Not applicable,Somerset,Taunton,TA2 6AD,Has a sixth form,Mixed,Not applicable
123916,Wells Cathedral School,Other independent school,Independent schools,Not applicable,Somerset,Wells,BA5 2ST,Has a sixth form,Mixed,Non-selective
123930,Wellington School,Other independent school,Independent schools,Not applicable,Somerset,Wellington,TA21 8NT,Has a sixth form,Mixed,Selective
124392,Paget High School,Community school,Local authority maintained schools,Secondary,Staffordshire,Burton-on-Trent,DE14 3DR,Has a sixth form,Mixed,Non-selective
124395,Norton Canes High School,Community school,Local authority maintained schools,Secondary,Staffordshire,Cannock,WS11 9SP,Has a sixth form,Mixed,Non-selective
124400,Codsall Community High School,Community school,Local authority maintained schools,Secondary,Staffordshire,Wolverhampton,WV8 1PQ,Has a sixth form,Mixed,Non-selective
124408,King Edward VI School,Community school,Local authority maintained schools,Secondary,Staffordshire,Lichfield,WS14 9EE,Has a sixth form,Mixed,Non-selective
124449,Abbot Beyne School,Voluntary controlled school,Local authority maintained schools,Secondary,Staffordshire,Burton-on-Trent,DE15 0JL,Has a sixth form,Mixed,Non-selective
124471,St. Dominic's Grammar School,Other independent school,Independent schools,Not applicable,Staffordshire,Stafford,ST19 9BA,Has a sixth form,Mixed,Selective
124473,Denstone College,Other independent school,Independent schools,Not applicable,Staffordshire,Uttoxeter,ST14 5HN,Has a sixth form,Mixed,Not applicable
124474,Lichfield Cathedral School,Other independent school,Independent schools,Not applicable,Staffordshire,Lichfield,WS13 7LH,Has a sixth form,Mixed,Non-selective
124486,Chase Grammar School,Other independent school,Independent schools,Not applicable,Staffordshire,Cannock,WS11 0UR,Has a sixth form,Mixed,Non-selective
124487,Newcastle-under-Lyme School,Other independent school,Independent schools,Not applicable,Staffordshire,Newcastle-under-Lyme,ST5 1DB,Has a sixth form,Mixed,Not applicable
124489,Stafford Grammar School,Other independent school,Independent schools,Not applicable,Staffordshire,,ST18 9AT,Has a sixth form,Mixed,Selective
124802,Thurston Community College,Community school,Local authority maintained schools,Secondary,Suffolk,Bury St Edmunds,IP31 3PB,Has a sixth form,Mixed,Non-selective
124840,Northgate High School,Community school,Local authority maintained schools,Secondary,Suffolk,Ipswich,IP4 3DL,Has a sixth form,Mixed,Non-selective
124865,Stoke College,Other independent school,Independent schools,Not applicable,Suffolk,Sudbury,CO10 8JE,Has a sixth form,Mixed,Non-selective
124868,Saint Felix School,Other independent school,Independent schools,Not applicable,Suffolk,Southwold,IP18 6SD,Has a sixth form,Mixed,Non-selective
124881,Ipswich School,Other independent school,Independent schools,Not applicable,Suffolk,Ipswich,IP1 3SG,Has a sixth form,Mixed,Selective
124883,St Joseph's College,Other independent school,Independent schools,Not applicable,Suffolk,Ipswich,IP2 9DR,Has a sixth form,Mixed,Selective
124884,Framlingham College,Other independent school,Independent schools,Not applicable,Suffolk,Woodbridge,IP13 9EY,Has a sixth form,Mixed,Not applicable
124886,Culford School,Other independent school,Independent schools,Not applicable,Suffolk,Bury St. Edmunds,IP28 6TX,Has a sixth form,Mixed,Not applicable
124887,Woodbridge School,Other independent school,Independent schools,Not applicable,Suffolk,Woodbridge,IP12 4JH,Has a sixth form,Mixed,Not applicable
124888,Ipswich High School,Other independent school,Independent schools,Not applicable,Suffolk,,IP9 1AZ,Has a sixth form,Mixed,Not applicable
124889,Royal Hospital School,Other independent school,Independent schools,Not applicable,Suffolk,Ipswich,IP9 2RX,Has a sixth form,Mixed,Not applicable
124892,Finborough School,Other independent school,Independent schools,Not applicable,Suffolk,Stowmarket,IP14 3EF,Has a sixth form,Mixed,Not applicable
124899,Felixstowe International College,Other independent school,Independent schools,Not applicable,Suffolk,Felixstowe,IP11 7NA,Has a sixth form,Mixed,Not applicable
125275,St Andrew's Catholic School,Voluntary aided school,Local authority maintained schools,Secondary,Surrey,Leatherhead,KT22 7JP,Has a sixth form,Mixed,Non-selective
125278,St Bede's School,Voluntary aided school,Local authority maintained schools,Secondary,Surrey,Redhill,RH1 2LQ,Has a sixth form,Mixed,Non-selective
125279,Royal Alexandra and Albert School,Voluntary aided school,Local authority maintained schools,All-through,Surrey,Reigate,RH2 0TD,Has a sixth form,Mixed,Non-selective
125315,All Hallows Catholic School,Voluntary aided school,Local authority maintained schools,Secondary,Surrey,Farnham,GU9 9HF,Has a sixth form,Mixed,Non-selective
125320,St Catherine's School,Other independent school,Independent schools,Not applicable,Surrey,Guildford,GU5 0DF,Has a sixth form,Girls,Selective
125321,Reed's School,Other independent school,Independent schools,Not applicable,Surrey,Cobham,KT11 2ES,Has a sixth form,Mixed,Not applicable
125322,Prior's Field School,Other independent school,Independent schools,Not applicable,Surrey,Godalming,GU7 2RH,Has a sixth form,Girls,Selective
125323,Cranleigh School,Other independent school,Independent schools,Not applicable,Surrey,Cranleigh,GU6 8QQ,Has a sixth form,Mixed,Not applicable
125332,Epsom College,Other independent school,Independent schools,Not applicable,Surrey,Epsom,KT17 4JQ,Has a sixth form,Mixed,Not applicable
125334,Claremont Fan Court School,Other independent school,Independent schools,Not applicable,Surrey,,KT10 9LY,Has a sixth form,Mixed,Not applicable
125338,Frensham Heights School,Other independent school,Independent schools,Not applicable,Surrey,Farnham,GU10 4EA,Has a sixth form,Mixed,Not applicable
125340,Charterhouse,Other independent school,Independent schools,Not applicable,Surrey,Godalming,GU7 2DX,Has a sixth form,Mixed,Selective
125342,Guildford High School,Other independent school,Independent schools,Not applicable,Surrey,Guildford,GU1 1SJ,Has a sixth form,Girls,Selective
125345,Tormead School,Other independent school,Independent schools,Not applicable,Surrey,Guildford,GU1 2JD,Has a sixth form,Girls,Selective
125348,The Royal School,Other independent school,Independent schools,Not applicable,Surrey,Haslemere,GU27 1HQ,Has a sixth form,Mixed,Non-selective
125349,City of London Freemen's School,Other independent school,Independent schools,Not applicable,Surrey,Surrey,KT21 1ET,Has a sixth form,Mixed,Not applicable
125353,St John's School,Other independent school,Independent schools,Not applicable,Surrey,Leatherhead,KT22 8SP,Has a sixth form,Mixed,Selective
125356,Dunottar School,Other independent school,Independent schools,Not applicable,Surrey,Reigate,RH2 7EL,Has a sixth form,Mixed,Non-selective
125361,St George's College Weybridge,Other independent school,Independent schools,Not applicable,Surrey,Addlestone,KT15 2QS,Has a sixth form,Mixed,Selective
125365,King Edward's School Witley,Other independent school,Independent schools,Not applicable,Surrey,Godalming,GU8 5SG,Has a sixth form,Mixed,Not applicable
125369,Woldingham School,Other independent school,Independent schools,Not applicable,Surrey,Caterham,CR3 7YA,Has a sixth form,Girls,Not applicable
125375,Notre Dame School,Other independent school,Independent schools,Not applicable,Surrey,,KT11 1HA,Has a sixth form,Girls,Selective
125380,Ewell Castle School,Other independent school,Independent schools,Not applicable,Surrey,Epsom,KT17 2AW,Has a sixth form,Mixed,Not applicable
125387,Lingfield College,Other independent school,Independent schools,Not applicable,Surrey,Lingfield,RH7 6PH,Has a sixth form,Mixed,Selective
125388,RGS Surrey Hills,Other independent school,Independent schools,Not applicable,Surrey,Dorking,RH5 6EA,Has a sixth form,Mixed,Non-selective
125402,St Teresa's School,Other independent school,Independent schools,Not applicable,Surrey,Dorking,RH5 6ST,Has a sixth form,Girls,Not applicable
125403,More House School,Other independent special school,Special schools,Not applicable,Surrey,Farnham,GU10 3AP,Has a sixth form,Boys,
125411,Halliford School,Other independent school,Independent schools,Not applicable,Surrey,Shepperton,TW17 9HX,Has a sixth form,Boys,Not applicable
125422,Reigate Grammar School,Other independent school,Independent schools,Not applicable,Surrey,Reigate,RH2 0QS,Has a sixth form,Mixed,Not applicable
125424,Royal Grammar School Guildford,Other independent school,Independent schools,Not applicable,Surrey,,GU1 3BB,Has a sixth form,Boys,Selective
125425,Sir William Perkins's School,Other independent school,Independent schools,Not applicable,Surrey,,KT16 9BN,Has a sixth form,Mixed,Selective
125427,Caterham School,Other independent school,Independent schools,Not applicable,Surrey,Caterham,CR3 6YA,Has a sixth form,Mixed,Selective
125428,The Yehudi Menuhin School,Other independent school,Independent schools,Not applicable,Surrey,Cobham,KT11 3QQ,Has a sixth form,Mixed,Not applicable
125442,Hurtwood House School,Other independent school,Independent schools,Not applicable,Surrey,Dorking,RH5 6NU,Has a sixth form,Mixed,Non-selective
125774,Arnold Lodge School,Other independent school,Independent schools,Not applicable,Warwickshire,Leamington Spa,CV32 5TW,Has a sixth form,Mixed,
125775,The Kingsley School,Other independent school,Independent schools,Not applicable,Warwickshire,Leamington Spa,CV32 5RD,Has a sixth form,Mixed,Selective
125777,Rugby School,Other independent school,Independent schools,Not applicable,Warwickshire,Rugby,CV21 3AW,Has a sixth form,Mixed,Selective
125781,Warwick School,Other independent school,Independent schools,Not applicable,Warwickshire,Warwick,CV34 6PP,Has a sixth form,Boys,Selective
125787,Princethorpe College,Other independent school,Independent schools,Not applicable,Warwickshire,Rugby,CV23 9PX,Has a sixth form,Mixed,Not applicable
125788,King's High School,Other independent school,Independent schools,Not applicable,Warwickshire,Warwickshire,CV34 6YE,Has a sixth form,Girls,Selective
126068,"Weald School, The",Community school,Local authority maintained schools,Secondary,West Sussex,Billingshurst,RH14 9RY,Has a sixth form,Mixed,Non-selective
126071,Ifield Community College,Community school,Local authority maintained schools,Secondary,West Sussex,Crawley,RH11 0DB,Has a sixth form,Mixed,Non-selective
126080,Felpham Community College,Community school,Local authority maintained schools,Secondary,West Sussex,Bognor Regis,PO22 8EL,Has a sixth form,Mixed,Non-selective
126081,The Angmering School,Community school,Local authority maintained schools,Secondary,West Sussex,Littlehampton,BN16 4HH,Has a sixth form,Mixed,Non-selective
126088,Imberhorne School,Community school,Local authority maintained schools,Secondary,West Sussex,East Grinstead,RH19 1QY,Has a sixth form,Mixed,Non-selective
126089,Sackville School,Community school,Local authority maintained schools,Secondary,West Sussex,East Grinstead,RH19 3TY,Has a sixth form,Mixed,Non-selective
126095,"St Wilfrid's Catholic Comprehensive School, Crawley",Voluntary aided school,Local authority maintained schools,Secondary,West Sussex,Crawley,RH11 8PG,Has a sixth form,Mixed,Non-selective
126096,St Oscar Romero Catholic School,Voluntary aided school,Local authority maintained schools,Secondary,West Sussex,Worthing,BN12 5AF,Has a sixth form,Mixed,Non-selective
126098,"Holy Trinity CofE Secondary School, Crawley",Voluntary aided school,Local authority maintained schools,Secondary,West Sussex,Crawley,RH11 8JE,Has a sixth form,Mixed,Non-selective
126107,Christ's Hospital,Other independent school,Independent schools,Not applicable,West Sussex,Horsham,RH13 0LJ,Has a sixth form,Mixed,Selective
126108,Lancing College,Other independent school,Independent schools,Not applicable,West Sussex,Lancing,BN15 0RW,Has a sixth form,Mixed,Not applicable
126110,Seaford College,Other independent school,Independent schools,Not applicable,West Sussex,,GU28 0NB,Has a sixth form,Mixed,Non-selective
126115,Our Lady of Sion School,Other independent school,Independent schools,Not applicable,West Sussex,West Sussex,BN11 4BL,Has a sixth form,Mixed,Not applicable
126126,Farlington School,Other independent school,Independent schools,Not applicable,West Sussex,Horsham,RH12 3PN,Has a sixth form,Mixed,Selective
126133,Ardingly College,Other independent school,Independent schools,Not applicable,West Sussex,Haywards Heath,RH17 6SQ,Has a sixth form,Mixed,Not applicable
126134,Burgess Hill Girls,Other independent school,Independent schools,Not applicable,West Sussex,Burgess Hill,RH15 0EG,Has a sixth form,Girls,Not applicable
126136,Hurstpierpoint College,Other independent school,Independent schools,Not applicable,West Sussex,Hassocks,BN6 9JS,Has a sixth form,Mixed,Selective
126137,Worth School,Other independent school,Independent schools,Not applicable,West Sussex,Crawley,RH10 4SD,Has a sixth form,Mixed,Not applicable
126510,Matravers School,Foundation school,Local authority maintained schools,Secondary,Wiltshire,Westbury,BA13 3QH,Has a sixth form,Mixed,Non-selective
126512,Stonar School,Other independent school,Independent schools,Not applicable,Wiltshire,Wiltshire,SN12 8NT,Has a sixth form,Mixed,Non-selective
126513,St Marys Calne and St Margarets Prep,Other independent school,Independent schools,Not applicable,Wiltshire,Calne,SN11 0DF,Has a sixth form,Mixed,Not applicable
126516,Marlborough College,Other independent school,Independent schools,Not applicable,Wiltshire,Wiltshire,SN8 1PA,Has a sixth form,Mixed,Not applicable
126519,Chafyn-Godolphin,Other independent school,Independent schools,Not applicable,Wiltshire,,SP1 2RA,Has a sixth form,Mixed,Not applicable
126522,Warminster School,Other independent school,Independent schools,Not applicable,Wiltshire,Warminster,BA12 8PJ,Has a sixth form,Mixed,Non-selective
126532,Dauntsey's School,Other independent school,Independent schools,Not applicable,Wiltshire,Devizes,SN10 4HE,Has a sixth form,Mixed,Selective
129342,Grace Academy Solihull,Academy sponsor led,Academies,Secondary,Solihull,Birmingham,B37 5JS,Has a sixth form,Mixed,Non-selective
130247,John Madejski Academy,Academy sponsor led,Academies,Secondary,Reading,Reading,RG2 8AF,Has a sixth form,Mixed,Non-selective
130403,WM College,Further education,Colleges,16 plus,Camden,London,NW1 1TR,Not applicable,Mixed,Not applicable
130408,"Ealing, Hammersmith and West London College",Further education,Colleges,16 plus,Hammersmith and Fulham,London,W14 9BL,Not applicable,Mixed,Not applicable
130411,St Charles Catholic Sixth Form College,Further education,Colleges,16 plus,Kensington and Chelsea,London,W10 6EY,Not applicable,Mixed,Not applicable
130412,Morley College London,Further education,Colleges,16 plus,Lambeth,London,SE1 7HT,Not applicable,Mixed,Not applicable
130413,South Bank Colleges,Further education,Colleges,16 plus,Lambeth,London,SW4 9BL,Not applicable,Mixed,Not applicable
130416,Christ The King Sixth Form College,Further education,Colleges,16 plus,Lewisham,London,SE13 5GE,Not applicable,Mixed,Not applicable
130418,New City College,Further education,Colleges,16 plus,Tower Hamlets,London,E14 0AF,Not applicable,Mixed,Not applicable
130421,Capital City College,Further education,Colleges,16 plus,Camden,London,WC1X 8RA,Not applicable,Mixed,Not applicable
130422,St Francis Xavier Sixth Form College,Further education,Colleges,16 plus,Wandsworth,London,SW12 8EN,Not applicable,Mixed,Not applicable
130423,United Colleges Group,Further education,Colleges,16 plus,Westminster,London,W2 1NB,Not applicable,Mixed,Not applicable
130424,Barking and Dagenham College,Further education,Colleges,16 plus,Barking and Dagenham,Romford,RM7 0XU,Not applicable,Mixed,Not applicable
130425,Barnet and Southgate College,Further education,Colleges,16 plus,Barnet,Barnet,EN5 4AZ,Not applicable,Mixed,Not applicable
130430,London South East Colleges,Further education,Colleges,16 plus,Bromley,Bromley,BR2 8HE,Not applicable,Mixed,Not applicable
130432,Croydon College,Further education,Colleges,16 plus,Croydon,Croydon,CR9 1DX,Not applicable,Mixed,Not applicable
130440,Stanmore College,Further education,Colleges,16 plus,Harrow,Stanmore,HA7 4BQ,Not applicable,Mixed,Not applicable
130443,St Dominic's Sixth Form College,Further education,Colleges,16 plus,Harrow,Middlesex,HA1 3HX,Not applicable,Mixed,Not applicable
130446,"HRUC (Harrow, Richmond & Uxbridge Colleges)",Further education,Colleges,16 plus,Hillingdon,Uxbridge,UB8 1NQ,Not applicable,Mixed,Not applicable
130447,West Thames College,Further education,Colleges,16 plus,Hounslow,Isleworth,TW7 4HS,Not applicable,Mixed,Not applicable
130448,South Thames Colleges Group,Further education,Colleges,16 plus,Kingston upon Thames,Kingston upon Thames,KT1 2AQ,Not applicable,Mixed,Not applicable
130451,Newham College of Further Education,Further education,Colleges,16 plus,Newham,London,E6 6ER,Not applicable,Mixed,Not applicable
130452,Newham Sixth Form College,Further education,Colleges,16 plus,Newham,London,E13 8SG,Has a sixth form,Mixed,Not applicable
130456,Waltham Forest College,Further education,Colleges,16 plus,Waltham Forest,London,E17 4JB,Not applicable,Mixed,Not applicable
130457,Leyton Sixth Form College,Further education,Colleges,16 plus,Waltham Forest,London,E10 6EQ,Not applicable,Mixed,Not applicable
130458,Sir George Monoux College,Further education,Colleges,16 plus,Waltham Forest,London,E17 5AA,Has a sixth form,Mixed,Not applicable
130461,South and City College Birmingham,Further education,Colleges,16 plus,Birmingham,Birmingham,B5 5SU,Not applicable,Mixed,Not applicable
130466,Birmingham Metropolitan College,Further education,Colleges,16 plus,Birmingham,Birmingham,B4 7PS,Not applicable,Mixed,Not applicable
130468,Joseph Chamberlain Sixth Form College,Further education,Colleges,16 plus,Birmingham,Birmingham,B12 9FF,Not applicable,Mixed,Not applicable
130472,Coventry College,Further education,Colleges,16 plus,Coventry,Coventry,CV1 5DG,Not applicable,Mixed,Not applicable
130475,Dudley College of Technology,Further education,Colleges,16 plus,Dudley,Dudley,DY1 4AS,Not applicable,Mixed,Not applicable
130476,Halesowen College,Further education,Colleges,16 plus,Dudley,Halesowen,B63 3NA,Not applicable,Mixed,Not applicable
130479,Sandwell College,Further education,Colleges,16 plus,Sandwell,West Bromwich,B70 6AW,Not applicable,Mixed,Not applicable
130481,Solihull College & University Centre,Further education,Colleges,16 plus,Solihull,Solihull,B91 1SB,Not applicable,Mixed,Not applicable
130483,Walsall College,Further education,Colleges,16 plus,Walsall,Walsall,WS2 8ES,Not applicable,Mixed,Not applicable
130484,City of Wolverhampton College,Further education,Colleges,16 plus,Wolverhampton,"Bilston, Wolverhampton",WV14 6BT,Not applicable,Mixed,Not applicable
130487,The City of Liverpool College,Further education,Colleges,16 plus,Liverpool,Liverpool,L3 5TP,Not applicable,Mixed,Not applicable
130489,Carmel College,Further education,Colleges,16 plus,St. Helens,St Helens,WA10 3AG,Not applicable,Mixed,Not applicable
130490,Hugh Baird College,Further education,Colleges,16 plus,Sefton,Bootle,L20 7EW,Not applicable,Mixed,Not applicable
130491,Southport Education Group,Further education,Colleges,16 plus,Sefton,Southport,PR9 0TT,Not applicable,Mixed,Not applicable
130495,Bolton College,Further education,Colleges,16 plus,Bolton,Bolton,BL3 5BG,Not applicable,Mixed,Not applicable
130498,Bury College,Further education,Colleges,16 plus,Bury,Bury,BL9 0BG,Not applicable,Mixed,Not applicable
130499,Holy Cross College,Further education,Colleges,16 plus,Bury,Bury,BL9 9BB,Not applicable,Mixed,Not applicable
130503,Loreto College,Further education,Colleges,16 plus,Manchester,Manchester,M15 5PB,Not applicable,Mixed,Not applicable
130504,Xaverian College,Further education,Colleges,16 plus,Manchester,Manchester,M14 5RB,Not applicable,Mixed,Not applicable
130509,Salford City College,Further education,Colleges,16 plus,Salford,Salford,M6 7FR,Not applicable,Mixed,Not applicable
130514,Aquinas College,Further education,Colleges,16 plus,Stockport,Stockport,SK2 6TH,Not applicable,Mixed,Not applicable
130516,Tameside College,Further education,Colleges,16 plus,Tameside,Ashton-under-Lyne,OL6 6NX,Not applicable,Mixed,Not applicable
130519,The Trafford and Stockport College Group,Further education,Colleges,16 plus,Trafford,Altrincham,WA14 5PQ,Not applicable,Mixed,Not applicable
130521,Wigan and Leigh College,Further education,Colleges,16 plus,Wigan,Wigan,WN1 1RS,Not applicable,Mixed,Not applicable
130522,Winstanley College,Further education,Colleges,16 plus,Wigan,Wigan,WN5 7XF,Has a sixth form,Mixed,Not applicable
130523,St John Rigby RC Sixth Form College,Further education,Colleges,16 plus,Wigan,Wigan,WN5 0LJ,Not applicable,Mixed,Not applicable
130524,Barnsley College,Further education,Colleges,16 plus,Barnsley,Barnsley,S70 2YW,Not applicable,Mixed,Not applicable
130531,The Sheffield College,Further education,Colleges,16 plus,Sheffield,Sheffield,S2 2RL,Not applicable,Mixed,Not applicable
130532,Bradford College,Further education,Colleges,16 plus,Bradford,Bradford,BD7 1AY,Not applicable,Mixed,Not applicable
130534,Shipley College,Further education,Colleges,16 plus,Bradford,Leeds,BD18 3JW,Not applicable,Mixed,Not applicable
130538,Greenhead College,Further education,Colleges,16 plus,Kirklees,Huddersfield,HD1 4ES,Not applicable,Mixed,Not applicable
130539,Huddersfield New College,Further education,Colleges,16 plus,Kirklees,Huddersfield,HD3 4GL,Not applicable,Mixed,Not applicable
130542,Leeds College of Building,Further education,Colleges,16 plus,Leeds,Leeds,LS2 7QT,Not applicable,Mixed,Not applicable
130548,Notre Dame Catholic Sixth Form College,Further education,Colleges,16 plus,Leeds,Leeds,LS2 9BL,Not applicable,Mixed,Not applicable
130549,Heart of Yorkshire Education Group,Further education,Colleges,16 plus,Wakefield,Wakefield,WF1 2DH,Not applicable,Mixed,Not applicable
130551,Gateshead College,Further education,Colleges,16 plus,Gateshead,Gateshead,NE8 3BE,Not applicable,Mixed,Not applicable
130552,NCG,Further education,Colleges,16 plus,Newcastle upon Tyne,Newcastle-upon-Tyne,NE4 7SA,Not applicable,Mixed,Not applicable
130555,Tyne Coast College,Further education,Colleges,16 plus,South Tyneside,South Shields,NE34 6ET,Not applicable,Mixed,Not applicable
130563,St Brendan's Sixth Form College,Further education,Colleges,16 plus,"Bristol, City of",Bristol,BS4 5RQ,Not applicable,Mixed,Not applicable
130564,Weston College,Further education,Colleges,16 plus,North Somerset,Weston-Super-Mare,BS23 2AL,Not applicable,Mixed,Not applicable
130570,Middlesbrough College,Further education,Colleges,16 plus,Middlesbrough,Middlesbrough,TS2 1AD,Not applicable,Mixed,Not applicable
130571,The Northern School of Art,Further education,Colleges,16 plus,Middlesbrough,Middlesbrough,TS1 1LA,Not applicable,Mixed,Not applicable
130576,The Education Training Collective,Further education,Colleges,16 plus,Stockton-on-Tees,Stockton-on-Tees,TS17 6FB,Not applicable,Mixed,Not applicable
130579,Hull College,Further education,Colleges,16 plus,"Kingston upon Hull, City of",Kingston-upon-Hull,HU1 3DG,Not applicable,Mixed,Not applicable
130580,Wilberforce College,Further education,Colleges,16 plus,"Kingston upon Hull, City of",Kingston-upon-Hull,HU8 9HD,Not applicable,Mixed,Not applicable
130581,Wyke Sixth Form College,Further education,Colleges,16 plus,"Kingston upon Hull, City of",Hull,HU5 4NT,Not applicable,Mixed,Not applicable
130584,Bishop Burton College,Further education,Colleges,16 plus,East Riding of Yorkshire,Beverley,HU17 8QG,Not applicable,Mixed,Not applicable
130585,TEC Partnership,Further education,Colleges,16 plus,North East Lincolnshire,Grimsby,DN34 5BQ,Not applicable,Mixed,Not applicable
130586,Franklin College,Further education,Colleges,16 plus,North East Lincolnshire,Grimsby,DN34 5BY,Not applicable,Mixed,Not applicable
130588,John Leggott Sixth Form College,Further education,Colleges,16 plus,North Lincolnshire,Scunthorpe,DN17 1DS,Not applicable,Mixed,Not applicable
130591,Craven College,Further education,Colleges,16 plus,North Yorkshire,Skipton,BD23 1US,Not applicable,Mixed,Not applicable
130593,Scarborough Sixth Form College,Further education,Colleges,16 plus,North Yorkshire,Scarborough,YO12 5LF,Not applicable,Mixed,Not applicable
130594,York College,Further education,Colleges,16 plus,York,York,YO23 2BB,Not applicable,Mixed,Not applicable
130597,Bedford College,Further education,Colleges,16 plus,Bedford,Bedford,MK42 9AH,Not applicable,Mixed,Not applicable
130600,Luton Sixth Form College,Further education,Colleges,16 plus,Luton,Luton,LU2 7EW,Not applicable,Mixed,Not applicable
130602,Newbury College,Further education,Colleges,16 plus,West Berkshire,Newbury,RG14 7TD,Not applicable,Mixed,Not applicable
130604,Windsor Forest Colleges Group,Further education,Colleges,16 plus,Slough,Slough,SL3 8BY,Not applicable,Mixed,Not applicable
130607,Buckinghamshire College Group,Further education,Colleges,16 plus,Buckinghamshire,Aylesbury,HP21 8PD,Not applicable,Mixed,Not applicable
130609,Milton Keynes College,Further education,Colleges,16 plus,Milton Keynes,Milton Keynes,MK6 5LP,Not applicable,Mixed,Not applicable
130610,Cambridge Regional College,Further education,Colleges,16 plus,Cambridgeshire,Cambridge,CB4 2QT,Not applicable,Mixed,Not applicable
130613,Inspire Education Group,Further education,Colleges,16 plus,Peterborough,Peterborough,PE1 4DZ,Not applicable,Mixed,Not applicable
130615,Hills Road Sixth Form College,Further education,Colleges,16 plus,Cambridgeshire,Cambridge,CB2 8PE,Not applicable,Mixed,Not applicable
130619,Cheshire College - South & West,Further education,Colleges,16 plus,Cheshire East,Crewe,CW2 8AB,Not applicable,Mixed,Not applicable
130621,Macclesfield College,Further education,Colleges,16 plus,Cheshire East,Macclesfield,SK11 8LF,Not applicable,Mixed,Not applicable
130622,Riverside College Halton,Further education,Colleges,16 plus,Halton,Widnes,WA8 7QQ,Not applicable,Mixed,Not applicable
130623,Reaseheath College,Further education,Colleges,16 plus,Cheshire East,Nantwich,CW5 6DF,Not applicable,Mixed,Not applicable
130629,Truro and Penwith College,Further education,Colleges,16 plus,Cornwall,Truro,TR1 3XX,Not applicable,Mixed,Not applicable
130631,Kendal College,Further education,Colleges,16 plus,Westmorland and Furness,Kendal,LA9 5AY,Not applicable,Mixed,Not applicable
130633,Furness College,Further education,Colleges,16 plus,Westmorland and Furness,Barrow-in-Furness,LA14 2PJ,Not applicable,Mixed,Not applicable
130638,Chesterfield College,Further education,Colleges,16 plus,Derbyshire,Chesterfield,S41 7NG,Not applicable,Mixed,Not applicable
130645,Exeter and North Devon Colleges Group,Further education,Colleges,16 plus,Devon,Exeter,EX4 4JS,Not applicable,Mixed,Not applicable
130646,Petroc,Further education,Colleges,16 plus,Devon,Barnstaple,EX31 2BQ,Not applicable,Mixed,Not applicable
130648,South Devon College,Further education,Colleges,16 plus,Torbay,Paignton,TQ4 7EJ,Not applicable,Mixed,Not applicable
130652,The Bournemouth and Poole College,Further education,Colleges,16 plus,"Bournemouth, Christchurch and Poole",Poole,BH14 0LS,Not applicable,Mixed,Not applicable
130653,Coastland College,Further education,Colleges,16 plus,Dorset,Weymouth,DT4 7LQ,Not applicable,Mixed,Not applicable
130656,Darlington College,Further education,Colleges,16 plus,Darlington,Darlington,DL1 1DR,Not applicable,Mixed,Not applicable
130659,New College Durham,Further education,Colleges,16 plus,County Durham,Durham,DH1 5ES,Has a sixth form,Mixed,Not applicable
130665,East Sussex College Group,Further education,Colleges,16 plus,East Sussex,Eastbourne,BN21 2UF,Has a sixth form,Mixed,Not applicable
130668,Varndean College,Further education,Colleges,16 plus,Brighton and Hove,Brighton,BN1 6WQ,Not applicable,Mixed,Not applicable
130669,Brighton Hove and Sussex Sixth Form College,Further education,Colleges,16 plus,Brighton and Hove,Hove,BN3 6EG,Not applicable,Mixed,Not applicable
130670,Bexhill College,Further education,Colleges,16 plus,East Sussex,Bexhill-on-Sea,TN40 2JG,Not applicable,Mixed,Not applicable
130672,South Essex College of Further and Higher Education,Further education,Colleges,16 plus,Southend-on-Sea,Southend-on-Sea,SS1 1ND,Not applicable,Mixed,Not applicable
130674,Colchester Institute,Further education,Colleges,16 plus,Essex,Colchester,CO3 3LL,Not applicable,Mixed,Not applicable
130676,Harlow College,Further education,Colleges,16 plus,Essex,Harlow,CM20 3LH,Not applicable,Mixed,Not applicable
130681,USP College,Further education,Colleges,16 plus,Essex,Benfleet,SS7 1TW,Not applicable,Mixed,Not applicable
130683,Gloucestershire College,Further education,Colleges,16 plus,Gloucestershire,Gloucester,GL2 5JQ,Not applicable,Mixed,Not applicable
130686,Cirencester College,Further education,Colleges,16 plus,Gloucestershire,Cirencester,GL7 1XA,Has a sixth form,Mixed,Not applicable
130689,Farnborough College of Technology,Further education,Colleges,16 plus,Hampshire,Farnborough,GU14 6SB,Not applicable,Mixed,Not applicable
130690,Brockenhurst College,Further education,Colleges,16 plus,Hampshire,Brockenhurst,SO42 7ZE,Not applicable,Mixed,Not applicable
130693,South Hampshire College Group,Further education,Colleges,16 plus,Hampshire,Fareham,PO14 1NH,Not applicable,Mixed,Not applicable
130694,Cricklade College,Further education,Colleges,16 plus,Hampshire,Andover,SP10 1EJ,Not applicable,Mixed,Not applicable
130695,Havant and South Downs College,Further education,Colleges,16 plus,Hampshire,Waterlooville,PO7 8AA,Not applicable,Mixed,Not applicable
130697,City of Portsmouth College,Further education,Colleges,16 plus,Portsmouth,Portsmouth,PO6 2SA,Not applicable,Mixed,Not applicable
130698,Sparsholt College Hampshire,Further education,Colleges,16 plus,Hampshire,Winchester,SO21 2NF,Not applicable,Mixed,Not applicable
130701,Barton Peveril Sixth Form College,Further education,Colleges,16 plus,Hampshire,Eastleigh,SO50 5ZA,Not applicable,Mixed,Not applicable
130702,Havant College,Further education,Colleges,16 plus,Hampshire,Havant,PO9 1QL,Not applicable,Mixed,Not applicable
130704,Itchen College,Further education,Colleges,16 plus,Southampton,Southampton,SO19 7TB,Not applicable,Mixed,Not applicable
130708,Peter Symonds College,Further education,Colleges,16 plus,Hampshire,Winchester,SO22 6RX,Not applicable,Mixed,Not applicable
130710,"Herefordshire, Ludlow and North Shropshire College",Further education,Colleges,16 plus,"Herefordshire, County of",Hereford,HR1 1LS,Not applicable,Mixed,Not applicable
130713,Heart of Worcestershire College,Further education,Colleges,16 plus,Worcestershire,Redditch,B98 8DW,Not applicable,Mixed,Not applicable
130714,Hereford College of Arts,Further education,Colleges,16 plus,"Herefordshire, County of",Hereford,HR1 1LT,Not applicable,Mixed,Not applicable
130720,West Herts College,Further education,Colleges,16 plus,Hertfordshire,Watford,WD17 3EZ,Not applicable,Mixed,Not applicable
130721,North Hertfordshire College,Further education,Colleges,16 plus,Hertfordshire,Stevenage,SG1 1LA,Not applicable,Mixed,Not applicable
130722,Hertford Regional College,Further education,Colleges,16 plus,Hertfordshire,Ware,SG12 9JF,Not applicable,Mixed,Not applicable
130723,Oaklands College,Further education,Colleges,16 plus,Hertfordshire,St Albans,AL4 0JA,Not applicable,Mixed,Not applicable
130726,MidKent College,Further education,Colleges,16 plus,Medway,Gillingham,ME7 1FN,Not applicable,Mixed,Not applicable
130728,EKC Group,Further education,Colleges,16 plus,Kent,Broadstairs,CT10 1PN,Has a sixth form,Mixed,Not applicable
130735,Burnley College,Further education,Colleges,16 plus,Lancashire,Burnley,BB12 0AN,Has a sixth form,Mixed,Not applicable
130736,Blackburn College,Further education,Colleges,16 plus,Blackburn with Darwen,Blackburn,BB2 1LH,Not applicable,Mixed,Not applicable
130738,East Lancashire Learning Group,Further education,Colleges,16 plus,Lancashire,Nelson,BB9 7YT,Not applicable,Mixed,Not applicable
130741,Runshaw College,Further education,Colleges,16 plus,Lancashire,Leyland,PR25 3DQ,Not applicable,Mixed,Not applicable
130743,Myerscough College,Further education,Colleges,16 plus,Lancashire,Preston,PR3 0RY,Not applicable,Mixed,Not applicable
130744,The Blackpool Sixth Form College,Further education,Colleges,16 plus,Blackpool,Blackpool,FY3 7LR,Not applicable,Mixed,Not applicable
130745,Cardinal Newman College,Further education,Colleges,16 plus,Lancashire,Preston,PR1 4HD,Not applicable,Mixed,Not applicable
130748,Loughborough College,Further education,Colleges,16 plus,Leicestershire,Loughborough,LE11 3BT,Not applicable,Mixed,Not applicable
130754,The SMB Group,Further education,Colleges,16 plus,Leicestershire,Coalville,LE67 3TN,Not applicable,Mixed,Not applicable
130756,WQE and Regent College Group,Further education,Colleges,16 plus,Leicester,Leicester,LE1 7RJ,Not applicable,Mixed,Not applicable
130761,Boston College,Further education,Colleges,16 plus,Lincolnshire,Boston,PE21 6JF,Not applicable,Mixed,Not applicable
130762,Lincoln College,Further education,Colleges,16 plus,Lincolnshire,Lincoln,LN2 5HQ,Not applicable,Mixed,Not applicable
130763,The College of West Anglia,Further education,Colleges,16 plus,Norfolk,King's Lynn,PE30 2QW,Not applicable,Mixed,Not applicable
130764,Norwich City College of Further and Higher Education,Further education,Colleges,16 plus,Norfolk,Norwich,NR2 2LJ,Not applicable,Mixed,Not applicable
130769,Northampton College,Further education,Colleges,16 plus,West Northamptonshire,Northampton,NN3 3RF,Not applicable,Mixed,Not applicable
130776,Nottingham College,Further education,Colleges,16 plus,Nottingham,Nottingham,NG1 1NG,Has a sixth form,Mixed,Not applicable
130777,West Nottinghamshire College,Further education,Colleges,16 plus,Nottinghamshire,Mansfield,NG18 5BH,Not applicable,Mixed,Not applicable
130789,The Henley College,Further education,Colleges,16 plus,Oxfordshire,Henley-on-Thames,RG9 1UH,Not applicable,Mixed,Not applicable
130793,Abingdon and Witney College,Further education,Colleges,16 plus,Oxfordshire,Abingdon,OX14 1GG,Not applicable,Mixed,Not applicable
130796,Telford College,Further education,Colleges,16 plus,Telford and Wrekin,Telford,TF1 2NP,Not applicable,Mixed,Not applicable
130800,Shrewsbury College,Further education,Colleges,16 plus,Shropshire,Shrewsbury,SY1 1RX,Not applicable,Mixed,Not applicable
130803,University Centre Somerset College Group,Further education,Colleges,16 plus,Somerset,Bridgwater,TA6 4PZ,Not applicable,Mixed,Not applicable
130805,Yeovil College,Further education,Colleges,16 plus,Somerset,Yeovil,BA21 4DR,Not applicable,Mixed,Not applicable
130806,Strode College,Further education,Colleges,16 plus,Somerset,Street,BA16 0AB,Has a sixth form,Mixed,Not applicable
130812,Newcastle and Stafford Colleges Group,Further education,Colleges,16 plus,Staffordshire,Newcastle-under-Lyme,ST5 2GB,Has a sixth form,Mixed,Not applicable
130819,East Coast College,Further education,Colleges,16 plus,Suffolk,Lowestoft,NR32 2NB,Not applicable,Mixed,Not applicable
130824,East Surrey College,Further education,Colleges,16 plus,Surrey,Redhill,RH1 2JX,Not applicable,Mixed,Not applicable
130835,Warwickshire College Group,Further education,Colleges,16 plus,Warwickshire,Royal Leamington Spa,CV32 5JE,Not applicable,Mixed,Not applicable
130836,North Warwickshire and South Leicestershire College,Further education,Colleges,16 plus,Warwickshire,Nuneaton,CV11 6BH,Not applicable,Mixed,Not applicable
130843,Chichester College Group,Further education,Colleges,16 plus,West Sussex,Chichester,PO19 1SB,Not applicable,Mixed,Not applicable
130847,The College of Richard Collyer In Horsham,Further education,Colleges,16 plus,West Sussex,Horsham,RH12 2EJ,Has a sixth form,Mixed,Not applicable
130851,New College Swindon,Further education,Colleges,16 plus,Swindon,Swindon,SN3 1AH,Not applicable,Mixed,Not applicable
130908,Macmillan Academy,Academy sponsor led,Academies,Secondary,Middlesbrough,Middlesbrough,TS5 4AG,Has a sixth form,Mixed,Non-selective
130912,Paddington Academy,Academy sponsor led,Academies,Secondary,Westminster,London,W9 2DR,Has a sixth form,Mixed,Non-selective
131062,The Excelsior Academy,Academy sponsor led,Academies,Secondary,Hackney,London,E8 2EY,Has a sixth form,Mixed,Non-selective
131065,North Liverpool Academy,Academy sponsor led,Academies,Secondary,Liverpool,Liverpool,L5 0SQ,Has a sixth form,Mixed,Non-selective
131094,City of Bristol College,Further education,Colleges,16 plus,"Bristol, City of",Bristol,BS1 5UA,Not applicable,Mixed,Not applicable
131122,Al-Mahad Al-Islami,Other independent school,Independent schools,Not applicable,Sheffield,South Yorkshire,S9 5FP,Has a sixth form,Girls,Non-selective
131124,Queen Ethelburga's College,Other independent school,Independent schools,Not applicable,North Yorkshire,York,YO26 9SS,Has a sixth form,Mixed,Selective
131164,Green Oak Academy,Other independent school,Independent schools,Not applicable,Birmingham,Birmingham,B13 9BB,Does not have a sixth form,Girls,Non-selective
131262,Westminster Academy,Academy sponsor led,Academies,Secondary,Westminster,London,W2 5EZ,Has a sixth form,Mixed,Non-selective
131288,WENTWORTH COLLEGE,Other independent school,Independent schools,Not applicable,Barnet,London,NW11 9LH,Has a sixth form,Mixed,Non-selective
131310,Elthorne Park High School,Community school,Local authority maintained schools,Secondary,Ealing,London,W7 2AH,Has a sixth form,Mixed,Non-selective
131347,City of Sunderland College,Further education,Colleges,16 plus,Sunderland,Sunderland,SR3 4AH,Has a sixth form,Mixed,Not applicable
131355,Jamea Al Kauthar,Other independent school,Independent schools,Not applicable,Lancashire,Lancaster,LA1 5AJ,Has a sixth form,Girls,Non-selective
131389,Jamiatul-Ilm Wal-Huda UK School,Other independent school,Independent schools,Not applicable,Blackburn with Darwen,Blackburn,BB1 5JT,Has a sixth form,Boys,Non-selective
131403,Tiferes High School,Other independent school,Independent schools,Not applicable,Barnet,London,NW4 2TA,Does not have a sixth form,Girls,Selective
131411,The Worthgate School,Other independent school,Independent schools,Not applicable,Kent,Canterbury,CT1 3LQ,Has a sixth form,Mixed,Selective
131489,JMU Islamic Institute Uk,Other independent school,Independent schools,Not applicable,Newham,London,E13 8AA,Does not have a sixth form,Boys,Non-selective
131584,Haringey Learning Partnership,Pupil referral unit,Local authority maintained schools,Not applicable,Haringey,London,N22 8DZ,Not applicable,Mixed,Not applicable
131609,The Bridge Academy,Academy sponsor led,Academies,Secondary,Hackney,London,E2 8BA,Has a sixth form,Mixed,Non-selective
131675,Burlington House School,Other independent special school,Special schools,Not applicable,Hammersmith and Fulham,London,SW6 6EG,Has a sixth form,Mixed,Non-selective
131745,Darul Hadis Latifiah,Other independent school,Independent schools,Not applicable,Tower Hamlets,London,E2 0HW,Has a sixth form,Boys,Selective
131747,Harris Academy Bermondsey,Academy sponsor led,Academies,Secondary,Southwark,London,SE16 3TZ,Has a sixth form,Girls,Non-selective
131752,Ark Burlington Danes Academy,Academy sponsor led,Academies,Secondary,Hammersmith and Fulham,London,W12 0HR,Has a sixth form,Mixed,Non-selective
131859,East Durham College,Further education,Colleges,16 plus,County Durham,Peterlee,SR8 2RN,Not applicable,Mixed,Not applicable
131863,Leicester College,Further education,Colleges,16 plus,Leicester,Leicester,LE2 7LW,Not applicable,Mixed,Not applicable
131867,Bolton Sixth Form College,Further education,Colleges,16 plus,Bolton,Bolton,BL3 5BU,Not applicable,Mixed,Not applicable
131895,Sheffield Park Academy,Academy sponsor led,Academies,Secondary,Sheffield,Sheffield,S2 1SN,Has a sixth form,Mixed,Non-selective
131897,Harris Academy Merton,Academy sponsor led,Academies,Secondary,Merton,Mitcham,CR4 1BP,Has a sixth form,Mixed,Non-selective
131969,Abbeyfield School,Community school,Local authority maintained schools,Secondary,Wiltshire,Chippenham,SN15 3XB,Has a sixth form,Mixed,Non-selective
132033,Launchpad Centre,Pupil referral unit,Local authority maintained schools,Not applicable,St. Helens,St Helens,WA10 1UH,Not applicable,Mixed,Not applicable
132069,Apple Orchard School,Other independent special school,Special schools,Not applicable,West Sussex,Horsham,RH13 0RQ,Not applicable,Boys,Selective
132237,Thames Christian School,Other independent school,Independent schools,Not applicable,Wandsworth,London,SW11 2FR,Has a sixth form,Mixed,Non-selective
132256,Highlands School,Community school,Local authority maintained schools,Secondary,Enfield,London,N21 1QQ,Has a sixth form,Mixed,Non-selective
132711,Harris Girls' Academy East Dulwich,Academy sponsor led,Academies,Secondary,Southwark,London,SE22 0NR,Has a sixth form,Girls,Non-selective
132727,Walthamstow Academy,Academy sponsor led,Academies,Secondary,Waltham Forest,London,E17 5DP,Has a sixth form,Mixed,Non-selective
132779,Wiltshire College and University Centre,Further education,Colleges,16 plus,Wiltshire,Chippenham,SN15 3QD,Not applicable,Mixed,Not applicable
132788,Arden House,Other independent school,Independent schools,Not applicable,Kensington and Chelsea,London,W10 6QY,Does not have a sixth form,Mixed,Selective
132838,LaSWAP Sixth Form,Sixth form centres,Colleges,Not applicable,Camden,London,NW5 1RN,Not applicable,Mixed,Not applicable
132913,St Aidans and St John Fisher Associated Sixth Form,Sixth form centres,Colleges,Not applicable,North Yorkshire,,,Not applicable,Mixed,Not applicable
132916,Didcot Sixth Form College,Sixth form centres,Colleges,Not applicable,Oxfordshire,,,Not applicable,Mixed,Not applicable
132942,Sydenham and Forest Hill Sixth Form,Sixth form centres,Colleges,Not applicable,Lewisham,,,Not applicable,Mixed,Not applicable
132951,Sleaford Joint Sixth Form,Sixth form centres,Colleges,Not applicable,Lincolnshire,Sleaford,NG34 7PS,Not applicable,Mixed,Not applicable
133307,Mazahirul Uloom London School,Other independent school,Independent schools,Not applicable,Tower Hamlets,London,E1 4AA,Does not have a sixth form,Boys,
133386,Greig City Academy,Academy sponsor led,Academies,Secondary,Haringey,London,N8 7NU,Has a sixth form,Mixed,Non-selective
133405,Oaks Park High School,Community school,Local authority maintained schools,Secondary,Redbridge,Ilford,IG2 7PQ,Has a sixth form,Mixed,Non-selective
133443,Hampton Court House,Other independent school,Independent schools,Not applicable,Richmond upon Thames,East Molesey,KT8 9BS,Has a sixth form,Mixed,Selective
133444,Ealing Independent College,Other independent school,Independent schools,Not applicable,Ealing,London,W5 5AL,Has a sixth form,Mixed,Non-selective
133528,Cambridge Tutors College,Other independent school,Independent schools,Not applicable,Croydon,Croydon,CR0 5SX,Has a sixth form,Mixed,Selective
133545,William Morris Sixth Form,Community school,Local authority maintained schools,16 plus,Hammersmith and Fulham,London,W6 8RB,Has a sixth form,Mixed,Not applicable
133561,Jo Richardson Community School,Community school,Local authority maintained schools,Secondary,Barking and Dagenham,Dagenham,RM9 4UN,Has a sixth form,Mixed,Non-selective
133580,Churchmead Church of England (VA) School,Voluntary aided school,Local authority maintained schools,Secondary,Windsor and Maidenhead,Slough,SL3 9JQ,Has a sixth form,Mixed,Non-selective
133585,Derby College,Further education,Colleges,16 plus,Derby,Derby,DE24 8JE,Not applicable,Mixed,Not applicable
133608,The Brooke House Sixth Form College,Further education,Colleges,16 plus,Hackney,London,E5 8BP,Not applicable,Mixed,Not applicable
133697,Walsall Academy,Academy sponsor led,Academies,Secondary,Walsall,Walsall,WS3 3LX,Has a sixth form,Mixed,Non-selective
133724,JFS,Voluntary aided school,Local authority maintained schools,Secondary,Brent,Harrow,HA3 9TE,Has a sixth form,Mixed,Non-selective
134003,St Mark's Church of England Academy,Academy sponsor led,Academies,Secondary,Merton,Mitcham,CR4 1SF,Has a sixth form,Mixed,Non-selective
134042,Oriel High School,Community school,Local authority maintained schools,Secondary,West Sussex,Crawley,RH10 7XW,Has a sixth form,Mixed,Non-selective
134064,Inscape House School,Non-maintained special school,Special schools,Not applicable,Stockport,Stockport,SK8 1JE,Has a sixth form,Mixed,Not applicable
134087,St Albans Independent College,Other independent school,Independent schools,Not applicable,Hertfordshire,St Albans,AL1 1LN,Has a sixth form,Mixed,Not applicable
134140,Darul Uloom Dawatul Imaan,Other independent school,Independent schools,Not applicable,Bradford,Bradford,BD4 9PH,Has a sixth form,Boys,Not applicable
134153,Activate Learning,Further education,Colleges,16 plus,Oxfordshire,Oxford,OX1 1SA,Not applicable,Mixed,Not applicable
134195,Manchester Mesivta School,Voluntary aided school,Local authority maintained schools,Secondary,Bury,Prestwich,M25 0PH,Has a sixth form,Boys,Non-selective
134222,City of London Academy (Southwark),Academy sponsor led,Academies,Secondary,Southwark,London,SE1 5LA,Has a sixth form,Mixed,Non-selective
134223,The King's Academy,Academy sponsor led,Academies,Secondary,Middlesbrough,Middlesbrough,TS8 0GA,Has a sixth form,Mixed,Non-selective
134226,Harris Lowe Academy Willesden,Academy sponsor led,Academies,Secondary,Brent,London,NW10 3ST,Has a sixth form,Mixed,Non-selective
134253,Djanogly City Academy,Academy sponsor led,Academies,Secondary,Nottingham,Nottingham,NG7 6ND,Has a sixth form,Mixed,Non-selective
134311,Oasis Academy Enfield,Academy sponsor led,Academies,Secondary,Enfield,Enfield,EN3 7XH,Has a sixth form,Mixed,Non-selective
134314,St Mary Magdalene Academy,Academy sponsor led,Academies,All-through,Islington,London,N7 8PG,Has a sixth form,Mixed,Non-selective
134369,Alec Reed Academy,Academy sponsor led,Academies,All-through,Ealing,Northolt,UB5 5LQ,Has a sixth form,Mixed,Non-selective
134403,Sporting Edge Independent School,Other independent school,Independent schools,Not applicable,Birmingham,Birmingham,B18 4EJ,Does not have a sixth form,Mixed,Not applicable
134571,Jamia Islamia Birmingham,Other independent school,Independent schools,Not applicable,Birmingham,Birmingham,B11 1PL,Has a sixth form,Boys,Not applicable
134693,Mossbourne Community Academy,Academy sponsor led,Academies,Secondary,Hackney,London,E5 8JY,Has a sixth form,Mixed,Non-selective
134769,Sherfield School,Other independent school,Independent schools,Not applicable,Hampshire,Hampshire,RG27 0HU,Has a sixth form,Mixed,
134798,London Academy,Academy sponsor led,Academies,All-through,Barnet,Edgware,HA8 8DE,Has a sixth form,Mixed,Non-selective
134807,Bury Park Educational Institute (Al - Hikmah Secondary School),Other independent school,Independent schools,Not applicable,Luton,LUTON,LU1 1EH,Has a sixth form,Girls,Not applicable
134814,Northampton Academy,Academy sponsor led,Academies,Secondary,West Northamptonshire,Northampton,NN3 8NH,Has a sixth form,Mixed,Non-selective
134815,The Elms Academy,Academy sponsor led,Academies,Secondary,Lambeth,London,SW4 9ET,Has a sixth form,Mixed,Non-selective
134820,PGW Partnership of Greenacre and Walderslade,Sixth form centres,Colleges,Not applicable,Medway,Chatham,ME5 0LE,Not applicable,Mixed,Not applicable
134821,Beverley Joint Sixth,Sixth form centres,Colleges,Not applicable,East Riding of Yorkshire,,,Not applicable,Mixed,Not applicable
134887,OneSchool Global Kenley Campus,Other independent school,Independent schools,Not applicable,Surrey,,CR3 5FX,Has a sixth form,Mixed,Non-selective
134908,Elmhurst Ballet School,Other independent school,Independent schools,Not applicable,Birmingham,Birmingham,B5 7UH,Has a sixth form,Mixed,Not applicable
134938,Wilds Lodge School,Other independent special school,Special schools,Not applicable,Rutland,Oakham,LE15 8QQ,Not applicable,Mixed,Non-selective
134993,Sandwell Academy,Academy sponsor led,Academies,Secondary,Sandwell,West Bromwich,B71 4LG,Has a sixth form,Mixed,Non-selective
135001,Parkside House School,Other independent special school,Special schools,Not applicable,North Tyneside,North Tyneside,NE27 0AB,Not applicable,Mixed,Not applicable
135004,Harefield School,Academy sponsor led,Academies,Secondary,Hillingdon,Uxbridge,UB9 6ET,Has a sixth form,Mixed,Non-selective
135007,Trinity Academy,Academy sponsor led,Academies,Secondary,Doncaster,Doncaster,DN8 5BY,Has a sixth form,Mixed,Non-selective
135035,The Bewdley School,Foundation school,Local authority maintained schools,Secondary,Worcestershire,Bewdley,DY12 1BL,Has a sixth form,Mixed,Non-selective
135061,Wolverley CofE Secondary School,Voluntary controlled school,Local authority maintained schools,Secondary,Worcestershire,Kidderminster,DY11 5XQ,Has a sixth form,Mixed,Non-selective
135070,Haberdashers' Knights Academy,Academy sponsor led,Academies,Secondary,Lewisham,Bromley,BR1 5EB,Has a sixth form,Mixed,Non-selective
135073,Haberdashers' Hatcham College,Academy sponsor led,Academies,Secondary,Lewisham,London,SE14 5SF,Has a sixth form,Mixed,Non-selective
135090,Oak Heights Independent School,Other independent school,Independent schools,Not applicable,Hounslow,Hounslow,TW3 1JS,Does not have a sixth form,Mixed,Not applicable
135120,Landau Forte College,Academy sponsor led,Academies,Secondary,Derby,Derby,DE1 2LF,Has a sixth form,Mixed,Non-selective
135149,Madeley Academy,Academy sponsor led,Academies,Secondary,Telford and Wrekin,Telford,TF7 5FB,Has a sixth form,Mixed,Non-selective
135170,Shireland Collegiate Academy,Academy sponsor led,Academies,Secondary,Sandwell,Smethwick,B66 4ND,Has a sixth form,Mixed,Non-selective
135174,The Belvedere Academy,Academy sponsor led,Academies,Secondary,Liverpool,Liverpool,L8 3TF,Has a sixth form,Girls,Non-selective
135185,Brooke House Day School,Other independent school,Independent schools,Not applicable,Leicestershire,Leicester,LE9 1SE,Does not have a sixth form,Mixed,Not applicable
135217,Sketchley School,Other independent special school,Special schools,Not applicable,Leicestershire,Burbage,LE10 3HT,Not applicable,Mixed,Not applicable
135234,George Salter Academy,Academy sponsor led,Academies,Secondary,Sandwell,West Bromwich,B70 9UW,Has a sixth form,Mixed,Non-selective
135242,Ark King Solomon Academy,Academy sponsor led,Academies,All-through,Westminster,London,NW1 6RX,Has a sixth form,Mixed,Non-selective
135249,Harris Academy South Norwood,Academy sponsor led,Academies,Secondary,Croydon,London,SE25 6AE,Has a sixth form,Mixed,Non-selective
135263,Thomas Deacon Academy,Academy sponsor led,Academies,All-through,Peterborough,Peterborough,PE1 2UW,Has a sixth form,Mixed,Non-selective
135290,The Marsh Academy,Academy sponsor led,Academies,Secondary,Kent,New Romney,TN28 8BB,Has a sixth form,Mixed,Non-selective
135294,Havelock Academy,Academy sponsor led,Academies,Secondary,North East Lincolnshire,Grimsby,DN32 8JH,Has a sixth form,Mixed,Non-selective
135295,John Cabot Academy,Academy sponsor led,Academies,Secondary,South Gloucestershire,Bristol,BS15 8BD,Has a sixth form,Mixed,Non-selective
135296,William Hulme's Grammar School,Academy sponsor led,Academies,All-through,Manchester,Manchester,M16 8PR,Has a sixth form,Mixed,Non-selective
135297,Sir Geoffrey Leigh Academy,Academy sponsor led,Academies,Secondary,Kent,Dartford,DA1 1QE,Has a sixth form,Mixed,Non-selective
135306,Corby Business Academy,Academy sponsor led,Academies,Secondary,North Northamptonshire,Corby,NN17 5EB,Has a sixth form,Mixed,Non-selective
135311,Harris City Academy Crystal Palace,Academy sponsor led,Academies,Secondary,Croydon,London,SE19 2JH,Has a sixth form,Mixed,Non-selective
135315,Ark Walworth Academy,Academy sponsor led,Academies,Secondary,Southwark,London,SE1 5UJ,Has a sixth form,Mixed,Non-selective
135316,Ashcroft Technology Academy,Academy sponsor led,Academies,Secondary,Wandsworth,London,SW15 2UT,Has a sixth form,Mixed,Non-selective
135317,Brooke Weston Academy,Academy sponsor led,Academies,Secondary,North Northamptonshire,Great Oakley,NN18 8LA,Has a sixth form,Mixed,Non-selective
135335,Grace Academy Coventry,Academy sponsor led,Academies,Secondary,Coventry,Coventry,CV2 2RH,Has a sixth form,Mixed,Non-selective
135337,The Chalk Hills Academy,Academy sponsor led,Academies,Secondary,Luton,Luton,LU4 0NE,Has a sixth form,Mixed,Non-selective
135338,The Stockwood Park Academy,Academy sponsor led,Academies,Secondary,Luton,Luton,LU1 5PP,Has a sixth form,Mixed,Non-selective
135364,Swindon Academy,Academy sponsor led,Academies,All-through,Swindon,Swindon,SN2 1JR,Has a sixth form,Mixed,Non-selective
135365,North Oxfordshire Academy,Academy sponsor led,Academies,Secondary,Oxfordshire,Banbury,OX16 0UD,Has a sixth form,Mixed,Non-selective
135371,Cornwallis Academy,Academy sponsor led,Academies,Secondary,Kent,Maidstone,ME17 4HX,Has a sixth form,Mixed,Non-selective
135373,Southover Partnership School,Other independent special school,Special schools,Not applicable,Brent,London,NW9 9HA,Not applicable,Mixed,Non-selective
135405,Taliesin Education Ltd,Other independent special school,Special schools,Not applicable,Cornwall,,PL14 4DA,Not applicable,Boys,Not applicable
135416,Harris Federation Post 16,Sixth form centres,Colleges,Not applicable,Croydon,Croydon,CR0 1LH,Not applicable,Mixed,Not applicable
135419,Unsted Park School,Other independent special school,Special schools,Not applicable,Surrey,Godalming,GU7 1UW,Not applicable,Mixed,Not applicable
135423,Excelsior Academy,Academy sponsor led,Academies,All-through,Newcastle upon Tyne,Newcastle-upon-Tyne,NE15 6AF,Has a sixth form,Mixed,Non-selective
135449,Q3 Academy Great Barr,Academy sponsor led,Academies,Secondary,Sandwell,Birmingham,B43 7SD,Has a sixth form,Mixed,Non-selective
135469,Harrow Collegiate,Sixth form centres,Colleges,Not applicable,Harrow,Harrow,HA3 5PQ,Not applicable,Mixed,Not applicable
135479,All Saints Catholic High School,Voluntary aided school,Local authority maintained schools,Secondary,Knowsley,Knowsley,L33 8XF,Has a sixth form,Mixed,Non-selective
135507,Wren Academy Finchley,Academy sponsor led,Academies,All-through,Barnet,London,N12 9HB,Has a sixth form,Mixed,Non-selective
135524,LTE Group,Further education,Colleges,16 plus,Manchester,Manchester,M11 2WH,Not applicable,Mixed,Not applicable
135531,Chelsea Academy,Academy sponsor led,Academies,Secondary,Kensington and Chelsea,London,SW10 0AB,Has a sixth form,Mixed,Non-selective
135552,Christ The King College,Voluntary aided school,Local authority maintained schools,Secondary,Isle of Wight,Newport,PO30 5QT,Has a sixth form,Mixed,Non-selective
135561,Flexible Learning School,Other independent school,Independent schools,Not applicable,Birmingham,Birmingham,B18 5QB,Does not have a sixth form,Mixed,Not applicable
135563,The Priory Witham Academy,Academy sponsor led,Academies,All-through,Lincolnshire,Lincoln,LN6 7DT,Has a sixth form,Mixed,Non-selective
135564,The Priory City of Lincoln Academy,Academy sponsor led,Academies,Secondary,Lincolnshire,Lincoln,LN6 0EP,Has a sixth form,Mixed,Non-selective
135565,The Priory Academy LSST,Academy sponsor led,Academies,Secondary,Lincolnshire,Lincoln,LN5 8PW,Has a sixth form,Mixed,Non-selective
135575,Bristol Cathedral Choir School,Academy sponsor led,Academies,Secondary,"Bristol, City of",Bristol,BS1 5TS,Has a sixth form,Mixed,Non-selective
135580,Darwen Aldridge Community Academy,Academy sponsor led,Academies,Secondary,Blackburn with Darwen,Darwen,BB3 3HD,Has a sixth form,Mixed,Non-selective
135582,Haberdashers' Abraham Darby,Academy sponsor led,Academies,Secondary,Telford and Wrekin,Telford,TF7 5HX,Has a sixth form,Mixed,Non-selective
135583,Sherwood Church Academy,Academy sponsor led,Academies,Secondary,Nottinghamshire,Mansfield,NG18 2DY,Has a sixth form,Mixed,Non-selective
135584,Ark Globe Academy,Academy sponsor led,Academies,All-through,Southwark,London,SE1 6AG,Has a sixth form,Mixed,Non-selective
135587,City of London Academy Islington,Academy sponsor led,Academies,Secondary,Islington,London,N1 8PQ,Has a sixth form,Mixed,Non-selective
135589,North Bristol Post 16 Centre,Sixth form centres,Colleges,Not applicable,"Bristol, City of",Bristol,BS6 6BU,Not applicable,Mixed,Not applicable
135597,Merchants' Academy,Academy sponsor led,Academies,All-through,"Bristol, City of",Bristol,BS13 9AJ,Has a sixth form,Mixed,Non-selective
135599,Gospel Oak School,Academy sponsor led,Academies,Secondary,Sandwell,Tipton,DY4 0BZ,Has a sixth form,Mixed,Non-selective
135600,Ark Academy,Academy sponsor led,Academies,All-through,Brent,Wembley,HA9 9JR,Has a sixth form,Mixed,Non-selective
135619,Bede Academy,Academy sponsor led,Academies,All-through,Northumberland,Blyth,NE24 2SY,Has a sixth form,Mixed,Non-selective
135621,Richard Rose Central Academy,Academy sponsor led,Academies,Secondary,Cumberland,Carlisle,CA1 1LY,Has a sixth form,Mixed,Non-selective
135630,Leigh Academy Longfield,Academy sponsor led,Academies,Secondary,Kent,Longfield,DA3 7PH,Has a sixth form,Mixed,Non-selective
135631,The Langley Academy,Academy sponsor led,Academies,Secondary,Slough,Slough,SL3 7EF,Has a sixth form,Mixed,Non-selective
135632,West Lakes Academy,Academy sponsor led,Academies,Secondary,Cumberland,Egremont,CA22 2DQ,Has a sixth form,Mixed,Non-selective
135649,Accrington Academy,Academy sponsor led,Academies,Secondary,Lancashire,Accrington,BB5 4FF,Does not have a sixth form,Mixed,Non-selective
135650,The Open Academy,Academy sponsor led,Academies,Secondary,Norfolk,Norwich,NR7 9DL,Has a sixth form,Mixed,Non-selective
135651,Lift New Rickstones,Academy sponsor led,Academies,Secondary,Essex,Witham,CM8 2SD,Has a sixth form,Mixed,Non-selective
135652,Lift Greensward,Academy sponsor led,Academies,Secondary,Essex,Hockley,SS5 5HG,Has a sixth form,Mixed,Non-selective
135658,South Staffordshire College,Further education,Colleges,16 plus,Staffordshire,Stafford,ST19 5PH,Not applicable,Mixed,Not applicable
135670,The Tutorial Foundation,Other independent special school,Special schools,Not applicable,Bromley,Bromley,BR1 3HY,Not applicable,Mixed,Not applicable
135676,Pimlico Academy,Academy sponsor led,Academies,Secondary,Westminster,London,SW1V 3AT,Has a sixth form,Mixed,Non-selective
135677,Harris Academy Falconwood,Academy sponsor led,Academies,Secondary,Bexley,Welling,DA16 2PE,Has a sixth form,Mixed,Non-selective
135744,The Sir Robert Woodard Academy,Academy sponsor led,Academies,Secondary,West Sussex,Sompting,BN15 9QZ,Has a sixth form,Mixed,Non-selective
135745,The Littlehampton Academy,Academy sponsor led,Academies,Secondary,West Sussex,Littlehampton,BN17 6FE,Has a sixth form,Mixed,Non-selective
135747,JCoSS,Voluntary aided school,Local authority maintained schools,Secondary,Barnet,New Barnet,EN4 9GE,Has a sixth form,Mixed,Non-selective
135754,Progress Schools - Northamptonshire,Other independent special school,Special schools,Not applicable,West Northamptonshire,,NN1 2BG,Not applicable,Mixed,Non-selective
135760,Midhurst Rother College,Academy sponsor led,Academies,Secondary,West Sussex,Midhurst,GU29 9DT,Has a sixth form,Mixed,Non-selective
135761,Nottingham University Samworth Academy,Academy sponsor led,Academies,Secondary,Nottingham,Nottingham,NG8 4HY,Has a sixth form,Mixed,Non-selective
135762,Saint John Bosco College,Voluntary aided school,Local authority maintained schools,Secondary,Wandsworth,London,SW11 3DQ,Has a sixth form,Mixed,Non-selective
135769,Ormiston Shelfield Community Academy,Academy sponsor led,Academies,Secondary,Walsall,Walsall,WS4 1BW,Has a sixth form,Mixed,Non-selective
135771,Luminate Education Group,Further education,Colleges,16 plus,Leeds,Leeds,LS3 1AA,Not applicable,Mixed,Not applicable
135804,The Wellington Academy,Academy sponsor led,Academies,Secondary,Wiltshire,Ludgershall,SP11 9RR,Has a sixth form,Mixed,Non-selective
135816,Harris Boys' Academy East Dulwich,Academy sponsor led,Academies,Secondary,Southwark,London,SE22 0AT,Has a sixth form,Boys,Non-selective
135822,Abrar Academy,Other independent school,Independent schools,Not applicable,Lancashire,Preston,PR1 1NA,Has a sixth form,Boys,Not applicable
135835,"The City Academy, Hackney",Academy sponsor led,Academies,Secondary,Hackney,London,E9 6EA,Has a sixth form,Mixed,Non-selective
135866,Dixons Allerton Academy,Academy sponsor led,Academies,All-through,Bradford,Bradford,BD8 0DH,Has a sixth form,Mixed,Non-selective
135876,Future Academies Watford,Academy sponsor led,Academies,Secondary,Hertfordshire,Watford,WD25 7HW,Has a sixth form,Mixed,Non-selective
135877,Birkenhead High School Academy,Academy sponsor led,Academies,All-through,Wirral,Prenton,CH43 1TY,Has a sixth form,Girls,Non-selective
135879,The Aylesbury Vale Academy,Academy sponsor led,Academies,All-through,Buckinghamshire,Aylesbury,HP18 0WS,Has a sixth form,Mixed,Non-selective
135881,Nottingham Academy,Academy sponsor led,Academies,All-through,Nottingham,Nottingham,NG3 7EB,Has a sixth form,Mixed,Non-selective
135886,NCEA Duke's Secondary School,Academy sponsor led,Academies,Secondary,Northumberland,Ashington,NE63 9FZ,Has a sixth form,Mixed,Non-selective
135897,The Basildon Upper Academy,Academy sponsor led,Academies,Secondary,Essex,Basildon,SS13 3HL,Has a sixth form,Mixed,Non-selective
135913,Tudor Grange Academy Worcester,Academy sponsor led,Academies,Secondary,Worcestershire,Worcester,WR3 8HN,Has a sixth form,Mixed,Non-selective
135945,Sirius Academy West,Academy sponsor led,Academies,Secondary,"Kingston upon Hull, City of",Hull,HU4 7JB,Has a sixth form,Mixed,Non-selective
135946,All Saints Academy Dunstable,Academy sponsor led,Academies,Secondary,Central Bedfordshire,Dunstable,LU5 5AB,Has a sixth form,Mixed,Non-selective
135951,Haberdashers' Crayford Academy,Academy sponsor led,Academies,Secondary,Bexley,Dartford,DA1 4RS,Has a sixth form,Mixed,Non-selective
135955,Harris Academy Purley,Academy sponsor led,Academies,Secondary,Croydon,South Croydon,CR2 6DT,Has a sixth form,Mixed,Non-selective
135956,Grace Academy Darlaston,Academy sponsor led,Academies,Secondary,Walsall,Wednesbury,WS10 8QJ,Has a sixth form,Mixed,Non-selective
135957,Lift Clacton,Academy sponsor led,Academies,Secondary,Essex,Clacton on Sea,CO15 3JL,Has a sixth form,Mixed,Non-selective
135958,Oasis Academy Hadley,Academy sponsor led,Academies,All-through,Enfield,Enfield,EN3 4PX,Has a sixth form,Mixed,Non-selective
135961,Outwood Grange Academy,Academy sponsor led,Academies,Secondary,Wakefield,Wakefield,WF1 2PF,Has a sixth form,Mixed,Non-selective
135962,Shoreham Academy,Academy sponsor led,Academies,Secondary,West Sussex,Shoreham-by-Sea,BN43 6YT,Has a sixth form,Mixed,Non-selective
135963,Outwood Academy Adwick,Academy sponsor led,Academies,Secondary,Doncaster,Doncaster,DN6 7SF,Has a sixth form,Mixed,Non-selective
135964,Leigh Academy Strood,Academy sponsor led,Academies,Secondary,Medway,Rochester,ME2 2SX,Has a sixth form,Mixed,Non-selective
135966,Kettering Buccleuch Academy,Academy sponsor led,Academies,All-through,North Northamptonshire,Kettering,NN16 9NS,Has a sixth form,Mixed,Non-selective
135967,Kettering Science Academy,Academy sponsor led,Academies,Secondary,North Northamptonshire,Kettering,NN15 7AA,Has a sixth form,Mixed,Non-selective
135968,Oasis Academy Shirley Park,Academy sponsor led,Academies,Secondary,Croydon,Croydon,CR9 7AL,Has a sixth form,Mixed,Non-selective
135970,Ark St Alban's Academy,Academy sponsor led,Academies,Secondary,Birmingham,Birmingham,B12 0YH,Has a sixth form,Mixed,Non-selective
135971,Park Hall Academy,Academy sponsor led,Academies,Secondary,Solihull,Birmingham,B36 9HF,Has a sixth form,Mixed,Non-selective
135973,E-ACT Crest Academy,Academy sponsor led,Academies,Secondary,Brent,London,NW2 7SN,Has a sixth form,Mixed,Non-selective
135980,Ormiston Bushfield Academy,Academy sponsor led,Academies,Secondary,Peterborough,Peterborough,PE2 5RQ,Has a sixth form,Mixed,Non-selective
136016,"All Saints' Academy, Cheltenham",Academy sponsor led,Academies,Secondary,Gloucestershire,Cheltenham,GL51 0WH,Has a sixth form,Mixed,Non-selective
136028,Dagenham Park CofE School,Voluntary controlled school,Local authority maintained schools,Secondary,Barking and Dagenham,Dagenham,RM10 9QH,Has a sixth form,Mixed,Non-selective
136032,E-ACT North Birmingham Academy,Academy sponsor led,Academies,Secondary,Birmingham,Birmingham,B44 0HF,Has a sixth form,Mixed,Non-selective
136042,Maltby Academy,Academy sponsor led,Academies,Secondary,Rotherham,Rotherham,S66 8AB,Has a sixth form,Mixed,Non-selective
136044,St George's Academy,Academy sponsor led,Academies,Secondary,Lincolnshire,Sleaford,NG34 7PP,Has a sixth form,Mixed,Non-selective
136047,Gretton School,Other independent special school,Special schools,Not applicable,Cambridgeshire,Cambridge,CB3 0RX,Not applicable,Mixed,Selective
136083,Abbey College Cambridge,Other independent school,Independent schools,Not applicable,Cambridgeshire,Cambridgeshire,CB2 8EB,Has a sixth form,Mixed,Not applicable
136085,Bedford Academy,Academy sponsor led,Academies,Secondary,Bedford,Bedford,MK42 9TR,Has a sixth form,Mixed,Non-selective
136090,Drapers' Academy,Academy sponsor led,Academies,Secondary,Havering,Romford,RM3 9XR,Has a sixth form,Mixed,Non-selective
136091,The Phoenix Collegiate,Foundation school,Local authority maintained schools,Secondary,Sandwell,West Bromwich,B71 2BX,Has a sixth form,Mixed,Non-selective
136107,Brompton Academy,Academy sponsor led,Academies,Secondary,Medway,Gillingham,ME7 5HT,Has a sixth form,Mixed,Non-selective
136108,The Victory Academy,Academy sponsor led,Academies,Secondary,Medway,Chatham,ME4 5JB,Has a sixth form,Mixed,Non-selective
136119,The Academy of St Nicholas,Academy sponsor led,Academies,Secondary,Liverpool,Liverpool,L19 5NY,Has a sixth form,Mixed,Non-selective
136120,The Bishop of Winchester Academy,Academy sponsor led,Academies,Secondary,"Bournemouth, Christchurch and Poole",Bournemouth,BH8 9PW,Has a sixth form,Mixed,Non-selective
136125,The Bourne Academy,Academy sponsor led,Academies,Secondary,"Bournemouth, Christchurch and Poole",Bournemouth,BH10 5HS,Has a sixth form,Mixed,Non-selective
136126,Sidney Stringer Academy,Academy sponsor led,Academies,Secondary,Coventry,Coventry,CV1 5LY,Has a sixth form,Mixed,Non-selective
136128,Knole Academy,Academy sponsor led,Academies,Secondary,Kent,Sevenoaks,TN13 3LE,Has a sixth form,Mixed,Non-selective
136137,Skinners' Academy,Academy sponsor led,Academies,Secondary,Hackney,London,N4 1SY,Has a sixth form,Mixed,Non-selective
136141,The Sutton Academy,Academy sponsor led,Academies,Secondary,St. Helens,St Helens,WA9 5AU,Has a sixth form,Mixed,Non-selective
136147,Lift Aylward,Academy sponsor led,Academies,Secondary,Enfield,London,N18 1NB,Has a sixth form,Mixed,Non-selective
136152,King Edward VI Sheldon Heath Academy,Academy sponsor led,Academies,Secondary,Birmingham,Birmingham,B26 2RZ,Has a sixth form,Mixed,Non-selective
136164,Brighton Aldridge Community Academy,Academy sponsor led,Academies,Secondary,Brighton and Hove,Brighton,BN1 9PW,Has a sixth form,Mixed,Non-selective
136172,Hammersmith Academy,Academy sponsor led,Academies,Secondary,Hammersmith and Fulham,London,W12 9JD,Has a sixth form,Mixed,Non-selective
136177,Duke of York's Royal Military School,Academy sponsor led,Academies,Secondary,Kent,Dover,CT15 5EQ,Has a sixth form,Mixed,Non-selective
136183,Sarum Academy,Academy sponsor led,Academies,Secondary,Wiltshire,Salisbury,SP2 9HS,Has a sixth form,Mixed,Non-selective
136185,Ormiston Bolingbroke Academy,Academy sponsor led,Academies,Secondary,Halton,Runcorn,WA7 6EP,Has a sixth form,Mixed,Non-selective
136186,Ormiston Victory Academy,Academy sponsor led,Academies,Secondary,Norfolk,Norwich,NR5 0PX,Has a sixth form,Mixed,Non-selective
136189,Eternal Light,Other independent school,Independent schools,Not applicable,Bradford,Bradford,BD5 9DH,Has a sixth form,Boys,Not applicable
136194,The Priory Ruskin Academy,Academy sponsor led,Academies,Secondary,Lincolnshire,Grantham,NG31 8ED,Has a sixth form,Mixed,Non-selective
136197,The John Wallis Church of England Academy,Academy sponsor led,Academies,All-through,Kent,Ashford,TN23 3HG,Has a sixth form,Mixed,Non-selective
136201,Malcolm Arnold Academy,Academy sponsor led,Academies,Secondary,West Northamptonshire,Northampton,NN2 6JW,Has a sixth form,Mixed,Non-selective
136203,The Quest Academy,Academy sponsor led,Academies,Secondary,Croydon,South Croydon,CR2 8HD,Has a sixth form,Mixed,Non-selective
136204,The Thetford Academy,Academy sponsor led,Academies,Secondary,Norfolk,Thetford,IP24 1LH,Has a sixth form,Mixed,Non-selective
136208,Lift Richmond Park,Academy sponsor led,Academies,Secondary,Richmond upon Thames,London,SW14 8RG,Has a sixth form,Mixed,Non-selective
136217,Skegness Academy,Academy sponsor led,Academies,Secondary,Lincolnshire,Skegness,PE25 2QH,Has a sixth form,Mixed,Non-selective
136221,Sanctuary Education,Other independent school,Independent schools,Not applicable,Birmingham,Birmingham,B8 3TE,Does not have a sixth form,Mixed,Not applicable
136261,Oxford Spires Academy,Academy sponsor led,Academies,Secondary,Oxfordshire,Oxford,OX4 2AU,Has a sixth form,Mixed,Non-selective
136263,The Holmewood School,Other independent special school,Special schools,Not applicable,Barnet,London,N12 8SH,Not applicable,Mixed,Selective
136266,Arthur Mellows Village College,Academy converter,Academies,Secondary,Peterborough,Peterborough,PE6 7JX,Has a sixth form,Mixed,Non-selective
136267,Chadwell Heath Academy,Academy converter,Academies,Secondary,Redbridge,Romford,RM6 4RS,Has a sixth form,Mixed,Non-selective
136268,Waltham Toll Bar Academy,Academy converter,Academies,Secondary,North East Lincolnshire,Grimsby,DN36 4RZ,Has a sixth form,Mixed,Non-selective
136271,Hartismere School,Academy converter,Academies,Secondary,Suffolk,Eye,IP23 7BL,Has a sixth form,Mixed,Non-selective
136272,Westcliff High School for Boys Academy,Academy converter,Academies,Secondary,Southend-on-Sea,Westcliff-on-Sea,SS0 0BP,Has a sixth form,Boys,Selective
136276,Watford Grammar School for Boys,Academy converter,Academies,Secondary,Hertfordshire,Watford,WD18 7JF,Has a sixth form,Boys,Non-selective
136278,The Fallibroome Academy,Academy converter,Academies,Secondary,Cheshire East,Macclesfield,SK10 4AF,Has a sixth form,Mixed,Non-selective
136279,Brine Leas School,Academy converter,Academies,Secondary,Cheshire East,Nantwich,CW5 7DY,Has a sixth form,Mixed,Non-selective
136283,Heckmondwike Grammar School,Academy converter,Academies,Secondary,Kirklees,Heckmondwike,WF16 0AH,Has a sixth form,Mixed,Selective
136286,Westlands School,Academy converter,Academies,Secondary,Kent,Sittingbourne,ME10 1PF,Has a sixth form,Mixed,Non-selective
136289,Watford Grammar School for Girls,Academy converter,Academies,Secondary,Hertfordshire,Watford,WD18 0AE,Has a sixth form,Girls,Non-selective
136290,"Queen Elizabeth's School, Barnet",Academy converter,Academies,Secondary,Barnet,Barnet,EN5 4DQ,Has a sixth form,Boys,Selective
136291,George Spencer Academy,Academy converter,Academies,Secondary,Nottinghamshire,Nottingham,NG9 7EW,Has a sixth form,Mixed,Non-selective
136292,The Cotswold Academy,Academy converter,Academies,Secondary,Gloucestershire,Cheltenham,GL54 2BD,Has a sixth form,Mixed,Non-selective
136295,Holyrood Academy,Academy converter,Academies,Secondary,Somerset,Chard,TA20 1JL,Has a sixth form,Mixed,Non-selective
136296,Hardenhuish School,Academy converter,Academies,Secondary,Wiltshire,Chippenham,SN14 6RJ,Has a sixth form,Mixed,Non-selective
136297,Urmston Grammar Academy,Academy converter,Academies,Secondary,Trafford,Manchester,M41 5UG,Has a sixth form,Mixed,Selective
136298,The Charter School North Dulwich,Academy converter,Academies,Secondary,Southwark,London,SE24 9JH,Has a sixth form,Mixed,Non-selective
136299,Northampton School for Boys,Academy converter,Academies,Secondary,West Northamptonshire,Northampton,NN1 5RT,Has a sixth form,Boys,Non-selective
136301,Brinsworth Academy,Academy converter,Academies,Secondary,Rotherham,Rotherham,S60 5EJ,Has a sixth form,Mixed,Non-selective
136302,The Canterbury Academy,Academy converter,Academies,Secondary,Kent,Canterbury,CT2 8QA,Has a sixth form,Mixed,Non-selective
136305,Highsted Grammar School,Academy converter,Academies,Secondary,Kent,Sittingbourne,ME10 4PT,Has a sixth form,Girls,Selective
136306,Sir Thomas Rich's School,Academy converter,Academies,Secondary,Gloucestershire,Gloucester,GL2 0LF,Has a sixth form,Boys,Selective
136307,Highdown School and Sixth Form Centre,Academy converter,Academies,Secondary,Reading,Reading,RG4 8LR,Has a sixth form,Mixed,Non-selective
136308,Ashmole Academy,Academy converter,Academies,Secondary,Barnet,London,N14 5RJ,Has a sixth form,Mixed,Non-selective
136309,Kingsdale Foundation School,Academy converter,Academies,Secondary,Southwark,London,SE21 8SQ,Has a sixth form,Mixed,Non-selective
136310,"Tudor Grange Academy, Solihull",Academy converter,Academies,Secondary,Solihull,Solihull,B91 3PD,Has a sixth form,Mixed,Non-selective
136311,Somervale Secondary School,Academy converter,Academies,Secondary,Bath and North East Somerset,Radstock,BA3 2JD,Has a sixth form,Mixed,Non-selective
136313,The Rochester Grammar School,Academy converter,Academies,Secondary,Medway,Rochester,ME1 3BY,Has a sixth form,Girls,Selective
136315,Queen Elizabeth's Grammar Alford - A Selective Academy,Academy converter,Academies,Secondary,Lincolnshire,Alford,LN13 9HY,Has a sixth form,Mixed,Selective
136317,Sandwich Technology School,Academy converter,Academies,Secondary,Kent,Sandwich,CT13 0FA,Has a sixth form,Mixed,Non-selective
136321,Torquay Boys' Grammar School,Academy converter,Academies,Secondary,Torbay,Torquay,TQ2 7EL,Has a sixth form,Boys,Selective
136322,Samuel Ward Academy,Academy converter,Academies,Secondary,Suffolk,Haverhill,CB9 0LD,Has a sixth form,Mixed,Non-selective
136323,John Taylor High School,Academy converter,Academies,Secondary,Staffordshire,Burton-on-Trent,DE13 8AZ,Has a sixth form,Mixed,Non-selective
136324,Fulston Manor School,Academy converter,Academies,Secondary,Kent,Sittingbourne,ME10 4EG,Has a sixth form,Mixed,Non-selective
136327,Kingsmead School,Academy converter,Academies,Secondary,Enfield,Enfield,EN1 1YQ,Has a sixth form,Mixed,Non-selective
136329,Guru Nanak Sikh Academy,Academy converter,Academies,All-through,Hillingdon,Hayes,UB4 0LT,Has a sixth form,Mixed,Non-selective
136331,Wales High School,Academy converter,Academies,Secondary,Rotherham,Sheffield,S26 5QQ,Has a sixth form,Mixed,Non-selective
136333,Arden,Academy converter,Academies,Secondary,Solihull,Solihull,B93 0PT,Has a sixth form,Mixed,Non-selective
136334,Beths Grammar School,Academy converter,Academies,Secondary,Bexley,Bexley,DA5 1NE,Has a sixth form,Boys,Selective
136335,Norton Hill Academy,Academy converter,Academies,Secondary,Bath and North East Somerset,Radstock,BA3 4AD,Has a sixth form,Mixed,Non-selective
136336,Ivybridge Community College,Academy converter,Academies,Secondary,Devon,Ivybridge,PL21 0JA,Has a sixth form,Mixed,Non-selective
136337,Fort Pitt Grammar School,Academy converter,Academies,Secondary,Medway,Chatham,ME4 6TJ,Has a sixth form,Girls,Selective
136340,Sandbach High School and Sixth Form College,Academy converter,Academies,Secondary,Cheshire East,Sandbach,CW11 3NT,Has a sixth form,Girls,Non-selective
136341,Lampton Academy,Academy converter,Academies,Secondary,Hounslow,Hounslow,TW3 4EP,Has a sixth form,Mixed,Non-selective
136343,Garforth Academy,Academy converter,Academies,Secondary,Leeds,Leeds,LS25 1LJ,Has a sixth form,Mixed,Non-selective
136347,John Henry Newman Catholic College,Academy sponsor led,Academies,Secondary,Solihull,Birmingham,B37 5GA,Has a sixth form,Mixed,Non-selective
136349,Leigh Academy Tonbridge,Academy converter,Academies,Secondary,Kent,Tonbridge,TN9 2PH,Has a sixth form,Mixed,Non-selective
136350,Caistor Grammar School,Academy converter,Academies,Secondary,Lincolnshire,Market Rasen,LN7 6QJ,Has a sixth form,Mixed,Selective
136352,Gosforth Academy,Academy converter,Academies,Secondary,Newcastle upon Tyne,Newcastle-upon-Tyne,NE3 2JH,Has a sixth form,Mixed,Non-selective
136353,Pate's Grammar School,Academy converter,Academies,Secondary,Gloucestershire,Cheltenham,GL51 0HG,Has a sixth form,Mixed,Selective
136355,Darrick Wood School,Academy converter,Academies,Secondary,Bromley,Orpington,BR6 8ER,Has a sixth form,Mixed,Non-selective
136357,Queen Elizabeth School,Academy converter,Academies,Secondary,Westmorland and Furness,,LA6 2HJ,Has a sixth form,Mixed,Non-selective
136358,Branston Community Academy,Academy converter,Academies,Secondary,Lincolnshire,Lincoln,LN4 1LH,Has a sixth form,Mixed,Non-selective
136359,Dartford Grammar School,Academy converter,Academies,Secondary,Kent,Dartford,DA1 2HW,Has a sixth form,Boys,Selective
136361,Redhill Academy,Academy converter,Academies,Secondary,Nottinghamshire,Nottingham,NG5 8GX,Has a sixth form,Mixed,Non-selective
136366,Colyton Grammar School,Academy converter,Academies,Secondary,Devon,Colyton,EX24 6HN,Has a sixth form,Mixed,Selective
136367,Kingsbridge Academy,Academy converter,Academies,Secondary,Devon,Kingsbridge,TQ7 1PL,Has a sixth form,Mixed,Non-selective
136368,Parkstone Grammar School,Academy converter,Academies,Secondary,"Bournemouth, Christchurch and Poole",Poole,BH17 7EP,Has a sixth form,Girls,Selective
136369,Bexley Grammar School,Academy converter,Academies,Secondary,Bexley,Welling,DA16 2BL,Has a sixth form,Mixed,Selective
136377,Wellington School,Academy converter,Academies,Secondary,Trafford,Altrincham,WA15 7RH,Has a sixth form,Mixed,Non-selective
136379,Highworth Grammar School,Academy converter,Academies,Secondary,Kent,Ashford,TN24 8UD,Has a sixth form,Girls,Selective
136381,Lancaster Girls' Grammar School,Academy converter,Academies,Secondary,Lancashire,Lancaster,LA1 1SF,Has a sixth form,Girls,Selective
136382,Chatham & Clarendon Grammar School,Academy converter,Academies,Secondary,Kent,Ramsgate,CT11 7PS,Has a sixth form,Mixed,Selective
136383,Bodmin College,Academy converter,Academies,Secondary,Cornwall,Bodmin,PL31 1DD,Has a sixth form,Mixed,Non-selective
136386,Whitburn Church of England Academy,Academy converter,Academies,Secondary,South Tyneside,Sunderland,SR6 7EF,Has a sixth form,Mixed,Non-selective
136388,Churston Ferrers Grammar School Academy,Academy converter,Academies,Secondary,Torbay,Brixham,TQ5 0LN,Has a sixth form,Mixed,Selective
136390,Clitheroe Royal Grammar School,Academy converter,Academies,Secondary,Lancashire,Clitheroe,BB7 2DJ,Has a sixth form,Mixed,Selective
136391,South Wilts Grammar School,Academy converter,Academies,Secondary,Wiltshire,Salisbury,SP1 3JJ,Has a sixth form,Girls,Selective
136396,The Broxbourne School,Academy converter,Academies,Secondary,Hertfordshire,Broxbourne,EN10 7FU,Has a sixth form,Mixed,Non-selective
136398,The King's (The Cathedral) School,Academy converter,Academies,All-through,Peterborough,Peterborough,PE1 2UE,Has a sixth form,Mixed,Non-selective
136399,John Kyrle High School and Sixth Form Centre Academy,Academy converter,Academies,Secondary,"Herefordshire, County of",Ross-on-Wye,HR9 7ET,Has a sixth form,Mixed,Non-selective
136412,Chelmsford County High School for Girls,Academy converter,Academies,Secondary,Essex,Chelmsford,CM1 1RW,Has a sixth form,Girls,Selective
136414,The de Ferrers Academy,Academy converter,Academies,Secondary,Staffordshire,Burton-on-Trent,DE13 0LL,Has a sixth form,Mixed,Non-selective
136415,William Farr CofE Comprehensive School,Academy converter,Academies,Secondary,Lincolnshire,Lincoln,LN2 3JB,Has a sixth form,Mixed,Non-selective
136417,Tonbridge Grammar School,Academy converter,Academies,Secondary,Kent,Tonbridge,TN9 2JR,Has a sixth form,Girls,Selective
136418,The Compton School,Academy converter,Academies,Secondary,Barnet,London,N12 0QG,Has a sixth form,Mixed,Non-selective
136419,Dr Challoner's Grammar School,Academy converter,Academies,Secondary,Buckinghamshire,Amersham,HP6 5HA,Has a sixth form,Boys,Selective
136420,Upton Court Grammar School,Academy converter,Academies,Secondary,Slough,Slough,SL3 7PR,Has a sixth form,Mixed,Selective
136443,Southend High School for Boys,Academy converter,Academies,Secondary,Southend-on-Sea,Southend-on-Sea,SS0 0RG,Has a sixth form,Boys,Selective
136444,Southend High School for Girls,Academy converter,Academies,Secondary,Southend-on-Sea,Southend-on-Sea,SS2 4UZ,Has a sixth form,Girls,Selective
136448,Kendrick School,Academy converter,Academies,Secondary,Reading,Reading,RG1 5BN,Has a sixth form,Girls,Selective
136449,Reading School,Academy converter,Academies,Secondary,Reading,Reading,RG1 5LW,Has a sixth form,Boys,Selective
136450,Platanos College,Academy converter,Academies,Secondary,Lambeth,London,SW9 0AL,Has a sixth form,Mixed,Non-selective
136454,Oakgrove School,Academy converter,Academies,All-through,Milton Keynes,Milton Keynes,MK10 9JQ,Has a sixth form,Mixed,
136455,Weald of Kent Grammar School,Academy converter,Academies,Secondary,Kent,Tonbridge,TN9 2JP,Has a sixth form,Girls,Selective
136456,Rainham School for Girls,Academy converter,Academies,Secondary,Medway,Gillingham,ME8 0BX,Has a sixth form,Girls,Non-selective
136458,Altrincham Grammar School for Boys,Academy converter,Academies,Secondary,Trafford,Altrincham,WA14 2RS,Has a sixth form,Boys,Selective
136459,The Polesworth School,Academy converter,Academies,Secondary,Warwickshire,Tamworth,B78 1QT,Has a sixth form,Mixed,Non-selective
136460,St Joseph's College,Academy converter,Academies,Secondary,Stoke-on-Trent,Stoke-on-Trent,ST4 5NT,Has a sixth form,Mixed,Selective
136462,Ossett Academy and Sixth Form College,Academy converter,Academies,Secondary,Wakefield,Ossett,WF5 0DG,Has a sixth form,Mixed,Non-selective
136463,Comberton Village College,Academy converter,Academies,Secondary,Cambridgeshire,Cambridge,CB23 7DU,Has a sixth form,Mixed,Non-selective
136464,Orion Coopers,Academy converter,Academies,Secondary,Bromley,Chislehurst,BR7 5PS,Has a sixth form,Mixed,Non-selective
136465,Herne Bay High School,Academy converter,Academies,Secondary,Kent,Herne Bay,CT6 7NS,Has a sixth form,Mixed,Non-selective
136466,Bishop Justus CofE School,Academy converter,Academies,Secondary,Bromley,Bromley,BR2 8HZ,Has a sixth form,Mixed,Non-selective
136467,Chislehurst School for Girls,Academy converter,Academies,Secondary,Bromley,Chislehurst,BR7 6HE,Has a sixth form,Girls,Non-selective
136468,Denbigh School,Academy converter,Academies,Secondary,Milton Keynes,Milton Keynes,MK5 6EX,Has a sixth form,Mixed,Non-selective
136469,Prince Henry's High School,Academy converter,Academies,Secondary,Worcestershire,Evesham,WR11 4QH,Has a sixth form,Mixed,Non-selective
136470,Sharnbrook Academy,Academy converter,Academies,Secondary,Bedford,Bedford,MK44 1JL,Has a sixth form,Mixed,Non-selective
136474,Balcarras School,Academy converter,Academies,Secondary,Gloucestershire,Cheltenham,GL53 8QF,Has a sixth form,Mixed,Non-selective
136481,Wymondham College,Academy converter,Academies,Secondary,Norfolk,Wymondham,NR18 9SZ,Has a sixth form,Mixed,Non-selective
136483,Oldfield School,Academy converter,Academies,Secondary,Bath and North East Somerset,Bath,BA1 9AB,Has a sixth form,Mixed,Non-selective
136484,"The Royal Grammar School, High Wycombe",Academy converter,Academies,Secondary,Buckinghamshire,High Wycombe,HP13 6QT,Has a sixth form,Boys,Selective
136488,Sponne School,Academy converter,Academies,Secondary,West Northamptonshire,Towcester,NN12 6DJ,Has a sixth form,Mixed,Non-selective
136489,Guilsborough Academy,Academy converter,Academies,Secondary,West Northamptonshire,Northampton,NN6 8QE,Has a sixth form,Mixed,Non-selective
136490,Westcliff High School for Girls,Academy converter,Academies,Secondary,Southend-on-Sea,Westcliff-on-Sea,SS0 0BS,Has a sixth form,Girls,Selective
136491,De Aston School,Academy converter,Academies,Secondary,Lincolnshire,Market Rasen,LN8 3RF,Has a sixth form,Mixed,Non-selective
136494,Teign School,Academy converter,Academies,Secondary,Devon,Newton Abbot,TQ12 3JG,Has a sixth form,Mixed,Non-selective
136495,"Teignmouth Community School, Exeter Road",Academy converter,Academies,Secondary,Devon,Teignmouth,TQ14 9HZ,Has a sixth form,Mixed,Non-selective
136496,Devonport High School for Boys,Academy converter,Academies,Secondary,Plymouth,Plymouth,PL1 5QP,Has a sixth form,Boys,Selective
136497,Harrogate Grammar School,Academy converter,Academies,Secondary,North Yorkshire,Harrogate,HG2 0DZ,Has a sixth form,Mixed,Non-selective
136498,Sale Grammar School,Academy converter,Academies,Secondary,Trafford,Sale,M33 3NH,Has a sixth form,Mixed,Selective
136500,Bishop Wordsworth's Church of England Grammar School,Academy converter,Academies,Secondary,Wiltshire,Salisbury,SP1 2ED,Has a sixth form,Boys,Selective
136501,Sir Roger Manwood's School,Academy converter,Academies,Secondary,Kent,Sandwich,CT13 9JX,Has a sixth form,Mixed,Selective
136505,The Ecclesbourne School,Academy converter,Academies,Secondary,Derbyshire,Belper,DE56 4GS,Has a sixth form,Mixed,Non-selective
136506,Torquay Girls' Grammar School,Academy converter,Academies,Secondary,Torbay,Torquay,TQ2 7DY,Has a sixth form,Girls,Selective
136509,RR6,Sixth form centres,Colleges,Not applicable,Merton,London,SW19 7HB,Not applicable,Mixed,Not applicable
136515,Springwood High School,Academy converter,Academies,Secondary,Norfolk,King's Lynn,PE30 4AW,Has a sixth form,Mixed,Non-selective
136516,Newport Girls' High School Academy,Academy converter,Academies,Secondary,Telford and Wrekin,Newport,TF10 7HL,Has a sixth form,Girls,Selective
136517,Ravens Wood School,Academy converter,Academies,Secondary,Bromley,Bromley,BR2 8HP,Has a sixth form,Boys,Non-selective
136519,Haydon School,Academy converter,Academies,Secondary,Hillingdon,Pinner,HA5 2LX,Has a sixth form,Mixed,Non-selective
136521,Langley Grammar School,Academy converter,Academies,Secondary,Slough,Langley,SL3 7QS,Has a sixth form,Mixed,Selective
136522,Cranford Community College,Academy converter,Academies,Secondary,Hounslow,Hounslow,TW5 9PD,Has a sixth form,Mixed,Non-selective
136524,Camborne Science and International Academy,Academy converter,Academies,Secondary,Cornwall,Camborne,TR14 7PP,Has a sixth form,Mixed,Non-selective
136526,The Queen Katherine School,Academy converter,Academies,Secondary,Westmorland and Furness,Kendal,LA9 6PJ,Has a sixth form,Mixed,Non-selective
136533,Newquay Tretherras,Academy converter,Academies,Secondary,Cornwall,Newquay,TR7 3BH,Has a sixth form,Mixed,Non-selective
136534,Glyn School,Academy converter,Academies,Secondary,Surrey,Epsom,KT17 1NB,Has a sixth form,Boys,Non-selective
136538,"Trinity Church of England School, Belvedere",Academy converter,Academies,Secondary,Bexley,Belvedere,DA17 6HT,Has a sixth form,Mixed,Non-selective
136540,Orion Ravensbourne,Academy converter,Academies,Secondary,Bromley,Bromley,BR2 9EH,Has a sixth form,Mixed,Non-selective
136543,The Bishops' Blue Coat Church of England High School,Academy converter,Academies,Secondary,Cheshire West and Chester,Chester,CH3 5XF,Has a sixth form,Mixed,Non-selective
136545,Charles Darwin School,Academy converter,Academies,Secondary,Bromley,Westerham,TN16 3AU,Has a sixth form,Mixed,Non-selective
136548,Brookfield Community School,Academy converter,Academies,Secondary,Derbyshire,Chesterfield,S40 3NS,Has a sixth form,Mixed,Non-selective
136551,Newstead Wood School,Academy converter,Academies,Secondary,Bromley,Orpington,BR6 9SA,Has a sixth form,Girls,Selective
136554,Dame Alice Owen's School,Academy converter,Academies,Secondary,Hertfordshire,Potters Bar,EN6 2DU,Has a sixth form,Mixed,Non-selective
136555,Debden Park High School,Academy converter,Academies,Secondary,Essex,Loughton,IG10 2BQ,Has a sixth form,Mixed,Non-selective
136556,Plympton Academy,Academy converter,Academies,Secondary,Plymouth,Plymouth,PL7 2RS,Has a sixth form,Mixed,Non-selective
136557,Hele's School,Academy converter,Academies,Secondary,Plymouth,Plymouth,PL7 4LT,Has a sixth form,Mixed,Non-selective
136558,Coombe Dean School,Academy converter,Academies,Secondary,Plymouth,Plymouth,PL9 8ES,Has a sixth form,Mixed,Non-selective
136559,Redborne Upper School and Community College,Academy converter,Academies,Secondary,Central Bedfordshire,Bedford,MK45 2NU,Has a sixth form,Mixed,Non-selective
136568,Plymstock School,Academy converter,Academies,Secondary,Plymouth,Plymouth,PL9 9AZ,Has a sixth form,Mixed,Non-selective
136569,South Dartmoor Community College,Academy converter,Academies,Secondary,Devon,Ashburton,TQ13 7EW,Has a sixth form,Mixed,Non-selective
136570,Queen Elizabeth's Grammar School,Academy converter,Academies,Secondary,Kent,Faversham,ME13 7BQ,Has a sixth form,Mixed,Selective
136574,Corfe Hills School,Academy converter,Academies,Secondary,"Bournemouth, Christchurch and Poole",Broadstone,BH18 9BG,Has a sixth form,Mixed,Non-selective
136575,Saltash Community School,Academy converter,Academies,Secondary,Cornwall,Saltash,PL12 4AY,Has a sixth form,Mixed,Non-selective
136577,The King John School,Academy converter,Academies,Secondary,Essex,Benfleet,SS7 1RQ,Has a sixth form,Mixed,Non-selective
136578,The Crypt School,Academy converter,Academies,Secondary,Gloucestershire,Gloucester,GL2 5AE,Has a sixth form,Mixed,Selective
136579,Harris Academy Benfleet,Academy converter,Academies,Secondary,Essex,Benfleet,SS7 5RN,Has a sixth form,Mixed,Non-selective
136581,Valley Park School,Academy converter,Academies,Secondary,Kent,Maidstone,ME14 5DT,Has a sixth form,Mixed,Non-selective
136582,Invicta Grammar School,Academy converter,Academies,Secondary,Kent,Maidstone,ME14 5DS,Has a sixth form,Girls,Selective
136583,Towers School and Sixth Form Centre,Academy converter,Academies,Secondary,Kent,Ashford,TN24 9AL,Has a sixth form,Mixed,Non-selective
136585,Dane Court Grammar School,Academy converter,Academies,Secondary,Kent,Broadstairs,CT10 2RT,Has a sixth form,Mixed,Selective
136586,Langley Park School for Boys,Academy converter,Academies,Secondary,Bromley,Beckenham,BR3 3BP,Has a sixth form,Boys,Non-selective
136587,Ashlawn School,Academy converter,Academies,Secondary,Warwickshire,Rugby,CV22 5ET,Has a sixth form,Mixed,Non-selective
136588,Devonport High School for Girls,Academy converter,Academies,Secondary,Plymouth,Plymouth,PL2 3DL,Has a sixth form,Girls,Selective
136590,Kings Norton Girls' School,Academy converter,Academies,Secondary,Birmingham,Birmingham,B30 1HW,Has a sixth form,Girls,Non-selective
136592,King Edward VI Lordswood School for Girls,Academy converter,Academies,Secondary,Birmingham,Birmingham,B17 8QB,Has a sixth form,Girls,Non-selective
136594,Holcombe Grammar School,Academy converter,Academies,Secondary,Medway,Chatham,ME4 6JB,Has a sixth form,Boys,Selective
136595,Rugby High School,Academy converter,Academies,Secondary,Warwickshire,Rugby,CV22 7RE,Has a sixth form,Girls,Selective
136600,The Coopers' Company and Coborn School,Academy converter,Academies,Secondary,Havering,Upminster,RM14 3HS,Has a sixth form,Mixed,Non-selective
136603,Bennett Memorial Diocesan School,Academy converter,Academies,Secondary,Kent,Tunbridge Wells,TN4 9SH,Has a sixth form,Mixed,Non-selective
136604,Brighouse High School,Academy converter,Academies,Secondary,Calderdale,Brighouse,HD6 2NY,Has a sixth form,Mixed,Non-selective
136605,William de Ferrers School,Academy converter,Academies,Secondary,Essex,Chelmsford,CM3 5JU,Has a sixth form,Mixed,Non-selective
136606,Rickmansworth School,Academy converter,Academies,Secondary,Hertfordshire,Rickmansworth,WD3 3AQ,Has a sixth form,Mixed,Non-selective
136608,The Knights Templar School,Academy converter,Academies,Secondary,Hertfordshire,Baldock,SG7 6DZ,Has a sixth form,Mixed,Non-selective
136609,Sandringham School,Academy converter,Academies,Secondary,Hertfordshire,St Albans,AL4 9NX,Has a sixth form,Mixed,Non-selective
136611,The Corsham School,Academy converter,Academies,Secondary,Wiltshire,Corsham,SN13 9DF,Has a sixth form,Mixed,Non-selective
136612,Exmouth Community College,Academy converter,Academies,Secondary,Devon,Exmouth,EX8 3AF,Has a sixth form,Mixed,Non-selective
136615,The Tiffin Girls' School,Academy converter,Academies,Secondary,Kingston upon Thames,Kingston upon Thames,KT2 5PL,Has a sixth form,Girls,Selective
136616,Wood Green Academy,Academy converter,Academies,Secondary,Sandwell,Wednesbury,WS10 9QU,Has a sixth form,Mixed,Non-selective
136617,"Archbishop Holgate's School, A Church of England Academy",Academy converter,Academies,Secondary,York,York,YO10 5ZA,Has a sixth form,Mixed,Non-selective
136618,Windsor High School and Sixth Form,Academy converter,Academies,Secondary,Dudley,Halesowen,B63 4BB,Has a sixth form,Mixed,Non-selective
136620,Shire Oak Academy,Academy converter,Academies,Secondary,Walsall,Walsall,WS9 9PA,Has a sixth form,Mixed,Non-selective
136621,Wilson's School,Academy converter,Academies,Secondary,Sutton,Wallington,SM6 9JW,Has a sixth form,Boys,Selective
136622,Alcester Grammar School,Academy converter,Academies,Secondary,Warwickshire,Alcester,B49 5ED,Has a sixth form,Mixed,Selective
136623,Chosen Hill School,Academy converter,Academies,Secondary,Gloucestershire,Gloucester,GL3 2PL,Has a sixth form,Mixed,Non-selective
136624,Walton Academy,Academy converter,Academies,Secondary,Lincolnshire,Grantham,NG31 7JR,Has a sixth form,Mixed,Non-selective
136625,Davenant Foundation School,Academy converter,Academies,Secondary,Essex,Loughton,IG10 2LD,Has a sixth form,Mixed,Non-selective
136626,Stoke Damerel Community College,Academy converter,Academies,Secondary,Plymouth,Plymouth,PL3 4BD,Has a sixth form,Mixed,Non-selective
136628,The West Bridgford School,Academy converter,Academies,Secondary,Nottinghamshire,Nottingham,NG2 7FA,Has a sixth form,Mixed,Non-selective
136631,Swakeleys School for Girls,Academy converter,Academies,Secondary,Hillingdon,Uxbridge,UB10 0EJ,Has a sixth form,Girls,Non-selective
136632,Sheldon School,Academy converter,Academies,Secondary,Wiltshire,Chippenham,SN14 6HJ,Has a sixth form,Mixed,Non-selective
136636,Parkside Community College,Academy converter,Academies,Secondary,Cambridgeshire,Cambridge,CB1 1EH,Does not have a sixth form,Mixed,Non-selective
136637,Maiden Erlegh School,Academy converter,Academies,Secondary,Wokingham,Reading,RG6 7HS,Has a sixth form,Mixed,Non-selective
136638,Clyst Vale Community College,Academy converter,Academies,Secondary,Devon,Exeter,EX5 3AJ,Has a sixth form,Mixed,Non-selective
136642,"King Edward VI Grammar School, Chelmsford",Academy converter,Academies,Secondary,Essex,Chelmsford,CM1 3SX,Has a sixth form,Mixed,Selective
136643,Bohunt School,Academy converter,Academies,Secondary,Hampshire,Liphook,GU30 7NY,Has a sixth form,Mixed,Non-selective
136644,Hayes School,Academy converter,Academies,Secondary,Bromley,Bromley,BR2 7DB,Has a sixth form,Mixed,Non-selective
136645,Christleton High School,Academy converter,Academies,Secondary,Cheshire West and Chester,Chester,CH3 7AD,Has a sixth form,Mixed,Non-selective
136646,Queen Elizabeth's,Academy converter,Academies,Secondary,Devon,Crediton,EX17 3LU,Has a sixth form,Mixed,Non-selective
136647,Kennet School,Academy converter,Academies,Secondary,West Berkshire,Thatcham,RG19 4LL,Has a sixth form,Mixed,Non-selective
136649,Twynham School,Academy converter,Academies,Secondary,"Bournemouth, Christchurch and Poole",Christchurch,BH23 1JF,Has a sixth form,Mixed,Non-selective
136652,The Arnewood School,Academy converter,Academies,Secondary,Hampshire,New Milton,BH25 6RS,Has a sixth form,Mixed,Non-selective
136655,Congleton High School,Academy converter,Academies,Secondary,Cheshire East,Congleton,CW12 4NS,Has a sixth form,Mixed,Non-selective
136656,Claremont High School,Academy converter,Academies,Secondary,Brent,Harrow,HA3 0UH,Has a sixth form,Mixed,Non-selective
136657,Ringwood School Academy,Academy converter,Academies,Secondary,Hampshire,Ringwood,BH24 1SE,Has a sixth form,Mixed,Non-selective
136658,East Barnet School,Academy converter,Academies,Secondary,Barnet,Barnet,EN4 8PU,Has a sixth form,Mixed,Non-selective
136662,Sir Joseph Williamson's Mathematical School,Academy converter,Academies,Secondary,Medway,Rochester,ME1 3EL,Has a sixth form,Boys,Selective
136664,Skipton Girls' High School,Academy converter,Academies,Secondary,North Yorkshire,Skipton,BD23 1QL,Has a sixth form,Girls,Selective
136666,Denmark Road High School,Academy converter,Academies,Secondary,Gloucestershire,Gloucester,GL1 3JN,Has a sixth form,Girls,Selective
136667,South Hunsley School and Sixth Form College,Academy converter,Academies,Secondary,East Riding of Yorkshire,North Ferriby,HU14 3HS,Has a sixth form,Mixed,Non-selective
136668,Lipson Co-operative Academy,Academy converter,Academies,Secondary,Plymouth,Plymouth,PL4 7PG,Has a sixth form,Mixed,Non-selective
136669,Brampton Manor Academy,Academy converter,Academies,Secondary,Newham,London,E6 3SQ,Has a sixth form,Mixed,Non-selective
136671,Kirkbie Kendal School,Academy converter,Academies,Secondary,Westmorland and Furness,Kendal,LA9 7EQ,Has a sixth form,Mixed,Non-selective
136673,The King's School,Academy converter,Academies,Secondary,Devon,Ottery St Mary,EX11 1RA,Has a sixth form,Mixed,Non-selective
136674,The Mirfield Free Grammar,Academy converter,Academies,Secondary,Kirklees,Mirfield,WF14 9EZ,Has a sixth form,Mixed,Non-selective
136709,Bullers Wood School,Academy converter,Academies,Secondary,Bromley,Chislehurst,BR7 5LJ,Has a sixth form,Girls,Non-selective
136711,Queensmead School,Academy converter,Academies,Secondary,Hillingdon,Ruislip,HA4 0LS,Has a sixth form,Mixed,Non-selective
136716,The Long Eaton School,Academy converter,Academies,Secondary,Derbyshire,Nottingham,NG10 3NP,Has a sixth form,Mixed,Non-selective
136718,Aston Academy,Academy converter,Academies,Secondary,Rotherham,Sheffield,S26 4SF,Has a sixth form,Mixed,Non-selective
136719,The Burgate School and Sixth Form,Academy converter,Academies,Secondary,Hampshire,Fordingbridge,SP6 1EZ,Has a sixth form,Mixed,Non-selective
136720,Welling School,Academy converter,Academies,Secondary,Bexley,Welling,DA16 1LB,Has a sixth form,Mixed,Non-selective
136722,Backwell School,Academy converter,Academies,Secondary,North Somerset,Bristol,BS48 3BX,Has a sixth form,Mixed,Non-selective
136723,Wycombe High School,Academy converter,Academies,Secondary,Buckinghamshire,High Wycombe,HP11 1TB,Has a sixth form,Girls,Selective
136725,Cheltenham Bournside School and Sixth Form Centre,Academy converter,Academies,Secondary,Gloucestershire,Cheltenham,GL51 3EF,Has a sixth form,Mixed,Non-selective
136727,Oakwood Park Grammar School,Academy converter,Academies,Secondary,Kent,Maidstone,ME16 8AH,Has a sixth form,Boys,Selective
136728,Norton School,Academy converter,Academies,Secondary,North Yorkshire,Malton,YO17 9PT,Has a sixth form,Mixed,Non-selective
136730,Shenley Brook End School,Academy converter,Academies,Secondary,Milton Keynes,Milton Keynes,MK5 7ZT,Has a sixth form,Mixed,Non-selective
136731,Ripley St Thomas Church of England Academy,Academy converter,Academies,Secondary,Lancashire,Lancaster,LA1 4RS,Has a sixth form,Mixed,Non-selective
136732,Queen Elizabeth Grammar School Penrith,Academy converter,Academies,Secondary,Westmorland and Furness,Penrith,CA11 7EG,Has a sixth form,Mixed,Selective
136735,St Edward's College,Academy converter,Academies,Secondary,Liverpool,Liverpool,L12 1LF,Has a sixth form,Mixed,Non-selective
136736,South Craven School,Academy converter,Academies,Secondary,North Yorkshire,Keighley,BD20 7RL,Has a sixth form,Mixed,Non-selective
136742,Lancaster Royal Grammar School,Academy converter,Academies,Secondary,Lancashire,Lancaster,LA1 3EF,Has a sixth form,Mixed,Selective
136750,West London Free School,Free schools,Free Schools,Secondary,Hammersmith and Fulham,London,W6 9LP,Has a sixth form,Mixed,Non-selective
136753,Lift Ryde,Academy sponsor led,Academies,Secondary,Isle of Wight,Ryde,PO33 3LN,Has a sixth form,Mixed,Non-selective
136756,Overton Grange School,Academy converter,Academies,Secondary,Sutton,Sutton,SM2 6TQ,Has a sixth form,Mixed,Non-selective
136758,West Hatch High School,Academy converter,Academies,Secondary,Essex,Chigwell,IG7 5BT,Has a sixth form,Mixed,Non-selective
136763,Highcliffe School,Academy converter,Academies,Secondary,"Bournemouth, Christchurch and Poole",Christchurch,BH23 4QD,Has a sixth form,Mixed,Non-selective
136767,Ribston Hall High School,Academy converter,Academies,Secondary,Gloucestershire,Gloucester,GL1 5LE,Has a sixth form,Girls,Selective
136768,Uxbridge High School,Academy converter,Academies,Secondary,Hillingdon,Uxbridge,UB8 2PR,Has a sixth form,Mixed,Non-selective
136770,King James I Academy Bishop Auckland,Academy converter,Academies,Secondary,County Durham,Bishop Auckland,DL14 7JZ,Has a sixth form,Mixed,Non-selective
136771,John Hampden Grammar School,Academy converter,Academies,Secondary,Buckinghamshire,High Wycombe,HP11 1SZ,Has a sixth form,Boys,Selective
136772,Cleeve School,Academy converter,Academies,Secondary,Gloucestershire,Cheltenham,GL52 8AE,Has a sixth form,Mixed,Non-selective
136773,Queen Mary's Grammar School,Academy converter,Academies,Secondary,Walsall,Walsall,WS1 2PG,Has a sixth form,Boys,Selective
136776,Saffron Walden County High School,Academy converter,Academies,Secondary,Essex,Saffron Walden,CB11 4UH,Has a sixth form,Mixed,Non-selective
136777,Queen Mary's High School,Academy converter,Academies,Secondary,Walsall,Walsall,WS4 2AE,Has a sixth form,Girls,Selective
136778,Sutton Coldfield Grammar School for Girls,Academy converter,Academies,Secondary,Birmingham,Sutton Coldfield,B73 5PT,Has a sixth form,Girls,Selective
136780,St Anselm's College,Academy converter,Academies,Secondary,Wirral,Prenton,CH43 1UQ,Has a sixth form,Boys,Selective
136781,Sir William Borlase's Grammar School,Academy converter,Academies,Secondary,Buckinghamshire,Marlow,SL7 2BR,Has a sixth form,Mixed,Selective
136782,Thomas Mills High School & Sixth Form,Academy converter,Academies,Secondary,Suffolk,Woodbridge,IP13 9HE,Has a sixth form,Mixed,Non-selective
136783,The Kings of Wessex Academy,Academy converter,Academies,Secondary,Somerset,Cheddar,BS27 3AQ,Has a sixth form,Mixed,Non-selective
136785,Cheam High School,Academy converter,Academies,Secondary,Sutton,Sutton,SM3 8PW,Has a sixth form,Mixed,Non-selective
136787,Sutton Grammar School,Academy converter,Academies,Secondary,Sutton,Sutton,SM1 4AS,Has a sixth form,Boys,Selective
136788,The North Halifax Grammar School,Academy converter,Academies,Secondary,Calderdale,Halifax,HX2 9SU,Has a sixth form,Mixed,Selective
136789,Wallington High School for Girls,Academy converter,Academies,Secondary,Sutton,Wallington,SM6 0PH,Has a sixth form,Girls,Selective
136791,West Somerset College,Academy converter,Academies,Secondary,Somerset,Minehead,TA24 6AY,Has a sixth form,Mixed,Non-selective
136795,Nonsuch High School for Girls,Academy converter,Academies,Secondary,Sutton,Sutton,SM3 8AB,Has a sixth form,Girls,Selective
136797,Carshalton High School for Girls,Academy converter,Academies,Secondary,Sutton,Carshalton,SM5 2QX,Has a sixth form,Girls,Non-selective
136798,Wallington County Grammar School,Academy converter,Academies,Secondary,Sutton,Wallington,SM6 7PH,Has a sixth form,Boys,Selective
136799,Carshalton Boys Sports College,Academy converter,Academies,Secondary,Sutton,Carshalton,SM5 1RW,Has a sixth form,Boys,Non-selective
136800,Greenshaw High School,Academy converter,Academies,Secondary,Sutton,Sutton,SM1 3DY,Has a sixth form,Mixed,Non-selective
136803,John Masefield High School,Academy converter,Academies,Secondary,"Herefordshire, County of",Ledbury,HR8 2HF,Has a sixth form,Mixed,Non-selective
136822,Bristol Free School,Free schools,Free Schools,Secondary,"Bristol, City of",Bristol,BS10 6NJ,Has a sixth form,Mixed,Non-selective
136827,Copleston High School,Academy converter,Academies,Secondary,Suffolk,Ipswich,IP4 5HD,Has a sixth form,Mixed,Non-selective
136828,Collingwood College,Academy converter,Academies,Secondary,Surrey,Camberley,GU15 4AE,Has a sixth form,Mixed,Non-selective
136833,Howard of Effingham School,Academy converter,Academies,Secondary,Surrey,Leatherhead,KT24 5JR,Has a sixth form,Mixed,Non-selective
136834,Farlingaye High School,Academy converter,Academies,Secondary,Suffolk,Woodbridge,IP12 4JX,Has a sixth form,Mixed,Non-selective
136842,Walton High,Academy converter,Academies,Secondary,Milton Keynes,Milton Keynes,MK7 7WH,Has a sixth form,Mixed,Non-selective
136844,The Hazeley Academy,Academy converter,Academies,Secondary,Milton Keynes,Milton Keynes,MK8 0PT,Has a sixth form,Mixed,Non-selective
136845,Sir Henry Floyd Grammar School,Academy converter,Academies,Secondary,Buckinghamshire,Aylesbury,HP21 8PE,Has a sixth form,Mixed,Selective
136846,Aylesbury High School,Academy converter,Academies,Secondary,Buckinghamshire,Aylesbury,HP21 7SX,Has a sixth form,Girls,Selective
136847,Leigh Academy Mascalls,Academy converter,Academies,Secondary,Kent,Tonbridge,TN12 6LT,Has a sixth form,Mixed,Non-selective
136850,Poole Grammar School,Academy converter,Academies,Secondary,"Bournemouth, Christchurch and Poole",Poole,BH17 9JU,Has a sixth form,Boys,Selective
136854,Ortu Gable Hall School,Academy converter,Academies,Secondary,Thurrock,Stanford-le-Hope,SS17 8JT,Has a sixth form,Mixed,Non-selective
136856,Gordano School,Academy converter,Academies,Secondary,North Somerset,Bristol,BS20 7QR,Has a sixth form,Mixed,Non-selective
136858,The Highcrest Academy,Academy converter,Academies,Secondary,Buckinghamshire,High Wycombe,HP13 7NQ,Has a sixth form,Mixed,Non-selective
136861,Harris Academy Billericay,Academy converter,Academies,Secondary,Essex,Billericay,CM12 9LH,Has a sixth form,Mixed,Non-selective
136863,Moulsham High School,Academy converter,Academies,Secondary,Essex,Chelmsford,CM2 9ES,Has a sixth form,Mixed,Non-selective
136864,Rainham Mark Grammar School,Academy converter,Academies,Secondary,Medway,Gillingham,ME8 7AJ,Has a sixth form,Mixed,Selective
136868,The King Edmund School,Academy converter,Academies,Secondary,Essex,Rochford,SS4 1TL,Has a sixth form,Mixed,Non-selective
136871,North Kesteven Academy,Academy converter,Academies,Secondary,Lincolnshire,Lincoln,LN6 9AG,Has a sixth form,Mixed,Non-selective
136874,Stroud High School,Academy converter,Academies,Secondary,Gloucestershire,Stroud,GL5 4HF,Has a sixth form,Girls,Selective
136875,St Martin's School Brentwood,Academy converter,Academies,Secondary,Essex,Brentwood,CM13 2HG,Has a sixth form,Mixed,Non-selective
136876,King's Academy Prospect,Academy converter,Academies,Secondary,Reading,Reading,RG30 4EX,Has a sixth form,Mixed,Non-selective
136877,Queens' School,Academy converter,Academies,Secondary,Hertfordshire,Bushey,WD23 2TY,Has a sixth form,Mixed,Non-selective
136878,Toot Hill School,Academy converter,Academies,Secondary,Nottinghamshire,Nottingham,NG13 8BL,Has a sixth form,Mixed,Non-selective
136880,The Holt School,Academy converter,Academies,Secondary,Wokingham,Wokingham,RG41 1EE,Has a sixth form,Girls,Non-selective
136882,Aston Manor Academy,Academy converter,Academies,Secondary,Birmingham,Birmingham,B6 4PZ,Has a sixth form,Mixed,Non-selective
136883,Chestnut Grove Academy,Academy converter,Academies,Secondary,Wandsworth,London,SW12 8JZ,Has a sixth form,Mixed,Non-selective
136884,Aylesbury Grammar School,Academy converter,Academies,Secondary,Buckinghamshire,Aylesbury,HP21 7RP,Has a sixth form,Boys,Selective
136885,Barr Beacon School,Academy converter,Academies,Secondary,Walsall,Walsall,WS9 0RF,Has a sixth form,Mixed,Non-selective
136886,Erasmus Darwin Academy,Academy converter,Academies,Secondary,Staffordshire,Burntwood,WS7 3QW,Has a sixth form,Mixed,Non-selective
136887,Chesterton Community College,Academy converter,Academies,Secondary,Cambridgeshire,Cambridge,CB4 3NY,Has a sixth form,Mixed,Non-selective
136890,Christopher Whitehead Language College,Academy converter,Academies,Secondary,Worcestershire,Worcester,WR2 4AF,Has a sixth form,Mixed,Non-selective
136891,The Piggott School,Academy converter,Academies,All-through,Wokingham,Reading,RG10 8DS,Has a sixth form,Mixed,Non-selective
136895,The Oldershaw School,Academy converter,Academies,Secondary,Wirral,Wallasey,CH45 4RJ,Has a sixth form,Mixed,Non-selective
136896,Rossett School,Academy converter,Academies,Secondary,North Yorkshire,Harrogate,HG2 9JP,Has a sixth form,Mixed,Non-selective
136898,Haybridge High School and Sixth Form,Academy converter,Academies,Secondary,Worcestershire,Stourbridge,DY8 2XS,Has a sixth form,Mixed,Non-selective
136899,Parmiter's School,Academy converter,Academies,Secondary,Hertfordshire,Watford,WD25 0UU,Has a sixth form,Mixed,Non-selective
136900,St Wilfrid's Church of England Academy,Academy converter,Academies,Secondary,Blackburn with Darwen,Blackburn,BB2 2JR,Has a sixth form,Mixed,Non-selective
136901,St Clement Danes School,Academy converter,Academies,Secondary,Hertfordshire,Rickmansworth,WD3 6EW,Has a sixth form,Mixed,Non-selective
136902,Keswick School,Academy converter,Academies,Secondary,Cumberland,Keswick,CA12 5QB,Has a sixth form,Mixed,Non-selective
136904,Great Baddow High School,Academy converter,Academies,Secondary,Essex,Chelmsford,CM2 9RZ,Has a sixth form,Mixed,Non-selective
136905,Ilkley Grammar School,Academy converter,Academies,Secondary,Bradford,Ilkley,LS29 8TR,Has a sixth form,Mixed,Non-selective
136906,George Abbot School,Academy converter,Academies,Secondary,Surrey,Guildford,GU1 1XX,Has a sixth form,Mixed,Non-selective
136907,Myton School,Academy converter,Academies,Secondary,Warwickshire,Warwick,CV34 6PJ,Has a sixth form,Mixed,Non-selective
136908,Fairfax,Academy converter,Academies,Secondary,Birmingham,Sutton Coldfield,B75 7JT,Has a sixth form,Mixed,Non-selective
136909,Heart of England School,Academy converter,Academies,Secondary,Solihull,Coventry,CV7 7FW,Has a sixth form,Mixed,Non-selective
136910,Tiffin School,Academy converter,Academies,Secondary,Kingston upon Thames,Kingston upon Thames,KT2 6RL,Has a sixth form,Boys,Selective
136911,Royal Wootton Bassett Academy,Academy converter,Academies,Secondary,Wiltshire,Swindon,SN4 7HG,Has a sixth form,Mixed,Non-selective
136912,Honiton Community College,Academy converter,Academies,Secondary,Devon,Honiton,EX14 1QT,Does not have a sixth form,Mixed,Non-selective
136914,Glenthorne High School,Academy converter,Academies,Secondary,Sutton,Sutton,SM3 9PS,Has a sixth form,Mixed,Non-selective
136921,Cottingham High School,Academy converter,Academies,Secondary,East Riding of Yorkshire,Cottingham,HU16 5PX,Does not have a sixth form,Mixed,Non-selective
136922,Yavneh College,Academy converter,Academies,Secondary,Hertfordshire,Borehamwood,WD6 1HL,Has a sixth form,Mixed,Non-selective
136924,Woodrush High School,Academy converter,Academies,Secondary,Worcestershire,Wythall,B47 5JW,Has a sixth form,Mixed,Non-selective
136925,Pershore High School,Academy converter,Academies,Secondary,Worcestershire,Pershore,WR10 2BX,Has a sixth form,Mixed,Non-selective
136927,Droitwich Spa High School and Sixth Form Centre,Academy converter,Academies,Secondary,Worcestershire,Droitwich Spa,WR9 0AA,Has a sixth form,Mixed,Non-selective
136944,Birmingham Ormiston Academy,Academy sponsor led,Academies,Secondary,Birmingham,Birmingham,B4 7QD,Has a sixth form,Mixed,Non-selective
136947,The Montessori Place,Other independent school,Independent schools,Not applicable,Brighton and Hove,Hove,BN3 3ER,Has a sixth form,Mixed,Not applicable
136948,Weston Favell Academy,Academy sponsor led,Academies,Secondary,West Northamptonshire,Northampton,NN3 3EZ,Has a sixth form,Mixed,Non-selective
136960,Chipping Campden School,Academy converter,Academies,Secondary,Gloucestershire,Chipping Campden,GL55 6HU,Has a sixth form,Mixed,Non-selective
136962,Feversham Girls' Secondary Academy,Academy converter,Academies,Secondary,Bradford,Bradford,BD3 0LT,Has a sixth form,Girls,Non-selective
136963,Finham Park School,Academy converter,Academies,Secondary,Coventry,Coventry,CV3 6EA,Has a sixth form,Mixed,Non-selective
136964,Great Marlow School,Academy converter,Academies,Secondary,Buckinghamshire,Marlow,SL7 1JE,Has a sixth form,Mixed,Non-selective
136966,Hayesfield Girls School,Academy converter,Academies,Secondary,Bath and North East Somerset,Bath,BA2 3LA,Has a sixth form,Girls,Non-selective
136969,Kesgrave High School,Academy converter,Academies,Secondary,Suffolk,Ipswich,IP5 2PB,Has a sixth form,Mixed,Non-selective
136971,Park View School,Academy converter,Academies,Secondary,County Durham,Chester le Street,DH3 3QA,Has a sixth form,Mixed,Non-selective
136972,Queen Elizabeth's Grammar School,Academy converter,Academies,Secondary,Derbyshire,Ashbourne,DE6 1EP,Has a sixth form,Mixed,Non-selective
136973,Roundwood Park School,Academy converter,Academies,Secondary,Hertfordshire,Harpenden,AL5 3AE,Has a sixth form,Mixed,Non-selective
136974,Sawtry Village Academy,Academy converter,Academies,Secondary,Cambridgeshire,Huntingdon,PE28 5TQ,Has a sixth form,Mixed,Non-selective
136976,Southfield School for Girls,Academy converter,Academies,Secondary,North Northamptonshire,Kettering,NN15 6HE,Has a sixth form,Girls,Non-selective
136979,The Marches School,Academy converter,Academies,Secondary,Shropshire,Oswestry,SY11 2AR,Has a sixth form,Mixed,Non-selective
136982,St Peter's Catholic High School and Sixth Form Centre,Academy converter,Academies,Secondary,Gloucestershire,Gloucester,GL4 0DD,Has a sixth form,Mixed,Non-selective
136986,The Coleshill School,Academy converter,Academies,Secondary,Warwickshire,Birmingham,B46 3EX,Has a sixth form,Mixed,Non-selective
136992,Longsands Academy,Academy converter,Academies,Secondary,Cambridgeshire,St Neots,PE19 1LQ,Has a sixth form,Mixed,Non-selective
136994,Alderbrook School,Academy converter,Academies,Secondary,Solihull,Solihull,B91 1SN,Has a sixth form,Mixed,Non-selective
136995,Beverley Grammar School,Academy converter,Academies,Secondary,East Riding of Yorkshire,Beverley,HU17 8NF,Has a sixth form,Boys,Non-selective
136996,Bournemouth School for Girls,Academy converter,Academies,Secondary,"Bournemouth, Christchurch and Poole",Bournemouth,BH8 9UJ,Has a sixth form,Girls,Selective
136998,Bungay High School,Academy converter,Academies,Secondary,Suffolk,Bungay,NR35 1RW,Has a sixth form,Mixed,Non-selective
137000,Churchill Academy & Sixth Form,Academy converter,Academies,Secondary,North Somerset,Winscombe,BS25 5QN,Has a sixth form,Mixed,Non-selective
137002,Freman College,Academy converter,Academies,Secondary,Hertfordshire,Buntingford,SG9 9BT,Has a sixth form,Mixed,Non-selective
137003,Fullbrook School,Academy converter,Academies,Secondary,Surrey,Addlestone,KT15 3HW,Has a sixth form,Mixed,Non-selective
137005,Graveney School,Academy converter,Academies,Secondary,Wandsworth,London,SW17 9BU,Has a sixth form,Mixed,Non-selective
137006,Langley Park School for Girls,Academy converter,Academies,Secondary,Bromley,Beckenham,BR3 3BE,Has a sixth form,Girls,Non-selective
137009,Rivers Academy West London,Academy converter,Academies,Secondary,Hounslow,Feltham,TW14 9PE,Has a sixth form,Mixed,Non-selective
137011,Minsthorpe Community College,Academy converter,Academies,Secondary,Wakefield,Pontefract,WF9 2UJ,Has a sixth form,Mixed,Non-selective
137013,Notley High School and Braintree Sixth Form,Academy converter,Academies,Secondary,Essex,Braintree,CM7 1WY,Has a sixth form,Mixed,Non-selective
137018,Kneller Hall School,Other independent school,Independent schools,Not applicable,Richmond upon Thames,Twickenham,TW1 4QG,Has a sixth form,Mixed,Selective
137028,Nower Hill High School,Academy converter,Academies,Secondary,Harrow,Pinner,HA5 5RP,Has a sixth form,Mixed,Non-selective
137033,Katharine Lady Berkeley's School,Academy converter,Academies,Secondary,Gloucestershire,Wotton-under-Edge,GL12 8RB,Has a sixth form,Mixed,Non-selective
137034,Holyhead School,Academy converter,Academies,Secondary,Birmingham,Birmingham,B21 0HN,Has a sixth form,Mixed,Non-selective
137038,Verulam School,Academy converter,Academies,Secondary,Hertfordshire,St Albans,AL1 4PR,Has a sixth form,Boys,Non-selective
137040,The Campion School,Academy converter,Academies,Secondary,Havering,Hornchurch,RM11 3BX,Has a sixth form,Boys,Non-selective
137043,King Edward VI Aston School,Academy converter,Academies,Secondary,Birmingham,Birmingham,B6 6DJ,Has a sixth form,Boys,Selective
137044,King Edward VI Camp Hill School for Girls,Academy converter,Academies,Secondary,Birmingham,Birmingham,B14 7QJ,Has a sixth form,Girls,Selective
137045,King Edward VI Camp Hill School for Boys,Academy converter,Academies,Secondary,Birmingham,Birmingham,B14 7QJ,Has a sixth form,Boys,Selective
137046,King Edward VI Five Ways School,Academy converter,Academies,Secondary,Birmingham,Birmingham,B32 4BT,Has a sixth form,Mixed,Selective
137047,King Edward VI Handsworth School,Academy converter,Academies,Secondary,Birmingham,Birmingham,B21 9AR,Has a sixth form,Girls,Selective
137048,Mayflower High School,Academy converter,Academies,Secondary,Essex,Billericay,CM12 0RT,Has a sixth form,Mixed,Non-selective
137049,Montsaye Academy,Academy converter,Academies,Secondary,North Northamptonshire,Kettering,NN14 6BB,Has a sixth form,Mixed,Non-selective
137052,E-Act Ousedale School,Academy converter,Academies,Secondary,Milton Keynes,Newport Pagnell,MK16 0BJ,Has a sixth form,Mixed,Non-selective
137053,Plantsbrook School,Academy converter,Academies,Secondary,Birmingham,Sutton Coldfield,B72 1RB,Has a sixth form,Mixed,Non-selective
137055,Sir John Leman High School,Academy converter,Academies,Secondary,Suffolk,Beccles,NR34 9PG,Has a sixth form,Mixed,Non-selective
137057,St Laurence School,Academy converter,Academies,Secondary,Wiltshire,Bradford-on-Avon,BA15 1DZ,Has a sixth form,Mixed,Non-selective
137058,St Mark's West Essex Catholic School,Academy converter,Academies,Secondary,Essex,Harlow,CM18 6AA,Has a sixth form,Mixed,Non-selective
137060,Tolworth Girls' School and Sixth Form,Academy converter,Academies,Secondary,Kingston upon Thames,Surbiton,KT6 7EY,Has a sixth form,Girls,Non-selective
137072,Hylands School,Academy converter,Academies,Secondary,Essex,Chelmsford,CM1 3ET,Has a sixth form,Mixed,Non-selective
137075,Park High School,Academy converter,Academies,Secondary,Harrow,Stanmore,HA7 1PL,Has a sixth form,Mixed,Non-selective
137077,Rosedale College,Academy converter,Academies,Secondary,Hillingdon,Hayes,UB3 2SE,Has a sixth form,Mixed,Non-selective
137078,Hewens College,Academy converter,Academies,Secondary,Hillingdon,Hayes,UB4 8JP,Has a sixth form,Mixed,Non-selective
137082,Nene Park Academy,Academy sponsor led,Academies,Secondary,Peterborough,Peterborough,PE2 7EA,Has a sixth form,Mixed,Non-selective
137083,Abbey Grange Church of England Academy,Academy converter,Academies,Secondary,Leeds,Leeds,LS16 5EA,Has a sixth form,Mixed,Non-selective
137085,Carlton Academy,Academy sponsor led,Academies,Secondary,Nottinghamshire,Nottingham,NG4 3SH,Has a sixth form,Mixed,Non-selective
137086,Bishop Stopford School,Academy converter,Academies,Secondary,North Northamptonshire,Kettering,NN15 6BJ,Has a sixth form,Mixed,Non-selective
137087,Campion School,Academy converter,Academies,Secondary,West Northamptonshire,Northampton,NN7 3QG,Has a sixth form,Mixed,Non-selective
137088,The Palmer Catholic Academy,Academy converter,Academies,Secondary,Redbridge,Ilford,IG3 8EU,Has a sixth form,Mixed,Non-selective
137089,Caroline Chisholm School,Academy converter,Academies,All-through,West Northamptonshire,Northampton,NN4 6TP,Has a sixth form,Mixed,Non-selective
137090,The Chauncy School,Academy converter,Academies,Secondary,Hertfordshire,Ware,SG12 0DP,Has a sixth form,Mixed,Non-selective
137091,Chesham Grammar School,Academy converter,Academies,Secondary,Buckinghamshire,Chesham,HP5 1BA,Has a sixth form,Mixed,Selective
137092,Diss High School,Academy converter,Academies,Secondary,Norfolk,Diss,IP22 4DH,Has a sixth form,Mixed,Non-selective
137093,Dunraven School,Academy converter,Academies,All-through,Lambeth,LONDON,SW16 2QB,Has a sixth form,Mixed,Non-selective
137094,Enfield Grammar School,Academy converter,Academies,Secondary,Enfield,Enfield,EN2 6LN,Has a sixth form,Boys,Non-selective
137097,Farmor's School,Academy converter,Academies,Secondary,Gloucestershire,Fairford,GL7 4JQ,Has a sixth form,Mixed,Non-selective
137099,Gravesend Grammar School,Academy converter,Academies,Secondary,Kent,Gravesend,DA12 2PR,Has a sixth form,Boys,Selective
137100,The Hart School,Academy sponsor led,Academies,Secondary,Staffordshire,Rugeley,WS15 2UE,Has a sixth form,Mixed,Non-selective
137101,Hanley Castle High School,Academy converter,Academies,Secondary,Worcestershire,Worcester,WR8 0BL,Has a sixth form,Mixed,Non-selective
137104,Hillview School for Girls,Academy converter,Academies,Secondary,Kent,Tonbridge,TN9 2HE,Has a sixth form,Girls,Non-selective
137107,Kirkby Stephen Grammar School,Academy converter,Academies,Secondary,Westmorland and Furness,Kirkby Stephen,CA17 4HA,Has a sixth form,Mixed,Non-selective
137110,Longdean School,Academy converter,Academies,Secondary,Hertfordshire,Hemel Hempstead,HP3 8JB,Has a sixth form,Mixed,Non-selective
137112,South Nottinghamshire Academy,Academy sponsor led,Academies,Secondary,Nottinghamshire,Nottingham,NG12 2FQ,Has a sixth form,Mixed,Non-selective
137117,Retford Oaks Academy,Academy sponsor led,Academies,Secondary,Nottinghamshire,Retford,DN22 7NJ,Has a sixth form,Mixed,Non-selective
137119,Leigh Academy Hundred of Hoo,Academy sponsor led,Academies,All-through,Medway,Rochester,ME3 9HH,Has a sixth form,Mixed,Non-selective
137121,Harris Academy Beckenham,Academy sponsor led,Academies,Secondary,Bromley,Beckenham,BR3 3SJ,Has a sixth form,Mixed,Non-selective
137123,Marling School,Academy converter,Academies,Secondary,Gloucestershire,Stroud,GL5 4HE,Has a sixth form,Boys,Selective
137124,Newton Abbot College,Academy converter,Academies,Secondary,Devon,Newton Abbot,TQ12 2NF,Has a sixth form,Mixed,Non-selective
137131,Queen Elizabeth's Girls' School,Academy converter,Academies,Secondary,Barnet,Barnet,EN5 5RR,Has a sixth form,Girls,Non-selective
137133,The Blue Coat CofE School,Academy converter,Academies,Secondary,Oldham,Oldham,OL1 3SQ,Has a sixth form,Mixed,Non-selective
137135,Sir Robert Pattinson Academy,Academy converter,Academies,Secondary,Lincolnshire,Lincoln,LN6 9AF,Has a sixth form,Mixed,Non-selective
137138,Lift Bexleyheath,Academy sponsor led,Academies,Secondary,Bexley,Bexleyheath,DA6 7DA,Has a sixth form,Mixed,Non-selective
137139,St Aidan's Church of England High School,Academy converter,Academies,Secondary,North Yorkshire,Harrogate,HG2 8JR,Has a sixth form,Mixed,Non-selective
137140,King Alfred's,Academy converter,Academies,Secondary,Oxfordshire,Wantage,OX12 9BY,Has a sixth form,Mixed,Non-selective
137152,Ormiston Rivers Academy,Academy sponsor led,Academies,Secondary,Essex,Burnham-on-Crouch,CM0 8QB,Has a sixth form,Mixed,Non-selective
137156,Leventhorpe,Academy converter,Academies,Secondary,Hertfordshire,Sawbridgeworth,CM21 9BY,Has a sixth form,Mixed,Non-selective
137157,The London Oratory School,Academy converter,Academies,Secondary,Hammersmith and Fulham,London,SW6 1RX,Has a sixth form,Boys,Non-selective
137158,The Manor Academy,Academy converter,Academies,Secondary,Nottinghamshire,Mansfield,NG19 8QA,Has a sixth form,Mixed,Non-selective
137159,The National CofE Academy,Academy converter,Academies,Secondary,Nottinghamshire,Nottingham,NG15 7DB,Has a sixth form,Mixed,Non-selective
137160,The Ridgeway School & Sixth Form College,Academy converter,Academies,Secondary,Swindon,Swindon,SN4 9DJ,Has a sixth form,Mixed,Non-selective
137161,The Robert Smyth Academy,Academy converter,Academies,Secondary,Leicestershire,Market Harborough,LE16 7JG,Has a sixth form,Mixed,Non-selective
137162,The Stourport High School and Sixth Form College,Academy converter,Academies,Secondary,Worcestershire,Stourport-on-Severn,DY13 8AX,Has a sixth form,Mixed,Non-selective
137163,The Thomas Hardye School,Academy converter,Academies,Secondary,Dorset,Dorchester,DT1 2ET,Has a sixth form,Mixed,Non-selective
137164,Staffordshire University Academy,Academy sponsor led,Academies,Secondary,Staffordshire,Cannock,WS12 4JH,Has a sixth form,Mixed,Non-selective
137166,"The King's School, Grantham",Academy converter,Academies,Secondary,Lincolnshire,Grantham,NG31 6RP,Has a sixth form,Boys,Selective
137167,Trinity High School and Sixth Form Centre,Academy converter,Academies,Secondary,Worcestershire,Redditch,B98 8HB,Has a sixth form,Mixed,Non-selective
137169,Vandyke Upper School,Academy converter,Academies,Secondary,Central Bedfordshire,Leighton Buzzard,LU7 3DY,Has a sixth form,Mixed,Non-selective
137171,Wirral Grammar School for Girls,Academy converter,Academies,Secondary,Wirral,Wirral,CH63 3AF,Has a sixth form,Girls,Selective
137176,Coombeshead Academy,Academy converter,Academies,Secondary,Devon,Newton Abbot,TQ12 1PT,Has a sixth form,Mixed,Non-selective
137177,Harrow High School,Academy converter,Academies,Secondary,Harrow,Harrow,HA1 2JG,Has a sixth form,Mixed,Non-selective
137178,Bentley Wood High School,Academy converter,Academies,Secondary,Harrow,Stanmore,HA7 3JW,Has a sixth form,Girls,Non-selective
137181,The UCL Academy,Academy sponsor led,Academies,Secondary,Camden,Camden,NW3 3AQ,Has a sixth form,Mixed,Non-selective
137184,Nottingham Girls' Academy,Academy sponsor led,Academies,Secondary,Nottingham,Nottingham,NG8 3LD,Has a sixth form,Girls,Non-selective
137188,Lift Tendring,Academy converter,Academies,Secondary,Essex,Frinton-on-Sea,CO13 0AZ,Has a sixth form,Mixed,Non-selective
137190,The Commonweal School,Academy converter,Academies,Secondary,Swindon,Swindon,SN1 4JE,Has a sixth form,Mixed,Non-selective
137198,Rooks Heath School,Academy converter,Academies,Secondary,Harrow,Harrow,HA2 9AH,Has a sixth form,Mixed,Non-selective
137199,Canons High School,Academy converter,Academies,Secondary,Harrow,Edgware,HA8 6AN,Has a sixth form,Mixed,Non-selective
137204,Hatch End High School,Academy converter,Academies,Secondary,Harrow,Harrow,HA3 6NR,Has a sixth form,Mixed,Non-selective
137205,Dallam School,Academy converter,Academies,Secondary,Westmorland and Furness,Cumbria,LA7 7DD,Has a sixth form,Mixed,Non-selective
137206,Tor Bridge High,Academy converter,Academies,Secondary,Plymouth,Plymouth,PL6 8UN,Has a sixth form,Mixed,Non-selective
137209,West Coventry Academy,Academy converter,Academies,Secondary,Coventry,Coventry,CV4 9PW,Has a sixth form,Mixed,Non-selective
137213,Carre's Grammar School,Academy converter,Academies,Secondary,Lincolnshire,Sleaford,NG34 7DD,Has a sixth form,Mixed,Selective
137215,The Chalfonts Community College,Academy converter,Academies,Secondary,Buckinghamshire,Gerrards Cross,SL9 8TP,Has a sixth form,Mixed,Non-selective
137219,Dr Challoner's High School,Academy converter,Academies,Secondary,Buckinghamshire,Amersham,HP7 9QB,Has a sixth form,Girls,Selective
137221,Drayton Manor High School,Academy converter,Academies,Secondary,Ealing,London,W7 1EU,Has a sixth form,Mixed,Non-selective
137224,Mount Grace School,Academy converter,Academies,Secondary,Hertfordshire,Potters Bar,EN6 1EZ,Has a sixth form,Mixed,Non-selective
137225,The Westwood Academy,Academy converter,Academies,Secondary,Coventry,Coventry,CV4 8DY,Has a sixth form,Mixed,Non-selective
137227,Wilmington Grammar School for Boys,Academy converter,Academies,Secondary,Kent,Dartford,DA2 7DA,Has a sixth form,Boys,Selective
137230,Kingdown School,Academy converter,Academies,Secondary,Wiltshire,Warminster,BA12 9DR,Has a sixth form,Mixed,Non-selective
137233,Sacred Heart of Mary Girls' School,Academy converter,Academies,Secondary,Havering,Upminster,RM14 2QR,Has a sixth form,Girls,Non-selective
137235,Stratford Girls' Grammar School,Academy converter,Academies,Secondary,Warwickshire,Stratford-upon-Avon,CV37 9HA,Has a sixth form,Girls,Selective
137236,Stratford Upon Avon School,Academy converter,Academies,Secondary,Warwickshire,Stratford-upon-Avon,CV37 9DH,Has a sixth form,Mixed,Non-selective
137240,The Sandon School,Academy converter,Academies,Secondary,Essex,Chelmsford,CM2 7AQ,Has a sixth form,Mixed,Non-selective
137241,Thurstable School,Academy converter,Academies,Secondary,Essex,Colchester,CO5 0EW,Does not have a sixth form,Mixed,Non-selective
137243,West Kirby Grammar School,Academy converter,Academies,Secondary,Wirral,Wirral,CH48 5DP,Has a sixth form,Girls,Selective
137248,St Peter's School,Academy converter,Academies,Secondary,Cambridgeshire,Huntingdon,PE29 7DD,Has a sixth form,Mixed,Non-selective
137250,Wilmington Grammar School for Girls,Academy converter,Academies,Secondary,Kent,Dartford,DA2 7BB,Has a sixth form,Girls,Selective
137251,Appleby Grammar School,Academy converter,Academies,Secondary,Westmorland and Furness,Appleby-in-Westmorland,CA16 6XU,Has a sixth form,Mixed,Non-selective
137252,William Howard School,Academy converter,Academies,Secondary,Cumberland,Brampton,CA8 1AR,Has a sixth form,Mixed,Non-selective
137254,Caldew School,Academy converter,Academies,Secondary,Cumberland,Carlisle,CA5 7NN,Has a sixth form,Mixed,Non-selective
137259,Baylis Court School,Academy converter,Academies,Secondary,Slough,Slough,SL1 3AH,Has a sixth form,Girls,Non-selective
137260,Chelmer Valley High School,Academy converter,Academies,Secondary,Essex,Chelmsford,CM1 7ER,Has a sixth form,Mixed,Non-selective
137261,John Colet School,Academy converter,Academies,Secondary,Buckinghamshire,Aylesbury,HP22 6HF,Has a sixth form,Mixed,Non-selective
137263,Hazelwick School,Academy converter,Academies,Secondary,West Sussex,Crawley,RH10 1SX,Has a sixth form,Mixed,Non-selective
137264,Lydiard Park Academy,Academy converter,Academies,Secondary,Swindon,Swindon,SN5 6HN,Has a sixth form,Mixed,Non-selective
137267,Ranelagh School,Academy converter,Academies,Secondary,Bracknell Forest,Bracknell,RG12 9DA,Has a sixth form,Mixed,Non-selective
137270,Sir John Lawes School,Academy converter,Academies,Secondary,Hertfordshire,Harpenden,AL5 4QP,Has a sixth form,Mixed,Non-selective
137272,Blue Coat Church of England School and Music College,Academy converter,Academies,Secondary,Coventry,Coventry,CV1 2BA,Has a sixth form,Mixed,Non-selective
137274,Bloxwich Academy,Academy sponsor led,Academies,All-through,Walsall,Walsall,WS2 7NR,Not applicable,Mixed,Non-selective
137280,Chiltern Hills Academy,Academy sponsor led,Academies,Secondary,Buckinghamshire,Chesham,HP5 2RG,Has a sixth form,Mixed,Non-selective
137282,University Academy Holbeach,Academy sponsor led,Academies,Secondary,Lincolnshire,Spalding,PE12 7PU,Has a sixth form,Mixed,Non-selective
137285,The Blue School,Academy converter,Academies,Secondary,Somerset,Wells,BA5 2NR,Has a sixth form,Mixed,Non-selective
137287,Slough and Eton Church of England Business and Enterprise College,Academy converter,Academies,Secondary,Slough,Slough,SL1 2PU,Has a sixth form,Mixed,Non-selective
137288,Hitchin Girls' School,Academy converter,Academies,Secondary,Hertfordshire,Hitchin,SG4 9RS,Has a sixth form,Girls,Non-selective
137289,Altrincham Grammar School for Girls,Academy converter,Academies,Secondary,Trafford,Altrincham,WA14 2NL,Has a sixth form,Girls,Selective
137294,The Crompton House Church of England Academy,Academy converter,Academies,Secondary,Oldham,Oldham,OL2 7HS,Has a sixth form,Mixed,Non-selective
137299,Richard Challoner School,Academy converter,Academies,Secondary,Kingston upon Thames,New Malden,KT3 5PE,Has a sixth form,Boys,Non-selective
137302,King Edward VI School,Academy converter,Academies,Secondary,Warwickshire,Stratford-upon-Avon,CV37 6BE,Has a sixth form,Boys,Selective
137305,St Ivo Academy,Academy converter,Academies,Secondary,Cambridgeshire,St Ives,PE27 6RR,Has a sixth form,Mixed,Non-selective
137306,Hessle High School and Penshurst Primary School,Academy converter,Academies,All-through,East Riding of Yorkshire,Hessle,HU13 0JQ,Has a sixth form,Mixed,Non-selective
137308,Malmesbury School,Academy converter,Academies,Secondary,Wiltshire,Malmesbury,SN16 0DF,Has a sixth form,Mixed,Non-selective
137309,The King David High School,Academy converter,Academies,Secondary,Manchester,Manchester,M8 5DY,Has a sixth form,Mixed,Non-selective
137310,St Thomas More High School,Academy converter,Academies,Secondary,Southend-on-Sea,Westcliff-on-Sea,SS0 0BW,Has a sixth form,Boys,Non-selective
137312,St Bernard's High School,Academy converter,Academies,Secondary,Southend-on-Sea,Westcliff-on-Sea,SS0 7JS,Has a sixth form,Girls,Non-selective
137313,Sexey's School,Academy converter,Academies,Secondary,Somerset,Bruton,BA10 0DF,Has a sixth form,Mixed,Non-selective
137319,Tuxford Academy,Academy converter,Academies,Secondary,Nottinghamshire,Newark,NG22 0JH,Has a sixth form,Mixed,Non-selective
137321,Felixstowe School,Academy sponsor led,Academies,Secondary,Suffolk,Felixstowe,IP11 9QR,Has a sixth form,Mixed,Non-selective
137333,Guildhouse School,Other independent school,Independent schools,Not applicable,Camden,London,WC1A 2RA,Has a sixth form,Mixed,Not applicable
137339,St Albans Girls' School,Academy converter,Academies,Secondary,Hertfordshire,St Albans,AL3 6DB,Has a sixth form,Girls,Non-selective
137343,Amersham School,Academy converter,Academies,Secondary,Buckinghamshire,Amersham,HP7 9HH,Has a sixth form,Mixed,Non-selective
137344,Royal Latin School,Academy converter,Academies,Secondary,Buckinghamshire,Buckingham,MK18 1AX,Has a sixth form,Mixed,Selective
137345,Oaklands Catholic School,Academy converter,Academies,Secondary,Hampshire,Waterlooville,PO7 7BW,Has a sixth form,Mixed,Non-selective
137346,Hillcrest School and Sixth Form Centre,Academy converter,Academies,Secondary,Birmingham,Birmingham,B32 3AE,Has a sixth form,Girls,Non-selective
137349,St Peter's Catholic Comprehensive School,Academy converter,Academies,All-through,"Bournemouth, Christchurch and Poole",Bournemouth,BH6 4AH,Has a sixth form,Mixed,Non-selective
137352,"Shelley College, A Share Academy",Academy converter,Academies,Secondary,Kirklees,Huddersfield,HD8 8NL,Has a sixth form,Mixed,Non-selective
137353,The St Marylebone CofE School,Academy converter,Academies,Secondary,Westminster,London,W1U 5BA,Has a sixth form,Girls,Non-selective
137355,Waddesdon Church of England School,Academy converter,Academies,Secondary,Buckinghamshire,Aylesbury,HP18 0LQ,Has a sixth form,Mixed,Non-selective
137356,Biddulph High School,Academy converter,Academies,Secondary,Staffordshire,Stoke-on-Trent,ST8 7AR,Has a sixth form,Mixed,Non-selective
137357,Wallingford School,Academy converter,Academies,Secondary,Oxfordshire,Wallingford,OX10 8HH,Has a sixth form,Mixed,Non-selective
137360,Whickham School,Academy converter,Academies,Secondary,Gateshead,Newcastle-upon-Tyne,NE16 5AR,Has a sixth form,Mixed,Non-selective
137361,Clarion,Academy converter,Academies,Secondary,Barnet,London,NW2 1TR,Has a sixth form,Mixed,Non-selective
137369,Trinity School,Academy converter,Academies,Secondary,Cumberland,Carlisle,CA1 1JB,Has a sixth form,Mixed,Non-selective
137375,St Augustine's Catholic College,Academy converter,Academies,Secondary,Wiltshire,Trowbridge,BA14 9EN,Has a sixth form,Mixed,Non-selective
137376,The Thomas Aveling School,Academy converter,Academies,Secondary,Medway,Rochester,ME1 2UW,Has a sixth form,Mixed,Non-selective
137377,"Abbey College, Ramsey",Academy converter,Academies,Secondary,Cambridgeshire,Ramsey,PE26 1DG,Has a sixth form,Mixed,Non-selective
137379,Harris Girls Academy Bromley,Academy converter,Academies,Secondary,Bromley,Beckenham,BR3 1QR,Has a sixth form,Girls,Non-selective
137382,Wyedean School and Sixth Form Centre,Academy converter,Academies,Secondary,Gloucestershire,Chepstow,NP16 7AA,Has a sixth form,Mixed,Non-selective
137383,Woodkirk Academy,Academy converter,Academies,Secondary,Leeds,Wakefield,WF3 1JQ,Has a sixth form,Mixed,Non-selective
137384,Cannock Chase High School,Academy converter,Academies,Secondary,Staffordshire,Cannock,WS11 1JT,Has a sixth form,Mixed,Non-selective
137386,Mill Hill County High School,Academy converter,Academies,Secondary,Barnet,London,NW7 4LL,Has a sixth form,Mixed,Non-selective
137387,Dene Magna and Sixth Form,Academy converter,Academies,Secondary,Gloucestershire,Mitcheldean,GL17 0DU,Has a sixth form,Mixed,Non-selective
137388,Christ's College Finchley,Academy converter,Academies,Secondary,Barnet,London,N2 0SE,Has a sixth form,Mixed,Non-selective
137389,Chatham Grammar,Academy converter,Academies,Secondary,Medway,Chatham,ME5 7EH,Has a sixth form,Girls,Selective
137407,Bishop Ramsey Church of England School,Academy converter,Academies,Secondary,Hillingdon,Ruislip,HA4 8EE,Has a sixth form,Mixed,Non-selective
137409,The Becket School,Academy converter,Academies,Secondary,Nottinghamshire,West Bridgford,NG2 7QY,Has a sixth form,Mixed,Non-selective
137418,The Ursuline Academy Ilford,Academy converter,Academies,Secondary,Redbridge,Ilford,IG1 4JU,Has a sixth form,Girls,Non-selective
137421,Accrington St Christopher's Church of England High School,Academy converter,Academies,Secondary,Lancashire,Accrington,BB5 4AY,Has a sixth form,Mixed,Non-selective
137423,Chislehurst and Sidcup Grammar School,Academy converter,Academies,Secondary,Bexley,Sidcup,DA15 9AG,Has a sixth form,Mixed,Selective
137424,Batley Girls' High School,Academy converter,Academies,Secondary,Kirklees,Batley,WF17 0LD,Has a sixth form,Girls,Non-selective
137436,Formby High School,Academy converter,Academies,Secondary,Sefton,Liverpool,L37 3HW,Has a sixth form,Mixed,Non-selective
137440,Cotham School,Academy converter,Academies,Secondary,"Bristol, City of",Bristol,BS6 6DT,Has a sixth form,Mixed,Non-selective
137442,Clapton Girls' Academy,Academy converter,Academies,Secondary,Hackney,London,E5 0RB,Has a sixth form,Girls,Non-selective
137446,Haberdashers' Adams,Academy converter,Academies,Secondary,Telford and Wrekin,Newport,TF10 7BD,Has a sixth form,Mixed,Selective
137447,Lincoln Christ's Hospital School,Academy converter,Academies,Secondary,Lincolnshire,Lincoln,LN2 4PN,Has a sixth form,Mixed,Non-selective
137449,Holmes Chapel Comprehensive School,Academy converter,Academies,Secondary,Cheshire East,Crewe,CW4 7DX,Has a sixth form,Mixed,Non-selective
137452,Bournemouth School,Academy converter,Academies,Secondary,"Bournemouth, Christchurch and Poole",Bournemouth,BH8 9PY,Has a sixth form,Boys,Selective
137453,The Vale Academy,Academy converter,Academies,Secondary,North Lincolnshire,Brigg,DN20 8AR,Has a sixth form,Mixed,Non-selective
137456,St Clere's School,Academy converter,Academies,Secondary,Thurrock,Stanford-le-Hope,SS17 0NW,Has a sixth form,Mixed,Non-selective
137457,Cramlington Learning Village,Academy converter,Academies,Secondary,Northumberland,Cramlington,NE23 6BN,Has a sixth form,Mixed,Non-selective
137458,Brockhill Park Performing Arts College,Academy converter,Academies,Secondary,Kent,Hythe,CT21 4HL,Has a sixth form,Mixed,Non-selective
137461,Wymondham High Academy,Academy converter,Academies,Secondary,Norfolk,Wymondham,NR18 0QT,Has a sixth form,Mixed,Non-selective
137462,Cedars Upper School,Academy converter,Academies,Secondary,Central Bedfordshire,Leighton Buzzard,LU7 2AE,Has a sixth form,Mixed,Non-selective
137465,St Bartholomew's School,Academy converter,Academies,Secondary,West Berkshire,Newbury,RG14 6JP,Has a sixth form,Mixed,Non-selective
137474,Barton Court Grammar School,Academy converter,Academies,Secondary,Kent,Canterbury,CT1 1PH,Has a sixth form,Mixed,Selective
137475,Hinchingbrooke School,Academy converter,Academies,Secondary,Cambridgeshire,Huntingdon,PE29 3BN,Has a sixth form,Mixed,Non-selective
137476,Wirral Grammar School for Boys,Academy converter,Academies,Secondary,Wirral,Wirral,CH63 3AQ,Has a sixth form,Boys,Selective
137484,Homewood School and Sixth Form Centre,Academy converter,Academies,Secondary,Kent,Tenterden,TN30 6LT,Has a sixth form,Mixed,Non-selective
137491,Sandbach School,Free schools,Free Schools,Secondary,Cheshire East,Sandbach,CW11 3NS,Has a sixth form,Boys,Non-selective
137514,Chesterfield High School,Academy converter,Academies,Secondary,Sefton,Liverpool,L23 9YB,Has a sixth form,Mixed,Non-selective
137515,Colchester County High School for Girls,Academy converter,Academies,Secondary,Essex,Colchester,CO3 3US,Has a sixth form,Girls,Selective
137520,Maghull High School,Academy converter,Academies,Secondary,Sefton,Liverpool,L31 7AW,Has a sixth form,Mixed,Non-selective
137523,Wellsway School,Academy converter,Academies,Secondary,Bath and North East Somerset,Bristol,BS31 1PH,Has a sixth form,Mixed,Non-selective
137530,New London College,Other independent school,Independent schools,Not applicable,Hounslow,London,TW3 3HW,Has a sixth form,Mixed,Not applicable
137531,Alexandra Park School,Academy converter,Academies,Secondary,Haringey,London,N11 2AZ,Has a sixth form,Mixed,Non-selective
137532,Goffs Academy,Academy converter,Academies,Secondary,Hertfordshire,Waltham Cross,EN7 5QW,Has a sixth form,Mixed,Non-selective
137533,Deyes High School,Academy converter,Academies,Secondary,Sefton,Liverpool,L31 6DE,Has a sixth form,Mixed,Non-selective
137539,Hasmonean High School for Boys,Academy converter,Academies,Secondary,Barnet,London,NW4 1NA,Has a sixth form,Boys,Non-selective
137546,Twyford Church of England High School,Academy converter,Academies,Secondary,Ealing,London,W3 9PP,Has a sixth form,Mixed,Non-selective
137548,Writhlington School,Academy converter,Academies,Secondary,Bath and North East Somerset,Radstock,BA3 3NQ,Has a sixth form,Mixed,Non-selective
137549,Harris Academy Chafford Hundred,Academy converter,Academies,Secondary,Thurrock,Grays,RM16 6SA,Has a sixth form,Mixed,Non-selective
137553,The Weston Road Academy,Academy converter,Academies,Secondary,Staffordshire,Stafford,ST18 0YG,Has a sixth form,Mixed,Non-selective
137558,Highams Park School,Academy converter,Academies,Secondary,Waltham Forest,London,E4 9PJ,Has a sixth form,Mixed,Non-selective
137560,Redstone Academy for Boys,Other independent school,Independent schools,Not applicable,Birmingham,Birmingham,B12 9AN,Does not have a sixth form,Boys,Not applicable
137561,The Imam Muhammad Adam Institute School,Other independent school,Independent schools,Not applicable,Leicester,Leicester,LE5 3LD,Does not have a sixth form,Mixed,Not applicable
137564,Burnham Grammar School,Academy converter,Academies,Secondary,Buckinghamshire,Slough,SL1 7HG,Has a sixth form,Mixed,Selective
137567,Croydon Metropolitan College,Other independent school,Independent schools,Not applicable,Croydon,Croydon,CR0 1DN,Has a sixth form,Mixed,Non-selective
137572,Bourne Academy,Academy converter,Academies,Secondary,Lincolnshire,Bourne,PE10 9DT,Has a sixth form,Mixed,Non-selective
137581,Leigh Academy Ebbsfleet,Academy sponsor led,Academies,Secondary,Kent,Swanscombe,DA10 0BZ,Has a sixth form,Mixed,Non-selective
137595,Epsom and Ewell High School,Academy converter,Academies,Secondary,Surrey,Epsom,KT19 9JW,Has a sixth form,Mixed,Non-selective
137598,Berwick Academy,Academy converter,Academies,Secondary,Northumberland,Berwick-upon-Tweed,TD15 2JF,Has a sixth form,Mixed,Non-selective
137603,Ridgewood School,Academy converter,Academies,Secondary,Doncaster,Doncaster,DN5 7UB,Has a sixth form,Mixed,Non-selective
137606,Heanor Gate Spencer Academy,Academy converter,Academies,Secondary,Derbyshire,Heanor,DE75 7RA,Has a sixth form,Mixed,Non-selective
137609,Saint George's Church of England School,Academy converter,Academies,All-through,Kent,Gravesend,DA11 7LS,Has a sixth form,Mixed,Non-selective
137612,Range High School,Academy converter,Academies,Secondary,Sefton,Liverpool,L37 2YN,Has a sixth form,Mixed,Non-selective
137613,Manor School,Academy converter,Academies,Secondary,North Northamptonshire,Wellingborough,NN9 6PA,Has a sixth form,Mixed,Non-selective
137614,Moulton School and Science College,Academy converter,Academies,Secondary,West Northamptonshire,Northampton,NN3 7SD,Has a sixth form,Mixed,Non-selective
137621,Sheringham High School,Academy converter,Academies,Secondary,Norfolk,Sheringham,NR26 8ND,Has a sixth form,Mixed,Non-selective
137622,Carmel College,Academy converter,Academies,Secondary,Darlington,Darlington,DL3 8RW,Has a sixth form,Mixed,Non-selective
137625,The Chase,Academy converter,Academies,Secondary,Worcestershire,Malvern,WR14 3NZ,Has a sixth form,Mixed,Non-selective
137627,St Bede's Catholic College,Academy converter,Academies,Secondary,"Bristol, City of",Bristol,BS11 0SU,Has a sixth form,Mixed,Non-selective
137628,The Joseph Whitaker School,Academy converter,Academies,Secondary,Nottinghamshire,Mansfield,NG21 0AG,Has a sixth form,Mixed,Non-selective
137630,Walderslade School,Academy converter,Academies,Secondary,Medway,Chatham,ME5 0LE,Has a sixth form,Girls,Non-selective
137632,Etonbury Academy,Academy converter,Academies,Middle deemed secondary,Central Bedfordshire,Arlesey,SG15 6XS,Has a sixth form,Mixed,Not applicable
137633,Bishopshalt School,Academy converter,Academies,Secondary,Hillingdon,Uxbridge,UB8 3RF,Has a sixth form,Mixed,Non-selective
137634,Churchdown School,Academy converter,Academies,Secondary,Gloucestershire,Gloucester,GL3 2RB,Has a sixth form,Mixed,Non-selective
137635,Vyners School,Academy converter,Academies,Secondary,Hillingdon,Uxbridge,UB10 8AB,Has a sixth form,Mixed,Non-selective
137637,Birchwood High School,Academy converter,Academies,Secondary,Hertfordshire,Bishop's Stortford,CM23 5BD,Has a sixth form,Mixed,Non-selective
137638,Consett Academy,Academy sponsor led,Academies,Secondary,County Durham,Consett,DH8 6LZ,Has a sixth form,Mixed,Non-selective
137640,Rawlins,Academy converter,Academies,Secondary,Leicestershire,Loughborough,LE12 8DY,Has a sixth form,Mixed,Non-selective
137645,Hendon School,Academy converter,Academies,Secondary,Barnet,London,NW4 2HP,Has a sixth form,Mixed,Non-selective
137650,Kingsbury Green Academy,Academy converter,Academies,Secondary,Wiltshire,Calne,SN11 8YH,Has a sixth form,Mixed,Non-selective
137667,Kesteven and Sleaford High School Selective Academy,Academy converter,Academies,Secondary,Lincolnshire,Sleaford,NG34 7RS,Has a sixth form,Girls,Selective
137673,Ormiston Forge Academy,Academy sponsor led,Academies,Secondary,Sandwell,Cradley Heath,B64 6QU,Has a sixth form,Mixed,Non-selective
137678,The Hollyfield School and Sixth Form Centre,Academy converter,Academies,Secondary,Kingston upon Thames,Surbiton,KT6 4TU,Has a sixth form,Mixed,Non-selective
137685,Kingsbury High School,Academy converter,Academies,Secondary,Brent,London,NW9 9JR,Has a sixth form,Mixed,Non-selective
137687,The Sittingbourne School,Academy sponsor led,Academies,Secondary,Kent,Sittingbourne,ME10 4NL,Has a sixth form,Mixed,Non-selective
137695,Cox Green School,Academy converter,Academies,Secondary,Windsor and Maidenhead,Maidenhead,SL6 3AX,Has a sixth form,Mixed,Non-selective
137696,Framwellgate School Durham,Academy converter,Academies,Secondary,County Durham,Durham,DH1 5BQ,Has a sixth form,Mixed,Non-selective
137702,St John's Catholic School & Sixth Form College,Academy converter,Academies,Secondary,County Durham,Bishop Auckland,DL14 6JT,Has a sixth form,Mixed,Non-selective
137704,Otley Prince Henry's Grammar School Specialist Language College,Academy converter,Academies,Secondary,Leeds,Otley,LS21 2BB,Has a sixth form,Mixed,Non-selective
137707,The Streetly Academy,Academy converter,Academies,Secondary,Walsall,Sutton Coldfield,B74 2EX,Has a sixth form,Mixed,Non-selective
137708,Sacred Heart Catholic High School,Academy converter,Academies,Secondary,Newcastle upon Tyne,Newcastle-upon-Tyne,NE4 9YH,Has a sixth form,Girls,Non-selective
137726,Herschel Grammar School,Academy converter,Academies,Secondary,Slough,Slough,SL1 3BW,Has a sixth form,Mixed,Selective
137727,Anglo European School,Academy converter,Academies,Secondary,Essex,Ingatestone,CM4 0DJ,Has a sixth form,Mixed,Non-selective
137729,Featherstone High School,Academy converter,Academies,Secondary,Ealing,Southall,UB2 5HF,Has a sixth form,Mixed,Non-selective
137730,Heath Park,Academy converter,Academies,Secondary,Wolverhampton,Wolverhampton,WV11 1RD,Has a sixth form,Mixed,Non-selective
137733,Shoeburyness High School,Academy converter,Academies,Secondary,Southend-on-Sea,Southend-on-Sea,SS3 9LL,Has a sixth form,Mixed,Non-selective
137734,St Thomas More Catholic High School,Academy converter,Academies,Secondary,North Tyneside,North Shields,NE29 8LF,Has a sixth form,Mixed,Non-selective
137736,Rosebery School,Academy converter,Academies,Secondary,Surrey,Epsom,KT18 7NQ,Has a sixth form,Girls,Non-selective
137739,Cranbrook School,Academy converter,Academies,Secondary,Kent,Cranbrook,TN17 3JD,Has a sixth form,Mixed,Selective
137740,Furze Platt Senior School,Academy converter,Academies,Secondary,Windsor and Maidenhead,Maidenhead,SL6 7NQ,Has a sixth form,Mixed,Non-selective
137746,The King Edward VI School,Academy converter,Academies,Secondary,Northumberland,Morpeth,NE61 1DN,Has a sixth form,Mixed,Non-selective
137752,Tewkesbury Academy,Academy converter,Academies,Secondary,Gloucestershire,Tewkesbury,GL20 8DF,Has a sixth form,Mixed,Non-selective
137753,Bradley Stoke Community School,Academy converter,Academies,All-through,South Gloucestershire,Bristol,BS32 9BS,Has a sixth form,Mixed,Non-selective
137754,Norbury High School for Girls,Academy converter,Academies,Secondary,Croydon,Thornton Heath,CR7 8BT,Has a sixth form,Girls,Non-selective
137755,Brixham College,Academy converter,Academies,Secondary,Torbay,Brixham,TQ5 9HF,Has a sixth form,Mixed,Non-selective
137757,Bishop's Hatfield Girls' School,Academy converter,Academies,Secondary,Hertfordshire,Hatfield,AL10 8NL,Has a sixth form,Girls,Non-selective
137763,The Brunts Academy,Academy converter,Academies,Secondary,Nottinghamshire,Mansfield,NG18 2AT,Has a sixth form,Mixed,Non-selective
137766,Campion School,Academy converter,Academies,Secondary,Warwickshire,Leamington Spa,CV31 1QH,Has a sixth form,Mixed,Non-selective
137767,Higham Lane School,Academy converter,Academies,Secondary,Warwickshire,Nuneaton,CV10 0BJ,Has a sixth form,Mixed,Non-selective
137769,Townley Grammar School,Academy converter,Academies,Secondary,Bexley,Bexleyheath,DA6 7AB,Has a sixth form,Girls,Selective
137770,Aylesford School Warwick,Academy converter,Academies,All-through,Warwickshire,Warwick,CV34 6XR,Has a sixth form,Mixed,Non-selective
137771,Etone College,Academy converter,Academies,Secondary,Warwickshire,Nuneaton,CV11 6AA,Has a sixth form,Mixed,Non-selective
137772,Shirley High School Performing Arts College,Academy converter,Academies,Secondary,Croydon,Croydon,CR0 5EF,Has a sixth form,Mixed,Non-selective
137775,Horsforth School,Academy converter,Academies,Secondary,Leeds,Leeds,LS18 5RF,Has a sixth form,Mixed,Non-selective
137777,Denefield School,Academy converter,Academies,Secondary,West Berkshire,Reading,RG31 6XY,Has a sixth form,Mixed,Non-selective
137781,Ash Green School,Academy converter,Academies,Secondary,Warwickshire,Coventry,CV7 9AH,Has a sixth form,Mixed,Non-selective
137782,The Regis School,Academy sponsor led,Academies,Secondary,West Sussex,West Sussex,PO21 5LH,Has a sixth form,Mixed,Non-selective
137789,Mulberry Academy Shoreditch,Academy converter,Academies,Secondary,Tower Hamlets,London,E2 6NW,Has a sixth form,Mixed,Non-selective
137790,Plume School,Academy converter,Academies,Secondary,Essex,Maldon,CM9 6AB,Has a sixth form,Mixed,Non-selective
137791,King's Academy Bay House,Academy converter,Academies,Secondary,Hampshire,Gosport,PO12 2QP,Has a sixth form,Mixed,Non-selective
137793,Bourne Grammar School,Academy converter,Academies,Secondary,Lincolnshire,Bourne,PE10 9JE,Has a sixth form,Mixed,Selective
137798,Bluecoat Aspley Academy,Academy converter,Academies,Secondary,Nottingham,Nottingham,NG8 5GY,Has a sixth form,Mixed,Non-selective
137800,Borden Grammar School,Academy converter,Academies,Secondary,Kent,Sittingbourne,ME10 4DB,Has a sixth form,Boys,Selective
137801,Trinity CofE High School,Academy converter,Academies,Secondary,Manchester,Manchester,M15 6HP,Has a sixth form,Mixed,Non-selective
137815,Weatherhead High School,Academy converter,Academies,Secondary,Wirral,Wallasey,CH44 3HS,Has a sixth form,Girls,Non-selective
137822,Westwood High,Other independent school,Independent schools,Not applicable,Oldham,Oldham,OL9 6HR,Has a sixth form,Girls,Not applicable
137826,Impington Village College,Academy converter,Academies,Secondary,Cambridgeshire,Cambridge,CB24 9LX,Has a sixth form,Mixed,Non-selective
137829,Northwood School,Academy converter,Academies,Secondary,Hillingdon,Northwood,HA6 1QN,Has a sixth form,Mixed,Non-selective
137830,Joseph Leckie Academy,Academy converter,Academies,Secondary,Walsall,Walsall,WS5 4PG,Has a sixth form,Mixed,Non-selective
137833,The Maplesden Noakes School,Academy converter,Academies,Secondary,Kent,Maidstone,ME16 0TJ,Has a sixth form,Mixed,Non-selective
137834,"Mayfield Grammar School, Gravesend",Academy converter,Academies,Secondary,Kent,Gravesend,DA11 0JE,Has a sixth form,Girls,Selective
137837,The Folkestone School for Girls,Academy converter,Academies,Secondary,Kent,Folkestone,CT20 3RB,Has a sixth form,Girls,Selective
137842,Hall Cross Academy,Academy converter,Academies,Secondary,Doncaster,Doncaster,DN1 2HY,Has a sixth form,Mixed,Non-selective
137843,Cheadle Hulme High School,Academy converter,Academies,Secondary,Stockport,Cheadle,SK8 7JY,Has a sixth form,Mixed,Non-selective
137844,Barnhill Community High School,Academy converter,Academies,Secondary,Hillingdon,Hayes,UB4 9LE,Has a sixth form,Mixed,Non-selective
137847,Stanborough School,Academy converter,Academies,Secondary,Hertfordshire,Welwyn Garden City,AL8 6YR,Has a sixth form,Mixed,Non-selective
137848,Coombe Girls' School,Academy converter,Academies,Secondary,Kingston upon Thames,New Malden,KT3 3TU,Has a sixth form,Girls,Non-selective
137849,St Alban's Catholic High School,Academy converter,Academies,Secondary,Suffolk,Ipswich,IP4 3NJ,Has a sixth form,Mixed,Non-selective
137851,"St Thomas More Catholic School, Blaydon",Academy converter,Academies,Secondary,Gateshead,Blaydon-on-Tyne,NE21 4BQ,Has a sixth form,Mixed,Non-selective
137852,"Cardinal Hume Catholic School, Gateshead",Academy converter,Academies,Secondary,Gateshead,Gateshead,NE9 6RZ,Has a sixth form,Mixed,Non-selective
137855,Hinchley Wood School,Academy converter,Academies,Secondary,Surrey,Esher,KT10 0AQ,Has a sixth form,Mixed,Non-selective
137857,Quarrydale Academy,Academy converter,Academies,Secondary,Nottinghamshire,Sutton-in-Ashfield,NG17 2DU,Has a sixth form,Mixed,Non-selective
137859,Coombe Boys' School,Academy converter,Academies,Secondary,Kingston upon Thames,New Malden,KT3 6NU,Has a sixth form,Boys,Non-selective
137867,Thomas Clarkson Academy,Academy sponsor led,Academies,Secondary,Cambridgeshire,Wisbech,PE13 2SE,Has a sixth form,Mixed,Non-selective
137872,Bushey Meads School,Academy converter,Academies,Secondary,Hertfordshire,Bushey,WD23 4PA,Has a sixth form,Mixed,Non-selective
137873,The Deepings School,Academy converter,Academies,Secondary,Lincolnshire,Peterborough,PE6 8NF,Has a sixth form,Mixed,Non-selective
137874,The Boswells School,Academy converter,Academies,Secondary,Essex,Chelmsford,CM1 6LY,Has a sixth form,Mixed,Non-selective
137877,Shenfield High School,Academy converter,Academies,Secondary,Essex,Brentwood,CM15 8RY,Has a sixth form,Mixed,Non-selective
137878,Chenderit School,Academy converter,Academies,Secondary,West Northamptonshire,Banbury,OX17 2QR,Has a sixth form,Mixed,Non-selective
137880,Stanground Academy,Academy sponsor led,Academies,Secondary,Peterborough,Peterborough,PE7 3BY,Has a sixth form,Mixed,Non-selective
137884,Clevedon School,Academy converter,Academies,Secondary,North Somerset,Clevedon,BS21 6AH,Has a sixth form,Mixed,Non-selective
137886,Stratton School,Academy converter,Academies,Secondary,Central Bedfordshire,Biggleswade,SG18 8JB,Has a sixth form,Mixed,Non-selective
137895,The Saint John Henry Newman Catholic School,Academy converter,Academies,Secondary,Hertfordshire,Stevenage,SG1 4AE,Has a sixth form,Mixed,Non-selective
137900,St Cuthbert's High School,Academy converter,Academies,Secondary,Newcastle upon Tyne,Newcastle-upon-Tyne,NE15 7PX,Has a sixth form,Boys,Non-selective
137902,Netherthorpe School,Academy converter,Academies,Secondary,Derbyshire,Chesterfield,S43 3PU,Has a sixth form,Mixed,Non-selective
137906,Blenheim High School,Academy converter,Academies,Secondary,Surrey,Epsom,KT19 9BH,Has a sixth form,Mixed,Non-selective
137907,Chiswick School,Academy converter,Academies,Secondary,Hounslow,London,W4 3UN,Has a sixth form,Mixed,Non-selective
137911,Allestree Woodlands School,Academy converter,Academies,Secondary,Derby,Derby,DE22 2LW,Has a sixth form,Mixed,Non-selective
137912,Sir Christopher Hatton Academy,Academy converter,Academies,Secondary,North Northamptonshire,Wellingborough,NN8 4RP,Has a sixth form,Mixed,Non-selective
137913,"Notre Dame High School, Norwich",Academy converter,Academies,Secondary,Norfolk,Norwich,NR1 3PB,Has a sixth form,Mixed,Non-selective
137914,Saint Joan of Arc Catholic School,Academy converter,Academies,Secondary,Hertfordshire,Rickmansworth,WD3 1HG,Has a sixth form,Mixed,Non-selective
137916,The Blue Coat School,Academy converter,Academies,Secondary,Liverpool,Liverpool,L15 9EE,Has a sixth form,Mixed,Selective
137917,Southborough High School,Academy converter,Academies,Secondary,Kingston upon Thames,Surbiton,KT6 5AS,Has a sixth form,Boys,Non-selective
137919,Bartholomew School,Academy converter,Academies,Secondary,Oxfordshire,Witney,OX29 4AP,Has a sixth form,Mixed,Non-selective
137922,Saint Michael's Catholic High School,Academy converter,Academies,Secondary,Hertfordshire,Watford,WD25 0SS,Has a sixth form,Mixed,Non-selective
137923,Hazel Grove High School,Academy converter,Academies,Secondary,Stockport,Stockport,SK7 5JX,Has a sixth form,Mixed,Non-selective
137925,The Douay Martyrs Catholic School,Academy converter,Academies,Secondary,Hillingdon,Uxbridge,UB10 8QY,Has a sixth form,Mixed,Non-selective
137928,"Gumley House RC Convent School, FCJ",Academy converter,Academies,Secondary,Hounslow,Isleworth,TW7 6XF,Has a sixth form,Girls,Non-selective
137929,Upton Hall School FCJ,Academy converter,Academies,Secondary,Wirral,Wirral,CH49 6LJ,Has a sixth form,Girls,Selective
137935,Sacred Heart High School,Academy converter,Academies,Secondary,Hammersmith and Fulham,London,W6 7DG,Has a sixth form,Girls,Non-selective
137936,Chipping Norton School,Academy converter,Academies,Secondary,Oxfordshire,Chipping Norton,OX7 5DY,Has a sixth form,Mixed,Non-selective
137938,Nicholas Breakspear Catholic School,Academy converter,Academies,Secondary,Hertfordshire,St Albans,AL4 0TT,Has a sixth form,Mixed,Non-selective
137940,Isleworth and Syon School for Boys,Academy converter,Academies,Secondary,Hounslow,Isleworth,TW7 5LJ,Has a sixth form,Boys,Non-selective
137941,Harlington Upper School,Academy converter,Academies,Secondary,Central Bedfordshire,Dunstable,LU5 6NX,Has a sixth form,Mixed,Non-selective
137942,Lord Lawson of Beamish Academy,Academy converter,Academies,Secondary,Gateshead,Chester le Street,DH3 2LP,Has a sixth form,Mixed,Non-selective
137948,Samuel Whitbread Academy,Academy converter,Academies,Secondary,Central Bedfordshire,Shefford,SG17 5QS,Has a sixth form,Mixed,Non-selective
137965,Blackfen School for Girls,Academy converter,Academies,Secondary,Bexley,Sidcup,DA15 9NU,Has a sixth form,Girls,Non-selective
137969,Bosworth Academy,Academy converter,Academies,Secondary,Leicestershire,Leicester,LE9 9JL,Has a sixth form,Mixed,Non-selective
137970,The Cherwell School,Academy converter,Academies,Secondary,Oxfordshire,Oxford,OX2 7EE,Has a sixth form,Mixed,Non-selective
137974,Aldridge School - A Science College,Academy converter,Academies,Secondary,Walsall,Walsall,WS9 0BG,Has a sixth form,Mixed,Non-selective
137975,Helena Romanes School,Academy converter,Academies,All-through,Essex,Great Dunmow,CM6 2AU,Has a sixth form,Mixed,Non-selective
137981,Ashfield Comprehensive School,Academy converter,Academies,Secondary,Nottinghamshire,Nottingham,NG17 8HP,Has a sixth form,Mixed,Non-selective
137982,Beacon Academy,Academy converter,Academies,Secondary,East Sussex,Crowborough,TN6 2AS,Has a sixth form,Mixed,Non-selective
137983,Wreake Valley Academy,Academy converter,Academies,Secondary,Leicestershire,Leicester,LE7 1LY,Has a sixth form,Mixed,Non-selective
137985,Presdales School,Academy converter,Academies,Secondary,Hertfordshire,Ware,SG12 9NX,Has a sixth form,Girls,Non-selective
137988,Bishop Vesey's Grammar School,Academy converter,Academies,Secondary,Birmingham,Sutton Coldfield,B74 2NH,Has a sixth form,Boys,Selective
137993,Faringdon Community College,Academy converter,Academies,Secondary,Oxfordshire,Faringdon,SN7 7LB,Has a sixth form,Mixed,Non-selective
137994,Saint Claudine's Catholic School for Girls,Academy converter,Academies,Secondary,Brent,London,NW10 4EP,Has a sixth form,Girls,Non-selective
137995,St Mark's Catholic School,Academy converter,Academies,Secondary,Hounslow,Hounslow,TW3 3EJ,Has a sixth form,Mixed,Non-selective
138002,Knutsford Academy,Academy converter,Academies,Secondary,Cheshire East,Knutsford,WA16 0EA,Has a sixth form,Mixed,Non-selective
138012,The Westgate School,Academy converter,Academies,Secondary,Slough,Slough,SL1 5AH,Has a sixth form,Mixed,Non-selective
138019,The Norton Knatchbull School,Academy converter,Academies,Secondary,Kent,Ashford,TN24 0QJ,Has a sixth form,Boys,Selective
138020,The John of Gaunt School,Academy converter,Academies,Secondary,Wiltshire,Trowbridge,BA14 9EH,Has a sixth form,Mixed,Non-selective
138023,Coundon Court,Academy converter,Academies,Secondary,Coventry,Coventry,CV6 2AJ,Has a sixth form,Mixed,Non-selective
138032,King Charles I School,Academy converter,Academies,Secondary,Worcestershire,Kidderminster,DY10 1XA,Has a sixth form,Mixed,Non-selective
138039,Hellesdon High School,Academy converter,Academies,Secondary,Norfolk,Norwich,NR6 5SB,Has a sixth form,Mixed,Non-selective
138042,The Marlborough Science Academy,Academy converter,Academies,Secondary,Hertfordshire,St Albans,AL1 2QA,Has a sixth form,Mixed,Non-selective
138046,Greenacre School,Academy converter,Academies,Secondary,Medway,Chatham,ME5 0LP,Has a sixth form,Boys,Non-selective
138051,The Henrietta Barnett School,Academy converter,Academies,Secondary,Barnet,London,NW11 7BN,Has a sixth form,Girls,Selective
138053,Sir Harry Smith Community College,Academy converter,Academies,Secondary,Cambridgeshire,Peterborough,PE7 1XB,Has a sixth form,Mixed,Non-selective
138054,St Anthony's Girls' Catholic Academy,Academy converter,Academies,Secondary,Sunderland,Sunderland,SR2 7JN,Has a sixth form,Girls,Non-selective
138058,Holmer Green Senior School,Academy converter,Academies,Secondary,Buckinghamshire,High Wycombe,HP15 6SP,Has a sixth form,Mixed,Non-selective
138069,Tapton School & Sixth Form,Academy converter,Academies,Secondary,Sheffield,Sheffield,S10 5RG,Has a sixth form,Mixed,Non-selective
138073,DSLV E-ACT Academy,Academy sponsor led,Academies,All-through,West Northamptonshire,Daventry,NN11 4LJ,Has a sixth form,Mixed,Non-selective
138076,The Elizabethan Academy,Academy converter,Academies,Secondary,Nottinghamshire,Retford,DN22 7PY,Has a sixth form,Mixed,Non-selective
138084,Clacton County High School,Academy converter,Academies,Secondary,Essex,Clacton-on-Sea,CO15 6DZ,Has a sixth form,Mixed,Non-selective
138087,Belle Vue Girls' Academy,Academy converter,Academies,Secondary,Bradford,Bradford,BD9 6NA,Has a sixth form,Girls,Non-selective
138098,Moseley Park,Academy sponsor led,Academies,Secondary,Wolverhampton,Bilston,WV14 6LU,Has a sixth form,Mixed,Non-selective
138103,Southmoor Academy,Academy converter,Academies,Secondary,Sunderland,Sunderland,SR2 7TF,Has a sixth form,Mixed,Non-selective
138106,Loreto College,Academy converter,Academies,Secondary,Hertfordshire,St Albans,AL1 3RQ,Has a sixth form,Girls,Non-selective
138116,Campsmount Academy,Academy converter,Academies,Secondary,Doncaster,Doncaster,DN6 9AS,Has a sixth form,Mixed,Non-selective
138120,Kenton School,Academy converter,Academies,Secondary,Newcastle upon Tyne,Newcastle-upon-Tyne,NE3 3RU,Has a sixth form,Mixed,Non-selective
138123,Ashton-on-Mersey School,Academy converter,Academies,Secondary,Trafford,Sale,M33 5BP,Has a sixth form,Mixed,Non-selective
138134,Saint Ambrose College,Academy converter,Academies,Secondary,Trafford,Altrincham,WA15 0HE,Has a sixth form,Boys,Selective
138136,The Arthur Terry School,Academy converter,Academies,Secondary,Birmingham,Sutton Coldfield,B74 4RZ,Has a sixth form,Mixed,Non-selective
138147,Bath Academy,Other independent school,Independent schools,Not applicable,Bath and North East Somerset,Bath,BA1 2HX,Has a sixth form,Mixed,Non-selective
138150,Lutterworth College,Academy converter,Academies,Secondary,Leicestershire,Lutterworth,LE17 4EW,Has a sixth form,Mixed,Non-selective
138156,Dorothy Goodman School Hinckley,Academy special converter,Academies,Not applicable,Leicestershire,Hinckley,LE10 0EA,Has a sixth form,Mixed,Not applicable
138167,Astor Secondary School,Academy converter,Academies,Secondary,Kent,Dover,CT17 0AS,Has a sixth form,Mixed,Non-selective
138172,"St Bede's Catholic School and Sixth Form College, Lanchester",Academy converter,Academies,Secondary,County Durham,Durham,DH7 0RD,Has a sixth form,Mixed,Non-selective
138174,Belfairs Academy,Academy converter,Academies,Secondary,Southend-on-Sea,Leigh-on-Sea,SS9 3TG,Has a sixth form,Mixed,Non-selective
138177,Cromwell Community College,Academy converter,Academies,All-through,Cambridgeshire,Chatteris,PE16 6UU,Has a sixth form,Mixed,Non-selective
138178,Riddlesdown Collegiate,Academy converter,Academies,Secondary,Croydon,Purley,CR8 1EX,Has a sixth form,Mixed,Non-selective
138183,Bellerive FCJ Catholic College,Academy converter,Academies,Secondary,Liverpool,Liverpool,L17 3AA,Has a sixth form,Girls,Non-selective
138187,Woodcote High School,Academy converter,Academies,Secondary,Croydon,Coulsdon,CR5 2EH,Has a sixth form,Mixed,Non-selective
138191,The South Wolds Academy & Sixth Form,Academy converter,Academies,Secondary,Nottinghamshire,Nottingham,NG12 5FF,Has a sixth form,Mixed,Non-selective
138193,Avonbourne Girls Academy,Academy converter,Academies,Secondary,"Bournemouth, Christchurch and Poole",Bournemouth,BH7 6NY,Has a sixth form,Mixed,Non-selective
138196,Oasis School 21,Free schools,Free Schools,All-through,Newham,Stratford,E15 4RZ,Has a sixth form,Mixed,Non-selective
138202,Wapping High School,Free schools,Free Schools,Secondary,Tower Hamlets,London,E1 2DA,Does not have a sixth form,Mixed,Non-selective
138210,The Henry Box School,Academy converter,Academies,Secondary,Oxfordshire,Witney,OX28 4AX,Has a sixth form,Mixed,Non-selective
138214,The Duston School,Academy converter,Academies,All-through,West Northamptonshire,Northampton,NN5 6XA,Has a sixth form,Mixed,Non-selective
138220,Tauheedul Islam Boys' High School,Free schools,Free Schools,Secondary,Blackburn with Darwen,Blackburn,BB2 2LD,Has a sixth form,Boys,Non-selective
138221,St Joseph's College,Academy converter,Academies,Secondary,Croydon,London,SE19 3HL,Has a sixth form,Boys,Non-selective
138222,Aston University Engineering Academy,University technical college,Free Schools,Secondary,Birmingham,Birmingham,B7 4AG,Has a sixth form,Mixed,Non-selective
138226,Cobham Free School,Free schools,Free Schools,All-through,Surrey,Cobham,KT11 1TF,Has a sixth form,Mixed,Not applicable
138227,Avanti House School,Free schools,Free Schools,Secondary,Harrow,Stanmore,HA7 2EQ,Has a sixth form,Mixed,Non-selective
138235,The Parker E-ACT Academy,Academy sponsor led,Academies,Secondary,West Northamptonshire,Daventry,NN11 0QE,Has a sixth form,Mixed,Non-selective
138239,Becket Keys Church of England Free School,Free schools,Free Schools,Secondary,Essex,Brentwood,CM15 9DA,Has a sixth form,Mixed,Non-selective
138247,Outwood Academy Valley,Academy sponsor led,Academies,Secondary,Nottinghamshire,Worksop,S81 7EN,Has a sixth form,Mixed,Non-selective
138248,Outwood Academy Portland,Academy sponsor led,Academies,Secondary,Nottinghamshire,Worksop,S80 2SF,Has a sixth form,Mixed,Non-selective
138254,Corby Technical School,Free schools,Free Schools,Secondary,North Northamptonshire,Corby,NN17 1TD,Has a sixth form,Mixed,Non-selective
138266,Reach Academy Feltham,Free schools,Free Schools,All-through,Hounslow,Feltham,TW13 4AB,Has a sixth form,Mixed,Non-selective
138267,Ark Bolingbroke Academy,Free schools,Free Schools,Secondary,Wandsworth,London,SW11 6BF,Has a sixth form,Mixed,Non-selective
138286,Beaumont School,Academy converter,Academies,Secondary,Hertfordshire,St Albans,AL4 0XB,Has a sixth form,Mixed,Non-selective
138289,Burford School,Academy converter,Academies,Secondary,Oxfordshire,Burford,OX18 4PL,Has a sixth form,Mixed,Non-selective
138298,De Lisle College Loughborough Leicestershire,Academy converter,Academies,Secondary,Leicestershire,Loughborough,LE11 4SQ,Has a sixth form,Mixed,Non-selective
138312,Westminster City School,Academy converter,Academies,Secondary,Westminster,London,SW1E 5HJ,Has a sixth form,Boys,Non-selective
138313,The Grey Coat Hospital,Academy converter,Academies,Secondary,Westminster,London,SW1P 2DY,Has a sixth form,Girls,Non-selective
138318,Neston High School,Academy converter,Academies,Secondary,Cheshire West and Chester,Neston,CH64 9NH,Has a sixth form,Mixed,Non-selective
138323,Brookvale Groby Learning Campus,Academy converter,Academies,Secondary,Leicestershire,Leicester,LE6 0FP,Has a sixth form,Mixed,Non-selective
138326,The Frances Bardsley Academy for Girls,Academy converter,Academies,Secondary,Havering,Romford,RM1 2RR,Has a sixth form,Girls,Non-selective
138333,Kings Bournemouth,Other independent school,Independent schools,Not applicable,"Bournemouth, Christchurch and Poole",Bournemouth,BH2 6LD,Has a sixth form,Mixed,Not applicable
138336,Rodillian Academy,Academy converter,Academies,Secondary,Leeds,Wakefield,WF3 3PS,Has a sixth form,Mixed,Non-selective
138337,All Saints' Catholic High School,Academy converter,Academies,Secondary,Sheffield,Sheffield,S2 2RJ,Has a sixth form,Mixed,Non-selective
138341,The Trinity Catholic School A Voluntary Academy,Academy converter,Academies,Secondary,Nottingham,Nottingham,NG8 3EZ,Has a sixth form,Mixed,Non-selective
138342,Altwood Church of England School,Academy converter,Academies,Secondary,Windsor and Maidenhead,Maidenhead,SL6 4PU,Has a sixth form,Mixed,Non-selective
138352,Tring School,Academy converter,Academies,Secondary,Hertfordshire,Tring,HP23 5JD,Has a sixth form,Mixed,Non-selective
138355,Hilbre High School,Academy converter,Academies,Secondary,Wirral,Wirral,CH48 6EQ,Has a sixth form,Mixed,Non-selective
138356,St George's School,Academy converter,Academies,Secondary,Hertfordshire,Harpenden,AL5 4TD,Has a sixth form,Mixed,Non-selective
138360,St Mary's Church of England High School (VA),Academy converter,Academies,Secondary,Hertfordshire,Waltham Cross,EN7 5FB,Has a sixth form,Mixed,Non-selective
138361,Notre Dame High School,Academy converter,Academies,Secondary,Sheffield,Sheffield,S10 3BT,Has a sixth form,Mixed,Non-selective
138368,Parkside Studio College,Studio schools,Free Schools,Secondary,Hillingdon,Hayes,UB3 2SE,Has a sixth form,Mixed,Non-selective
138370,Torquay Academy,Academy sponsor led,Academies,Secondary,Torbay,Torquay,TQ2 7NU,Has a sixth form,Mixed,Non-selective
138374,West Walsall E-ACT Academy,Academy sponsor led,Academies,Secondary,Walsall,Walsall,WS2 9UA,Has a sixth form,Mixed,Non-selective
138384,Kings London,Other independent school,Independent schools,Not applicable,Bromley,London,BR3 4PR,Has a sixth form,Mixed,Not applicable
138385,LeAF Studio,Studio schools,Free Schools,Secondary,"Bournemouth, Christchurch and Poole",Bournemouth,BH11 9JW,Has a sixth form,Mixed,Non-selective
138403,London Academy of Excellence,Free schools 16 to 19,Free Schools,16 plus,Newham,London,E15 1AJ,Has a sixth form,Mixed,Not applicable
138405,Earlscliffe (Sussex Summer Schools Ltd),Other independent school,Independent schools,Not applicable,Kent,Folkestone,CT20 2NB,Has a sixth form,Mixed,Not applicable
138411,Meden School,Academy sponsor led,Academies,Secondary,Nottinghamshire,Mansfield,NG20 0QN,Has a sixth form,Mixed,Non-selective
138449,Harris Academy Greenwich,Academy sponsor led,Academies,Secondary,Greenwich,London,SE9 5EQ,Has a sixth form,Mixed,Non-selective
138457,Wembley High Technology College,Academy converter,Academies,Secondary,Brent,North Wembley,HA0 3NT,Has a sixth form,Mixed,Non-selective
138459,The Holy Cross School,Academy converter,Academies,Secondary,Kingston upon Thames,New Malden,KT3 5AR,Has a sixth form,Girls,Non-selective
138460,Teddington School,Academy converter,Academies,Secondary,Richmond upon Thames,Teddington,TW11 9PJ,Has a sixth form,Mixed,Non-selective
138461,Waldegrave School,Academy converter,Academies,Secondary,Richmond upon Thames,Twickenham,TW2 5LH,Has a sixth form,Mixed,Non-selective
138463,St Francis Xavier's College,Academy converter,Academies,Secondary,Liverpool,Liverpool,L25 6EG,Has a sixth form,Boys,Non-selective
138464,Loreto Grammar School,Academy converter,Academies,Secondary,Trafford,Altrincham,WA14 4AH,Has a sixth form,Girls,Selective
138466,Nailsea School,Academy converter,Academies,Secondary,North Somerset,Bristol,BS48 2HN,Has a sixth form,Mixed,Non-selective
138470,"St Mary's Catholic High School, A Catholic Voluntary Academy",Academy converter,Academies,Secondary,Derbyshire,Chesterfield,S41 8AG,Has a sixth form,Mixed,Non-selective
138471,The Gryphon School,Academy converter,Academies,Secondary,Dorset,Sherborne,DT9 4EQ,Has a sixth form,Mixed,Non-selective
138472,Hailsham Community College,Academy converter,Academies,All-through,East Sussex,Hailsham,BN27 1DT,Has a sixth form,Mixed,Non-selective
138473,Seaford Head School,Academy converter,Academies,Secondary,East Sussex,Seaford,BN25 4LX,Has a sixth form,Mixed,Non-selective
138476,St Anne's Catholic School,Academy converter,Academies,Secondary,Southampton,Southampton,SO15 2WZ,Has a sixth form,Girls,Non-selective
138478,The Castle Rock School,Academy converter,Academies,Secondary,Leicestershire,Coalville,LE67 4BR,Has a sixth form,Mixed,Non-selective
138480,The Harvey Grammar School,Academy converter,Academies,Secondary,Kent,Folkestone,CT19 5JY,Has a sixth form,Boys,Selective
138482,Rushcliffe Spencer Academy,Academy converter,Academies,Secondary,Nottinghamshire,Nottingham,NG2 7BW,Has a sixth form,Mixed,Non-selective
138483,Tarporley High School and Sixth Form College,Academy converter,Academies,Secondary,Cheshire West and Chester,Tarporley,CW6 0BL,Has a sixth form,Mixed,Non-selective
138490,Didcot Girls' School,Academy converter,Academies,Secondary,Oxfordshire,Didcot,OX11 7AJ,Has a sixth form,Girls,Non-selective
138491,The Bishop Wand Church of England School,Academy converter,Academies,Secondary,Surrey,Sunbury-on-Thames,TW16 6LT,Has a sixth form,Mixed,Non-selective
138499,Wykham Park,Academy sponsor led,Academies,Secondary,Oxfordshire,Banbury,OX16 9HY,Has a sixth form,Mixed,Non-selective
138505,Arrow Vale High School,Academy sponsor led,Academies,Secondary,Worcestershire,Redditch,B98 0GF,Has a sixth form,Mixed,Non-selective
138511,The Robert Napier School,Academy sponsor led,Academies,Secondary,Medway,Gillingham,ME7 2LX,Has a sixth form,Mixed,Non-selective
138518,Ark Isaac Newton Academy,Academy sponsor led,Academies,All-through,Redbridge,Ilford,IG1 1FY,Has a sixth form,Mixed,Non-selective
138522,Ralph Allen School,Academy converter,Academies,Secondary,Bath and North East Somerset,Bath,BA2 7AD,Has a sixth form,Mixed,Non-selective
138525,Trinity School,Academy converter,Academies,Secondary,West Berkshire,Newbury,RG14 2DU,Has a sixth form,Mixed,Non-selective
138545,Meadowhead School Academy Trust,Academy converter,Academies,Secondary,Sheffield,Sheffield,S8 8BR,Has a sixth form,Mixed,Non-selective
138549,Haywood Academy,Academy converter,Academies,Secondary,Stoke-on-Trent,Stoke-on-Trent,ST6 7AB,Has a sixth form,Mixed,Non-selective
138571,Queensbury Academy,Academy sponsor led,Academies,Secondary,Central Bedfordshire,Dunstable,LU6 3BU,Has a sixth form,Mixed,Non-selective
138582,Samuel Ryder Academy,Academy sponsor led,Academies,All-through,Hertfordshire,St Albans,AL1 5AR,Has a sixth form,Mixed,Non-selective
138586,Nishkam High School,Free schools,Free Schools,Secondary,Birmingham,Birmingham,B19 2LF,Has a sixth form,Mixed,Non-selective
138602,Kings Education (Oxford),Other independent school,Independent schools,Not applicable,Oxfordshire,Oxford,OX4 2UJ,Has a sixth form,Mixed,Selective
138606,Blue Coat Church of England Academy,Academy sponsor led,Academies,Secondary,Walsall,Walsall,WS1 2ND,Has a sixth form,Mixed,Non-selective
138607,Lady Margaret School,Academy converter,Academies,Secondary,Hammersmith and Fulham,London,SW6 4UN,Has a sixth form,Girls,Non-selective
138609,Queens Park Community School,Academy converter,Academies,Secondary,Brent,London,NW6 7BQ,Has a sixth form,Mixed,Non-selective
138610,Alperton Community School,Academy converter,Academies,Secondary,Brent,Wembley,HA0 4JE,Has a sixth form,Mixed,Non-selective
138614,Altrincham College,Academy converter,Academies,Secondary,Trafford,Altrincham,WA15 8QW,Has a sixth form,Mixed,Non-selective
138620,Thomas Bennett Community College,Academy converter,Academies,Secondary,West Sussex,Crawley,RH10 5AD,Has a sixth form,Mixed,Non-selective
138622,"Saint Benedict, A Catholic Voluntary Academy",Academy converter,Academies,Secondary,Derby,Derby,DE22 1JD,Has a sixth form,Mixed,Non-selective
138623,St John's Marlborough,Academy converter,Academies,Secondary,Wiltshire,Marlborough,SN8 4AX,Has a sixth form,Mixed,Non-selective
138630,Devizes School,Academy converter,Academies,Secondary,Wiltshire,Devizes,SN10 3AG,Has a sixth form,Mixed,Non-selective
138632,Monk's Walk School,Academy converter,Academies,Secondary,Hertfordshire,Welwyn Garden City,AL8 7NL,Has a sixth form,Mixed,Non-selective
138638,Kesteven and Grantham Girls' School,Academy converter,Academies,Secondary,Lincolnshire,Grantham,NG31 9AU,Has a sixth form,Girls,Selective
138641,The Kimberley School,Academy converter,Academies,Secondary,Nottinghamshire,Nottingham,NG16 2NJ,Has a sixth form,Mixed,Non-selective
138651,Orleans Park School,Academy converter,Academies,Secondary,Richmond upon Thames,Twickenham,TW1 3BB,Has a sixth form,Mixed,Non-selective
138662,Eaton Bank Academy,Academy converter,Academies,Secondary,Cheshire East,Congleton,CW12 1NT,Has a sixth form,Mixed,Non-selective
138664,Waseley Hills High School,Academy converter,Academies,Secondary,Worcestershire,Birmingham,B45 9EL,Has a sixth form,Mixed,Non-selective
138665,"Queen Elizabeth's Grammar School, Horncastle",Academy converter,Academies,Secondary,Lincolnshire,Horncastle,LN9 5AD,Has a sixth form,Mixed,Selective
138667,Lord Williams's School,Academy converter,Academies,Secondary,Oxfordshire,Thame,OX9 2AQ,Has a sixth form,Mixed,Non-selective
138681,Ark Putney Academy,Academy converter,Academies,Secondary,Wandsworth,London,SW15 3DG,Has a sixth form,Mixed,Non-selective
138682,Southfields Academy,Academy converter,Academies,Secondary,Wandsworth,London,SW18 5JU,Has a sixth form,Mixed,Non-selective
138685,Copthall School,Academy converter,Academies,Secondary,Barnet,London,NW7 2EP,Has a sixth form,Girls,Non-selective
138686,Cleeve Park School,Academy converter,Academies,Secondary,Bexley,Sidcup,DA14 4JN,Has a sixth form,Mixed,Non-selective
138691,Chingford Foundation School,Academy converter,Academies,Secondary,Waltham Forest,London,E4 7LT,Has a sixth form,Mixed,Non-selective
138695,George Dixon Academy,Academy converter,Academies,Secondary,Birmingham,Birmingham,B16 9GD,Has a sixth form,Mixed,Non-selective
138696,West Derby School,Academy converter,Academies,Secondary,Liverpool,Liverpool,L13 7HQ,Has a sixth form,Boys,Non-selective
138729,Painsley Catholic College,Academy converter,Academies,Secondary,Staffordshire,Stoke-on-Trent,ST10 1LH,Has a sixth form,Mixed,Non-selective
138732,Lymm High School,Academy converter,Academies,Secondary,Warrington,Lymm,WA13 0RB,Has a sixth form,Mixed,Non-selective
138734,"Joyce Frankland Academy, Newport",Academy converter,Academies,Secondary,Essex,Saffron Walden,CB11 3TR,Has a sixth form,Mixed,Non-selective
138746,Newent Community School and Sixth Form Centre,Academy converter,Academies,Secondary,Gloucestershire,Newent,GL18 1QF,Has a sixth form,Mixed,Non-selective
138747,Hertswood Academy,Academy converter,Academies,Secondary,Hertfordshire,Borehamwood,WD6 5LG,Has a sixth form,Mixed,Non-selective
138757,Skegness Grammar School,Academy converter,Academies,Secondary,Lincolnshire,Skegness,PE25 2QS,Has a sixth form,Mixed,Selective
138762,St Birinus School,Academy converter,Academies,Secondary,Oxfordshire,Didcot,OX11 8AZ,Has a sixth form,Boys,Non-selective
138787,Childwall Sports & Science Academy,Academy sponsor led,Academies,Secondary,Liverpool,Liverpool,L15 6XZ,Has a sixth form,Mixed,Non-selective
138810,Christ The King Voluntary Academy,Academy converter,Academies,Secondary,Nottinghamshire,Nottingham,NG5 7JZ,Has a sixth form,Mixed,Non-selective
138817,The Marlborough Church of England School,Academy converter,Academies,Secondary,Oxfordshire,Woodstock,OX20 1LP,Has a sixth form,Mixed,Non-selective
138823,Charters School,Academy converter,Academies,Secondary,Windsor and Maidenhead,Ascot,SL5 9QY,Has a sixth form,Mixed,Non-selective
138825,Grey Court School,Academy converter,Academies,Secondary,Richmond upon Thames,Richmond,TW10 7HN,Has a sixth form,Mixed,Non-selective
138829,Reepham High School and College,Academy converter,Academies,Secondary,Norfolk,Norwich,NR10 4JT,Has a sixth form,Mixed,Non-selective
138834,Brentwood Ursuline Convent High School,Academy converter,Academies,Secondary,Essex,Brentwood,CM14 4EX,Has a sixth form,Girls,Non-selective
138837,Bramcote College,Academy converter,Academies,Secondary,Nottinghamshire,Nottingham,NG9 3GA,Has a sixth form,Mixed,Non-selective
138839,"Sir William Robertson Academy, Welbourn",Academy converter,Academies,Secondary,Lincolnshire,Lincoln,LN5 0PA,Has a sixth form,Mixed,Non-selective
138841,King Ecgbert School,Academy converter,Academies,Secondary,Sheffield,Sheffield,S17 3QU,Has a sixth form,Mixed,Non-selective
138845,Nunthorpe School & Sixth Form,Academy converter,Academies,Secondary,Redcar and Cleveland,Middlesbrough,TS7 0LA,Has a sixth form,Mixed,Non-selective
138850,St Margaret's Church of England Academy,Academy converter,Academies,Secondary,Liverpool,Liverpool,L17 6AB,Has a sixth form,Boys,Non-selective
138852,St Peter's Collegiate Academy,Academy converter,Academies,Secondary,Wolverhampton,Wolverhampton,WV3 9DU,Has a sixth form,Mixed,Non-selective
138855,Redland Green School,Academy converter,Academies,Secondary,"Bristol, City of",Bristol,BS6 7EH,Has a sixth form,Mixed,Non-selective
138858,Abbeyfield School,Academy sponsor led,Academies,Secondary,West Northamptonshire,Northampton,NN4 8BU,Has a sixth form,Mixed,Non-selective
138878,Assess Education,Other independent school,Independent schools,Not applicable,Liverpool,Liverpool,L15 4LP,Has a sixth form,Mixed,Not applicable
138879,Desborough College,Academy sponsor led,Academies,Secondary,Windsor and Maidenhead,Maidenhead,SL6 2QB,Has a sixth form,Boys,Non-selective
138885,The Clarendon Academy,Academy sponsor led,Academies,Secondary,Wiltshire,Trowbridge,BA14 0DJ,Has a sixth form,Mixed,Non-selective
138894,Wigston College,Academy converter,Academies,Secondary,Leicestershire,Wigston,LE18 2DS,Has a sixth form,Mixed,Non-selective
138897,Gosford Hill School,Academy converter,Academies,Secondary,Oxfordshire,Kidlington,OX5 2NT,Has a sixth form,Mixed,Non-selective
138924,Heston Community School,Academy converter,Academies,Secondary,Hounslow,Hounslow,TW5 0QR,Has a sixth form,Mixed,Non-selective
138928,Warlingham School,Academy converter,Academies,Secondary,Surrey,Warlingham,CR6 9YB,Has a sixth form,Mixed,Non-selective
138932,Kingsthorpe College,Academy converter,Academies,Secondary,West Northamptonshire,Northampton,NN2 7HR,Has a sixth form,Mixed,Non-selective
138937,King Edward VI Handsworth Wood Girls' Academy,Academy converter,Academies,Secondary,Birmingham,Birmingham,B20 2HL,Has a sixth form,Girls,Non-selective
138951,St Wilfrid's Catholic High School & Sixth Form College: A Voluntary Academy,Academy converter,Academies,Secondary,Wakefield,Pontefract,WF7 6BD,Has a sixth form,Mixed,Non-selective
138960,Sacred Heart Catholic School,Academy converter,Academies,Secondary,Southwark,London,SE5 0RP,Has a sixth form,Mixed,Non-selective
138964,East Leake Academy,Academy converter,Academies,Secondary,Nottinghamshire,Loughborough,LE12 6QN,Has a sixth form,Mixed,Non-selective
138966,Shooters Hill Sixth Form College,Academy 16-19 converter,Academies,16 plus,Greenwich,London,SE18 4LD,Has a sixth form,Mixed,Not applicable
139031,St John Plessington Catholic College,Academy converter,Academies,Secondary,Wirral,Wirral,CH63 7LF,Has a sixth form,Mixed,Non-selective
139036,Kings Langley School,Academy converter,Academies,Secondary,Hertfordshire,Kings Langley,WD4 9HN,Has a sixth form,Mixed,Non-selective
139044,Ta - Leem Academy,Other independent school,Independent schools,Not applicable,Hackney,London,E12 6QN,Does not have a sixth form,Mixed,Not applicable
139048,Lift Greenwood,Academy sponsor led,Academies,Secondary,Birmingham,Birmingham,B35 7NL,Has a sixth form,Mixed,Non-selective
139060,Lodge Park Academy,Academy sponsor led,Academies,Secondary,North Northamptonshire,Corby,NN17 2JH,Has a sixth form,Mixed,Non-selective
139062,The Dukeries Academy,Academy sponsor led,Academies,Secondary,Nottinghamshire,Newark,NG22 9TD,Does not have a sixth form,Mixed,Non-selective
139063,Sutton Community Academy,Academy sponsor led,Academies,Secondary,Nottinghamshire,Sutton-in-Ashfield,NG17 1EE,Does not have a sixth form,Mixed,Non-selective
139067,Abbeywood Community School,Academy sponsor led,Academies,Secondary,South Gloucestershire,Bristol,BS34 8SF,Has a sixth form,Mixed,Non-selective
139075,Meopham School,Academy sponsor led,Academies,Secondary,Kent,Gravesend,DA13 0AH,Has a sixth form,Mixed,Non-selective
139095,Brentford School for Girls,Academy converter,Academies,Secondary,Hounslow,Brentford,TW8 0PG,Has a sixth form,Girls,Non-selective
139138,Aldersley High School,Academy converter,Academies,Secondary,Wolverhampton,Wolverhampton,WV8 1RT,Has a sixth form,Mixed,Non-selective
139139,All Hallows Catholic College,Academy converter,Academies,Secondary,Cheshire East,Macclesfield,SK11 8LB,Has a sixth form,Mixed,Non-selective
139140,Boston High School,Academy converter,Academies,Secondary,Lincolnshire,Boston,PE21 9PF,Has a sixth form,Girls,Selective
139144,Calday Grange Grammar School,Academy converter,Academies,Secondary,Wirral,Wirral,CH48 8GG,Has a sixth form,Boys,Selective
139146,Cheney School,Academy converter,Academies,Secondary,Oxfordshire,Oxford,OX3 7QH,Has a sixth form,Mixed,Non-selective
139151,Gordon's School,Academy converter,Academies,Secondary,Surrey,Woking,GU24 9PT,Has a sixth form,Mixed,Non-selective
139152,Great Sankey High School,Academy converter,Academies,Secondary,Warrington,Warrington,WA5 3AA,Has a sixth form,Mixed,Non-selective
139153,Hedingham School and Sixth Form,Academy converter,Academies,Secondary,Essex,Halstead,CO9 3QH,Has a sixth form,Mixed,Non-selective
139154,Hitchin Boys' School,Academy converter,Academies,Secondary,Hertfordshire,Hitchin,SG5 1JB,Has a sixth form,Boys,Non-selective
139155,Launceston College,Academy converter,Academies,Secondary,Cornwall,Launceston,PL15 9JR,Has a sixth form,Mixed,Non-selective
139158,Magdalen College School,Academy converter,Academies,Secondary,West Northamptonshire,Brackley,NN13 6FB,Has a sixth form,Mixed,Non-selective
139160,Mark Rutherford School,Academy converter,Academies,Secondary,Bedford,Bedford,MK41 8PX,Has a sixth form,Mixed,Non-selective
139167,Silverdale School,Academy converter,Academies,Secondary,Sheffield,Sheffield,S11 9QH,Has a sixth form,Mixed,Non-selective
139179,Tabor Academy,Academy converter,Academies,Secondary,Essex,Braintree,CM7 5XP,Has a sixth form,Mixed,Non-selective
139180,The Boston Grammar School,Academy converter,Academies,Secondary,Lincolnshire,Boston,PE21 6JY,Has a sixth form,Boys,Selective
139181,Harris Academy Wickford,Academy converter,Academies,Secondary,Essex,Wickford,SS12 0LZ,Has a sixth form,Mixed,Non-selective
139182,The Crossley Heath School,Academy converter,Academies,Secondary,Calderdale,Halifax,HX3 0HG,Has a sixth form,Mixed,Selective
139193,Guildford County School,Academy converter,Academies,Secondary,Surrey,Guildford,GU2 4LU,Has a sixth form,Mixed,Non-selective
139234,The JCB Academy,University technical college,Free Schools,Secondary,Staffordshire,Rocester,ST14 5JX,Has a sixth form,Mixed,Non-selective
139238,South Gloucestershire and Stroud College,Further education,Colleges,16 plus,South Gloucestershire,Stroud,GL5 4AH,Not applicable,Mixed,Not applicable
139268,UTC Reading,University technical college,Free Schools,Secondary,Reading,Reading,RG1 5RQ,Has a sixth form,Mixed,Non-selective
139272,Neale-Wade Academy,Academy sponsor led,Academies,Secondary,Cambridgeshire,March,PE15 9PX,Has a sixth form,Mixed,Non-selective
139276,Lift Kingsley,Academy sponsor led,Academies,Secondary,Hounslow,Hounslow,TW3 1AX,Has a sixth form,Mixed,Non-selective
139292,Caludon Castle School,Academy converter,Academies,Secondary,Coventry,Coventry,CV2 5BD,Has a sixth form,Mixed,Non-selective
139304,Spalding Grammar School,Academy converter,Academies,Secondary,Lincolnshire,Spalding,PE11 2XH,Has a sixth form,Boys,Selective
139307,Bower Park Academy,Academy converter,Academies,Secondary,Havering,Romford,RM1 4YY,Does not have a sixth form,Mixed,Non-selective
139318,Conyers School,Academy converter,Academies,Secondary,Stockton-on-Tees,Yarm,TS15 9ET,Has a sixth form,Mixed,Non-selective
139319,Preston Manor School,Academy converter,Academies,All-through,Brent,Wembley,HA9 8NA,Has a sixth form,Mixed,Non-selective
139343,"The Catholic High School, Chester",Academy converter,Academies,Secondary,Cheshire West and Chester,Chester,CH4 7HS,Has a sixth form,Mixed,Non-selective
139345,Downend School,Academy converter,Academies,Secondary,South Gloucestershire,Bristol,BS16 6XA,Has a sixth form,Mixed,Non-selective
139348,The Castle School,Academy converter,Academies,Secondary,South Gloucestershire,Bristol,BS35 1HT,Has a sixth form,Mixed,Non-selective
139351,"St. Mary's Menston, a Catholic Voluntary Academy",Academy converter,Academies,Secondary,Leeds,Ilkley,LS29 6AE,Has a sixth form,Mixed,Non-selective
139362,St Thomas More Catholic School,Academy converter,Academies,Secondary,Haringey,London,N22 5HN,Has a sixth form,Mixed,Non-selective
139363,Haringey Sixth Form College,Academy 16-19 converter,Academies,16 plus,Haringey,London,N17 8HR,Has a sixth form,Mixed,Not applicable
139364,Fulham Cross Academy,Academy converter,Academies,Secondary,Hammersmith and Fulham,London,SW6 6SN,Has a sixth form,Mixed,Non-selective
139367,The Beaconsfield School,Academy converter,Academies,Secondary,Buckinghamshire,Beaconsfield,HP9 1SJ,Has a sixth form,Mixed,Non-selective
139369,St George's Catholic School,Academy converter,Academies,Secondary,Westminster,London,W9 1RB,Has a sixth form,Mixed,Non-selective
139405,Dyke House Sports and Technology College,Academy sponsor led,Academies,Secondary,Hartlepool,Hartlepool,TS24 8NQ,Does not have a sixth form,Mixed,Non-selective
139409,King's School,Free schools,Free Schools,Secondary,Brighton and Hove,Hove,BN3 8BN,Has a sixth form,Mixed,Non-selective
139410,St Andrew the Apostle Greek Orthodox School,Free schools,Free Schools,Secondary,Barnet,London,N11 1NP,Has a sixth form,Mixed,Non-selective
139416,Elstree Screen Arts Academy,University technical college,Free Schools,Secondary,Hertfordshire,Borehamwood,WD6 5NN,Has a sixth form,Mixed,Non-selective
139433,Trinity Sixth Form Academy,Free schools 16 to 19,Free Schools,16 plus,Calderdale,Halifax,HX1 1UN,Has a sixth form,Mixed,Not applicable
139434,Aylesbury UTC,University technical college,Free Schools,Secondary,Buckinghamshire,Aylesbury,HP21 8PB,Has a sixth form,Mixed,Non-selective
139487,Taverham High School,Academy converter,Academies,Secondary,Norfolk,Norwich,NR8 6HP,Has a sixth form,Mixed,Non-selective
139517,St Thomas More Catholic School,Academy converter,Academies,Secondary,Bedford,Bedford,MK41 7UL,Has a sixth form,Mixed,Non-selective
139534,The Sweyne Park School,Academy converter,Academies,Secondary,Essex,Rayleigh,SS6 9BZ,Has a sixth form,Mixed,Non-selective
139538,St Aidan's Catholic Academy,Academy converter,Academies,Secondary,Sunderland,Sunderland,SR2 7HJ,Has a sixth form,Boys,Non-selective
139542,Wrotham School,Academy converter,Academies,Secondary,Kent,Sevenoaks,TN15 7RD,Has a sixth form,Mixed,Non-selective
139553,The Ilfracombe Church of England Academy,Academy sponsor led,Academies,Secondary,Devon,Ilfracombe,EX34 9JB,Has a sixth form,Mixed,Non-selective
139554,Trinity School,Free schools,Free Schools,Secondary,Kent,Sevenoaks,TN13 3SL,Has a sixth form,Mixed,Non-selective
139572,Fakenham Academy,Academy sponsor led,Academies,Secondary,Norfolk,Fakenham,NR21 9QT,Has a sixth form,Mixed,Non-selective
139588,Liverpool Life Sciences UTC,University technical college,Free Schools,Secondary,Liverpool,Liverpool,L1 0BS,Has a sixth form,Mixed,Non-selective
139589,The Studio School Liverpool,Studio schools,Free Schools,Secondary,Liverpool,Liverpool,L1 0BS,Has a sixth form,Mixed,Non-selective
139599,Heron Hall Academy,Free schools,Free Schools,Secondary,Enfield,Enfield,EN3 4SA,Has a sixth form,Mixed,Non-selective
139623,"St Peter and St Paul, Catholic Voluntary Academy",Academy converter,Academies,Secondary,Lincolnshire,Lincoln,LN6 7SX,Has a sixth form,Mixed,Non-selective
139624,Beauchamp College,Academy converter,Academies,Secondary,Leicestershire,Leicester,LE2 5TP,Has a sixth form,Mixed,Non-selective
139658,Kings Priory School,Academy sponsor led,Academies,All-through,North Tyneside,North Shields,NE30 4RF,Has a sixth form,Mixed,Non-selective
139659,Oasis Academy South Bank,Free schools,Free Schools,Secondary,Lambeth,London,SE1 7HS,Has a sixth form,Mixed,Non-selective
139662,The Reach Free School,Free schools,Free Schools,Secondary,Hertfordshire,Rickmansworth,WD3 8AB,Has a sixth form,Mixed,Non-selective
139664,Wye School,Free schools,Free Schools,Secondary,Kent,Wye,TN25 5EJ,Does not have a sixth form,Mixed,Non-selective
139686,Liverpool College,Academy sponsor led,Academies,All-through,Liverpool,Liverpool,L18 8BG,Has a sixth form,Mixed,Non-selective
139690,Silverstone UTC,University technical college,Free Schools,Secondary,West Northamptonshire,Towcester,NN12 8TL,Has a sixth form,Mixed,Non-selective
139695,UTC Sheffield City Centre,University technical college,Free Schools,Secondary,Sheffield,Sheffield,S1 4QF,Has a sixth form,Mixed,Non-selective
139703,Harris Academy Chobham,Academy sponsor led,Academies,All-through,Newham,London,E20 1BD,Has a sixth form,Mixed,Non-selective
139711,Magna Academy,Academy sponsor led,Academies,Secondary,"Bournemouth, Christchurch and Poole",Poole,BH17 8RE,Has a sixth form,Mixed,Non-selective
139720,Nishkam School West London,Free schools,Free Schools,All-through,Hounslow,Osterley,TW7 5PN,Has a sixth form,Mixed,Not applicable
139725,William Perkin Church of England High School,Free schools,Free Schools,Secondary,Ealing,Greenford,UB6 8PR,Has a sixth form,Mixed,Non-selective
139730,Connell Co-Op College,Free schools 16 to 19,Free Schools,16 plus,Manchester,Manchester,M11 3BS,Has a sixth form,Mixed,Not applicable
139746,Hamstead Hall Academy,Academy converter,Academies,Secondary,Birmingham,Birmingham,B20 1HL,Has a sixth form,Mixed,Non-selective
139765,The Nottingham Emmanuel School,Academy converter,Academies,Secondary,Nottingham,West Bridgford,NG2 7YF,Has a sixth form,Mixed,Non-selective
139769,William Brookes School,Academy converter,Academies,Secondary,Shropshire,Much Wenlock,TF13 6NB,Does not have a sixth form,Mixed,Non-selective
139779,Oxford Sixth Form College,Other independent school,Independent schools,Not applicable,Oxfordshire,Oxford,OX1 4HT,Has a sixth form,Mixed,Non-selective
139791,Riverside School,Free schools,Free Schools,Secondary,Barking and Dagenham,Barking,IG11 0FU,Has a sixth form,Mixed,Non-selective
139798,Kimberley 16 - 19 Stem College,Free schools 16 to 19,Free Schools,16 plus,Bedford,Bedford,MK43 9LY,Has a sixth form,Mixed,Not applicable
139811,The Cedars School,Other independent school,Independent schools,Not applicable,Croydon,,SE19 1RS,Has a sixth form,Boys,Non-selective
139815,Ark John Keats Academy,Free schools,Free Schools,All-through,Enfield,London,EN3 5PA,Has a sixth form,Mixed,Non-selective
139819,Weavers Academy,Academy sponsor led,Academies,Secondary,North Northamptonshire,Wellingborough,NN8 3JH,Has a sixth form,Mixed,Non-selective
139821,Ark Alexandra Academy,Academy sponsor led,Academies,Secondary,East Sussex,HASTINGS,TN34 2PG,Does not have a sixth form,Mixed,Non-selective
139841,Broadway Academy,Academy converter,Academies,Secondary,Birmingham,Birmingham,B20 3DP,Has a sixth form,Mixed,Non-selective
139842,Burntwood School,Academy converter,Academies,Secondary,Wandsworth,London,SW17 0AQ,Has a sixth form,Girls,Non-selective
139853,The Forest School,Academy converter,Academies,Secondary,Wokingham,Wokingham,RG41 5NE,Has a sixth form,Mixed,Non-selective
139867,Mildenhall College Academy,Academy converter,Academies,Secondary,Suffolk,Mildenhall,IP28 7JX,Has a sixth form,Mixed,Non-selective
139873,Richard Hale School,Academy converter,Academies,Secondary,Hertfordshire,Hertford,SG13 8EN,Has a sixth form,Boys,Non-selective
139878,St Joseph's Catholic Academy,Academy converter,Academies,Secondary,South Tyneside,Hebburn,NE31 2ET,Has a sixth form,Mixed,Non-selective
139888,Washwood Heath Academy,Academy converter,Academies,All-through,Birmingham,Birmingham,B8 2AS,Has a sixth form,Mixed,Non-selective
139891,St Edmund's Catholic Academy,Academy converter,Academies,Secondary,Wolverhampton,Wolverhampton,WV3 9DU,Has a sixth form,Mixed,Non-selective
139896,Sir Isaac Newton Sixth Form Free School,Free schools 16 to 19,Free Schools,16 plus,Norfolk,Norwich,NR2 1NR,Has a sixth form,Mixed,Not applicable
139918,Wodensborough Ormiston Academy,Academy sponsor led,Academies,Secondary,Sandwell,Wednesbury,WS10 0DR,Does not have a sixth form,Mixed,Non-selective
139924,Darwen Aldridge Enterprise Studio,Studio schools,Free Schools,Secondary,Blackburn with Darwen,Darwen,BB3 1AF,Has a sixth form,Mixed,Non-selective
139936,Nicholas Chamberlaine School,Academy sponsor led,Academies,Secondary,Warwickshire,Bedworth,CV12 9EA,Has a sixth form,Mixed,Non-selective
139956,The Holgate Academy,Academy sponsor led,Academies,Secondary,Nottinghamshire,Nottingham,NG15 6HB,Has a sixth form,Mixed,Non-selective
139957,Kingswood Secondary Academy,Academy sponsor led,Academies,Secondary,North Northamptonshire,Corby,NN18 9NS,Has a sixth form,Mixed,Non-selective
139961,Wrenn School,Academy sponsor led,Academies,Secondary,North Northamptonshire,Wellingborough,NN8 2DQ,Has a sixth form,Mixed,Non-selective
139971,Holyport College,Free schools,Free Schools,Secondary,Windsor and Maidenhead,Holyport,SL6 3LE,Has a sixth form,Mixed,Non-selective
139975,Beckfoot School,Academy converter,Academies,Secondary,Bradford,Bingley,BD16 1EE,Has a sixth form,Mixed,Non-selective
139988,The Ferrers School,Academy converter,Academies,Secondary,North Northamptonshire,Rushden,NN10 8LF,Has a sixth form,Mixed,Non-selective
139989,The Green School for Girls,Academy converter,Academies,Secondary,Hounslow,Isleworth,TW7 5BB,Has a sixth form,Girls,Non-selective
139997,Carfax College,Other independent school,Independent schools,Not applicable,Oxfordshire,Oxford,OX1 2EP,Has a sixth form,Mixed,Non-selective
140037,The Thomas Alleyne Academy,Academy sponsor led,Academies,Secondary,Hertfordshire,Stevenage,SG1 3BE,Has a sixth form,Mixed,Non-selective
140049,Westfield Academy,Academy converter,Academies,Secondary,Hertfordshire,Watford,WD18 6NS,Has a sixth form,Mixed,Non-selective
140066,Kew House,Other independent school,Independent schools,Not applicable,Hounslow,London,TW8 0EX,Has a sixth form,Mixed,Not applicable
140081,St Mary's Catholic School,Academy converter,Academies,Secondary,Newcastle upon Tyne,Newcastle-upon-Tyne,NE7 7PE,Has a sixth form,Mixed,Non-selective
140104,Eggbuckland Community College,Academy converter,Academies,Secondary,Plymouth,Plymouth,PL6 5YB,Has a sixth form,Mixed,Non-selective
140105,Chichester High School,Academy converter,Academies,Secondary,West Sussex,Chichester,PO19 8EB,Has a sixth form,Mixed,
140108,Alsager School,Academy converter,Academies,Secondary,Cheshire East,Stoke-on-Trent,ST7 2HR,Has a sixth form,Mixed,Non-selective
140123,Alleyne's Academy,Academy converter,Academies,Secondary,Staffordshire,Stone,ST15 8DT,Has a sixth form,Mixed,Non-selective
140126,Bishop Milner Catholic College,Academy converter,Academies,Secondary,Dudley,Dudley,DY1 3BY,Has a sixth form,Mixed,Non-selective
140149,St Margaret Ward Catholic Academy,Academy converter,Academies,Secondary,Stoke-on-Trent,Stoke-on-Trent,ST6 6LZ,Has a sixth form,Mixed,Non-selective
140160,Thomas Telford University Technical College,University technical college,Free Schools,Secondary,Wolverhampton,Wolverhampton,WV10 0JR,Has a sixth form,Mixed,Non-selective
140212,Kensington Aldridge Academy,Academy sponsor led,Academies,Secondary,Kensington and Chelsea,London,W10 6EX,Has a sixth form,Mixed,Non-selective
140221,South Bank University Academy,Academy sponsor led,Academies,Secondary,Southwark,London,SE17 2TP,Has a sixth form,Mixed,Not applicable
140248,President Kennedy School Academy,Academy converter,Academies,Secondary,Coventry,Coventry,CV6 4GL,Has a sixth form,Mixed,Non-selective
140265,Cambridge Academy for Science and Technology,University technical college,Free Schools,Secondary,Cambridgeshire,Cambridge,CB2 0SZ,Has a sixth form,Mixed,
140292,South Bromsgrove High,Academy converter,Academies,Secondary,Worcestershire,Bromsgrove,B60 3NL,Has a sixth form,Mixed,Non-selective
140294,Simon Balle All-Through School,Academy converter,Academies,All-through,Hertfordshire,Hertford,SG13 8AJ,Has a sixth form,Mixed,Non-selective
140304,St Thomas More Catholic Academy,Academy converter,Academies,Secondary,Stoke-on-Trent,Stoke-on-Trent,ST3 2NJ,Has a sixth form,Mixed,Non-selective
140366,Ernesford Grange Community Academy,Academy sponsor led,Academies,Secondary,Coventry,Coventry,CV3 2QD,Has a sixth form,Mixed,Non-selective
140472,"Bishop Luffa School, Chichester",Academy converter,Academies,Secondary,West Sussex,Chichester,PO19 3HP,Has a sixth form,Mixed,Non-selective
140475,Loxford School,Academy converter,Academies,All-through,Redbridge,Ilford,IG1 2UT,Has a sixth form,Mixed,Non-selective
140492,Beis Medrash Elyon,Other independent school,Independent schools,Not applicable,Barnet,London,NW9 7DH,Does not have a sixth form,Boys,Not applicable
140510,Northampton School for Girls,Academy converter,Academies,Secondary,West Northamptonshire,Northampton,NN3 6DG,Has a sixth form,Girls,Non-selective
140524,Bishop Walsh Catholic School,Academy converter,Academies,Secondary,Birmingham,Sutton Coldfield,B76 1QT,Has a sixth form,Mixed,Non-selective
140534,Attleborough Academy,Academy converter,Academies,Secondary,Norfolk,Attleborough,NR17 2AJ,Has a sixth form,Mixed,Non-selective
140537,St Simon Stock Catholic School,Academy converter,Academies,Secondary,Kent,Maidstone,ME16 0JP,Has a sixth form,Mixed,Non-selective
140547,Forge Valley School & Sixth Form,Academy sponsor led,Academies,Secondary,Sheffield,Sheffield,S6 5HG,Has a sixth form,Mixed,Non-selective
140549,Magnus Church of England Academy,Academy sponsor led,Academies,Secondary,Nottinghamshire,Newark,NG24 4AB,Has a sixth form,Mixed,Non-selective
140564,King's College London Maths School,Free schools 16 to 19,Free Schools,16 plus,Lambeth,London,SE11 6NJ,Has a sixth form,Mixed,Non-selective
140575,Beal High School,Academy converter,Academies,Secondary,Redbridge,Ilford,IG4 5LP,Has a sixth form,Mixed,Non-selective
140580,John Mason School,Academy converter,Academies,Secondary,Oxfordshire,Abingdon,OX14 1JB,Has a sixth form,Mixed,Non-selective
140595,The Skinners' School,Academy converter,Academies,Secondary,Kent,Tunbridge Wells,TN4 9PG,Has a sixth form,Boys,Selective
140600,Energy Coast UTC,University technical college,Free Schools,Secondary,Cumberland,Workington,CA14 4JW,Has a sixth form,Mixed,Non-selective
140603,Westminster Tutors,Other independent school,Independent schools,Not applicable,Kensington and Chelsea,London,SW7 3LQ,Has a sixth form,Mixed,Non-selective
140604,Central Learning Partnership,Sixth form centres,Colleges,Not applicable,Wolverhampton,Wolverhampton,WV11 1RD,Not applicable,Mixed,
140621,Salisbury Sixth Form College,Free schools 16 to 19,Free Schools,16 plus,Wiltshire,Salisbury,SP1 2JJ,Has a sixth form,Mixed,
140640,St Gregory's Catholic School,Academy converter,Academies,Secondary,Kent,Tunbridge Wells,TN4 9XL,Has a sixth form,Mixed,Non-selective
140646,Wickersley School and Sports College,Academy converter,Academies,Secondary,Rotherham,Rotherham,S66 1JL,Has a sixth form,Mixed,Non-selective
140698,All Saints' Catholic Voluntary Academy,Academy converter,Academies,Secondary,Nottinghamshire,Mansfield,NG19 6BW,Has a sixth form,Mixed,Non-selective
140731,Tudor Grange Academy Redditch,Academy converter,Academies,Secondary,Worcestershire,Redditch,B98 7UH,Has a sixth form,Mixed,Non-selective
140737,Notre Dame RC School,Academy converter,Academies,Secondary,Plymouth,Plymouth,PL6 5HN,Has a sixth form,Girls,Non-selective
140748,Ruislip High School,Academy converter,Academies,Secondary,Hillingdon,Ruislip,HA4 0BY,Has a sixth form,Mixed,Non-selective
140786,The Hertfordshire & Essex High School and Science College,Academy converter,Academies,Secondary,Hertfordshire,Bishop's Stortford,CM23 5NJ,Has a sixth form,Girls,Non-selective
140787,The Cedars Academy,Academy converter,Academies,Secondary,Leicestershire,Leicester,LE4 4GH,Has a sixth form,Mixed,Non-selective
140791,Tytherington School,Academy converter,Academies,Secondary,Cheshire East,Macclesfield,SK10 2EE,Has a sixth form,Mixed,Non-selective
140798,Wolverhampton Girls' High School,Academy converter,Academies,Secondary,Wolverhampton,Wolverhampton,WV6 0BY,Has a sixth form,Girls,Selective
140802,St John Fisher Catholic College,Academy converter,Academies,Secondary,Staffordshire,Newcastle Under Lyme,ST5 2SJ,Has a sixth form,Mixed,Non-selective
140813,Cheshire Studio School,Studio schools,Free Schools,Secondary,Cheshire East,Crewe,CW1 2PZ,Has a sixth form,Mixed,
140815,Jane Austen College,Free schools,Free Schools,Secondary,Norfolk,Norwich,NR3 1DD,Has a sixth form,Mixed,Non-selective
140845,"Cowes Enterprise College, An Ormiston Academy",Academy sponsor led,Academies,Secondary,Isle of Wight,Cowes,PO31 8HB,Has a sixth form,Mixed,Not applicable
140862,Michaela Community School,Free schools,Free Schools,Secondary,Brent,London,HA9 0UU,Has a sixth form,Mixed,Non-selective
140863,The University of Birmingham School,Free schools,Free Schools,Secondary,Birmingham,Birmingham,B29 6QU,Has a sixth form,Mixed,Non-selective
140865,The McAuley Catholic High School,Academy converter,Academies,Secondary,Doncaster,Doncaster,DN3 3QF,Has a sixth form,Mixed,Non-selective
140867,English Martyrs Catholic School and Sixth Form College,Academy converter,Academies,Secondary,Hartlepool,Hartlepool,TS25 4HA,Has a sixth form,Mixed,Non-selective
140874,"St Anselm's Catholic School, Canterbury",Academy converter,Academies,Secondary,Kent,Canterbury,CT1 3EN,Has a sixth form,Mixed,Non-selective
140875,Wheatley Park School,Academy converter,Academies,Secondary,Oxfordshire,Oxford,OX33 1QH,Has a sixth form,Mixed,Non-selective
140884,Marylebone Academy,Free schools,Free Schools,Secondary,Westminster,London,W2 1QZ,Has a sixth form,Boys,Non-selective
140886,Futures Institute Banbury,Studio schools,Free Schools,Secondary,Oxfordshire,Banbury,OX16 9HY,Has a sixth form,Mixed,Non-selective
140893,Beaconsfield High School,Academy converter,Academies,Secondary,Buckinghamshire,Beaconsfield,HP9 1RR,Has a sixth form,Girls,Selective
140898,Shaftesbury School,Academy converter,Academies,Secondary,Dorset,Shaftesbury,SP7 8ER,Has a sixth form,Mixed,Non-selective
140922,Idsall School,Academy converter,Academies,Secondary,Shropshire,Shifnal,TF11 8PD,Has a sixth form,Mixed,Non-selective
140935,Harris Academy Tottenham,Free schools,Free Schools,All-through,Haringey,London,N17 9LN,Has a sixth form,Mixed,
140939,Harris Westminster Sixth Form,Free schools 16 to 19,Free Schools,16 plus,Westminster,London,SW1H 9LH,Has a sixth form,Mixed,
140940,Chapeltown Academy,Free schools 16 to 19,Free Schools,16 plus,Sheffield,Sheffield,S35 9ZX,Has a sixth form,Mixed,Non-selective
140950,Lincoln UTC,University technical college,Free Schools,Secondary,Lincolnshire,Lincoln,LN2 1PF,Has a sixth form,Mixed,
140952,Harris Invictus Academy Croydon,Free schools,Free Schools,Secondary,Croydon,Croydon,CR0 2TB,Has a sixth form,Mixed,
140961,WMG Academy for Young Engineers,University technical college,Free Schools,Secondary,Coventry,Coventry,CV4 8DY,Has a sixth form,Mixed,Non-selective
140962,Goresbrook School,Free schools,Free Schools,All-through,Barking and Dagenham,Dagenham,RM9 6XW,Has a sixth form,Mixed,
140965,Studio West,Studio schools,Free Schools,Secondary,Newcastle upon Tyne,Newcastle-upon-Tyne,NE5 2SZ,Has a sixth form,Mixed,
140966,Trinity Academy,Free schools,Free Schools,Secondary,Lambeth,London,SW2 1QS,Has a sixth form,Mixed,
140971,Exeter Mathematics School,Free schools 16 to 19,Free Schools,16 plus,Devon,Exeter,EX4 3PU,Has a sixth form,Mixed,
140984,Nottingham University Academy of Science and Technology,Free schools,Free Schools,Secondary,Nottingham,Nottingham,NG7 2PL,Has a sixth form,Mixed,
140985,Harris Academy Battersea,Academy sponsor led,Academies,Secondary,Wandsworth,London,SW11 5AP,Has a sixth form,Mixed,
140987,Leigh UTC Dartford,University technical college,Free Schools,Secondary,Kent,Dartford,DA1 5TF,Has a sixth form,Mixed,
140992,Hall Park Academy,Academy sponsor led,Academies,Secondary,Nottinghamshire,Nottingham,NG16 3EA,Has a sixth form,Mixed,Non-selective
141009,Ditton Park Academy,Free schools,Free Schools,Secondary,Slough,Slough,SL3 7UX,Has a sixth form,Mixed,Non-selective
141010,Nottingham Free School,Free schools,Free Schools,Secondary,Nottingham,Nottingham,NG5 1EB,Has a sixth form,Mixed,
141019,Ark Elvin Academy,Academy sponsor led,Academies,Secondary,Brent,London,HA9 7DU,Has a sixth form,Mixed,Non-selective
141035,De Salis Studio College,Studio schools,Free Schools,Secondary,Hillingdon,Hayes,UB4 8JP,Has a sixth form,Mixed,
141063,St Augustine's Catholic High School,Academy converter,Academies,Secondary,Worcestershire,Redditch,B97 5LX,Has a sixth form,Mixed,Non-selective
141069,The Cooper School,Academy converter,Academies,Secondary,Oxfordshire,Bicester,OX26 4RS,Has a sixth form,Mixed,Non-selective
141071,Whitefriars School,Academy converter,Academies,All-through,Harrow,Harrow,HA3 5RQ,Has a sixth form,Mixed,Not applicable
141086,University Technical College Norfolk,University technical college,Free Schools,Secondary,Norfolk,Norwich,NR4 6FF,Has a sixth form,Mixed,
141095,East London Arts & Music,Free schools 16 to 19,Free Schools,16 plus,Tower Hamlets,London,E3 3TA,Has a sixth form,Mixed,Non-selective
141105,Holy Trinity School,Free schools,Free Schools,All-through,Worcestershire,Kidderminster,DY10 2BY,Has a sixth form,Mixed,Non-selective
141111,UTC Oxfordshire,University technical college,Free Schools,Secondary,Oxfordshire,Didcot,OX11 6BZ,Has a sixth form,Mixed,
141135,The Fulham Boys School,Free schools,Free Schools,Secondary,Hammersmith and Fulham,London,SW6 5BD,Has a sixth form,Boys,
141146,Blessed George Napier Catholic School and Sixth Form,Academy converter,Academies,Secondary,Oxfordshire,Banbury,OX16 9DG,Has a sixth form,Mixed,Non-selective
141163,Woolwich Polytechnic School,Academy converter,Academies,Secondary,Greenwich,London,SE28 8AT,Has a sixth form,Boys,Non-selective
141165,Queen Elizabeth's Grammar School,Free schools,Free Schools,Secondary,Blackburn with Darwen,Blackburn,BB2 6DF,Has a sixth form,Mixed,Non-selective
141176,Sir John Talbot's School,Academy sponsor led,Academies,Secondary,Shropshire,Whitchurch,SY13 2BY,Has a sixth form,Mixed,Non-selective
141178,The Warren School,Academy sponsor led,Academies,Secondary,Barking and Dagenham,Romford,RM6 6SB,Has a sixth form,Mixed,Non-selective
141185,Thorp Academy,Academy sponsor led,Academies,Secondary,Gateshead,Ryton,NE40 3AH,Has a sixth form,Mixed,Non-selective
141242,Kimichi School,Other independent school,Independent schools,Not applicable,Birmingham,Birmingham,B27 6LL,Has a sixth form,Mixed,Non-selective
141245,Wednesfield Academy,Academy sponsor led,Academies,Secondary,Wolverhampton,Wolverhampton,WV11 3ES,Has a sixth form,Mixed,Non-selective
141248,North Chadderton School,Academy converter,Academies,Secondary,Oldham,Oldham,OL9 0BN,Has a sixth form,Mixed,Non-selective
141250,North Bridge House Senior Canonbury School,Other independent school,Independent schools,Not applicable,Islington,,N1 2NQ,Has a sixth form,Mixed,Non-selective
141257,St Mary's Catholic Academy,Academy converter,Academies,Secondary,Blackpool,Blackpool,FY3 7EQ,Has a sixth form,Mixed,Non-selective
141259,The Ripley Academy,Academy converter,Academies,Secondary,Derbyshire,Ripley,DE5 3JQ,Has a sixth form,Mixed,Non-selective
141264,Whalley Range 11-18 High School,Academy converter,Academies,Secondary,Manchester,Manchester,M16 8GW,Has a sixth form,Girls,Non-selective
141268,Northgate High School,Academy converter,Academies,Secondary,Norfolk,Dereham,NR19 2EU,Has a sixth form,Mixed,Non-selective
141269,"City of Norwich School, An Ormiston Academy",Academy converter,Academies,Secondary,Norfolk,Norwich,NR4 6PP,Has a sixth form,Mixed,Non-selective
141277,Lawrence Sheriff School,Academy converter,Academies,Secondary,Warwickshire,Rugby,CV21 3AG,Has a sixth form,Boys,Selective
141300,Hampton College,Academy converter,Academies,All-through,Peterborough,Peterborough,PE7 8BF,Has a sixth form,Mixed,Non-selective
141307,Ryburn Valley High School,Academy converter,Academies,Secondary,Calderdale,Sowerby Bridge,HX6 1DF,Has a sixth form,Mixed,Non-selective
141309,Leigh Stationers' Academy,Academy converter,Academies,Secondary,Greenwich,London,SE9 2PT,Has a sixth form,Mixed,Non-selective
141338,St Michael's Church of England High School,Academy sponsor led,Academies,Secondary,Sefton,Crosby,L23 7UL,Has a sixth form,Mixed,Non-selective
141342,Kinver High School and Sixth Form,Academy sponsor led,Academies,Secondary,Staffordshire,Stourbridge,DY7 6AA,Has a sixth form,Mixed,Non-selective
141343,Wombourne High School,Academy sponsor led,Academies,Secondary,Staffordshire,Wolverhampton,WV5 8BJ,Has a sixth form,Mixed,Non-selective
141377,Outwood Academy Newbold,Academy sponsor led,Academies,Secondary,Derbyshire,Chesterfield,S41 8BA,Has a sixth form,Mixed,Non-selective
141414,Hagley Catholic High School,Academy converter,Academies,Secondary,Worcestershire,Hagley,DY8 2XL,Has a sixth form,Mixed,Non-selective
141466,The Howard School,Academy converter,Academies,Secondary,Medway,Gillingham,ME8 0BX,Has a sixth form,Boys,Non-selective
141470,St John Fisher Catholic Voluntary Academy,Academy converter,Academies,Secondary,Kirklees,Dewsbury,WF13 4LL,Has a sixth form,Mixed,Non-selective
141491,Landau Forte Academy Tamworth Sixth Form,Academy 16 to 19 sponsor led,Academies,16 plus,Staffordshire,Tamworth,B79 8AA,Has a sixth form,Mixed,
141499,Workington Academy,Academy sponsor led,Academies,Secondary,Cumberland,Workington,CA14 4EB,Has a sixth form,Mixed,Non-selective
141526,Queen Elizabeth's School,Academy converter,Academies,Secondary,Dorset,Wimborne,BH21 4DT,Has a sixth form,Mixed,Non-selective
141565,Tauheedul Islam Girls' High School,Academy converter,Academies,Secondary,Blackburn with Darwen,Blackburn,BB2 7AD,Has a sixth form,Girls,Non-selective
141570,Ellowes Hall Sports College,Academy converter,Academies,Secondary,Dudley,Dudley,DY3 2JH,Has a sixth form,Mixed,Non-selective
141628,Ursuline College,Academy converter,Academies,Secondary,Kent,Westgate-on-Sea,CT8 8LX,Has a sixth form,Mixed,Non-selective
141639,Thomas Gainsborough School,Academy converter,Academies,Secondary,Suffolk,Sudbury,CO10 0NH,Has a sixth form,Mixed,Non-selective
141665,Sir Bernard Lovell Academy,Academy sponsor led,Academies,Secondary,South Gloucestershire,Bristol,BS30 8TS,Has a sixth form,Mixed,Non-selective
141683,The Sydney Russell School,Academy converter,Academies,All-through,Barking and Dagenham,Dagenham,RM9 5QT,Has a sixth form,Mixed,Non-selective
141730,Dinnington High School,Academy converter,Academies,Secondary,Rotherham,Sheffield,S25 2NZ,Has a sixth form,Mixed,Non-selective
141735,The Sir John Colfox Academy,Academy converter,Academies,Secondary,Dorset,Bridport,DT6 3DT,Has a sixth form,Mixed,Non-selective
141741,Chase High School,Academy sponsor led,Academies,Secondary,Southend-on-Sea,Westcliff-on-Sea,SS0 0RT,Has a sixth form,Mixed,Non-selective
141802,Our Lady and St Chad Catholic Academy,Academy converter,Academies,Secondary,Wolverhampton,Wolverhampton,WV10 8BL,Has a sixth form,Mixed,Non-selective
141808,Saint Cecilia's Church of England School,Academy converter,Academies,Secondary,Wandsworth,London,SW18 5JR,Has a sixth form,Mixed,Non-selective
141813,Shireland Biomedical Utc,University technical college,Free Schools,Secondary,Sandwell,West Bromwich,B70 8DJ,Has a sixth form,Mixed,
141814,St Benet Biscop Catholic Academy,Academy converter,Academies,Secondary,Northumberland,Bedlington,NE22 6ED,Has a sixth form,Mixed,Non-selective
141835,St Thomas Aquinas Catholic School,Academy converter,Academies,Secondary,Birmingham,Birmingham,B38 8AP,Has a sixth form,Mixed,Non-selective
141836,St Thomas More Catholic Academy and Sixth Form College,Academy converter,Academies,Secondary,Warwickshire,Nuneaton,CV10 7EX,Has a sixth form,Mixed,Non-selective
141841,The FitzWimarc School,Academy converter,Academies,Secondary,Essex,Rayleigh,SS6 8EB,Has a sixth form,Mixed,Non-selective
141844,The Windsor Boys' School,Academy converter,Academies,Secondary,Windsor and Maidenhead,Windsor,SL4 5EH,Has a sixth form,Boys,Non-selective
141852,Windsor Girls' School,Academy converter,Academies,Secondary,Windsor and Maidenhead,Windsor,SL4 3RT,Has a sixth form,Girls,Non-selective
141862,The Kingston Academy,Free schools,Free Schools,Secondary,Kingston upon Thames,Kingston upon Thames,KT2 5PE,Has a sixth form,Mixed,Non-selective
141874,Charnwood College,Academy sponsor led,Academies,Secondary,Leicestershire,Loughborough,LE11 4SQ,Has a sixth form,Mixed,Non-selective
141930,Stokesley School,Academy converter,Academies,Secondary,North Yorkshire,Stokesley,TS9 5AL,Has a sixth form,Mixed,Non-selective
141931,The Cardinal Vaughan Memorial RC School,Academy converter,Academies,Secondary,Kensington and Chelsea,London,W14 8BZ,Has a sixth form,Boys,Non-selective
141939,Finham Park 2,Free schools,Free Schools,Secondary,Coventry,Coventry,CV4 9WT,Has a sixth form,Mixed,
141940,Elliott Hudson College,Free schools 16 to 19,Free Schools,16 plus,Leeds,Leeds,LS11 0LT,Has a sixth form,Mixed,
141941,University Collegiate School,University technical college,Free Schools,Secondary,Bolton,Bolton,BL3 5AG,Has a sixth form,Mixed,
141963,Turing House School,Free schools,Free Schools,Secondary,Richmond upon Thames,Twickenham,TW2 6LH,Has a sixth form,Mixed,Non-selective
141965,Harington School,Free schools 16 to 19,Free Schools,16 plus,Rutland,Oakham,LE15 6RP,Has a sixth form,Mixed,
141992,Cardinal Wiseman Catholic School,Academy sponsor led,Academies,Secondary,Coventry,Coventry,CV2 2AJ,Has a sixth form,Mixed,Non-selective
141994,Longdon Park School,Other independent special school,Special schools,Not applicable,Derbyshire,Derbyshire,DE65 6GU,Not applicable,Mixed,Not applicable
142009,Hoe Valley School,Free schools,Free Schools,Secondary,Surrey,Woking,GU22 0NH,Has a sixth form,Mixed,Non-selective
142024,The Bicester School,Academy sponsor led,Academies,Secondary,Oxfordshire,Bicester,OX26 2NS,Has a sixth form,Mixed,Non-selective
142035,The Netherhall School,Academy sponsor led,Academies,Secondary,Cambridgeshire,Cambridge,CB1 8NN,Has a sixth form,Mixed,Non-selective
142051,Haileybury Turnford,Academy sponsor led,Academies,Secondary,Hertfordshire,Waltham Cross,EN8 0JU,Has a sixth form,Mixed,Non-selective
142063,Prince William School,Academy sponsor led,Academies,Secondary,North Northamptonshire,Oundle,PE8 4BS,Has a sixth form,Mixed,Non-selective
142079,Digitech Studio School,Studio schools,Free Schools,Secondary,South Gloucestershire,Bristol,BS30 8XQ,Has a sixth form,Mixed,
142080,The Khalsa Academy Wolverhampton,Free schools,Free Schools,Secondary,Wolverhampton,Wolverhampton,WV4 6JP,Has a sixth form,Mixed,
142104,Matthew Arnold School,Academy converter,Academies,Secondary,Oxfordshire,Oxford,OX2 9JE,Has a sixth form,Mixed,Non-selective
142121,The WREN School,Free schools,Free Schools,Secondary,Reading,Reading,RG30 2BB,Has a sixth form,Mixed,
142126,Space Studio West London,Studio schools,Free Schools,Secondary,Hounslow,Hounslow,TW14 9PE,Has a sixth form,Mixed,Non-selective
142127,IKB Academy,Studio schools,Free Schools,Secondary,Bath and North East Somerset,Bristol,BS31 1SP,Has a sixth form,Mixed,
142130,Engineering UTC Northern Lincolnshire,University technical college,Free Schools,Secondary,North Lincolnshire,Scunthorpe,DN15 6TA,Has a sixth form,Mixed,
142153,Oldbury Wells School,Academy converter,Academies,Secondary,Shropshire,Bridgnorth,WV16 5JD,Does not have a sixth form,Mixed,Non-selective
142166,Waingels,Academy converter,Academies,Secondary,Wokingham,Reading,RG5 4RF,Has a sixth form,Mixed,Non-selective
142178,The Charter School East Dulwich,Free schools,Free Schools,Secondary,Southwark,London,SE22 8EY,Has a sixth form,Mixed,Non-selective
142193,Blessed William Howard Catholic School,Academy converter,Academies,Secondary,Staffordshire,Stafford,ST17 9AB,Has a sixth form,Mixed,Non-selective
142202,North Leamington School,Academy converter,Academies,Secondary,Warwickshire,Leamington Spa,CV32 6RD,Has a sixth form,Mixed,Non-selective
142218,The Warriner School,Academy converter,Academies,Secondary,Oxfordshire,Banbury,OX15 4LJ,Has a sixth form,Mixed,Non-selective
142219,Waverley School,Academy converter,Academies,All-through,Birmingham,Birmingham,B9 5QA,Has a sixth form,Mixed,Non-selective
142262,King Edward VI Grammar School,Academy converter,Academies,Secondary,Lincolnshire,Louth,LN11 9LL,Has a sixth form,Mixed,Selective
142283,One Sixth Form College,Academy 16-19 converter,Academies,16 plus,Suffolk,Ipswich,IP8 3SU,Has a sixth form,Mixed,Not applicable
142306,Cockermouth School,Academy converter,Academies,Secondary,Cumberland,Cockermouth,CA13 9HF,Has a sixth form,Mixed,Non-selective
142310,Cardinal Newman Catholic School A Specialist Science College,Academy converter,Academies,Secondary,Luton,Luton,LU2 7AE,Has a sixth form,Mixed,Non-selective
142313,Kingsmead School,Academy converter,Academies,Secondary,Staffordshire,Cannock,WS12 1DH,Has a sixth form,Mixed,Non-selective
142314,Heathside School,Academy converter,Academies,Secondary,Surrey,Weybridge,KT13 8UZ,Has a sixth form,Mixed,Non-selective
142315,Oxted School,Academy converter,Academies,Secondary,Surrey,Oxted,RH8 0AB,Has a sixth form,Mixed,Non-selective
142317,Highfields School,Academy converter,Academies,Secondary,Wolverhampton,Wolverhampton,WV4 4NT,Has a sixth form,Mixed,Non-selective
142330,Cambridge Street School,Other independent school,Independent schools,Not applicable,Kirklees,Batley,WF17 5QW,Has a sixth form,Boys,Not applicable
142336,Wetherby Senior School,Other independent school,Independent schools,Not applicable,Westminster,London,W1U 2QU,Has a sixth form,Boys,Selective
142339,Barr's Hill School,Academy converter,Academies,Secondary,Coventry,Coventry,CV1 4BU,Has a sixth form,Mixed,Non-selective
142357,Newlands Girls' School,Academy converter,Academies,Secondary,Windsor and Maidenhead,Maidenhead,SL6 5JB,Has a sixth form,Girls,Non-selective
142382,Trinity Catholic College,Academy converter,Academies,Secondary,Middlesbrough,Middlesbrough,TS4 3JW,Has a sixth form,Mixed,Non-selective
142387,Kempston Academy,Academy sponsor led,Academies,Secondary,Bedford,Bedford,MK42 7EB,Has a sixth form,Mixed,Non-selective
142405,David Nieper Academy,Academy sponsor led,Academies,Secondary,Derbyshire,Alfreton,DE55 7JA,Has a sixth form,Mixed,Non-selective
142416,Woodstock House School,Other independent special school,Special schools,Not applicable,Surrey,Surbiton,KT6 5HN,Has a sixth form,Mixed,Not applicable
142540,Bideford College,Academy sponsor led,Academies,Secondary,Devon,Bideford,EX39 3AR,Has a sixth form,Mixed,Non-selective
142560,St Gregory's Catholic Science College,Academy converter,Academies,Secondary,Brent,Harrow,HA3 0NB,Has a sixth form,Mixed,Non-selective
142577,The Brakenhale School,Academy sponsor led,Academies,Secondary,Bracknell Forest,Bracknell,RG12 7BA,Has a sixth form,Mixed,Non-selective
142590,Immanuel College,Academy converter,Academies,Secondary,Bradford,Bradford,BD10 9AQ,Has a sixth form,Mixed,Non-selective
142594,Pool Hayes Academy,Academy converter,Academies,Secondary,Walsall,Willenhall,WV12 4QZ,Has a sixth form,Mixed,Non-selective
142601,St Wilfrid's RC College,Academy converter,Academies,Secondary,South Tyneside,South Shields,NE34 0QA,Has a sixth form,Mixed,Non-selective
142604,University Technical College Leeds,University technical college,Free Schools,Secondary,Leeds,Leeds,LS10 1LA,Has a sixth form,Mixed,
142605,UTC Sheffield Olympic Legacy Park,University technical college,Free Schools,Secondary,Sheffield,Sheffield,S9 3TU,Has a sixth form,Mixed,
142627,Menorah High School for Girls,Voluntary aided school,Local authority maintained schools,Secondary,Barnet,London,NW2 7BZ,Has a sixth form,Girls,Not applicable
142711,Leek High School,Academy converter,Academies,Secondary,Staffordshire,Leek,ST13 6EU,Has a sixth form,Mixed,Non-selective
142727,Southgate School,Academy converter,Academies,Secondary,Enfield,Barnet,EN4 0BL,Has a sixth form,Mixed,Non-selective
142741,Swanwick Hall School,Academy converter,Academies,Secondary,Derbyshire,Alfreton,DE55 1AE,Has a sixth form,Mixed,Non-selective
142747,St Thomas Becket Catholic School,Academy converter,Academies,Secondary,West Northamptonshire,Northampton,NN3 6HT,Has a sixth form,Mixed,Non-selective
142755,Westwood College,Academy converter,Academies,Secondary,Staffordshire,Leek,ST13 8NP,Has a sixth form,Mixed,Non-selective
142781,Logic Studio School,Studio schools,Free Schools,Secondary,Hounslow,Feltham,TW13 7EF,Has a sixth form,Mixed,Non-selective
142853,St Katherine's School,Academy converter,Academies,Secondary,North Somerset,Bristol,BS20 0HU,Has a sixth form,Mixed,Non-selective
142864,Pinner High School,Free schools,Free Schools,Secondary,Harrow,Pinner,HA5 1NB,Has a sixth form,Mixed,Non-selective
142869,Wootton Park School,Free schools,Free Schools,All-through,West Northamptonshire,Northampton,NN4 0HZ,Has a sixth form,Mixed,Non-selective
142881,Rugby Free Secondary School,Free schools,Free Schools,Secondary,Warwickshire,Rugby,CV22 5PE,Has a sixth form,Mixed,
142884,Scarborough University Technical College,University technical college,Free Schools,Secondary,North Yorkshire,Scarborough,YO11 2JW,Has a sixth form,Mixed,Non-selective
142887,Global Academy,University technical college,Free Schools,Secondary,Hillingdon,Middlesex,UB3 1DH,Has a sixth form,Mixed,Non-selective
142890,Crewe Engineering and Design UTC,University technical college,Free Schools,Secondary,Cheshire East,Crewe,CW1 2PZ,Has a sixth form,Mixed,
142891,LIPA Sixth Form College,Free schools 16 to 19,Free Schools,16 plus,Liverpool,Liverpool,L1 9DY,Has a sixth form,Mixed,
142894,UTC South Durham,University technical college,Free Schools,Secondary,County Durham,Newton Aycliffe,DL5 6AP,Has a sixth form,Mixed,Non-selective
142899,Aldridge UTC Warrington,University technical college,Free Schools,Secondary,Warrington,Warrington,WA2 7PA,Has a sixth form,Mixed,
142900,WMG Academy for Young Engineers (Solihull),University technical college,Free Schools,Secondary,Solihull,Birmingham,B37 5FD,Has a sixth form,Mixed,Non-selective
142902,Greater Peterborough UTC,University technical college,Free Schools,Secondary,Peterborough,Peterborough,PE1 4DZ,Has a sixth form,Mixed,
142903,London Design and Engineering UTC,University technical college,Free Schools,Secondary,Newham,London,E16 2RD,Has a sixth form,Mixed,
142908,Greatfields School,Free schools,Free Schools,Secondary,Barking and Dagenham,Barking,IG11 7QG,Has a sixth form,Mixed,Non-selective
142928,Vanguard School,Free schools special,Free Schools,Not applicable,Lambeth,London,SE11 6QH,Has a sixth form,Mixed,
142960,Lyng Hall School,Academy converter,Academies,Secondary,Coventry,Coventry,CV2 3JS,Has a sixth form,Mixed,Non-selective
142983,Sir Graham Balfour High School,Academy converter,Academies,Secondary,Staffordshire,Stafford,ST16 1NR,Has a sixth form,Mixed,Non-selective
142987,Walton High School,Academy converter,Academies,Secondary,Staffordshire,Stafford,ST17 0LJ,Has a sixth form,Mixed,Non-selective
143042,Cherwell College Oxford,Other independent school,Independent schools,Not applicable,Oxfordshire,Oxford,OX1 1BZ,Has a sixth form,Mixed,Non-selective
143046,Kings Brighton,Other independent school,Independent schools,Not applicable,Brighton and Hove,Brighton,BN1 4SB,Has a sixth form,Mixed,Not applicable
143063,Egglescliffe School,Academy converter,Academies,Secondary,Stockton-on-Tees,Stockton-on-Tees,TS16 0LA,Has a sixth form,Mixed,Non-selective
143082,Bishop Douglass School Finchley,Academy converter,Academies,Secondary,Barnet,London,N2 0SQ,Has a sixth form,Mixed,Non-selective
143101,"The Royal School, Wolverhampton",Free schools,Free Schools,All-through,Wolverhampton,Wolverhampton,WV3 0EG,Has a sixth form,Mixed,Not applicable
143105,The National Mathematics and Science College,Other independent school,Independent schools,Not applicable,Coventry,,CV4 8JB,Has a sixth form,Mixed,Selective
143112,Beckfoot Oakbank,Academy sponsor led,Academies,Secondary,Bradford,Keighley,BD22 7DU,Has a sixth form,Mixed,Non-selective
143129,Phoenix Academy,Academy sponsor led,Academies,Secondary,Hammersmith and Fulham,London,W12 0RQ,Has a sixth form,Mixed,Non-selective
143131,Robert Barclay Academy,Academy sponsor led,Academies,Secondary,Hertfordshire,Hoddesdon,EN11 8JY,Has a sixth form,Mixed,Not applicable
143141,Swinton Academy,Academy sponsor led,Academies,Secondary,Rotherham,Mexborough,S64 8JW,Does not have a sixth form,Mixed,Not applicable
143197,Edmonton County School,Academy converter,Academies,All-through,Enfield,London,N9 9JZ,Has a sixth form,Mixed,Non-selective
143238,Brigshaw High School,Academy converter,Academies,Secondary,Leeds,Castleford,WF10 2HR,Has a sixth form,Mixed,Non-selective
143260,Parrs Wood High School,Academy converter,Academies,Secondary,Manchester,Manchester,M20 5PG,Has a sixth form,Mixed,Non-selective
143278,Thorpe St Andrew School and Sixth Form,Academy converter,Academies,Secondary,Norfolk,Norwich,NR7 0XS,Has a sixth form,Mixed,Non-selective
143291,Queen Elizabeth High School,Academy converter,Academies,Secondary,Northumberland,Hexham,NE46 3JB,Has a sixth form,Mixed,Non-selective
143327,Beechwood School,Academy converter,Academies,Secondary,Slough,Slough,SL2 1QE,Has a sixth form,Mixed,Non-selective
143362,Stowupland High School,Academy converter,Academies,Secondary,Suffolk,Stowmarket,IP14 4BQ,Has a sixth form,Mixed,Non-selective
143367,"Salesian School, Chertsey",Academy converter,Academies,Secondary,Surrey,Chertsey,KT16 9LU,Has a sixth form,Mixed,Non-selective
143369,"St John the Baptist Catholic Comprehensive School, Woking",Academy converter,Academies,Secondary,Surrey,Woking,GU22 9AL,Has a sixth form,Mixed,Non-selective
143379,St Paul's Way Trust School,Academy converter,Academies,All-through,Tower Hamlets,London,E3 4FT,Has a sixth form,Mixed,Non-selective
143385,Norlington School and 6th Form,Academy converter,Academies,Secondary,Waltham Forest,London,E10 6JZ,Has a sixth form,Boys,Non-selective
143400,New Barn School,Other independent special school,Special schools,Not applicable,West Sussex,,RH12 3PQ,Not applicable,Mixed,Selective
143404,Ely College,Academy converter,Academies,Secondary,Cambridgeshire,Ely,CB6 2SH,Has a sixth form,Mixed,Non-selective
143421,Elizabeth Woodville School,Academy converter,Academies,Secondary,West Northamptonshire,Milton Keynes,MK19 6HN,Not applicable,Mixed,Non-selective
143427,Harris Academy Orpington,Academy sponsor led,Academies,Secondary,Bromley,,BR5 4LG,Has a sixth form,Mixed,
143430,UTC Portsmouth,University technical college,Free Schools,Secondary,Portsmouth,Portsmouth,PO2 9DU,Has a sixth form,Mixed,
143435,Fortis Academy,Academy converter,Academies,Secondary,Birmingham,Birmingham,B44 8NU,Has a sixth form,Mixed,Non-selective
143438,Dame Elizabeth Cadbury School,Academy converter,Academies,Secondary,Birmingham,Birmingham,B30 1UL,Has a sixth form,Mixed,Non-selective
143540,Ada National College for Digital Skills,Further education,Colleges,16 plus,Westminster,London,SW1V 4LD,Has a sixth form,Mixed,
143554,"St Mary's Catholic College, A Voluntary Academy",Academy sponsor led,Academies,Secondary,Wirral,Wallasey,CH45 3LN,Has a sixth form,Mixed,Non-selective
143562,King Edward VI Handsworth Grammar School for Boys,Academy converter,Academies,Secondary,Birmingham,Birmingham,B21 9ET,Has a sixth form,Boys,Selective
143583,"St Leonard's Catholic School, Durham",Academy converter,Academies,Secondary,County Durham,Durham,DH1 4NG,Has a sixth form,Mixed,Non-selective
143588,Woldgate School and Sixth Form College,Academy converter,Academies,Secondary,East Riding of Yorkshire,York,YO42 2LL,Has a sixth form,Mixed,Non-selective
143629,Mulberry School for Girls,Academy converter,Academies,Secondary,Tower Hamlets,London,E1 2JP,Has a sixth form,Girls,Non-selective
143634,St Benedict's Catholic High School,Academy converter,Academies,Secondary,Warwickshire,Alcester,B49 6PX,Has a sixth form,Mixed,Non-selective
143641,Hampton Gardens Secondary School,Free schools,Free Schools,Secondary,Peterborough,Peterborough,PE7 8HR,Has a sixth form,Mixed,
143649,Callington Community College,Academy converter,Academies,Secondary,Cornwall,Callington,PL17 7DR,Has a sixth form,Mixed,
143659,"City of London Academy, Highgate Hill",Free schools,Free Schools,Secondary,Islington,London,N19 3EU,Has a sixth form,Mixed,Non-selective
143689,New College Bradford,Free schools 16 to 19,Free Schools,16 plus,Bradford,Bradford,BD5 0DX,Has a sixth form,Mixed,Non-selective
143704,"Dixons Sixth Form, Bradford",Free schools 16 to 19,Free Schools,16 plus,Bradford,Bradford,BD5 7JR,Has a sixth form,Mixed,
143706,Harris Academy Sutton,Free schools,Free Schools,Secondary,Sutton,Sutton,SM2 5RD,Has a sixth form,Mixed,Non-selective
143729,Didsbury High School,Free schools,Free Schools,Secondary,Manchester,Manchester,M20 2ET,Has a sixth form,Mixed,Non-selective
143734,Derby Cathedral School,Free schools,Free Schools,Secondary,Derby,Derby,DE1 1LR,Has a sixth form,Mixed,
143749,Queen Elizabeth Studio School,Studio schools,Free Schools,Secondary,Westmorland and Furness,,LA6 2HJ,Has a sixth form,Mixed,
143756,"City of London Academy, Shoreditch Park",Free schools,Free Schools,Secondary,Hackney,London,N1 5JU,Has a sixth form,Mixed,
143759,Harris Rainham Sixth Form,Free schools 16 to 19,Free Schools,16 plus,Havering,Rainham,RM13 9XA,Has a sixth form,Mixed,
143773,Rivington and Blackrod High School,Academy converter,Academies,Secondary,Bolton,Bolton,BL6 7RU,Has a sixth form,Mixed,Non-selective
143803,St Joseph's Catholic High School,Academy converter,Academies,Secondary,Slough,Slough,SL2 5HW,Has a sixth form,Mixed,Non-selective
143817,Queen's Park High School,Academy sponsor led,Academies,Secondary,Cheshire West and Chester,Chester,CH4 7AE,Has a sixth form,Mixed,Non-selective
143854,Driffield School and Sixth Form,Academy sponsor led,Academies,Secondary,East Riding of Yorkshire,Driffield,YO25 5HR,Has a sixth form,Mixed,Non-selective
143890,Larkmead School,Academy converter,Academies,Secondary,Oxfordshire,Abingdon,OX14 1RF,Has a sixth form,Mixed,Non-selective
143899,Chase Terrace Academy,Academy converter,Academies,Secondary,Staffordshire,Burntwood,WS7 2DB,Has a sixth form,Mixed,Non-selective
143901,The Ashcombe School,Academy converter,Academies,Secondary,Surrey,Dorking,RH4 1LY,Has a sixth form,Mixed,Non-selective
143902,Therfield School,Academy converter,Academies,Secondary,Surrey,Leatherhead,KT22 7NZ,Has a sixth form,Mixed,Non-selective
143905,Southam College,Academy converter,Academies,Secondary,Warwickshire,Southam,CV47 0JW,Has a sixth form,Mixed,Non-selective
143927,Royal Greenwich Trust School,Free schools,Free Schools,Secondary,Greenwich,London,SE7 8LJ,Has a sixth form,Mixed,Non-selective
143929,Hereford Sixth Form College,Academy 16-19 converter,Academies,16 plus,"Herefordshire, County of",Hereford,HR1 1LU,Has a sixth form,Mixed,Not applicable
143938,Outwood Academy Danum,Academy sponsor led,Academies,Secondary,Doncaster,Doncaster,DN2 5QD,Has a sixth form,Mixed,
143954,The Lenham School,Academy sponsor led,Academies,Secondary,Kent,Maidstone,ME17 2LL,Has a sixth form,Mixed,Non-selective
143981,Helston Community College,Academy converter,Academies,Secondary,Cornwall,Helston,TR13 8NR,Has a sixth form,Mixed,Non-selective
144002,Thomas Alleyne's High School,Academy converter,Academies,Secondary,Staffordshire,Uttoxeter,ST14 8DU,Has a sixth form,Mixed,Non-selective
144008,Wood Green School,Academy converter,Academies,Secondary,Oxfordshire,Witney,OX28 1DX,Has a sixth form,Mixed,Non-selective
144044,Canon Slade School,Academy converter,Academies,Secondary,Bolton,Bolton,BL2 3BP,Has a sixth form,Mixed,Non-selective
144069,The Pingle Academy,Academy converter,Academies,Secondary,Derbyshire,Swadlincote,DE11 0QA,Has a sixth form,Mixed,Non-selective
144084,The Lea Valley Academy,Academy converter,Academies,Secondary,Enfield,Enfield,EN3 6TW,Has a sixth form,Mixed,Non-selective
144100,Dartford Grammar School for Girls,Academy converter,Academies,Secondary,Kent,Dartford,DA1 2NT,Has a sixth form,Girls,Selective
144104,St Mary's College Voluntary Catholic Academy,Academy converter,Academies,Secondary,"Kingston upon Hull, City of",Hull,HU6 7TN,Has a sixth form,Mixed,Non-selective
144182,Colonel Frank Seely Academy,Academy sponsor led,Academies,Secondary,Nottinghamshire,Nottingham,NG14 6JZ,Has a sixth form,Mixed,Non-selective
144204,Harton Academy,Academy converter,Academies,Secondary,South Tyneside,South Shields,NE34 6DL,Has a sixth form,Mixed,Non-selective
144243,St Philip Howard Catholic School,Academy converter,Academies,Secondary,West Sussex,Bognor Regis,PO22 0EN,Has a sixth form,Mixed,Non-selective
144278,Moreton School,Academy sponsor led,Academies,Secondary,Wolverhampton,Wolverhampton,WV10 8BY,Has a sixth form,Mixed,Not applicable
144291,Liskeard School and Community College,Academy converter,Academies,Secondary,Cornwall,Liskeard,PL14 3EA,Has a sixth form,Mixed,Non-selective
144309,The Elmgreen School,Academy converter,Academies,Secondary,Lambeth,London,SE27 9BZ,Has a sixth form,Mixed,Non-selective
144326,Rainhill High School,Academy converter,Academies,Secondary,St. Helens,Prescot,L35 6NY,Has a sixth form,Mixed,Non-selective
144327,Rainford High School,Academy converter,Academies,Secondary,St. Helens,St Helens,WA11 8NY,Has a sixth form,Mixed,Non-selective
144342,Manshead Church of England Academy,Academy sponsor led,Academies,Secondary,Central Bedfordshire,Luton,LU1 4BB,Has a sixth form,Mixed,Non-selective
144354,The Whitstable School,Academy converter,Academies,Secondary,Kent,Whitstable,CT5 1PX,Has a sixth form,Mixed,Non-selective
144359,Sprowston Community Academy,Academy sponsor led,Academies,Secondary,Norfolk,Norwich,NR7 8NE,Has a sixth form,Mixed,Non-selective
144364,Sir Thomas Wharton Academy,Academy converter,Academies,Secondary,Doncaster,Doncaster,DN12 1HH,Has a sixth form,Mixed,
144367,Baxter College,Academy converter,Academies,Secondary,Worcestershire,Kidderminster,DY11 5PQ,Has a sixth form,Mixed,
144402,Croxley Danes School,Free schools,Free Schools,Secondary,Hertfordshire,Rickmansworth,WD3 3LR,Has a sixth form,Mixed,
144463,Rochdale Sixth Form College,Academy 16-19 converter,Academies,16 plus,Rochdale,Rochdale,OL12 6HY,Has a sixth form,Mixed,Not applicable
144465,Orion Eden Park,Free schools,Free Schools,Secondary,Bromley,Beckenham,BR3 3RD,Has a sixth form,Mixed,Non-selective
144486,Queen Elizabeth's Academy,Academy sponsor led,Academies,Secondary,Nottinghamshire,Mansfield,NG19 7AP,Has a sixth form,Mixed,
144489,The Newark Academy,Academy sponsor led,Academies,Secondary,Nottinghamshire,Newark,NG24 3AL,Has a sixth form,Mixed,
144496,Teesdale School and Sixth Form,Academy sponsor led,Academies,Secondary,County Durham,Barnard Castle,DL12 8HH,Has a sixth form,Mixed,
144502,The Totteridge Academy,Academy sponsor led,Academies,Secondary,Barnet,London,N20 8AZ,Has a sixth form,Mixed,
144503,Three Rivers Academy,Academy converter,Academies,Secondary,Surrey,Walton-on-Thames,KT12 5EJ,Has a sixth form,Mixed,
144511,"Newham Collegiate Sixth Form Centre, City of London Academy",Free schools 16 to 19,Free Schools,16 plus,Newham,London,E6 2BB,Has a sixth form,Mixed,Non-selective
144515,The Green School for Boys,Free schools,Free Schools,Secondary,Hounslow,Isleworth,TW7 6AU,Has a sixth form,Boys,
144561,Wolfreton School and Sixth Form College,Academy converter,Academies,Secondary,East Riding of Yorkshire,Hull,HU10 6HB,Has a sixth form,Mixed,Non-selective
144588,Co-op Academy Priesthorpe,Academy converter,Academies,Secondary,Leeds,Pudsey,LS28 5SG,Does not have a sixth form,Mixed,Non-selective
144595,Wixams Academy,Free schools,Free Schools,Secondary,Bedford,Bedford,MK42 6BA,Has a sixth form,Mixed,
144601,Ashington Academy,Academy sponsor led,Academies,Secondary,Northumberland,Ashington,NE63 8DH,Has a sixth form,Mixed,Non-selective
144623,Barclay Academy,Academy sponsor led,Academies,Secondary,Hertfordshire,Stevenage,SG1 3RB,Has a sixth form,Mixed,Non-selective
144687,The Garibaldi School,Academy converter,Academies,Secondary,Nottinghamshire,Mansfield,NG19 0JX,Has a sixth form,Mixed,Non-selective
144700,Mulberry Stepney Green Mathematics and Computing College,Academy converter,Academies,Secondary,Tower Hamlets,London,E1 4SD,Has a sixth form,Mixed,Non-selective
144711,Fulford School,Academy converter,Academies,Secondary,York,York,YO10 4FY,Has a sixth form,Mixed,Non-selective
144714,New College Doncaster,Free schools 16 to 19,Free Schools,16 plus,Doncaster,Doncaster,DN9 3HG,Has a sixth form,Mixed,
144732,New College Pontefract,Academy 16-19 converter,Academies,16 plus,Wakefield,Pontefract,WF8 4QR,Has a sixth form,Mixed,Not applicable
144739,Bobby Moore Academy,Free schools,Free Schools,All-through,Newham,London,E20 2AE,Has a sixth form,Mixed,Non-selective
144740,Callywith College,Free schools 16 to 19,Free Schools,16 plus,Cornwall,Bodmin,PL31 2GT,Has a sixth form,Mixed,
144750,Harris Academy Riverside,Free schools,Free Schools,Secondary,Thurrock,Purfleet,RM19 1QY,Has a sixth form,Mixed,Non-selective
144753,London Academy of Excellence Tottenham,Free schools 16 to 19,Free Schools,16 plus,Haringey,London,N17 0BX,Has a sixth form,Mixed,Not applicable
144756,Mulberry UTC,University technical college,Free Schools,Secondary,Tower Hamlets,London,E3 2RU,Has a sixth form,Mixed,Non-selective
144760,Scott Medical and Healthcare College,Studio schools,Free Schools,Secondary,Plymouth,Plymouth,PL3 4BD,Has a sixth form,Mixed,
144761,SGS Berkeley Green UTC,University technical college,Free Schools,Secondary,Gloucestershire,Berkeley,GL13 9FB,Has a sixth form,Mixed,Non-selective
144766,Ron Dearing UTC,University technical college,Free Schools,Secondary,"Kingston upon Hull, City of",Hull,HU2 8BQ,Has a sixth form,Mixed,
144776,KWS School,Other independent special school,Special schools,Not applicable,Milton Keynes,Milton Keynes,MK2 3HU,Not applicable,Mixed,Not applicable
144782,Priestley College,Academy 16-19 converter,Academies,16 plus,Warrington,Warrington,WA4 6RD,Has a sixth form,Mixed,Not applicable
144795,London Park School Mayfair and London Park School Sixth,Other independent school,Independent schools,Not applicable,Westminster,London,W1J 7NL,Has a sixth form,Mixed,Non-selective
144796,Edith Kay Independent School,Other independent special school,Special schools,Not applicable,Brent,,NW10 8HR,Not applicable,Mixed,Not applicable
144829,Birkenhead Sixth Form College,Academy 16-19 converter,Academies,16 plus,Wirral,Wirral,CH43 8SQ,Has a sixth form,Mixed,Not applicable
144886,Longley Park Sixth Form Academy,Academy 16-19 converter,Academies,16 plus,Sheffield,Sheffield,S5 6SG,Has a sixth form,Mixed,Not applicable
144887,Solihull Sixth Form College,Academy 16-19 converter,Academies,16 plus,Solihull,Solihull,B91 3WR,Has a sixth form,Mixed,Not applicable
144888,Worcester Sixth Form College,Academy 16-19 converter,Academies,16 plus,Worcestershire,Worcester,WR5 2LU,Has a sixth form,Mixed,Not applicable
144962,City of London Academy Highbury Grove,Academy sponsor led,Academies,Secondary,Islington,London,N5 2EQ,Has a sixth form,Mixed,Non-selective
144976,Outwood Academy Easingwold,Academy sponsor led,Academies,Secondary,North Yorkshire,York,YO61 3EF,Has a sixth form,Mixed,Non-selective
144977,Bedlington Academy,Academy sponsor led,Academies,Secondary,Northumberland,Bedlington,NE22 7DS,Has a sixth form,Mixed,Non-selective
144988,Great Wyrley Academy,Academy sponsor led,Academies,Secondary,Staffordshire,Walsall,WS6 6LQ,Has a sixth form,Mixed,Non-selective
145002,Oldham Sixth Form College,Academy 16-19 converter,Academies,16 plus,Oldham,Oldham,OL8 1XU,Has a sixth form,Mixed,Not applicable
145003,City of Stoke-On-Trent Sixth Form College,Academy 16-19 converter,Academies,16 plus,Stoke-on-Trent,Stoke-on-Trent,ST4 2RU,Has a sixth form,Mixed,Not applicable
145004,Godalming College,Academy 16-19 converter,Academies,16 plus,Surrey,Godalming,GU7 1RS,Has a sixth form,Mixed,Not applicable
145005,Reigate College,Academy 16-19 converter,Academies,16 plus,Surrey,Reigate,RH2 0SD,Has a sixth form,Mixed,Not applicable
145006,Esher Sixth Form College,Academy 16-19 converter,Academies,16 plus,Surrey,Thames Ditton,KT7 0JB,Has a sixth form,Mixed,Not applicable
145007,Woking College,Academy 16-19 converter,Academies,16 plus,Surrey,Woking,GU22 9DL,Has a sixth form,Mixed,Not applicable
145008,Ormiston SWB Academy,Academy sponsor led,Academies,Secondary,Wolverhampton,Bilston,WV14 0LN,Has a sixth form,Mixed,Non-selective
145050,Epping St John's Church of England School,Academy sponsor led,Academies,Secondary,Essex,Epping,CM16 5JB,Has a sixth form,Mixed,Non-selective
145051,Queen Katharine Academy,Academy sponsor led,Academies,Secondary,Peterborough,Peterborough,PE4 6HX,Has a sixth form,Mixed,Non-selective
145057,The Sixth Form College Farnborough,Academy 16-19 converter,Academies,16 plus,Hampshire,Farnborough,GU14 8JX,Has a sixth form,Mixed,Not applicable
145061,Harwich and Dovercourt High School,Academy sponsor led,Academies,Secondary,Essex,Harwich,CO12 3TG,Does not have a sixth form,Mixed,
145090,Richmond School & Sixth Form College,Academy converter,Academies,Secondary,North Yorkshire,Richmond,DL10 7BQ,Has a sixth form,Mixed,Non-selective
145114,Coppice Performing Arts School,Academy sponsor led,Academies,Secondary,Wolverhampton,Wolverhampton,WV11 2QE,Has a sixth form,Mixed,Non-selective
145121,Park Academy West London,Academy sponsor led,Academies,Secondary,Hillingdon,Hillingdon,UB8 3GA,Has a sixth form,Mixed,Non-selective
145126,Harris Academy St John's Wood,Academy sponsor led,Academies,Secondary,Westminster,London,NW8 0NL,Has a sixth form,Mixed,
145134,Ormiston NEW Academy,Academy sponsor led,Academies,Secondary,Wolverhampton,Wolverhampton,WV10 6SE,Has a sixth form,Mixed,
145135,Yate Academy,Academy converter,Academies,Secondary,South Gloucestershire,Yate,BS37 4DX,Has a sixth form,Mixed,
145140,Harris Garrard Academy,Academy sponsor led,Academies,All-through,Bexley,Erith,DA18 4DW,Has a sixth form,Mixed,
145155,UTC Swindon,University technical college,Free Schools,Secondary,Swindon,Swindon,SN1 5ET,Has a sixth form,Mixed,
145158,Melton Vale Sixth Form College,Academy 16-19 converter,Academies,16 plus,Leicestershire,Melton Mowbray,LE13 1DN,Has a sixth form,Mixed,Not applicable
145174,King Edward VI College,Academy 16-19 converter,Academies,16 plus,Warwickshire,Nuneaton,CV11 4BE,Has a sixth form,Mixed,Not applicable
145175,Queen Mary's College,Academy 16-19 converter,Academies,16 plus,Hampshire,Basingstoke,RG21 3HF,Has a sixth form,Mixed,Not applicable
145179,Stoke Park School,Academy sponsor led,Academies,Secondary,Coventry,Coventry,CV2 4JW,Has a sixth form,Mixed,Non-selective
145196,Downham Market Academy,Academy sponsor led,Academies,Secondary,Norfolk,Downham Market,PE38 9LL,Has a sixth form,Mixed,
145227,Prior Pursglove and Stockton Sixth Form College,Academy 16-19 converter,Academies,16 plus,Redcar and Cleveland,Guisborough,TS14 6BU,Not applicable,Mixed,Not applicable
145228,Richard Taunton Sixth Form College,Academy 16-19 converter,Academies,16 plus,Southampton,Southampton,SO15 5RL,Has a sixth form,Mixed,Not applicable
145229,St Vincent College,Academy 16-19 converter,Academies,16 plus,Hampshire,Gosport,PO12 4QA,Not applicable,Mixed,Not applicable
145230,Thomas Rotherham College,Academy 16-19 converter,Academies,16 plus,Rotherham,Rotherham,S60 2BE,Not applicable,Mixed,Not applicable
145244,Edgbarrow School,Academy converter,Academies,Secondary,Bracknell Forest,Crowthorne,RG45 7HZ,Has a sixth form,Mixed,Non-selective
145271,Jack Hunt Academy,Academy converter,Academies,Secondary,Peterborough,Peterborough,PE3 9PY,Has a sixth form,Mixed,Non-selective
145286,St Crispin's School,Academy converter,Academies,Secondary,Wokingham,Wokingham,RG40 1SS,Has a sixth form,Mixed,Non-selective
145313,Bacon's College,Academy sponsor led,Academies,Secondary,Southwark,London,SE16 6AT,Has a sixth form,Mixed,Non-selective
145322,The Misbourne School,Academy converter,Academies,Secondary,Buckinghamshire,Great Missenden,HP16 0BN,Has a sixth form,Mixed,Non-selective
145327,Derby Moor Spencer Academy,Academy converter,Academies,Secondary,Derby,Derby,DE23 2FS,Has a sixth form,Mixed,Non-selective
145336,Tavistock College,Academy converter,Academies,Secondary,Devon,Tavistock,PL19 8DD,Has a sixth form,Mixed,Non-selective
145337,Okehampton College,Academy converter,Academies,Secondary,Devon,Okehampton,EX20 1PW,Has a sixth form,Mixed,Non-selective
145348,Dormers Wells High School,Academy converter,Academies,Secondary,Ealing,Southall,UB1 3HZ,Has a sixth form,Mixed,Non-selective
145381,Wolgarston High School,Academy converter,Academies,Secondary,Staffordshire,Stafford,ST19 5RX,Has a sixth form,Mixed,Non-selective
145398,Ashton Park School,Academy sponsor led,Academies,Secondary,"Bristol, City of",Bristol,BS3 2JL,Has a sixth form,Mixed,Non-selective
145420,Folkestone Academy,Academy sponsor led,Academies,Secondary,Kent,Folkestone,CT19 5FP,Has a sixth form,Mixed,Non-selective
145430,The Adeyfield Academy,Academy sponsor led,Academies,Secondary,Hertfordshire,Hemel Hempstead,HP2 4DE,Has a sixth form,Mixed,Non-selective
145455,High Storrs School,Academy converter,Academies,Secondary,Sheffield,Sheffield,S11 7LH,Has a sixth form,Mixed,Non-selective
145474,Brentwood County High School,Academy sponsor led,Academies,Secondary,Essex,Brentwood,CM14 4JF,Has a sixth form,Mixed,Non-selective
145482,Chew Valley School,Academy converter,Academies,Secondary,Bath and North East Somerset,Bristol,BS40 8QB,Has a sixth form,Mixed,Non-selective
145499,Eden Springs Girls Secondary,Other independent school,Independent schools,Not applicable,Bradford,,BD5 7PE,Has a sixth form,Girls,Not applicable
145500,John Port Spencer Academy,Academy sponsor led,Academies,Secondary,Derbyshire,Derby,DE65 6LU,Has a sixth form,Mixed,Non-selective
145502,Winterbourne Academy,Academy sponsor led,Academies,Secondary,South Gloucestershire,Bristol,BS36 1JL,Has a sixth form,Mixed,
145563,The Wenlock School,Other independent special school,Special schools,Not applicable,Dudley,West Midlands,DY1 3SS,Not applicable,Mixed,Not applicable
145575,Bilton School,Academy sponsor led,Academies,Secondary,Warwickshire,Rugby,CV22 7JT,Has a sixth form,Mixed,
145597,Roding Valley High School,Academy converter,Academies,Secondary,Essex,Loughton,IG10 3JA,Has a sixth form,Mixed,Non-selective
145609,Lubavitch House School (Senior Girls),Academy converter,Academies,Secondary,Hackney,London,N16 5RP,Has a sixth form,Girls,Non-selective
145643,The Minster School,Academy converter,Academies,Middle deemed secondary,Nottinghamshire,Southwell,NG25 0LG,Has a sixth form,Mixed,Non-selective
145708,Lammas School,Academy converter,Academies,Secondary,Waltham Forest,London,E10 7LX,Does not have a sixth form,Mixed,Non-selective
145722,Holderness Academy,Academy sponsor led,Academies,Secondary,East Riding of Yorkshire,Hull,HU12 8UZ,Does not have a sixth form,Mixed,Non-selective
145724,Ada Lovelace Church of England High School,Free schools,Free Schools,Secondary,Ealing,London,W5 2JX,Has a sixth form,Mixed,Non-selective
145736,Lord Grey Academy,Academy sponsor led,Academies,Secondary,Milton Keynes,Milton Keynes,MK3 6EW,Has a sixth form,Mixed,Non-selective
145748,Sir John Deane's Sixth Form College,Academy 16-19 converter,Academies,16 plus,Cheshire West and Chester,Northwich,CW9 8AF,Has a sixth form,Mixed,Not applicable
145749,East Norfolk Sixth Form College,Academy 16-19 converter,Academies,16 plus,Norfolk,Great Yarmouth,NR31 7BQ,Has a sixth form,Mixed,
145777,Tadcaster Grammar School,Academy converter,Academies,Secondary,North Yorkshire,Tadcaster,LS24 9NB,Has a sixth form,Mixed,Non-selective
145783,Ponteland High School,Academy converter,Academies,Secondary,Northumberland,Ponteland,NE20 9EG,Has a sixth form,Mixed,Non-selective
145819,Sherburn High School,Academy converter,Academies,Secondary,North Yorkshire,Leeds,LS25 6AS,Has a sixth form,Mixed,Non-selective
145843,Treviglas Academy,Academy sponsor led,Academies,Secondary,Cornwall,Newquay,TR7 3JA,Has a sixth form,Mixed,Non-selective
145848,Wath Academy,Academy sponsor led,Academies,Secondary,Rotherham,Rotherham,S63 7NW,Has a sixth form,Mixed,Non-selective
145860,Harris Academy Wimbledon,Free schools,Free Schools,Secondary,Merton,London,SW19 2JY,Has a sixth form,Mixed,Non-selective
145864,Astrea Academy Sheffield,Free schools,Free Schools,All-through,Sheffield,Sheffield,S3 9BE,Has a sixth form,Mixed,Non-selective
145866,Bolder Academy,Free schools,Free Schools,Secondary,Hounslow,Isleworth,TW7 5DB,Has a sixth form,Mixed,Non-selective
145869,CAPA College,Free schools 16 to 19,Free Schools,16 plus,Wakefield,Wakefield,WF1 2QN,Has a sixth form,Mixed,
145875,Coombe Wood School,Free schools,Free Schools,Secondary,Croydon,South Croydon,CR2 7HY,Has a sixth form,Mixed,
145883,Great Western Academy,Free schools,Free Schools,Secondary,Swindon,Swindon,SN25 2PP,Has a sixth form,Mixed,Non-selective
145889,John Taylor Free School,Free schools,Free Schools,Secondary,Staffordshire,Burton-on-Trent,DE13 9SA,Has a sixth form,Mixed,
145892,King's Academy Binfield,Free schools,Free Schools,All-through,Bracknell Forest,Bracknell,RG42 4FS,Has a sixth form,Mixed,
145894,Laurus Ryecroft,Free schools,Free Schools,Secondary,Tameside,Manchester,M43 7LJ,Has a sixth form,Mixed,Non-selective
145897,Mercia School,Free schools,Free Schools,Secondary,Sheffield,Sheffield,S7 2DY,Has a sixth form,Mixed,
145900,North East Futures UTC,University technical college,Free Schools,Secondary,Newcastle upon Tyne,Newcastle Upon Tyne,NE1 3AS,Has a sixth form,Mixed,
145917,The Grove,Free schools special,Free Schools,Not applicable,Haringey,London,N17 6AR,Has a sixth form,Mixed,Non-selective
145921,Saracens High School,Free schools,Free Schools,Secondary,Barnet,London,NW9 4AS,Not applicable,Mixed,
145923,Turner Free School,Free schools,Free Schools,Secondary,Kent,Folkestone,CT19 4PB,Has a sixth form,Mixed,Non-selective
145931,Bmat Stem Academy,University technical college,Free Schools,Secondary,Essex,Harlow,CM20 3EZ,Has a sixth form,Mixed,
145938,Outwood Academy Hemsworth,Academy sponsor led,Academies,Secondary,Wakefield,Pontefract,WF9 4AB,Has a sixth form,Mixed,
145944,St Edward's Church of England Academy,Academy sponsor led,Academies,Secondary,Havering,Romford,RM7 9NX,Has a sixth form,Mixed,
145945,Theale Green School,Academy sponsor led,Academies,Secondary,West Berkshire,Reading,RG7 5DA,Has a sixth form,Mixed,
145966,Friesland School,Academy converter,Academies,Secondary,Derbyshire,Sandiacre,NG10 5AF,Has a sixth form,Mixed,Non-selective
146031,The London Screen Academy,Free schools 16 to 19,Free Schools,16 plus,Islington,London,N5 2AG,Has a sixth form,Mixed,Non-selective
146099,Tupton Hall School,Academy sponsor led,Academies,Secondary,Derbyshire,Chesterfield,S42 6LG,Has a sixth form,Mixed,Non-selective
146124,Archbishop Ilsley Catholic School,Academy converter,Academies,Secondary,Birmingham,Birmingham,B27 7XY,Has a sixth form,Mixed,Non-selective
146196,"English Martyrs' Catholic School, A Voluntary Academy",Academy converter,Academies,Secondary,Leicester,Leicester,LE4 0FJ,Has a sixth form,Mixed,Non-selective
146209,Rushden Academy,Academy sponsor led,Academies,Secondary,North Northamptonshire,Rushden,NN10 6AG,Has a sixth form,Mixed,
146217,Boston Spa Academy,Academy converter,Academies,Secondary,Leeds,Wetherby,LS23 6RW,Has a sixth form,Mixed,Non-selective
146232,"St Paul's Catholic School, a Voluntary Academy",Academy converter,Academies,Secondary,Leicester,Leicester,LE5 6HN,Has a sixth form,Mixed,Non-selective
146247,Temple Moor High School,Academy converter,Academies,Secondary,Leeds,Leeds,LS15 0PT,Has a sixth form,Mixed,Non-selective
146303,AldridgeUTC@MediaCityUK,University technical college,Free Schools,Secondary,Salford,Salford,M50 2UW,Has a sixth form,Mixed,Non-selective
146305,Ridgeway Academy,Academy sponsor led,Academies,Secondary,Hertfordshire,Welwyn Garden City,AL7 2AF,Has a sixth form,Mixed,Non-selective
146315,Co-op Academy Bebington,Academy sponsor led,Academies,Secondary,Wirral,Wirral,CH63 2PS,Has a sixth form,Mixed,Non-selective
146318,Ark Acton Academy,Academy sponsor led,Academies,Secondary,Ealing,London,W3 8EY,Has a sixth form,Mixed,Non-selective
146344,Melksham Oak Community School,Academy converter,Academies,Secondary,Wiltshire,Melksham,SN12 6QZ,Has a sixth form,Mixed,
146374,Kirk Hallam Community Academy,Academy converter,Academies,Secondary,Derbyshire,Ilkeston,DE7 4HH,Has a sixth form,Mixed,
146375,UTC Heathrow,University technical college,Free Schools,Secondary,Hillingdon,Northwood,HA6 1QG,Has a sixth form,Mixed,
146377,Princes Risborough School,Academy converter,Academies,Secondary,Buckinghamshire,Princes Risborough,HP27 0DR,Has a sixth form,Mixed,
146379,Tudor Grange Academy Kingshurst,Academy sponsor led,Academies,Secondary,Solihull,Birmingham,B37 6NU,Has a sixth form,Mixed,
146383,Q3 Academy Tipton,Academy sponsor led,Academies,Secondary,Sandwell,Tipton,DY4 7NR,Has a sixth form,Mixed,Non-selective
146387,Poynton High School,Academy converter,Academies,Secondary,Cheshire East,Stockport,SK12 1PU,Has a sixth form,Mixed,Non-selective
146392,Fitzharrys School,Academy converter,Academies,Secondary,Oxfordshire,Abingdon,OX14 1NP,Has a sixth form,Mixed,Non-selective
146436,Foxford Community School,Academy sponsor led,Academies,Secondary,Coventry,Coventry,CV6 6BB,Has a sixth form,Mixed,
146439,The King Alfred School,Academy sponsor led,Academies,Secondary,Somerset,Highbridge,TA9 3EE,Has a sixth form,Mixed,Non-selective
146440,Laureate Academy,Academy sponsor led,Academies,Secondary,Hertfordshire,Hemel Hempstead,HP1 3DW,Has a sixth form,Mixed,
146443,Cheslyn Hay Academy,Academy converter,Academies,Secondary,Staffordshire,Walsall,WS6 7JQ,Has a sixth form,Mixed,Non-selective
146451,Wilsthorpe School,Academy converter,Academies,Secondary,Derbyshire,Nottingham,NG10 4WT,Has a sixth form,Mixed,Non-selective
146489,Wollaston School,Academy converter,Academies,Secondary,North Northamptonshire,Wellingborough,NN29 7PH,Has a sixth form,Mixed,Non-selective
146493,Nether Stowe School,Academy converter,Academies,Secondary,Staffordshire,Lichfield,WS13 7NB,Has a sixth form,Mixed,Non-selective
146516,Oxford International College,Other independent school,Independent schools,Not applicable,Oxfordshire,,OX4 1BD,Has a sixth form,Mixed,Selective
146518,E-Act Bourne End Academy,Academy sponsor led,Academies,Secondary,Buckinghamshire,Bourne End,SL8 5BW,Has a sixth form,Mixed,Non-selective
146553,LSI Independent College,Other independent school,Independent schools,Not applicable,Camden,,NW3 5QA,Has a sixth form,Mixed,Non-selective
146555,Hartpury College,Further education,Colleges,16 plus,Gloucestershire,Gloucester,GL19 3BE,Not applicable,,
146562,Arnold Hill Spencer Academy,Academy converter,Academies,Secondary,Nottinghamshire,Nottingham,NG5 6NZ,Has a sixth form,Mixed,
146580,The Grove School,Academy converter,Academies,Secondary,Shropshire,Market Drayton,TF9 1HF,Has a sixth form,Mixed,Non-selective
146624,Goodwin Academy,Academy sponsor led,Academies,Secondary,Kent,Deal,CT14 9BD,Has a sixth form,Mixed,Non-selective
146648,Waterfront UTC,University technical college,Free Schools,Secondary,Medway,Chatham,ME4 4FQ,Has a sixth form,Mixed,Non-selective
146697,Kenilworth School and Sixth Form,Academy converter,Academies,Secondary,Warwickshire,Kenilworth,CV8 2AL,Has a sixth form,Mixed,Non-selective
146742,Ellesmere Port Church of England College,Academy sponsor led,Academies,Secondary,Cheshire West and Chester,Ellesmere Port,CH65 6EA,Has a sixth form,Mixed,Non-selective
146752,Jesmond Park Academy,Academy sponsor led,Academies,Secondary,Newcastle upon Tyne,Newcastle-upon-Tyne,NE7 7DP,Has a sixth form,Mixed,Non-selective
146790,Aurora Beeches School,Other independent special school,Special schools,Not applicable,Dorset,Wimborne,BH21 5RT,Not applicable,Mixed,Selective
146794,Philip Morant School and College,Academy converter,Academies,Secondary,Essex,Colchester,CO3 4QS,Has a sixth form,Mixed,
146800,Greyfriars Catholic School,Academy converter,Academies,Secondary,Oxfordshire,Oxford,OX4 3DR,Has a sixth form,Mixed,Non-selective
146816,Ashton Sixth Form College,Academy 16-19 converter,Academies,16 plus,Tameside,Ashton-Under-Lyne,OL6 9RL,Not applicable,Mixed,
146907,The Friary School,Academy converter,Academies,Secondary,Staffordshire,Lichfield,WS13 7EW,Has a sixth form,Mixed,Non-selective
146926,Prudhoe Community High School,Academy converter,Academies,Secondary,Northumberland,Prudhoe,NE42 5LJ,Has a sixth form,Mixed,Non-selective
146969,Northallerton School & Sixth Form College,Academy sponsor led,Academies,Secondary,North Yorkshire,Northallerton,DL6 1ED,Has a sixth form,Mixed,Non-selective
146972,Beechen Cliff School,Academy converter,Academies,Secondary,Bath and North East Somerset,Bath,BA2 4RE,Has a sixth form,Boys,Non-selective
146999,Camp Hill Education,Other independent school,Independent schools,Not applicable,Birmingham,Birmingham,B11 1AR,Has a sixth form,Mixed,
147063,Abbeygate Sixth Form College,Free schools 16 to 19,Free Schools,16 plus,Suffolk,Bury St Edmunds,IP33 3YU,Has a sixth form,,Non-selective
147113,St Regis Church of England Academy,Academy sponsor led,Academies,Secondary,Wolverhampton,Wolverhampton,WV6 8XG,Has a sixth form,Mixed,Non-selective
147115,Morecambe Bay Academy,Academy sponsor led,Academies,Secondary,Lancashire,Morecambe,LA4 5BG,Has a sixth form,Mixed,Non-selective
147142,"St Robert of Newminster Catholic School and Sixth Form College, Washington",Academy converter,Academies,Secondary,Sunderland,Washington,NE38 8AF,Has a sixth form,Mixed,Non-selective
147157,Glossopdale School and Sixth Form,Academy sponsor led,Academies,Secondary,Derbyshire,Glossop,SK13 2DA,Has a sixth form,Mixed,
147178,Grace College,Academy converter,Academies,Secondary,Gateshead,Gateshead,NE9 6LE,Has a sixth form,Mixed,
147185,Cecil Jones Academy,Academy sponsor led,Academies,Secondary,Southend-on-Sea,Southend-on-Sea,SS2 4BU,Has a sixth form,Mixed,Non-selective
147199,Social Arts for Education,Other independent special school,Special schools,Not applicable,Greenwich,,SE9 1TY,Not applicable,Mixed,
147203,The Swan School,Free schools,Free Schools,Secondary,Oxfordshire,Oxford,OX2 7WP,Has a sixth form,Mixed,Non-selective
147224,SMK Gateway - Alternative Provision,Other independent school,Independent schools,Not applicable,Milton Keynes,,MK9 3GN,Does not have a sixth form,Mixed,Non-selective
147238,Hasmonean High School for Girls,Academy converter,Academies,Secondary,Barnet,London,NW7 2EU,Not applicable,Girls,
147246,Chancellor's School,Academy converter,Academies,Secondary,Hertfordshire,Hatfield,AL9 7BN,Has a sixth form,Mixed,Non-selective
147285,Bilborough College,Academy 16-19 converter,Academies,16 plus,Nottingham,Nottingham,NG8 4DQ,Not applicable,Mixed,
147300,Holmleigh Park High School,Academy sponsor led,Academies,Secondary,Gloucestershire,Gloucester,GL4 0RT,Has a sixth form,Mixed,Non-selective
147345,Bishop Ullathorne Catholic School,Academy converter,Academies,Secondary,Coventry,Coventry,CV3 6BH,Has a sixth form,Mixed,Non-selective
147346,St John Henry Newman Catholic School,Academy converter,Academies,Secondary,Coventry,Coventry,CV6 2FR,Has a sixth form,Mixed,Non-selective
147350,Winterstoke Hundred Academy,Free schools,Free Schools,Secondary,North Somerset,Weston-Super-Mare,BS24 8EE,Has a sixth form,Mixed,Non-selective
147430,St Peter's Catholic School,Academy converter,Academies,Secondary,Surrey,Guildford,GU1 2TN,Has a sixth form,Mixed,Non-selective
147432,Kineton High School,Academy converter,Academies,Secondary,Warwickshire,Warwick,CV35 0JX,Has a sixth form,Mixed,Non-selective
147439,The John Roan School,Academy sponsor led,Academies,Secondary,Greenwich,London,SE3 7QR,Has a sixth form,Mixed,Non-selective
147443,Budmouth Academy Weymouth,Academy sponsor led,Academies,Secondary,Dorset,Weymouth,DT4 9SY,Has a sixth form,Mixed,Non-selective
147477,University of Liverpool Mathematics School,Free schools 16 to 19,Free Schools,16 plus,Liverpool,Liverpool,L69 7SH,Has a sixth form,Mixed,Not applicable
147508,The Thomas Adams School,Academy converter,Academies,Secondary,Shropshire,Shrewsbury,SY4 5UB,Has a sixth form,Mixed,Non-selective
147531,Hermitage Academy,Academy converter,Academies,Secondary,County Durham,Chester le Street,DH2 3AD,Not applicable,Mixed,
147535,Onslow St Audrey's School,Academy converter,Academies,Secondary,Hertfordshire,Hatfield,AL10 8AB,Has a sixth form,Mixed,
147536,AIM Academy North London,Academy sponsor led,Academies,Secondary,Enfield,London,N9 8DQ,Has a sixth form,Mixed,
147537,Harris Academy Ockendon,Academy converter,Academies,Secondary,Thurrock,South Ockendon,RM15 5AY,Has a sixth form,Mixed,
147538,Oaks Park High School,Academy converter,Academies,Secondary,Sutton,Carshalton,SM5 4NS,Has a sixth form,Mixed,Non-selective
147574,Paulet High School,Academy converter,Academies,Secondary,Staffordshire,Burton-on-Trent,DE15 9RT,Has a sixth form,Mixed,Non-selective
147604,Noorul Uloom,Other independent school,Independent schools,Not applicable,Blackburn with Darwen,,BB2 3NY,Has a sixth form,Girls,Non-selective
147681,Greenwich Engineering and Medical School,Other independent school,Independent schools,Not applicable,Greenwich,,SE18 6HU,Has a sixth form,Mixed,Selective
147685,UTC Derby Pride Park,University technical college,Free Schools,Secondary,Derby,Derby,DE24 8PU,Has a sixth form,Mixed,
147707,St Edmund Campion Catholic School,Academy converter,Academies,Secondary,Birmingham,Birmingham,B23 5XA,Has a sixth form,Mixed,Non-selective
147756,Gateway Sixth Form College,Academy 16-19 converter,Academies,16 plus,Leicester,Leicester,LE5 1GA,Has a sixth form,Mixed,Not applicable
147785,The Grange Academy,Academy sponsor led,Academies,Secondary,Hertfordshire,Bushey,WD23 3AA,Has a sixth form,Mixed,
147837,Beauchamp City Sixth Form,Free schools 16 to 19,Free Schools,16 plus,Leicester,Leicester,LE1 6JL,Has a sixth form,Mixed,Non-selective
147838,Doncaster UTC,University technical college,Free Schools,Secondary,Doncaster,Doncaster,DN1 3BF,Has a sixth form,Mixed,Non-selective
147881,Stuart Bathurst Catholic High School,Academy sponsor led,Academies,Secondary,Sandwell,Wednesbury,WS10 9QS,Has a sixth form,Mixed,Non-selective
147897,The Holmesdale School,Academy sponsor led,Academies,Secondary,Kent,Snodland,ME6 5HS,Has a sixth form,Mixed,Non-selective
147902,Countesthorpe Academy,Academy converter,Academies,Secondary,Leicestershire,Countesthorpe,LE8 5PR,Has a sixth form,Mixed,
147957,Maida Vale School,Other independent school,Independent schools,Not applicable,Westminster,,W9 3HR,Has a sixth form,Mixed,Selective
147967,Marine Academy Plymouth,Academy sponsor led,Academies,Secondary,Plymouth,Plymouth,PL5 2AF,Has a sixth form,Mixed,
148003,Sedgehill Academy,Academy sponsor led,Academies,Secondary,Lewisham,London,SE6 3QW,Has a sixth form,Mixed,Non-selective
148010,International School of Creative Arts,Other independent school,Independent schools,Not applicable,Bracknell Forest,Ascot,SL5 8BQ,Has a sixth form,Mixed,
148069,Connie Rothman School,Other independent special school,Special schools,Not applicable,"Bournemouth, Christchurch and Poole",Christchurch,BH23 1DN,Has a sixth form,Mixed,Selective
148094,St Peter's Catholic School,Academy converter,Academies,Secondary,Solihull,Solihull,B91 3NZ,Has a sixth form,Mixed,Non-selective
148135,Walbottle Academy,Academy sponsor led,Academies,Secondary,Newcastle upon Tyne,Newcastle-upon-Tyne,NE15 9TP,Has a sixth form,Mixed,Non-selective
148142,King Edward VI College Stourbridge,Academy 16-19 converter,Academies,16 plus,Dudley,Stourbridge,DY8 1TD,Has a sixth form,Mixed,Not applicable
148221,Steyning Grammar School,Academy converter,Academies,Secondary,West Sussex,Steyning,BN44 3RX,Has a sixth form,Mixed,Non-selective
148226,Alsop High School,Academy sponsor led,Academies,Secondary,Liverpool,Liverpool,L4 6SH,Has a sixth form,Mixed,Non-selective
148244,Frobel Independent School,Other independent school,Independent schools,Not applicable,Barking and Dagenham,Barking,IG11 8TG,Does not have a sixth form,Mixed,
148254,Ormskirk School,Academy sponsor led,Academies,Secondary,Lancashire,Ormskirk,L39 2AT,Has a sixth form,Mixed,Non-selective
148295,Chipping Sodbury School,Academy converter,Academies,Secondary,South Gloucestershire,Bristol,BS37 6EW,Has a sixth form,Mixed,Non-selective
148299,Highfields School,Academy converter,Academies,Secondary,Derbyshire,Matlock,DE4 5NA,Has a sixth form,Mixed,Non-selective
148304,St Bede's Catholic School and Byron Sixth Form College,Academy converter,Academies,Secondary,County Durham,Peterlee,SR8 1DE,Has a sixth form,Mixed,Non-selective
148338,The De Montfort School,Academy sponsor led,Academies,Secondary,Worcestershire,Evesham,WR11 1DQ,Has a sixth form,Mixed,Non-selective
148354,The Oxford Academy,Academy sponsor led,Academies,Secondary,Oxfordshire,Oxford,OX4 6JZ,Has a sixth form,Mixed,
148369,Plymouth High School for Girls,Academy converter,Academies,Secondary,Plymouth,Plymouth,PL4 6HT,Has a sixth form,Girls,Selective
148402,The King's CofE Academy,Academy converter,Academies,Secondary,Staffordshire,Stoke-on-Trent,ST7 1DP,Has a sixth form,Mixed,Not applicable
148417,The Hinckley School,Academy converter,Academies,Secondary,Leicestershire,Hinckley,LE10 1LE,Has a sixth form,Mixed,
148421,Woodhouse College,Academy 16-19 converter,Academies,16 plus,Barnet,London,N12 9EY,Has a sixth form,Mixed,Non-selective
148429,Meadow Park School,Academy converter,Academies,Secondary,Coventry,Coventry,CV3 4BD,Has a sixth form,Mixed,Non-selective
148453,The Emmbrook School,Academy converter,Academies,Secondary,Wokingham,Wokingham,RG41 1JP,Has a sixth form,Mixed,Non-selective
148499,St Mary's Catholic School,Academy converter,Academies,Secondary,Hertfordshire,Bishop's Stortford,CM23 2NQ,Has a sixth form,Mixed,Non-selective
148520,"St Bede's and St Joseph's Catholic College, A Voluntary Academy",Academy converter,Academies,Secondary,Bradford,Bradford,BD9 4BQ,Has a sixth form,Mixed,Non-selective
148549,Ashby School,Academy converter,Academies,Secondary,Leicestershire,Ashby-De-La-Zouch,LE65 1DT,Has a sixth form,Mixed,
148555,Harris Clapham Sixth Form,Free schools 16 to 19,Free Schools,16 plus,Lambeth,London,SW4 8DX,Has a sixth form,Mixed,Non-selective
148568,Tower Learning Centre Independent School,Other independent school,Independent schools,Not applicable,Blackpool,,FY1 3QE,Does not have a sixth form,Mixed,
148593,Learningsure College,Other independent school,Independent schools,Not applicable,Newham,,E16 3LU,Does not have a sixth form,Mixed,
148602,Lady Lumley's Academy,Academy sponsor led,Academies,Secondary,North Yorkshire,Pickering,YO18 8NG,Has a sixth form,Mixed,Non-selective
148635,BOA Stage and Screen Production Academy,Free schools 16 to 19,Free Schools,16 plus,Birmingham,Birmingham,B18 7AJ,Has a sixth form,,Non-selective
148639,Chellaston Academy,Academy converter,Academies,Secondary,Derby,Derby,DE73 5UB,Has a sixth form,Mixed,
148712,The North School,Academy converter,Academies,Secondary,Kent,Ashford,TN24 8AL,Has a sixth form,Mixed,Non-selective
148737,The Purbeck School,Academy converter,Academies,Secondary,Dorset,Wareham,BH20 4PF,Has a sixth form,Mixed,Non-selective
148753,St Paul's Catholic College,Academy converter,Academies,Secondary,West Sussex,Burgess Hill,RH15 8GA,Has a sixth form,Mixed,Non-selective
148791,Richard Huish College,Academy 16-19 converter,Academies,16 plus,Somerset,Taunton,TA1 3DZ,Has a sixth form,Mixed,Not applicable
148792,Dixons Broadgreen Academy,Academy sponsor led,Academies,Secondary,Liverpool,Liverpool,L13 5UQ,Has a sixth form,Mixed,Non-selective
148826,King Edward VII Academy,Academy sponsor led,Academies,Secondary,Norfolk,King's Lynn,PE30 2QB,Has a sixth form,Mixed,Non-selective
148835,Stantonbury School,Academy sponsor led,Academies,Secondary,Milton Keynes,Milton Keynes,MK14 6BN,Has a sixth form,Mixed,Non-selective
148855,St John Fisher Catholic Academy,Academy converter,Academies,Secondary,North Yorkshire,Harrogate,HG2 8PT,Has a sixth form,Mixed,Non-selective
148878,The City of Leicester College,Academy converter,Academies,Secondary,Leicester,Leicester,LE5 6LN,Has a sixth form,Mixed,Non-selective
148932,Brook Sixth Form and Academy,University technical college,Free Schools,Secondary,Barking and Dagenham,Dagenham,RM10 7FN,Has a sixth form,Mixed,
148945,Uplands Academy,Academy converter,Academies,Secondary,East Sussex,Wadhurst,TN5 6AZ,Not applicable,Mixed,Non-selective
149011,Hanson Academy,Academy sponsor led,Academies,Secondary,Bradford,Bradford,BD2 1JP,Has a sixth form,Mixed,Non-selective
149027,"Cardiff Sixth Form College, Cambridge",Other independent school,Independent schools,Not applicable,Cambridgeshire,,CB1 2AW,Has a sixth form,Mixed,Selective
149047,Sacred Heart Catholic Academy,Academy sponsor led,Academies,Secondary,Sefton,Liverpool,L23 5TF,Has a sixth form,Mixed,Non-selective
149099,Lancaster University School of Mathematics,Free schools 16 to 19,Free Schools,16 plus,Lancashire,Preston,PR1 4BA,Has a sixth form,Mixed,Non-selective
149194,Bettws Lifehouse,Other independent special school,Special schools,Not applicable,Shropshire,Shropshire,SY3 9AH,Not applicable,Mixed,
149204,Pioneer Secondary Academy,Free schools,Free Schools,Secondary,Buckinghamshire,Stoke Poges,SL2 4QB,Has a sixth form,Mixed,Non-selective
149236,Ken Stimpson Academy,Academy converter,Academies,Secondary,Peterborough,Peterborough,PE4 6JT,Has a sixth form,Mixed,Non-selective
149247,King Edward VI Community College,Academy converter,Academies,Secondary,Devon,Totnes,TQ9 5JX,Has a sixth form,Mixed,Non-selective
149271,Iveshead School,Academy converter,Academies,Secondary,Leicestershire,Loughborough,LE12 9DB,Has a sixth form,Mixed,Non-selective
149285,St Benedict's Catholic School,Academy converter,Academies,Secondary,Suffolk,Bury St Edmunds,IP32 6RH,Has a sixth form,Mixed,Non-selective
149290,St Paul's Catholic College,Academy converter,Academies,Secondary,Surrey,Sunbury-on-Thames,TW16 6JE,Has a sixth form,Mixed,Non-selective
149297,St Richard Reynolds Catholic High School,Academy converter,Academies,Secondary,Richmond upon Thames,London,TW1 4LT,Has a sixth form,Mixed,Not applicable
149299,"The Holy Family Catholic School, a Voluntary Academy",Academy sponsor led,Academies,Secondary,Bradford,Keighley,BD20 6LH,Does not have a sixth form,Mixed,Non-selective
149319,Aylesford School,Academy sponsor led,Academies,Secondary,Kent,Aylesford,ME20 7JU,Has a sixth form,Mixed,Non-selective
149328,King Edward VI High School,Academy sponsor led,Academies,Secondary,Staffordshire,Stafford,ST17 9YJ,Has a sixth form,Mixed,Non-selective
149337,"Oxford International College, Brighton",Other independent school,Independent schools,Not applicable,Brighton and Hove,Brighton,BN2 7BA,Has a sixth form,Mixed,Selective
149347,Coloma Convent Girls' School,Academy converter,Academies,Secondary,Croydon,Croydon,CR9 5AS,Has a sixth form,Girls,Non-selective
149364,Aldercar High School,Academy converter,Academies,Secondary,Derbyshire,Nottingham,NG16 4HL,Has a sixth form,Mixed,Non-selective
149365,King's Academy Easthampstead Park,Academy converter,Academies,Secondary,Bracknell Forest,Bracknell,RG12 8FS,Has a sixth form,Mixed,Non-selective
149376,Blythe Bridge High School,Academy converter,Academies,Secondary,Staffordshire,Stoke-on-Trent,ST11 9PW,Has a sixth form,Mixed,Non-selective
149402,Edgbaston College,Other independent school,Independent schools,Not applicable,Birmingham,Birmingham,B15 1PL,Has a sixth form,Mixed,
149427,Kenwood Academy,Academy special converter,Academies,Not applicable,Sheffield,Sheffield,S7 1HQ,Has a sixth form,Mixed,
149431,Harris Science Academy East London,Free schools,Free Schools,Secondary,Newham,London,E3 3DU,Has a sixth form,Mixed,
149433,Huxlow Academy,Academy converter,Academies,Secondary,North Northamptonshire,Irthlingborough,NN9 5TY,Has a sixth form,Mixed,Non-selective
149435,Park House School,Academy converter,Academies,Secondary,West Berkshire,Newbury,RG14 6NQ,Has a sixth form,Mixed,
149500,The Hemel Hempstead School,Academy converter,Academies,Secondary,Hertfordshire,Hemel Hempstead,HP1 1TX,Has a sixth form,Mixed,Non-selective
149517,All Saints Catholic School York,Academy converter,Academies,Secondary,York,York,YO24 1BJ,Has a sixth form,Mixed,Non-selective
149531,The Brooksbank School,Academy converter,Academies,Secondary,Calderdale,Elland,HX5 0QG,Has a sixth form,Mixed,
149543,Ernest Bevin Academy,Academy converter,Academies,Secondary,Wandsworth,London,SW17 7DF,Has a sixth form,Boys,Non-selective
149596,Cambridge Maths School,Free schools 16 to 19,Free Schools,16 plus,Cambridgeshire,Cambridge,CB1 2AZ,Has a sixth form,Mixed,
149602,Sidmouth College,Academy converter,Academies,Secondary,Devon,Sidmouth,EX10 9LG,Has a sixth form,Mixed,Non-selective
149611,The Bulmershe School,Academy converter,Academies,Secondary,Wokingham,Reading,RG5 3EU,Has a sixth form,Mixed,Non-selective
149612,St Michael's Catholic School,Academy converter,Academies,All-through,Buckinghamshire,High Wycombe,HP11 1PW,Has a sixth form,Mixed,Non-selective
149631,"Ellesmere Port Catholic High School, a Voluntary Academy",Academy sponsor led,Academies,Secondary,Cheshire West and Chester,Ellesmere Port,CH65 7AQ,Has a sixth form,Mixed,Non-selective
149632,Holland Park School,Academy converter,Academies,Secondary,Kensington and Chelsea,London,W8 7AF,Has a sixth form,Mixed,
149635,Smestow Academy,Academy converter,Academies,Secondary,Wolverhampton,Wolverhampton,WV3 8HU,Has a sixth form,Mixed,
149644,Anthony Gell School,Academy converter,Academies,Secondary,Derbyshire,Matlock,DE4 4DX,Has a sixth form,Mixed,Non-selective
149645,Buxton Community School,Academy converter,Academies,Secondary,Derbyshire,Buxton,SK17 9EA,Has a sixth form,Mixed,Non-selective
149657,Sturminster Newton High School,Academy converter,Academies,Secondary,Dorset,Sturminster Newton,DT10 1DT,Has a sixth form,Mixed,Non-selective
149682,North Bromsgrove High School,Academy sponsor led,Academies,Secondary,Worcestershire,Bromsgrove,B60 1BA,Has a sixth form,Mixed,Non-selective
149733,Imperial College London Mathematics School,Free schools 16 to 19,Free Schools,16 plus,Barnet,London,N12 9EY,Has a sixth form,,Non-selective
149736,James Marks Academy,Free schools special,Free Schools,Not applicable,Hertfordshire,Welwyn Garden City,AL7 4RZ,Has a sixth form,Mixed,Non-selective
149743,John F Kennedy Catholic School,Academy converter,Academies,Secondary,Hertfordshire,Hemel Hempstead,HP1 2PH,Has a sixth form,Mixed,Non-selective
149755,Leeds Mathematics School,Free schools 16 to 19,Free Schools,16 plus,Leeds,Leeds,LS1 5AS,Has a sixth form,Mixed,Non-selective
149825,Eckington School,Academy converter,Academies,Secondary,Derbyshire,Sheffield,S21 4GN,Has a sixth form,Mixed,
149893,The Abbey School,Academy converter,Academies,Secondary,Kent,Faversham,ME13 8RZ,Has a sixth form,Mixed,
149898,Leigh Academy Bexley,Academy sponsor led,Academies,Secondary,Bexley,Erith,DA8 3BN,Has a sixth form,Mixed,
149899,Colchester Royal Grammar School,Academy converter,Academies,Secondary,Essex,Colchester,CO3 3ND,Has a sixth form,Boys,Selective
149901,Haggerston School,Academy converter,Academies,Secondary,Hackney,London,E2 8LS,Has a sixth form,Mixed,Non-selective
149989,Cardinal Griffin Catholic College,Academy converter,Academies,Secondary,Staffordshire,Cannock,WS11 4AW,Has a sixth form,Mixed,Non-selective
150001,Parkside School,Academy converter,Academies,Secondary,Bradford,Bradford,BD13 5AD,Has a sixth form,Mixed,Non-selective
150012,Durham Sixth Form Centre,Academy 16-19 converter,Academies,16 plus,County Durham,Durham,DH1 1SG,Has a sixth form,Mixed,Not applicable
150038,Huish Episcopi Academy,Academy converter,Academies,Secondary,Somerset,LANGPORT,TA10 9SS,Has a sixth form,Mixed,
150099,Medina College,Academy converter,Academies,Secondary,Isle of Wight,Newport,PO30 2DX,Has a sixth form,Mixed,Non-selective
150196,The Duchess's Community High School,Academy converter,Academies,Secondary,Northumberland,Alnwick,NE66 2DH,Has a sixth form,Mixed,Non-selective
150214,JMF6 Abingdon,Sixth form centres,Colleges,Not applicable,Oxfordshire,,,Not applicable,Mixed,
150217,The Highfield School,Academy converter,Academies,Secondary,Hertfordshire,Letchworth Garden City,SG6 3QA,Has a sixth form,Mixed,Non-selective
150261,Bacup and Rawtenstall Grammar School,Academy converter,Academies,Secondary,Lancashire,Rossendale,BB4 7BJ,Has a sixth form,Mixed,Selective
150319,Prendergast School,Academy converter,Academies,Secondary,Lewisham,London,SE4 1LE,Has a sixth form,Girls,Non-selective
150373,Notre Dame Catholic Academy,Academy sponsor led,Academies,Secondary,Liverpool,Liverpool,L5 5AF,Has a sixth form,Mixed,Non-selective
150380,South Bank University Sixth Form,Academy 16 to 19 sponsor led,Academies,16 plus,Lambeth,London,SW2 1QS,Has a sixth form,Mixed,
150514,Queen Elizabeth Sixth Form College,Academy 16-19 converter,Academies,16 plus,Darlington,Darlington,DL3 7AU,Not applicable,Mixed,
150524,Carlton le Willows Academy,Academy converter,Academies,Secondary,Nottinghamshire,Gedling,NG4 4AA,Has a sixth form,Mixed,
150604,Cardinal Pole Catholic School,Academy converter,Academies,Secondary,Hackney,London,E9 6LG,Has a sixth form,Mixed,Non-selective
150606,Bishop Challoner Catholic School,Academy converter,Academies,Secondary,Tower Hamlets,London,E1 0LB,Has a sixth form,Mixed,Non-selective
150611,Sir William Ramsay School,Academy converter,Academies,Secondary,Buckinghamshire,High Wycombe,HP15 7UB,Has a sixth form,Mixed,Non-selective
150644,Malton School,Academy converter,Academies,Secondary,North Yorkshire,Malton,YO17 7NH,Has a sixth form,Mixed,Non-selective
150656,The John Warner School,Academy converter,Academies,Secondary,Hertfordshire,Hoddesdon,EN11 0QF,Has a sixth form,Mixed,
150667,Frome Community College,Academy converter,Academies,Secondary,Somerset,Frome,BA11 2HQ,Has a sixth form,Mixed,Non-selective
150713,St Francis Xavier's Catholic Academy,Academy converter,Academies,Secondary,Liverpool,Liverpool,L25 6EG,Has a sixth form,Boys,
150743,Leigh Academy Hugh Christie,Academy sponsor led,Academies,Secondary,Kent,Tonbridge,TN10 4PU,Has a sixth form,Mixed,Non-selective
150869,Walderslade School,Academy converter,Academies,Secondary,Medway,Chatham,ME5 0LE,Has a sixth form,Girls,
150870,Greenacre School,Academy converter,Academies,Secondary,Medway,Chatham,ME5 0LP,Has a sixth form,Boys,
150883,Poole High School,Academy converter,Academies,Secondary,"Bournemouth, Christchurch and Poole",Poole,BH15 2BW,Has a sixth form,Mixed,Non-selective
150935,Leigh Academy Minster,Academy sponsor led,Academies,Secondary,Kent,Sheerness,ME12 3JQ,Has a sixth form,Mixed,
150937,St Michael's Catholic College,Academy converter,Academies,Secondary,Southwark,London,SE16 4UN,Has a sixth form,Mixed,
150938,Dinnington High School,Academy converter,Academies,Secondary,Rotherham,Sheffield,S25 2NZ,Has a sixth form,Mixed,
151132,Long Road Sixth Form College,Academy 16-19 converter,Academies,16 plus,Cambridgeshire,Cambridge,CB2 8PX,Has a sixth form,Mixed,Non-selective
151134,The Sixth Form College Colchester,Academy 16-19 converter,Academies,16 plus,Essex,Colchester,CO1 1SN,Does not have a sixth form,Mixed,Not applicable
151303,E-ACT Montpelier High School,Academy sponsor led,Academies,Secondary,"Bristol, City of",Bristol,BS6 5RD,Has a sixth form,Girls,
151384,Stowupland High School,Academy converter,Academies,Secondary,Suffolk,Stowmarket,IP14 4BQ,Has a sixth form,Mixed,Non-selective
